timestamp_unix,fusion_timestamp,dominant_emotion,confidence,safe,stressed,alert_level,alert_reason,fer_neutral,fer_happy,fer_sad,fer_angry,fer_alert,fer_drowsy,bio_bpm,bio_hrv,bio_gsr,bio_safe,bio_stressed
1774268438.010,1774268438.0097141,safe,0.7611555038260345,0.7611555038260345,0.23884449617396553,NORMAL,Stress level is low (EMA=0.24),0.0034989535342901945,0.0013156285276636481,0.8633885383605957,0.13179683685302734,1.0,0.0,0.0,0.0,675.0,1.0,0.0
1774268438.128,1774268438.1283495,safe,0.7611213124596579,0.7611213124596579,0.2388786875403421,NORMAL,Stress level is low (EMA=0.24),0.0030622887425124645,0.0016098031774163246,0.8844491839408875,0.11087861657142639,1.0,0.0,0.0,0.0,675.0,1.0,0.0
1774268438.183,1774268438.1828468,safe,0.7744115263487549,0.7744115263487549,0.22558847365124518,NORMAL,Stress level is low (EMA=0.23),0.04078767076134682,0.019260307773947716,0.7932525873184204,0.14669932425022125,1.0,0.0,0.0,0.0,675.0,1.0,0.0
1774268438.234,1774268438.2343268,safe,0.7720559555733858,0.7720559555733858,0.2279440444266142,NORMAL,Stress level is low (EMA=0.23),0.03179055452346802,0.018442543223500252,0.6885794401168823,0.261187344789505,1.0,0.0,0.0,0.0,675.0,1.0,0.0
1774268438.284,1774268438.2837863,safe,0.7734581948596897,0.7734581948596897,0.22654180514031028,NORMAL,Stress level is low (EMA=0.23),0.025876980274915695,0.03019878640770912,0.5653120875358582,0.37861204147338867,1.0,0.0,0.0,0.0,675.0,1.0,0.0
1774268438.331,1774268438.3311594,safe,0.7731281945104774,0.7731281945104774,0.22687180548952257,NORMAL,Stress level is low (EMA=0.23),0.020906949415802956,0.03379380702972412,0.4977434575557709,0.44755566120147705,1.0,0.0,0.0,0.0,675.0,1.0,0.0
1774268438.377,1774268438.3772287,safe,0.7738111966370866,0.7738111966370866,0.22618880336291342,NORMAL,Stress level is low (EMA=0.23),0.018647100776433945,0.038899488747119904,0.4285848140716553,0.5138684511184692,1.0,0.0,0.0,0.0,675.0,1.0,0.0
1774268438.424,1774268438.4240026,safe,0.7774787664092648,0.7774787664092648,0.22252123359073528,NORMAL,Stress level is low (EMA=0.23),0.01750708371400833,0.05532103031873703,0.41450703144073486,0.5126646757125854,1.0,0.0,0.0,0.0,675.0,1.0,0.0
1774268438.469,1774268438.469028,safe,0.7783981740049835,0.7783981740049835,0.22160182599501654,NORMAL,Stress level is low (EMA=0.23),0.01915852352976799,0.05750046670436859,0.44559645652770996,0.4777444005012512,1.0,0.0,0.0,0.0,675.0,1.0,0.0
1774268438.514,1774268438.5141237,safe,0.7883326088226797,0.7883326088226797,0.21166739117732028,NORMAL,Stress level is low (EMA=0.22),0.0283733569085598,0.08967912197113037,0.4389721155166626,0.4429752826690674,1.0,0.0,0.0,0.0,675.0,1.0,0.0
1774268438.561,1774268438.5606782,safe,0.7854562100606572,0.7854562100606572,0.21454378993934273,NORMAL,Stress level is low (EMA=0.22),0.022999674081802368,0.08306781947612762,0.43450844287872314,0.4594239592552185,1.0,0.0,0.0,0.0,675.0,1.0,0.0
1774268438.607,1774268438.6072643,safe,0.7849548534428696,0.7849548534428696,0.21504514655713033,NORMAL,Stress level is low (EMA=0.22),0.023865655064582825,0.08011285960674286,0.42167845368385315,0.474342942237854,1.0,0.0,0.0,0.0,675.0,1.0,0.0
1774268438.654,1774268438.6535785,safe,0.7803863056614028,0.7803863056614028,0.21961369433859723,NORMAL,Stress level is low (EMA=0.22),0.019934626296162605,0.0650082677602768,0.4222952723503113,0.4927617311477661,1.0,0.0,0.0,0.0,675.0,1.0,0.0
1774268438.703,1774268438.7028708,safe,0.7831392863682951,0.7831392863682951,0.21686071363170495,NORMAL,Stress level is low (EMA=0.22),0.0192231647670269,0.07719049602746964,0.429734468460083,0.4738517999649048,1.0,0.0,0.0,0.0,675.0,1.0,0.0
1774268438.749,1774268438.7489972,safe,0.785616753294006,0.785616753294006,0.21438324670599396,NORMAL,Stress level is low (EMA=0.22),0.014090972021222115,0.09264546632766724,0.3379388153553009,0.5553246736526489,1.0,0.0,0.0,0.0,674.0,1.0,0.0
1774268438.795,1774268438.7953725,safe,0.7887059972764842,0.7887059972764842,0.21129400272351587,NORMAL,Stress level is low (EMA=0.22),0.016192888841032982,0.10341541469097137,0.3795778155326843,0.5008138418197632,1.0,0.0,0.0,0.0,674.0,1.0,0.0
1774268438.842,1774268438.8415103,safe,0.78833601982717,0.78833601982717,0.21166398017282995,NORMAL,Stress level is low (EMA=0.21),0.023663120344281197,0.09440359473228455,0.35933971405029297,0.5225934982299805,1.0,0.0,0.0,0.0,674.0,1.0,0.0
1774268438.888,1774268438.8878305,safe,0.7853322531595356,0.7853322531595356,0.21466774684046447,NORMAL,Stress level is low (EMA=0.21),0.019382717087864876,0.0861683040857315,0.3423839509487152,0.5520649552345276,1.0,0.0,0.0,0.0,674.0,1.0,0.0
1774268438.933,1774268438.9331353,safe,0.7871015038655524,0.7871015038655524,0.21289849613444753,NORMAL,Stress level is low (EMA=0.21),0.018549393862485886,0.09437350928783417,0.36100488901138306,0.5260721445083618,1.0,0.0,0.0,0.0,674.0,1.0,0.0
1774268438.979,1774268438.979146,safe,0.7906612358807547,0.7906612358807547,0.20933876411924537,NORMAL,Stress level is low (EMA=0.21),0.02332669496536255,0.10442844033241272,0.36659592390060425,0.5056489109992981,1.0,0.0,0.0,0.0,674.0,1.0,0.0
1774268439.028,1774268439.0283735,safe,0.7939403380995711,0.7939403380995711,0.20605966190042896,NORMAL,Stress level is low (EMA=0.21),0.01905091665685177,0.12236713618040085,0.3061474561691284,0.5524344444274902,1.0,0.0,0.0,0.0,674.0,1.0,0.0
1774268439.075,1774268439.0745068,safe,0.793744561297092,0.793744561297092,0.206255438702908,NORMAL,Stress level is low (EMA=0.21),0.02543165720999241,0.11517064273357391,0.33456239104270935,0.5248352289199829,1.0,0.0,0.0,0.0,674.0,1.0,0.0
1774268439.122,1774268439.1214886,safe,0.7864422550065984,0.7864422550065984,0.2135577449934016,NORMAL,Stress level is low (EMA=0.21),0.020162153989076614,0.09001386165618896,0.3870924413204193,0.502731442451477,1.0,0.0,0.0,0.0,674.0,1.0,0.0
1774268439.166,1774268439.1660457,safe,0.7834665430402695,0.7834665430402695,0.2165334569597305,NORMAL,Stress level is low (EMA=0.21),0.023959852755069733,0.07381737232208252,0.3855619430541992,0.516660749912262,1.0,0.0,0.0,0.0,674.0,1.0,0.0
1774268439.212,1774268439.2119982,safe,0.7817858177945083,0.7817858177945083,0.21821418220549177,NORMAL,Stress level is low (EMA=0.21),0.02147846668958664,0.0692957267165184,0.38264042139053345,0.5265852808952332,1.0,0.0,0.0,0.0,674.0,1.0,0.0
1774268439.258,1774268439.2582748,safe,0.7849988066311325,0.7849988066311325,0.21500119336886747,NORMAL,Stress level is low (EMA=0.21),0.019723569974303246,0.08443808555603027,0.38239800930023193,0.5134402513504028,1.0,0.0,0.0,0.0,674.0,1.0,0.0
1774268439.308,1774268439.3075638,safe,0.779391923281239,0.779391923281239,0.2206080767187611,NORMAL,Stress level is low (EMA=0.22),0.017929676920175552,0.06286998838186264,0.4071670174598694,0.5120332837104797,1.0,0.0,0.0,0.0,674.0,1.0,0.0
1774268439.358,1774268439.358085,safe,0.7813118369809084,0.7813118369809084,0.21868816301909152,NORMAL,Stress level is low (EMA=0.22),0.022641398012638092,0.06615789234638214,0.4006171226501465,0.5105835199356079,1.0,0.0,0.0,0.0,674.0,1.0,0.0
1774268439.409,1774268439.4087765,safe,0.7835628889603714,0.7835628889603714,0.2164371110396286,NORMAL,Stress level is low (EMA=0.22),0.03172599524259567,0.06645267456769943,0.40287667512893677,0.49894458055496216,1.0,0.0,0.0,0.0,674.0,1.0,0.0
1774268439.460,1774268439.4595497,safe,0.7860353097520516,0.7860353097520516,0.21396469024794845,NORMAL,Stress level is low (EMA=0.22),0.02856232225894928,0.07991808652877808,0.4260353446006775,0.4654841423034668,1.0,0.0,0.0,0.0,674.0,1.0,0.0
1774268439.509,1774268439.509324,safe,0.7813007394533289,0.7813007394533289,0.2186992605466711,NORMAL,Stress level is low (EMA=0.22),0.02390322834253311,0.06484980881214142,0.4432700574398041,0.46797680854797363,1.0,0.0,0.0,0.0,674.0,1.0,0.0
1774268439.560,1774268439.559983,safe,0.7805746714593502,0.7805746714593502,0.21942532854064978,NORMAL,Stress level is low (EMA=0.22),0.02339325100183487,0.062334511429071426,0.4421387016773224,0.47213345766067505,1.0,0.0,0.0,0.0,674.0,1.0,0.0
1774268439.610,1774268439.6103952,safe,0.7803286096600567,0.7803286096600567,0.21967139033994335,NORMAL,Stress level is low (EMA=0.22),0.025636781007051468,0.05906572565436363,0.4341279864311218,0.4811694324016571,1.0,0.0,0.0,0.0,674.0,1.0,0.0
1774268439.661,1774268439.6606703,safe,0.77581057964697,0.77581057964697,0.22418942035303008,NORMAL,Stress level is low (EMA=0.22),0.02030511572957039,0.04557225853204727,0.4497564136981964,0.48436611890792847,1.0,0.0,0.0,0.0,674.0,1.0,0.0
1774268439.712,1774268439.7123241,safe,0.7737718043929174,0.7737718043929174,0.22622819560708268,NORMAL,Stress level is low (EMA=0.22),0.017512064427137375,0.039870403707027435,0.41767746210098267,0.5249399542808533,1.0,0.0,0.0,0.0,674.0,1.0,0.0
1774268439.763,1774268439.7627888,safe,0.7762396825452859,0.7762396825452859,0.22376031745471417,NORMAL,Stress level is low (EMA=0.22),0.020968355238437653,0.046696946024894714,0.436210572719574,0.4961240291595459,1.0,0.0,0.0,0.0,675.0,1.0,0.0
1774268439.813,1774268439.812671,safe,0.7782344961411385,0.7782344961411385,0.2217655038588615,NORMAL,Stress level is low (EMA=0.22),0.023854374885559082,0.052122652530670166,0.45826297998428345,0.46575990319252014,1.0,0.0,0.0,0.0,675.0,1.0,0.0
1774268439.863,1774268439.8625798,safe,0.7820734231186859,0.7820734231186859,0.2179265768813141,NORMAL,Stress level is low (EMA=0.22),0.03220000118017197,0.0597725510597229,0.43703675270080566,0.4709905982017517,1.0,0.0,0.0,0.0,675.0,1.0,0.0
1774268439.913,1774268439.9132328,safe,0.7834939513995064,0.7834939513995064,0.2165060486004936,NORMAL,Stress level is low (EMA=0.22),0.030659547075629234,0.06723187863826752,0.46972739696502686,0.4323810935020447,1.0,0.0,0.0,0.0,675.0,1.0,0.0
1774268439.964,1774268439.9643788,safe,0.778032073092476,0.778032073092476,0.221967926907524,NORMAL,Stress level is low (EMA=0.22),0.02413623034954071,0.05099737271666527,0.4758697748184204,0.44899654388427734,1.0,0.0,0.0,0.0,675.0,1.0,0.0
1774268440.015,1774268440.0147643,safe,0.7798041974507846,0.7798041974507846,0.22019580254921542,NORMAL,Stress level is low (EMA=0.22),0.02854239195585251,0.05397506058216095,0.4906062185764313,0.4268762469291687,1.0,0.0,0.0,0.0,675.0,1.0,0.0
1774268440.065,1774268440.065001,safe,0.7972417938411505,0.7972417938411505,0.20275820615884954,NORMAL,Stress level is low (EMA=0.22),0.04355685040354729,0.11161723732948303,0.443989634513855,0.40083616971969604,1.0,0.0,0.0,0.0,675.0,1.0,0.0
1774268440.116,1774268440.1155791,safe,0.7914371002321813,0.7914371002321813,0.20856289976781875,NORMAL,Stress level is low (EMA=0.21),0.0369529202580452,0.09403494745492935,0.4886128604412079,0.3803991675376892,1.0,0.0,0.0,0.0,675.0,1.0,0.0
1774268440.165,1774268440.1652992,safe,0.7851919640439962,0.7851919640439962,0.21480803595600384,NORMAL,Stress level is low (EMA=0.21),0.033086419105529785,0.071880042552948,0.5128710865974426,0.38216233253479004,1.0,0.0,0.0,0.0,675.0,1.0,0.0
1774268440.216,1774268440.2157862,safe,0.7815413996120736,0.7815413996120736,0.21845860038792642,NORMAL,Stress level is low (EMA=0.22),0.0290069542825222,0.06074882671236992,0.5047048926353455,0.40553921461105347,1.0,0.0,0.0,0.0,675.0,1.0,0.0
1774268440.267,1774268440.267248,safe,0.7887369043247534,0.7887369043247534,0.21126309567524656,NORMAL,Stress level is low (EMA=0.21),0.040919575840234756,0.0788174569606781,0.4613516628742218,0.4189111590385437,1.0,0.0,0.0,0.0,675.0,1.0,0.0
1774268440.318,1774268440.3178155,safe,0.7833562843150071,0.7833562843150071,0.21664371568499285,NORMAL,Stress level is low (EMA=0.21),0.034773778170347214,0.06254400312900543,0.4635400176048279,0.43914204835891724,1.0,0.0,0.0,0.0,675.0,1.0,0.0
1774268440.368,1774268440.3679929,safe,0.7942941107755194,0.7942941107755194,0.20570588922448063,NORMAL,Stress level is low (EMA=0.21),0.04693503677845001,0.09595704078674316,0.442948579788208,0.41415923833847046,1.0,0.0,0.0,0.0,675.0,1.0,0.0
1774268440.419,1774268440.4186044,safe,0.7855181178456173,0.7855181178456173,0.21448188215438269,NORMAL,Stress level is low (EMA=0.21),0.03627471998333931,0.07005073130130768,0.46850258111953735,0.4251718819141388,1.0,0.0,0.0,0.0,675.0,1.0,0.0
1774268440.469,1774268440.468735,safe,0.784692912406527,0.784692912406527,0.21530708759347295,NORMAL,Stress level is low (EMA=0.21),0.03814689442515373,0.06474017351865768,0.47990524768829346,0.4172075390815735,1.0,0.0,0.0,0.0,675.0,1.0,0.0
1774268440.518,1774268440.5184503,safe,0.7836439803071515,0.7836439803071515,0.21635601969284843,NORMAL,Stress level is low (EMA=0.21),0.03452450409531593,0.06399203091859818,0.4269523322582245,0.47453102469444275,1.0,0.0,0.0,0.0,675.0,1.0,0.0
1774268440.569,1774268440.5694623,safe,0.7811002270946759,0.7811002270946759,0.2188997729053242,NORMAL,Stress level is low (EMA=0.22),0.030772775411605835,0.05714480206370354,0.4586114287376404,0.453470915555954,1.0,0.0,0.0,0.0,675.0,1.0,0.0
1774268440.619,1774268440.619309,safe,0.7811164806412471,0.7811164806412471,0.21888351935875297,NORMAL,Stress level is low (EMA=0.22),0.02879488840699196,0.05919042229652405,0.4490202069282532,0.46299442648887634,1.0,0.0,0.0,0.0,675.0,1.0,0.0
1774268440.671,1774268440.671472,safe,0.7785001431264054,0.7785001431264054,0.22149985687359464,NORMAL,Stress level is low (EMA=0.22),0.02717120572924614,0.04991268739104271,0.5030879974365234,0.41982802748680115,1.0,0.0,0.0,0.0,675.0,1.0,0.0
1774268440.722,1774268440.7217903,safe,0.7807668944876769,0.7807668944876769,0.21923310551232317,NORMAL,Stress level is low (EMA=0.22),0.02939494326710701,0.057133741676807404,0.4777268171310425,0.43574440479278564,1.0,0.0,0.0,0.0,675.0,1.0,0.0
1774268440.775,1774268440.7751544,safe,0.7776400863078567,0.7776400863078567,0.22235991369214325,NORMAL,Stress level is low (EMA=0.22),0.027940813452005386,0.04555951803922653,0.529019832611084,0.397479772567749,1.0,0.0,0.0,0.0,674.0,1.0,0.0
1774268440.823,1774268440.823079,safe,0.7764618023218547,0.7764618023218547,0.2235381976781453,NORMAL,Stress level is low (EMA=0.22),0.025876114144921303,0.04271470010280609,0.5260015726089478,0.40540754795074463,1.0,0.0,0.0,0.0,674.0,1.0,0.0
1774268440.880,1774268440.880389,safe,0.7785452548029654,0.7785452548029654,0.22145474519703456,NORMAL,Stress level is low (EMA=0.22),0.029253702610731125,0.04801815748214722,0.5299352407455444,0.39279282093048096,1.0,0.0,0.0,0.0,674.0,1.0,0.0
1774268440.932,1774268440.931779,safe,0.7795860967250691,0.7795860967250691,0.22041390327493093,NORMAL,Stress level is low (EMA=0.22),0.03062235377728939,0.05098635330796242,0.5452307462692261,0.3731604814529419,1.0,0.0,0.0,0.0,674.0,1.0,0.0
1774268440.978,1774268440.9776897,safe,0.7772836284582096,0.7772836284582096,0.22271637154179041,NORMAL,Stress level is low (EMA=0.22),0.027830757200717926,0.04418432340025902,0.5612294673919678,0.3667553663253784,1.0,0.0,0.0,0.0,674.0,1.0,0.0
1774268441.026,1774268441.0262406,safe,0.7810326973501969,0.7810326973501969,0.21896730264980319,NORMAL,Stress level is low (EMA=0.22),0.028306253254413605,0.05932994186878204,0.5630509853363037,0.3493127226829529,1.0,0.0,0.0,0.0,674.0,1.0,0.0
1774268441.076,1774268441.0764518,safe,0.7828127487108705,0.7828127487108705,0.21718725128912952,NORMAL,Stress level is low (EMA=0.22),0.027679841965436935,0.06737323850393295,0.5102786421775818,0.39466819167137146,1.0,0.0,0.0,0.0,674.0,1.0,0.0
1774268441.127,1774268441.1266003,safe,0.7805084338301178,0.7805084338301178,0.2194915661698822,NORMAL,Stress level is low (EMA=0.22),0.02686617337167263,0.05858560651540756,0.5143722295761108,0.40017592906951904,1.0,0.0,0.0,0.0,674.0,1.0,0.0
1774268441.177,1774268441.1774743,safe,0.7829285877798291,0.7829285877798291,0.2170714122201709,NORMAL,Stress level is low (EMA=0.22),0.03288775682449341,0.0626479983329773,0.5462906360626221,0.35817354917526245,1.0,0.0,0.0,0.0,674.0,1.0,0.0
1774268441.229,1774268441.228496,safe,0.7804400707023488,0.7804400707023488,0.21955992929765122,NORMAL,Stress level is low (EMA=0.22),0.03071151301264763,0.05445539951324463,0.4931144714355469,0.4217185080051422,1.0,0.0,0.0,0.0,674.0,1.0,0.0
1774268441.278,1774268441.278444,safe,0.7843702148621229,0.7843702148621229,0.21562978513787714,NORMAL,Stress level is low (EMA=0.22),0.029704634100198746,0.0718379020690918,0.5100183486938477,0.3884390592575073,1.0,0.0,0.0,0.0,674.0,1.0,0.0
1774268441.329,1774268441.3290048,safe,0.7801994095425888,0.7801994095425888,0.21980059045741118,NORMAL,Stress level is low (EMA=0.22),0.024709707126021385,0.059454478323459625,0.5128472447395325,0.4029885232448578,1.0,0.0,0.0,0.0,674.0,1.0,0.0
1774268441.380,1774268441.379509,safe,0.7793134451736272,0.7793134451736272,0.22068655482637278,NORMAL,Stress level is low (EMA=0.22),0.02273271605372429,0.05773993209004402,0.49495235085487366,0.42457491159439087,1.0,0.0,0.0,0.0,674.0,1.0,0.0
1774268441.429,1774268441.4287777,safe,0.7995021098718613,0.7995021098718613,0.20049789012813868,NORMAL,Stress level is low (EMA=0.21),0.02824893593788147,0.13634316623210907,0.4625651240348816,0.3728427290916443,1.0,0.0,0.0,0.0,674.0,1.0,0.0
1774268441.479,1774268441.4794335,safe,0.7981502737850806,0.7981502737850806,0.2018497262149194,NORMAL,Stress level is low (EMA=0.21),0.04143068939447403,0.1175287514925003,0.4503842294216156,0.3906562626361847,1.0,0.0,0.0,0.0,674.0,1.0,0.0
1774268441.531,1774268441.5309381,safe,0.7943861918857376,0.7943861918857376,0.20561380811426244,NORMAL,Stress level is low (EMA=0.21),0.043268345296382904,0.10000739991664886,0.46937263011932373,0.38735151290893555,1.0,0.0,0.0,0.0,674.0,1.0,0.0
1774268441.583,1774268441.5825024,safe,0.8032914751289267,0.8032914751289267,0.19670852487107332,NORMAL,Stress level is low (EMA=0.21),0.04332553595304489,0.13705554604530334,0.46909254789352417,0.35052624344825745,1.0,0.0,0.0,0.0,674.0,1.0,0.0
1774268441.631,1774268441.6313899,safe,0.800862140113428,0.800862140113428,0.19913785988657196,NORMAL,Stress level is low (EMA=0.20),0.04120554029941559,0.12905332446098328,0.47665151953697205,0.35308951139450073,1.0,0.0,0.0,0.0,674.0,1.0,0.0
1774268441.682,1774268441.6816583,safe,0.7931981776442268,0.7931981776442268,0.20680182235577318,NORMAL,Stress level is low (EMA=0.20),0.03295115754008293,0.1053745448589325,0.4709669351577759,0.3907072842121124,1.0,0.0,0.0,0.0,674.0,1.0,0.0
1774268441.732,1774268441.731811,safe,0.7912365973982387,0.7912365973982387,0.20876340260176127,NORMAL,Stress level is low (EMA=0.21),0.030218910425901413,0.09993351995944977,0.5119221210479736,0.35792532563209534,1.0,0.0,0.0,0.0,674.0,1.0,0.0
1774268441.783,1774268441.783475,safe,0.7858482861061554,0.7858482861061554,0.2141517138938446,NORMAL,Stress level is low (EMA=0.21),0.02506057545542717,0.08264057338237762,0.5185773968696594,0.3737213611602783,1.0,0.0,0.0,0.0,675.0,1.0,0.0
1774268441.833,1774268441.832936,safe,0.7839910209649339,0.7839910209649339,0.21600897903506608,NORMAL,Stress level is low (EMA=0.21),0.026162661612033844,0.07379987090826035,0.4963175654411316,0.40371978282928467,1.0,0.0,0.0,0.0,675.0,1.0,0.0
1774268441.884,1774268441.8839405,safe,0.7828969595288682,0.7828969595288682,0.21710304047113183,NORMAL,Stress level is low (EMA=0.21),0.024949289858341217,0.0704546570777893,0.4840567409992218,0.4205392003059387,1.0,0.0,0.0,0.0,675.0,1.0,0.0
1774268441.935,1774268441.93508,safe,0.7812328125899751,0.7812328125899751,0.21876718741002493,NORMAL,Stress level is low (EMA=0.21),0.026284344494342804,0.06218566745519638,0.5189347267150879,0.39259517192840576,1.0,0.0,0.0,0.0,675.0,1.0,0.0
1774268441.985,1774268441.9853861,safe,0.7764441608667222,0.7764441608667222,0.22355583913327787,NORMAL,Stress level is low (EMA=0.22),0.022847697138786316,0.04566960036754608,0.5556419491767883,0.3758406639099121,1.0,0.0,0.0,0.0,675.0,1.0,0.0
1774268442.036,1774268442.036013,safe,0.7768804785308403,0.7768804785308403,0.22311952146915975,NORMAL,Stress level is low (EMA=0.22),0.02610749378800392,0.044227808713912964,0.5830167531967163,0.34664788842201233,1.0,0.0,0.0,0.0,675.0,1.0,0.0
1774268442.087,1774268442.087196,safe,0.7779352392844473,0.7779352392844473,0.22206476071555264,NORMAL,Stress level is low (EMA=0.22),0.03060128167271614,0.044128838926553726,0.6017440557479858,0.32352572679519653,1.0,0.0,0.0,0.0,675.0,1.0,0.0
1774268442.137,1774268442.137103,safe,0.7813222330686701,0.7813222330686701,0.2186777669313299,NORMAL,Stress level is low (EMA=0.22),0.030209980905056,0.058632638305425644,0.531028687953949,0.3801286518573761,1.0,0.0,0.0,0.0,675.0,1.0,0.0
1774268442.190,1774268442.189575,safe,0.7778244905694498,0.7778244905694498,0.22217550943055017,NORMAL,Stress level is low (EMA=0.22),0.026978831738233566,0.04728984087705612,0.5484974384307861,0.3772338032722473,1.0,0.0,0.0,0.0,675.0,1.0,0.0
1774268442.239,1774268442.2386265,safe,0.785384274910836,0.785384274910836,0.21461572508916404,NORMAL,Stress level is low (EMA=0.22),0.04435443505644798,0.061413347721099854,0.5352969765663147,0.3589351773262024,1.0,0.0,0.0,0.0,675.0,1.0,0.0
1774268442.289,1774268442.2891126,safe,0.7884139205196894,0.7884139205196894,0.2115860794803106,NORMAL,Stress level is low (EMA=0.22),0.0599297434091568,0.05846153944730759,0.5342370271682739,0.34737157821655273,1.0,0.0,0.0,0.0,675.0,1.0,0.0
1774268442.341,1774268442.3408484,safe,0.782589193088928,0.782589193088928,0.21741080691107198,NORMAL,Stress level is low (EMA=0.22),0.04606357589364052,0.04805801436305046,0.5319892168045044,0.37388908863067627,1.0,0.0,0.0,0.0,675.0,1.0,0.0
1774268442.391,1774268442.3906097,safe,0.7886877414196432,0.7886877414196432,0.2113122585803569,NORMAL,Stress level is low (EMA=0.22),0.053875911980867386,0.06565628945827484,0.49475720524787903,0.3857104778289795,1.0,0.0,0.0,0.0,675.0,1.0,0.0
1774268442.440,1774268442.4404433,safe,0.7848810852680983,0.7848810852680983,0.21511891473190176,NORMAL,Stress level is low (EMA=0.22),0.04511210322380066,0.058559030294418335,0.47633498907089233,0.4199937582015991,1.0,0.0,0.0,0.0,675.0,1.0,0.0
1774268442.493,1774268442.492566,safe,0.7821859452104085,0.7821859452104085,0.21781405478959154,NORMAL,Stress level is low (EMA=0.22),0.04345566779375076,0.04898571968078613,0.5027753710746765,0.40478312969207764,1.0,0.0,0.0,0.0,675.0,1.0,0.0
1774268442.544,1774268442.543628,safe,0.777754184602109,0.777754184602109,0.22224581539789098,NORMAL,Stress level is low (EMA=0.22),0.034648969769477844,0.0393267497420311,0.4787306487560272,0.4472935199737549,1.0,0.0,0.0,0.0,675.0,1.0,0.0
1774268442.592,1774268442.5919237,safe,0.7787699131791835,0.7787699131791835,0.22123008682081646,NORMAL,Stress level is low (EMA=0.22),0.03550459444522858,0.042703330516815186,0.4400198459625244,0.48177212476730347,1.0,0.0,0.0,0.0,675.0,1.0,0.0
1774268442.646,1774268442.645484,safe,0.7818876129974123,0.7818876129974123,0.21811238700258773,NORMAL,Stress level is low (EMA=0.22),0.0446220263838768,0.04657631367444992,0.4788164496421814,0.4299851059913635,1.0,0.0,0.0,0.0,675.0,1.0,0.0
1774268442.696,1774268442.6956851,safe,0.7841778968930284,0.7841778968930284,0.21582210310697156,NORMAL,Stress level is low (EMA=0.22),0.04322124645113945,0.05751996487379074,0.4682011008262634,0.4310576319694519,1.0,0.0,0.0,0.0,675.0,1.0,0.0
1774268442.746,1774268442.7461545,safe,0.7845786399094572,0.7845786399094572,0.2154213600905428,NORMAL,Stress level is low (EMA=0.22),0.04024861007928848,0.0621623620390892,0.4823675751686096,0.4152213931083679,1.0,0.0,0.0,0.0,675.0,1.0,0.0
1774268442.796,1774268442.7957594,safe,0.7867545213722905,0.7867545213722905,0.21324547862770948,NORMAL,Stress level is low (EMA=0.22),0.0398787185549736,0.07159843295812607,0.451118528842926,0.4374042749404907,1.0,0.0,0.0,0.0,675.0,1.0,0.0
1774268442.847,1774268442.846638,safe,0.7868883733818767,0.7868883733818767,0.21311162661812327,NORMAL,Stress level is low (EMA=0.22),0.04209689050912857,0.06993797421455383,0.5039249062538147,0.3840401768684387,1.0,0.0,0.0,0.0,675.0,1.0,0.0
1774268442.897,1774268442.896863,safe,0.7851051678064194,0.7851051678064194,0.2148948321935806,NORMAL,Stress level is low (EMA=0.22),0.03890414908528328,0.06570068746805191,0.48265135288238525,0.4127437472343445,1.0,0.0,0.0,0.0,675.0,1.0,0.0
1774268442.948,1774268442.9475217,safe,0.7905846420823163,0.7905846420823163,0.20941535791768376,NORMAL,Stress level is low (EMA=0.21),0.039134133607149124,0.08830184489488602,0.47115588188171387,0.4014080762863159,1.0,0.0,0.0,0.0,675.0,1.0,0.0
1774268442.998,1774268442.998274,safe,0.7886673627704662,0.7886673627704662,0.2113326372295338,NORMAL,Stress level is low (EMA=0.21),0.033989228308200836,0.08545808494091034,0.4611264169216156,0.41942620277404785,1.0,0.0,0.0,0.0,675.0,1.0,0.0
1774268443.049,1774268443.0493088,safe,0.7856028675438576,0.7856028675438576,0.21439713245614242,NORMAL,Stress level is low (EMA=0.21),0.02489158883690834,0.08178698271512985,0.3872841000556946,0.5060372352600098,1.0,0.0,0.0,0.0,675.0,1.0,0.0
1774268443.098,1774268443.0979288,safe,0.7828729514195218,0.7828729514195218,0.2171270485804782,NORMAL,Stress level is low (EMA=0.21),0.023563554510474205,0.07174034416675568,0.3624100387096405,0.5422859191894531,1.0,0.0,0.0,0.0,675.0,1.0,0.0
1774268443.149,1774268443.1491609,safe,0.7836559359988876,0.7836559359988876,0.2163440640011124,NORMAL,Stress level is low (EMA=0.21),0.023538462817668915,0.07502787560224533,0.404849112033844,0.496584415435791,1.0,0.0,0.0,0.0,675.0,1.0,0.0
1774268443.199,1774268443.1988752,safe,0.7812347460433424,0.7812347460433424,0.21876525395665758,NORMAL,Stress level is low (EMA=0.22),0.020911239087581635,0.06756681203842163,0.3842315971851349,0.5272902250289917,1.0,0.0,0.0,0.0,675.0,1.0,0.0
1774268443.248,1774268443.2480047,safe,0.7849397219376365,0.7849397219376365,0.2150602780623635,NORMAL,Stress level is low (EMA=0.22),0.02741287648677826,0.07650257647037506,0.37828898429870605,0.5177954435348511,1.0,0.0,0.0,0.0,675.0,1.0,0.0
1774268443.300,1774268443.2996638,safe,0.782090694353952,0.782090694353952,0.21790930564604807,NORMAL,Stress level is low (EMA=0.22),0.023413648828864098,0.06863085925579071,0.3769281208515167,0.5310272574424744,1.0,0.0,0.0,0.0,675.0,1.0,0.0
1774268443.349,1774268443.3490138,safe,0.7825764383774053,0.7825764383774053,0.21742356162259474,NORMAL,Stress level is low (EMA=0.22),0.020692529156804085,0.07337591052055359,0.3739185631275177,0.5320128798484802,1.0,0.0,0.0,0.0,675.0,1.0,0.0
1774268443.399,1774268443.3992069,safe,0.776316829533624,0.776316829533624,0.22368317046637595,NORMAL,Stress level is low (EMA=0.22),0.015115447342395782,0.05287129804491997,0.2901705503463745,0.6418426036834717,1.0,0.0,0.0,0.0,675.0,1.0,0.0
1774268443.450,1774268443.4504669,safe,0.7766386773342111,0.7766386773342111,0.22336132266578895,NORMAL,Stress level is low (EMA=0.22),0.016226470470428467,0.053101297467947006,0.3794100880622864,0.5512620210647583,1.0,0.0,0.0,0.0,675.0,1.0,0.0
1774268443.503,1774268443.5025914,safe,0.774106112675593,0.774106112675593,0.22589388732440696,NORMAL,Stress level is low (EMA=0.22),0.014402324333786964,0.04437308758497238,0.38525819778442383,0.5559662580490112,1.0,0.0,0.0,0.0,675.0,1.0,0.0
1774268443.552,1774268443.5524368,safe,0.7767588172275732,0.7767588172275732,0.22324118277242677,NORMAL,Stress level is low (EMA=0.22),0.015053845010697842,0.05477450042963028,0.36491063237190247,0.5652608871459961,1.0,0.0,0.0,0.0,675.0,1.0,0.0
1774268443.604,1774268443.6042855,safe,0.7780326233018728,0.7780326233018728,0.22196737669812716,NORMAL,Stress level is low (EMA=0.22),0.016466034576296806,0.058669835329055786,0.355569064617157,0.5692949295043945,1.0,0.0,0.0,0.0,675.0,1.0,0.0
1774268443.655,1774268443.6545427,safe,0.7787089531459468,0.7787089531459468,0.22129104685405318,NORMAL,Stress level is low (EMA=0.22),0.016437258571386337,0.061516646295785904,0.39810776710510254,0.5239381790161133,1.0,0.0,0.0,0.0,675.0,1.0,0.0
1774268443.707,1774268443.7065878,safe,0.7808755264331209,0.7808755264331209,0.2191244735668791,NORMAL,Stress level is low (EMA=0.22),0.015408891253173351,0.07157242298126221,0.4016087055206299,0.5114098787307739,1.0,0.0,0.0,0.0,675.0,1.0,0.0
1774268443.760,1774268443.7598855,safe,0.7857464115383113,0.7857464115383113,0.21425358846168874,NORMAL,Stress level is low (EMA=0.22),0.01620069332420826,0.09107600152492523,0.42697930335998535,0.4657439589500427,1.0,0.0,0.0,0.0,674.0,1.0,0.0
1774268443.809,1774268443.8091989,safe,0.7827274024600029,0.7827274024600029,0.2172725975399971,NORMAL,Stress level is low (EMA=0.22),0.013501002453267574,0.08119648694992065,0.40326374769210815,0.5020387172698975,1.0,0.0,0.0,0.0,674.0,1.0,0.0
1774268443.862,1774268443.8617296,safe,0.77764457848681,0.77764457848681,0.22235542151319,NORMAL,Stress level is low (EMA=0.22),0.01177158858627081,0.061747461557388306,0.4255034923553467,0.5009773969650269,1.0,0.0,0.0,0.0,674.0,1.0,0.0
1774268443.913,1774268443.9126,safe,0.773607222703116,0.773607222703116,0.226392777296884,NORMAL,Stress level is low (EMA=0.22),0.009515563026070595,0.04718116670846939,0.4120289981365204,0.5312741994857788,1.0,0.0,0.0,0.0,674.0,1.0,0.0
1774268443.960,1774268443.9595046,safe,0.7715848896383812,0.7715848896383812,0.22841511036161877,NORMAL,Stress level is low (EMA=0.22),0.009067384526133537,0.039202965795993805,0.42406588792800903,0.5276637077331543,1.0,0.0,0.0,0.0,674.0,1.0,0.0
1774268444.009,1774268444.0092914,safe,0.7704370229451853,0.7704370229451853,0.2295629770548147,NORMAL,Stress level is low (EMA=0.23),0.008512895554304123,0.03497469052672386,0.4029586911201477,0.5535537004470825,1.0,0.0,0.0,0.0,674.0,1.0,0.0
1774268444.059,1774268444.0590942,safe,0.7694642191327538,0.7694642191327538,0.23053578086724627,NORMAL,Stress level is low (EMA=0.23),0.007285976316779852,0.03214826434850693,0.4009367823600769,0.559628963470459,1.0,0.0,0.0,0.0,674.0,1.0,0.0
1774268444.109,1774268444.108859,safe,0.7693074996402474,0.7693074996402474,0.23069250035975264,NORMAL,Stress level is low (EMA=0.23),0.006045958958566189,0.03273528441786766,0.35653671622276306,0.6046820282936096,1.0,0.0,0.0,0.0,674.0,1.0,0.0
1774268444.160,1774268444.1597915,safe,0.7739808674373768,0.7739808674373768,0.22601913256262313,NORMAL,Stress level is low (EMA=0.23),0.007262185215950012,0.05099140480160713,0.37315523624420166,0.5685911178588867,1.0,0.0,0.0,0.0,674.0,1.0,0.0
1774268444.210,1774268444.2099164,safe,0.7727297617394491,0.7727297617394491,0.22727023826055098,NORMAL,Stress level is low (EMA=0.23),0.006785975769162178,0.04625466838479042,0.38651928305625916,0.5604400038719177,1.0,0.0,0.0,0.0,674.0,1.0,0.0
1774268444.260,1774268444.260238,safe,0.77367665904466,0.77367665904466,0.22632334095533999,NORMAL,Stress level is low (EMA=0.23),0.007134735584259033,0.04985128715634346,0.33690762519836426,0.6061062216758728,1.0,0.0,0.0,0.0,674.0,1.0,0.0
1774268444.311,1774268444.3112054,safe,0.7743813601838965,0.7743813601838965,0.22561863981610358,NORMAL,Stress level is low (EMA=0.23),0.0080031156539917,0.05191916972398758,0.39562803506851196,0.5444495677947998,1.0,0.0,0.0,0.0,674.0,1.0,0.0
1774268444.361,1774268444.3608968,safe,0.7705483982107455,0.7705483982107455,0.22945160178925447,NORMAL,Stress level is low (EMA=0.23),0.00627930648624897,0.03767232969403267,0.3690853714942932,0.5869629383087158,1.0,0.0,0.0,0.0,674.0,1.0,0.0
1774268444.413,1774268444.4125617,safe,0.7692045232986344,0.7692045232986344,0.23079547670136555,NORMAL,Stress level is low (EMA=0.23),0.006191540509462357,0.03216060996055603,0.37569305300712585,0.5859547257423401,1.0,0.0,0.0,0.0,674.0,1.0,0.0
1774268444.464,1774268444.4635441,safe,0.7688307492502481,0.7688307492502481,0.23116925074975186,NORMAL,Stress level is low (EMA=0.23),0.0058023277670145035,0.030992422252893448,0.34949344396591187,0.6137117147445679,1.0,0.0,0.0,0.0,674.0,1.0,0.0
1774268444.514,1774268444.5144792,safe,0.7672547526564902,0.7672547526564902,0.2327452473435098,NORMAL,Stress level is low (EMA=0.23),0.005051652435213327,0.025176439434289932,0.3422399163246155,0.627531886100769,1.0,0.0,0.0,0.0,674.0,1.0,0.0
1774268444.565,1774268444.564544,safe,0.7714038805648615,0.7714038805648615,0.22859611943513844,NORMAL,Stress level is low (EMA=0.23),0.0061469185166060925,0.041369207203388214,0.31716811656951904,0.6353156566619873,1.0,0.0,0.0,0.0,674.0,1.0,0.0
1774268444.615,1774268444.6145883,safe,0.7733985379690212,0.7733985379690212,0.22660146203097875,NORMAL,Stress level is low (EMA=0.23),0.006833601742982864,0.04899358004331589,0.3125898838043213,0.6315827965736389,1.0,0.0,0.0,0.0,674.0,1.0,0.0
1774268444.666,1774268444.6655257,safe,0.7719371983256029,0.7719371983256029,0.22806280167439708,NORMAL,Stress level is low (EMA=0.23),0.006122250109910965,0.04361603781580925,0.29657307267189026,0.6536885499954224,1.0,0.0,0.0,0.0,674.0,1.0,0.0
1774268444.716,1774268444.7162445,safe,0.7714454954871862,0.7714454954871862,0.22855450451281373,NORMAL,Stress level is low (EMA=0.23),0.006046188995242119,0.04164333641529083,0.2611737847328186,0.6911365985870361,1.0,0.0,0.0,0.0,674.0,1.0,0.0
1774268444.766,1774268444.7657027,safe,0.769179353706132,0.769179353706132,0.23082064629386806,NORMAL,Stress level is low (EMA=0.23),0.005376914516091347,0.03287036344408989,0.26917731761932373,0.6925753355026245,1.0,0.0,0.0,0.0,675.0,1.0,0.0
1774268444.816,1774268444.8157594,safe,0.768201511299201,0.768201511299201,0.231798488700799,NORMAL,Stress level is low (EMA=0.23),0.004931519739329815,0.0292414091527462,0.2192096710205078,0.746617317199707,1.0,0.0,0.0,0.0,675.0,1.0,0.0
1774268444.867,1774268444.866536,safe,0.766998169991173,0.766998169991173,0.233001830008827,NORMAL,Stress level is low (EMA=0.23),0.004232444334775209,0.024926556274294853,0.1782444417476654,0.7925964593887329,1.0,0.0,0.0,0.0,675.0,1.0,0.0
1774268444.918,1774268444.9181042,safe,0.766445906359751,0.766445906359751,0.23355409364024904,NORMAL,Stress level is low (EMA=0.23),0.003667276818305254,0.023190613836050034,0.16759748756885529,0.8055444955825806,1.0,0.0,0.0,0.0,675.0,1.0,0.0
1774268444.968,1774268444.9676044,safe,0.7903613580511966,0.7903613580511966,0.20963864194880344,NORMAL,Stress level is low (EMA=0.23),0.003980409353971481,0.12252522259950638,0.13918541371822357,0.7343088984489441,1.0,0.0,0.0,0.0,675.0,1.0,0.0
1774268445.019,1774268445.0190656,safe,0.8279789361844013,0.8279789361844013,0.1720210638155987,NORMAL,Stress level is low (EMA=0.21),0.004034290090203285,0.27921125292778015,0.11553732305765152,0.6012170910835266,1.0,0.0,0.0,0.0,675.0,1.0,0.0
1774268445.071,1774268445.0709186,safe,0.8593736794110313,0.8593736794110313,0.14062632058896876,NORMAL,Stress level is low (EMA=0.19),0.0038331211544573307,0.4102238416671753,0.08767044544219971,0.49827253818511963,1.0,0.0,0.0,0.0,675.0,1.0,0.0
1774268445.121,1774268445.1207795,safe,0.8482013562916614,0.8482013562916614,0.15179864370833868,NORMAL,Stress level is low (EMA=0.18),0.008826207369565964,0.3586794137954712,0.23046371340751648,0.4020306169986725,1.0,0.0,0.0,0.0,675.0,1.0,0.0
1774268445.172,1774268445.1716666,safe,0.8675847157362793,0.8675847157362793,0.13241528426372076,NORMAL,Stress level is low (EMA=0.16),0.007240544073283672,0.44102907180786133,0.20052361488342285,0.3512067198753357,1.0,0.0,0.0,0.0,675.0,1.0,0.0
1774268445.222,1774268445.22219,safe,0.8724429231747628,0.8724429231747628,0.12755707682523723,NORMAL,Stress level is low (EMA=0.15),0.007479345425963402,0.46103280782699585,0.2468094378709793,0.2846783697605133,1.0,0.0,0.0,0.0,675.0,1.0,0.0
1774268445.272,1774268445.2721157,safe,0.8652476885815548,0.8652476885815548,0.13475231141844532,NORMAL,Stress level is low (EMA=0.15),0.007698599714785814,0.4308333992958069,0.308022677898407,0.25344526767730713,1.0,0.0,0.0,0.0,675.0,1.0,0.0
1774268445.324,1774268445.3242028,safe,0.8762177819765062,0.8762177819765062,0.12378221802349379,NORMAL,Stress level is low (EMA=0.14),0.006831606850028038,0.47740912437438965,0.26718777418136597,0.2485714554786682,1.0,0.0,0.0,0.0,675.0,1.0,0.0
1774268445.375,1774268445.3750062,safe,0.9051449094852421,0.9051449094852421,0.09485509051475789,NORMAL,Stress level is low (EMA=0.13),0.005496692843735218,0.599273681640625,0.2056640088558197,0.189565509557724,1.0,0.0,0.0,0.0,675.0,1.0,0.0
1774268445.425,1774268445.4248152,safe,0.8887656250990811,0.8887656250990811,0.11123437490091892,NORMAL,Stress level is low (EMA=0.12),0.004352983087301254,0.5321703553199768,0.2657202482223511,0.19775627553462982,1.0,0.0,0.0,0.0,675.0,1.0,0.0
1774268445.475,1774268445.4748087,safe,0.8650463827394212,0.8650463827394212,0.1349536172605788,NORMAL,Stress level is low (EMA=0.13),0.028261493891477585,0.40943169593811035,0.39410799741744995,0.16819870471954346,1.0,0.0,0.0,0.0,675.0,1.0,0.0
1774268445.526,1774268445.5255015,safe,0.8548070689899383,0.8548070689899383,0.14519293101006167,NORMAL,Stress level is low (EMA=0.13),0.020072583109140396,0.37495681643486023,0.29738229513168335,0.30758821964263916,1.0,0.0,0.0,0.0,675.0,1.0,0.0
1774268445.576,1774268445.576452,safe,0.8489152786347333,0.8489152786347333,0.15108472136526674,NORMAL,Stress level is low (EMA=0.14),0.016337044537067413,0.3541432321071625,0.26270782947540283,0.3668118119239807,1.0,0.0,0.0,0.0,675.0,1.0,0.0
1774268445.629,1774268445.6288536,safe,0.8840193616283136,0.8840193616283136,0.11598063837168636,NORMAL,Stress level is low (EMA=0.13),0.02232953906059265,0.4944177269935608,0.19193734228610992,0.2913152873516083,1.0,0.0,0.0,0.0,675.0,1.0,0.0
1774268445.679,1774268445.6784897,safe,0.8443889822285051,0.8443889822285051,0.15561101777149497,NORMAL,Stress level is low (EMA=0.14),0.018109383061528206,0.3335113227367401,0.15158390998840332,0.49679529666900635,1.0,0.0,0.0,0.0,675.0,1.0,0.0
1774268445.729,1774268445.7285218,safe,0.8692991713052777,0.8692991713052777,0.1307008286947223,NORMAL,Stress level is low (EMA=0.14),0.016671570017933846,0.4387415647506714,0.14343640208244324,0.40115034580230713,1.0,0.0,0.0,0.0,675.0,1.0,0.0
1774268445.779,1774268445.7791548,safe,0.9105721945280878,0.9105721945280878,0.08942780547191224,NORMAL,Stress level is low (EMA=0.12),0.0115895364433527,0.6157945394515991,0.1079806312918663,0.26463520526885986,1.0,0.0,0.0,0.0,675.0,1.0,0.0
1774268445.830,1774268445.8298285,safe,0.9322723958698649,0.9322723958698649,0.06772760413013514,NORMAL,Stress level is low (EMA=0.11),0.01149820163846016,0.7063033580780029,0.09960070997476578,0.18259762227535248,1.0,0.0,0.0,0.0,675.0,1.0,0.0
1774268445.881,1774268445.8813162,safe,0.9490657782773262,0.9490657782773262,0.050934221722673846,NORMAL,Stress level is low (EMA=0.09),0.00750927347689867,0.7802647352218628,0.08110290765762329,0.13112300634384155,1.0,0.0,0.0,0.0,675.0,1.0,0.0
1774268445.934,1774268445.933798,safe,0.8857960190584243,0.8857960190584243,0.1142039809415757,NORMAL,Stress level is low (EMA=0.10),0.0055969636887311935,0.5185530185699463,0.26576343178749084,0.21008644998073578,1.0,0.0,0.0,0.0,675.0,1.0,0.0
1774268445.991,1774268445.9908187,safe,0.9085811047387016,0.9085811047387016,0.09141889526129846,NORMAL,Stress level is low (EMA=0.10),0.004888611845672131,0.6141992807388306,0.21501529216766357,0.16589675843715668,1.0,0.0,0.0,0.0,675.0,1.0,0.0
1774268446.040,1774268446.0402215,safe,0.9207096946419069,0.9207096946419069,0.0792903053580931,NORMAL,Stress level is low (EMA=0.09),0.0037460080347955227,0.6658776998519897,0.21165381371974945,0.11872245371341705,1.0,0.0,0.0,0.0,675.0,1.0,0.0
1774268446.088,1774268446.0875015,safe,0.8867193387775066,0.8867193387775066,0.11328066122249336,NORMAL,Stress level is low (EMA=0.10),0.005545064806938171,0.5224521160125732,0.19830696284770966,0.27369576692581177,1.0,0.0,0.0,0.0,675.0,1.0,0.0
1774268446.136,1774268446.1360993,safe,0.8450062661431126,0.8450062661431126,0.15499373385688742,NORMAL,Stress level is low (EMA=0.11),0.003797932295128703,0.3503948152065277,0.18257099390029907,0.4632362127304077,1.0,0.0,0.0,0.0,675.0,1.0,0.0
1774268446.187,1774268446.1873066,safe,0.8581974549448297,0.8581974549448297,0.14180254505517034,NORMAL,Stress level is low (EMA=0.12),0.0026216190308332443,0.4065344035625458,0.2834247052669525,0.30741921067237854,1.0,0.0,0.0,0.0,675.0,1.0,0.0
1774268446.239,1774268446.2393165,safe,0.8740948193657352,0.8740948193657352,0.12590518063426487,NORMAL,Stress level is low (EMA=0.12),0.00583712849766016,0.46955788135528564,0.2547094523906708,0.26989543437957764,1.0,0.0,0.0,0.0,675.0,1.0,0.0
1774268446.290,1774268446.2896943,safe,0.8733590041555472,0.8733590041555472,0.12664099584445274,NORMAL,Stress level is low (EMA=0.12),0.004575919359922409,0.46775323152542114,0.2764136493206024,0.25125715136528015,1.0,0.0,0.0,0.0,675.0,1.0,0.0
1774268446.339,1774268446.3391702,safe,0.847502460898513,0.847502460898513,0.15249753910148706,NORMAL,Stress level is low (EMA=0.13),0.0068476395681500435,0.357745885848999,0.47038012742996216,0.1650262475013733,1.0,0.0,0.0,0.0,675.0,1.0,0.0
1774268446.367,1774268446.3665173,safe,0.847502460898513,0.847502460898513,0.15249753910148706,NORMAL,Stress level is low (EMA=0.14),0.0068476395681500435,0.357745885848999,0.47038012742996216,0.1650262475013733,1.0,0.0,0.0,0.0,675.0,1.0,0.0
1774268446.421,1774268446.4210997,safe,0.847502460898513,0.847502460898513,0.15249753910148706,NORMAL,Stress level is low (EMA=0.14),0.0068476395681500435,0.357745885848999,0.47038012742996216,0.1650262475013733,1.0,0.0,0.0,0.0,675.0,1.0,0.0
1774268446.471,1774268446.4710302,safe,0.847502460898513,0.847502460898513,0.15249753910148706,NORMAL,Stress level is low (EMA=0.15),0.0068476395681500435,0.357745885848999,0.47038012742996216,0.1650262475013733,1.0,0.0,0.0,0.0,675.0,1.0,0.0
1774268446.517,1774268446.5170739,safe,0.847502460898513,0.847502460898513,0.15249753910148706,NORMAL,Stress level is low (EMA=0.15),0.0068476395681500435,0.357745885848999,0.47038012742996216,0.1650262475013733,1.0,0.0,0.0,0.0,675.0,1.0,0.0
1774268446.566,1774268446.5656755,safe,0.847502460898513,0.847502460898513,0.15249753910148706,NORMAL,Stress level is low (EMA=0.15),0.0068476395681500435,0.357745885848999,0.47038012742996216,0.1650262475013733,1.0,0.0,0.0,0.0,675.0,1.0,0.0
1774268446.618,1774268446.617526,safe,0.847502460898513,0.847502460898513,0.15249753910148706,NORMAL,Stress level is low (EMA=0.15),0.0068476395681500435,0.357745885848999,0.47038012742996216,0.1650262475013733,1.0,0.0,0.0,0.0,675.0,1.0,0.0
1774268446.666,1774268446.6660216,safe,0.847502460898513,0.847502460898513,0.15249753910148706,NORMAL,Stress level is low (EMA=0.15),0.0068476395681500435,0.357745885848999,0.47038012742996216,0.1650262475013733,1.0,0.0,0.0,0.0,675.0,1.0,0.0
1774268446.723,1774268446.7232645,safe,0.847502460898513,0.847502460898513,0.15249753910148706,NORMAL,Stress level is low (EMA=0.15),0.0068476395681500435,0.357745885848999,0.47038012742996216,0.1650262475013733,1.0,0.0,0.0,0.0,675.0,1.0,0.0
1774268446.775,1774268446.7752295,safe,0.847502460898513,0.847502460898513,0.15249753910148706,NORMAL,Stress level is low (EMA=0.15),0.0068476395681500435,0.357745885848999,0.47038012742996216,0.1650262475013733,1.0,0.0,0.0,0.0,674.0,1.0,0.0
1774268446.818,1774268446.818066,safe,0.847502460898513,0.847502460898513,0.15249753910148706,NORMAL,Stress level is low (EMA=0.15),0.0068476395681500435,0.357745885848999,0.47038012742996216,0.1650262475013733,1.0,0.0,0.0,0.0,674.0,1.0,0.0
1774268446.869,1774268446.8693316,safe,0.847502460898513,0.847502460898513,0.15249753910148706,NORMAL,Stress level is low (EMA=0.15),0.0068476395681500435,0.357745885848999,0.47038012742996216,0.1650262475013733,1.0,0.0,0.0,0.0,674.0,1.0,0.0
1774268446.950,1774268446.9497678,safe,0.8474093853459856,0.8474093853459856,0.15259061465401436,NORMAL,Stress level is low (EMA=0.15),0.012068686075508595,0.35213702917099,0.5014019012451172,0.13439229130744934,1.0,0.0,0.0,0.0,674.0,1.0,0.0
1774268447.022,1774268447.022209,safe,0.8769056534757025,0.8769056534757025,0.12309434652429746,NORMAL,Stress level is low (EMA=0.14),0.010474048554897308,0.4766327738761902,0.41900917887687683,0.09388390183448792,1.0,0.0,0.0,0.0,674.0,1.0,0.0
1774268447.073,1774268447.073227,safe,0.8503720058733586,0.8503720058733586,0.14962799412664138,NORMAL,Stress level is low (EMA=0.15),0.009731888771057129,0.36681807041168213,0.5593360662460327,0.06411387026309967,1.0,0.0,0.0,0.0,674.0,1.0,0.0
1774268447.098,1774268447.098305,safe,0.8503720058733586,0.8503720058733586,0.14962799412664138,NORMAL,Stress level is low (EMA=0.15),0.009731888771057129,0.36681807041168213,0.5593360662460327,0.06411387026309967,1.0,0.0,0.0,0.0,674.0,1.0,0.0
1774268447.132,1774268447.1321104,safe,0.8503720058733586,0.8503720058733586,0.14962799412664138,NORMAL,Stress level is low (EMA=0.15),0.009731888771057129,0.36681807041168213,0.5593360662460327,0.06411387026309967,1.0,0.0,0.0,0.0,674.0,1.0,0.0
1774268447.205,1774268447.2046096,safe,0.8330102228641098,0.8330102228641098,0.1669897771358902,NORMAL,Stress level is low (EMA=0.15),0.00831928662955761,0.2958899438381195,0.6123100519180298,0.08348066359758377,1.0,0.0,0.0,0.0,674.0,1.0,0.0
1774268447.266,1774268447.2658916,safe,0.8212203684994743,0.8212203684994743,0.17877963150052567,NORMAL,Stress level is low (EMA=0.16),0.010219857096672058,0.24486497044563293,0.6018829345703125,0.14303216338157654,1.0,0.0,0.0,0.0,674.0,1.0,0.0
1774268447.314,1774268447.3139527,safe,0.8123756384033257,0.8123756384033257,0.18762436159667428,NORMAL,Stress level is low (EMA=0.17),0.014318118803203106,0.20391367375850677,0.5410672426223755,0.24070090055465698,1.0,0.0,0.0,0.0,674.0,1.0,0.0
1774268447.359,1774268447.3592896,safe,0.8242011870148004,0.8242011870148004,0.1757988129851996,NORMAL,Stress level is low (EMA=0.17),0.03713751211762428,0.23036737740039825,0.46462687849998474,0.26786813139915466,1.0,0.0,0.0,0.0,674.0,1.0,0.0
1774268447.406,1774268447.406043,safe,0.8518190350119763,0.8518190350119763,0.14818096498802363,NORMAL,Stress level is low (EMA=0.16),0.06148728355765343,0.32109197974205017,0.4133239984512329,0.20409666001796722,1.0,0.0,0.0,0.0,674.0,1.0,0.0
1774268447.456,1774268447.4555082,safe,0.8359837432137351,0.8359837432137351,0.16401625678626483,NORMAL,Stress level is low (EMA=0.16),0.046109721064567566,0.2704891562461853,0.5243363380432129,0.15906469523906708,1.0,0.0,0.0,0.0,674.0,1.0,0.0
1774268447.506,1774268447.5063527,safe,0.8392967933102009,0.8392967933102009,0.16070320668979912,NORMAL,Stress level is low (EMA=0.16),0.03605135530233383,0.2943519055843353,0.5603816509246826,0.10921501368284225,1.0,0.0,0.0,0.0,674.0,1.0,0.0
1774268447.555,1774268447.5550878,safe,0.8449542448338193,0.8449542448338193,0.1550457551661807,NORMAL,Stress level is low (EMA=0.16),0.025458550080657005,0.32851743698120117,0.5554137229919434,0.09061023592948914,1.0,0.0,0.0,0.0,674.0,1.0,0.0
1774268447.607,1774268447.6067498,safe,0.8811083847704749,0.8811083847704749,0.11889161522952507,NORMAL,Stress level is low (EMA=0.15),0.024540986865758896,0.48007720708847046,0.42768412828445435,0.06769756972789764,1.0,0.0,0.0,0.0,674.0,1.0,0.0
1774268447.659,1774268447.6588755,safe,0.8862018910868498,0.8862018910868498,0.11379810891315027,NORMAL,Stress level is low (EMA=0.14),0.1359182596206665,0.3899228572845459,0.39996740221977234,0.07419134676456451,1.0,0.0,0.0,0.0,674.0,1.0,0.0
1774268447.708,1774268447.7080014,safe,0.8818598922975895,0.8818598922975895,0.11814010770241051,NORMAL,Stress level is low (EMA=0.13),0.0981571227312088,0.4095923602581024,0.3822171688079834,0.11003325134515762,1.0,0.0,0.0,0.0,674.0,1.0,0.0
1774268447.760,1774268447.7597642,safe,0.8712676064313298,0.8712676064313298,0.1287323935686702,NORMAL,Stress level is low (EMA=0.13),0.07741628587245941,0.38619863986968994,0.44017529487609863,0.09620963037014008,1.0,0.0,0.0,0.0,674.0,1.0,0.0
1774268447.785,1774268447.7845402,safe,0.8712676064313298,0.8712676064313298,0.1287323935686702,NORMAL,Stress level is low (EMA=0.13),0.07741628587245941,0.38619863986968994,0.44017529487609863,0.09620963037014008,1.0,0.0,0.0,0.0,674.0,1.0,0.0
1774268447.832,1774268447.8322964,safe,0.8712676064313298,0.8712676064313298,0.1287323935686702,NORMAL,Stress level is low (EMA=0.13),0.07741628587245941,0.38619863986968994,0.44017529487609863,0.09620963037014008,1.0,0.0,0.0,0.0,674.0,1.0,0.0
1774268447.888,1774268447.8879175,safe,0.8712676064313298,0.8712676064313298,0.1287323935686702,NORMAL,Stress level is low (EMA=0.13),0.07741628587245941,0.38619863986968994,0.44017529487609863,0.09620963037014008,1.0,0.0,0.0,0.0,674.0,1.0,0.0
1774268447.940,1774268447.9402988,safe,0.8712676064313298,0.8712676064313298,0.1287323935686702,NORMAL,Stress level is low (EMA=0.13),0.07741628587245941,0.38619863986968994,0.44017529487609863,0.09620963037014008,1.0,0.0,0.0,0.0,674.0,1.0,0.0
1774268448.015,1774268448.0148492,safe,0.8826081598711619,0.8826081598711619,0.11739184012883808,NORMAL,Stress level is low (EMA=0.13),0.072543203830719,0.4383240342140198,0.3808620274066925,0.10827060043811798,1.0,0.0,0.0,0.0,674.0,1.0,0.0
1774268448.082,1774268448.0823247,safe,0.8798685763968574,0.8798685763968574,0.12013142360314262,NORMAL,Stress level is low (EMA=0.12),0.10032887756824493,0.3991234302520752,0.38289034366607666,0.11765721440315247,1.0,0.0,0.0,0.0,674.0,1.0,0.0
1774268448.106,1774268448.1064422,safe,0.8798685763968574,0.8798685763968574,0.12013142360314262,NORMAL,Stress level is low (EMA=0.12),0.10032887756824493,0.3991234302520752,0.38289034366607666,0.11765721440315247,1.0,0.0,0.0,0.0,674.0,1.0,0.0
1774268448.143,1774268448.1430643,safe,0.8798685763968574,0.8798685763968574,0.12013142360314262,NORMAL,Stress level is low (EMA=0.12),0.10032887756824493,0.3991234302520752,0.38289034366607666,0.11765721440315247,1.0,0.0,0.0,0.0,674.0,1.0,0.0
1774268448.217,1774268448.2165477,safe,0.8592229553709756,0.8592229553709756,0.1407770446290245,NORMAL,Stress level is low (EMA=0.13),0.08299854397773743,0.33043038845062256,0.4457375407218933,0.14083345234394073,1.0,0.0,0.0,0.0,674.0,1.0,0.0
1774268448.284,1774268448.2837725,safe,0.8319743480670906,0.8319743480670906,0.16802565193290944,NORMAL,Stress level is low (EMA=0.14),0.062151454389095306,0.237741619348526,0.60023033618927,0.0998765155673027,1.0,0.0,0.0,0.0,674.0,1.0,0.0
1774268448.334,1774268448.3343828,safe,0.8527738257496489,0.8527738257496489,0.1472261742503511,NORMAL,Stress level is low (EMA=0.14),0.040640056133270264,0.3459175229072571,0.5468509197235107,0.06659145653247833,1.0,0.0,0.0,0.0,674.0,1.0,0.0
1774268448.382,1774268448.3819742,safe,0.8646017793318739,0.8646017793318739,0.1353982206681261,NORMAL,Stress level is low (EMA=0.14),0.02807488851249218,0.40776580572128296,0.5115320682525635,0.05262715741991997,1.0,0.0,0.0,0.0,674.0,1.0,0.0
1774268448.430,1774268448.4295375,safe,0.8954476125465968,0.8954476125465968,0.10455238745340324,NORMAL,Stress level is low (EMA=0.13),0.027226924896240234,0.537138044834137,0.37915119528770447,0.05648372322320938,1.0,0.0,0.0,0.0,674.0,1.0,0.0
1774268448.479,1774268448.478992,safe,0.9040213095434657,0.9040213095434657,0.09597869045653434,NORMAL,Stress level is low (EMA=0.12),0.01937803253531456,0.5807107090950012,0.29980888962745667,0.10010230541229248,1.0,0.0,0.0,0.0,674.0,1.0,0.0
1774268448.528,1774268448.5278394,safe,0.8821435376296914,0.8821435376296914,0.11785646237030854,NORMAL,Stress level is low (EMA=0.12),0.01689826138317585,0.49203309416770935,0.2711724042892456,0.21989616751670837,1.0,0.0,0.0,0.0,674.0,1.0,0.0
1774268448.572,1774268448.5718744,safe,0.9115602867029451,0.9115602867029451,0.08843971329705497,NORMAL,Stress level is low (EMA=0.11),0.022097937762737274,0.6094031929969788,0.19854530692100525,0.16995348036289215,1.0,0.0,0.0,0.0,674.0,1.0,0.0
1774268448.616,1774268448.61556,safe,0.9263565518914949,0.9263565518914949,0.07364344810850508,NORMAL,Stress level is low (EMA=0.10),0.01540369912981987,0.6777485609054565,0.14269913733005524,0.16414855420589447,1.0,0.0,0.0,0.0,674.0,1.0,0.0
1774268448.663,1774268448.663456,safe,0.9354831473216875,0.9354831473216875,0.06451685267831252,NORMAL,Stress level is low (EMA=0.09),0.010343971662223339,0.72083580493927,0.10001944750547409,0.16880077123641968,1.0,0.0,0.0,0.0,674.0,1.0,0.0
1774268448.715,1774268448.714648,safe,0.9506569554732878,0.9506569554732878,0.049343044526712225,NORMAL,Stress level is low (EMA=0.08),0.011026835069060326,0.7833771705627441,0.07995330542325974,0.12564271688461304,1.0,0.0,0.0,0.0,674.0,1.0,0.0
1774268448.766,1774268448.7656517,safe,0.9613784256634288,0.9613784256634288,0.03862157433657123,NORMAL,Stress level is low (EMA=0.07),0.007390919607132673,0.8316859006881714,0.05583375319838524,0.10508947819471359,1.0,0.0,0.0,0.0,675.0,1.0,0.0
1774268448.816,1774268448.8157547,safe,0.930551892036362,0.930551892036362,0.06944810796363804,NORMAL,Stress level is low (EMA=0.07),0.005505562759935856,0.7051273584365845,0.06783643364906311,0.22153069078922272,1.0,0.0,0.0,0.0,675.0,1.0,0.0
1774268448.866,1774268448.8659084,safe,0.9419052740755813,0.9419052740755813,0.05809472592441872,NORMAL,Stress level is low (EMA=0.06),0.004503349773585796,0.7534353137016296,0.0539383739233017,0.18812298774719238,1.0,0.0,0.0,0.0,675.0,1.0,0.0
1774268448.918,1774268448.9176917,safe,0.9132120609846965,0.9132120609846965,0.0867879390153034,NORMAL,Stress level is low (EMA=0.07),0.003457888960838318,0.6349256634712219,0.06633052229881287,0.2952858805656433,1.0,0.0,0.0,0.0,675.0,1.0,0.0
1774268448.966,1774268448.9662628,safe,0.9204547485316661,0.9204547485316661,0.07954525146833391,NORMAL,Stress level is low (EMA=0.07),0.0027280275244265795,0.6658333539962769,0.05782388523221016,0.27361464500427246,1.0,0.0,0.0,0.0,675.0,1.0,0.0
1774268449.018,1774268449.0177028,safe,0.9221655600837468,0.9221655600837468,0.07783443991625322,NORMAL,Stress level is low (EMA=0.07),0.002066338900476694,0.6736234426498413,0.05894544720649719,0.26536470651626587,1.0,0.0,0.0,0.0,675.0,1.0,0.0
1774268449.068,1774268449.0679514,safe,0.8846054235473031,0.8846054235473031,0.11539457645269696,NORMAL,Stress level is low (EMA=0.09),0.0014986798632889986,0.5176905393600464,0.05569203197956085,0.42511868476867676,1.0,0.0,0.0,0.0,675.0,1.0,0.0
1774268449.119,1774268449.1186543,safe,0.8618727300816345,0.8618727300816345,0.13812726991836552,NORMAL,Stress level is low (EMA=0.10),0.001639756141230464,0.42282986640930176,0.07015378773212433,0.5053764581680298,1.0,0.0,0.0,0.0,675.0,1.0,0.0
1774268449.171,1774268449.1707542,safe,0.8450711684550788,0.8450711684550788,0.15492883154492115,NORMAL,Stress level is low (EMA=0.12),0.0013428953243419528,0.35312020778656006,0.14156480133533478,0.5039719343185425,1.0,0.0,0.0,0.0,675.0,1.0,0.0
1774268449.222,1774268449.2215488,safe,0.8205055173102918,0.8205055173102918,0.17949448268970825,NORMAL,Stress level is low (EMA=0.14),0.0013934463495388627,0.2507127821445465,0.30745649337768555,0.44043710827827454,1.0,0.0,0.0,0.0,675.0,1.0,0.0
1774268449.272,1774268449.271934,safe,0.8077941900643106,0.8077941900643106,0.1922058099356894,NORMAL,Stress level is low (EMA=0.15),0.0024737571366131306,0.19666863977909088,0.41618213057518005,0.38467535376548767,1.0,0.0,0.0,0.0,675.0,1.0,0.0
1774268449.321,1774268449.3213935,safe,0.7945008967096154,0.7945008967096154,0.20549910329038457,NORMAL,Stress level is low (EMA=0.17),0.002634675707668066,0.14111900329589844,0.46228447556495667,0.39396172761917114,1.0,0.0,0.0,0.0,675.0,1.0,0.0
1774268449.371,1774268449.3714812,safe,0.7861185105754183,0.7861185105754183,0.21388148942458174,NORMAL,Stress level is low (EMA=0.18),0.0025704381987452507,0.1062566488981247,0.5011923313140869,0.3899804949760437,1.0,0.0,0.0,0.0,675.0,1.0,0.0
1774268449.423,1774268449.423182,safe,0.7847706685895541,0.7847706685895541,0.21522933141044592,NORMAL,Stress level is low (EMA=0.19),0.002426875289529562,0.10078420490026474,0.533114492893219,0.3636743426322937,1.0,0.0,0.0,0.0,675.0,1.0,0.0
1774268449.475,1774268449.4748318,safe,0.7827650192075084,0.7827650192075084,0.2172349807924916,NORMAL,Stress level is low (EMA=0.20),0.002344086766242981,0.09251011908054352,0.5181195735931396,0.3870261311531067,1.0,0.0,0.0,0.0,675.0,1.0,0.0
1774268449.528,1774268449.5278442,safe,0.7791076429012272,0.7791076429012272,0.22089235709877275,NORMAL,Stress level is low (EMA=0.21),0.0032161641865968704,0.07639896869659424,0.5553696155548096,0.3650151491165161,1.0,0.0,0.0,0.0,675.0,1.0,0.0
1774268449.577,1774268449.5765436,safe,0.7816809611443629,0.7816809611443629,0.21831903885563714,NORMAL,Stress level is low (EMA=0.21),0.002601309446617961,0.08773598074913025,0.46538832783699036,0.44427427649497986,1.0,0.0,0.0,0.0,675.0,1.0,0.0
1774268449.627,1774268449.6273253,safe,0.7844207777223924,0.7844207777223924,0.21557922227760762,NORMAL,Stress level is low (EMA=0.21),0.005897339899092913,0.09585585445165634,0.4365668296813965,0.4616798758506775,1.0,0.0,0.0,0.0,675.0,1.0,0.0
1774268449.678,1774268449.678307,safe,0.8092619962500535,0.8092619962500535,0.19073800374994657,NORMAL,Stress level is low (EMA=0.21),0.00426171300932765,0.2009965479373932,0.3438677191734314,0.4508739113807678,1.0,0.0,0.0,0.0,675.0,1.0,0.0
1774268449.729,1774268449.7288458,safe,0.8351296518865675,0.8351296518865675,0.16487034811343249,NORMAL,Stress level is low (EMA=0.19),0.002981088124215603,0.3100590705871582,0.23548859357833862,0.45147114992141724,1.0,0.0,0.0,0.0,675.0,1.0,0.0
1774268449.780,1774268449.7795897,safe,0.8612784373488676,0.8612784373488676,0.13872156265113247,NORMAL,Stress level is low (EMA=0.18),0.002088267356157303,0.4199051558971405,0.23583409190177917,0.34217238426208496,1.0,0.0,0.0,0.0,676.0,1.0,0.0
1774268449.831,1774268449.8307998,safe,0.8912553011057958,0.8912553011057958,0.10874469889420424,NORMAL,Stress level is low (EMA=0.16),0.0014539023395627737,0.5454431176185608,0.16541987657546997,0.28768301010131836,1.0,0.0,0.0,0.0,676.0,1.0,0.0
1774268449.881,1774268449.8809369,safe,0.9115459954935823,0.9115459954935823,0.08845400450641779,NORMAL,Stress level is low (EMA=0.14),0.001105863368138671,0.6303356885910034,0.11239517480134964,0.2561631500720978,1.0,0.0,0.0,0.0,676.0,1.0,0.0
1774268449.930,1774268449.9304323,safe,0.9413337514069205,0.9413337514069205,0.058666248593079444,NORMAL,Stress level is low (EMA=0.11),0.0007353076944127679,0.7548218965530396,0.07401005923748016,0.17043262720108032,1.0,0.0,0.0,0.0,676.0,1.0,0.0
1774268449.982,1774268449.982116,safe,0.946827859279236,0.946827859279236,0.05317214072076409,NORMAL,Stress level is low (EMA=0.09),0.0006336359074339271,0.7778156399726868,0.056438665837049484,0.16511189937591553,1.0,0.0,0.0,0.0,676.0,1.0,0.0
1774268450.034,1774268450.0340075,safe,0.9565947465544917,0.9565947465544917,0.04340525344550827,NORMAL,Stress level is low (EMA=0.08),0.00046555529115721583,0.8186790943145752,0.04286772757768631,0.13798747956752777,1.0,0.0,0.0,0.0,676.0,1.0,0.0
1774268450.082,1774268450.0822632,safe,0.9356373084855235,0.9356373084855235,0.06436269151447653,NORMAL,Stress level is low (EMA=0.07),0.0004141046665608883,0.731407880783081,0.03622554615139961,0.23195230960845947,1.0,0.0,0.0,0.0,676.0,1.0,0.0
1774268450.133,1774268450.133169,safe,0.9472053447010321,0.9472053447010321,0.052794655298967846,NORMAL,Stress level is low (EMA=0.07),0.00032891656155698,0.7796932458877563,0.02977738529443741,0.1902003288269043,1.0,0.0,0.0,0.0,676.0,1.0,0.0
1774268450.183,1774268450.1825795,safe,0.9267810563374642,0.9267810563374642,0.07321894366253577,NORMAL,Stress level is low (EMA=0.07),0.000435956142609939,0.6944850087165833,0.05575649440288544,0.24932241439819336,1.0,0.0,0.0,0.0,676.0,1.0,0.0
1774268450.234,1774268450.2342548,safe,0.916335996172835,0.916335996172835,0.08366400382716503,NORMAL,Stress level is low (EMA=0.07),0.000519650406204164,0.6508802175521851,0.09665869176387787,0.2519412934780121,1.0,0.0,0.0,0.0,676.0,1.0,0.0
1774268450.284,1774268450.2839816,safe,0.9337378038088144,0.9337378038088144,0.06626219619118558,NORMAL,Stress level is low (EMA=0.07),0.0009408538462594151,0.7229665517807007,0.08674199134111404,0.18935047090053558,1.0,0.0,0.0,0.0,676.0,1.0,0.0
1774268450.335,1774268450.3352952,safe,0.9545613824454559,0.9545613824454559,0.045438617554544106,NORMAL,Stress level is low (EMA=0.06),0.0006697326898574829,0.8100025653839111,0.060627181082963943,0.1287003755569458,1.0,0.0,0.0,0.0,676.0,1.0,0.0
1774268450.387,1774268450.38688,safe,0.9702588515247491,0.9702588515247491,0.029741148475250886,NORMAL,Stress level is low (EMA=0.05),0.0004364914202596992,0.875641942024231,0.03982746973633766,0.08409397304058075,1.0,0.0,0.0,0.0,676.0,1.0,0.0
1774268450.437,1774268450.4367847,safe,0.9655883220617457,0.9655883220617457,0.03441167793825434,NORMAL,Stress level is low (EMA=0.05),0.00031291652703657746,0.8563050031661987,0.06670691072940826,0.07667507231235504,1.0,0.0,0.0,0.0,676.0,1.0,0.0
1774268450.488,1774268450.4881282,safe,0.9565326272449375,0.9565326272449375,0.0434673727550625,NORMAL,Stress level is low (EMA=0.05),0.0002830412413459271,0.8186028003692627,0.09031014889478683,0.09080389142036438,1.0,0.0,0.0,0.0,676.0,1.0,0.0
1774268450.539,1774268450.5387905,safe,0.9548074695307888,0.9548074695307888,0.04519253046921124,NORMAL,Stress level is low (EMA=0.05),0.0001931380102178082,0.811504602432251,0.10270290076732635,0.08559930324554443,1.0,0.0,0.0,0.0,676.0,1.0,0.0
1774268450.590,1774268450.5901768,safe,0.9465578760379427,0.9465578760379427,0.05344212396205731,NORMAL,Stress level is low (EMA=0.05),0.0003234872710891068,0.777000904083252,0.10367223620414734,0.11900326609611511,1.0,0.0,0.0,0.0,676.0,1.0,0.0
1774268450.642,1774268450.6415913,safe,0.9608351535642169,0.9608351535642169,0.039164846435783156,NORMAL,Stress level is low (EMA=0.05),0.0003818241530098021,0.8364312052726746,0.07689948379993439,0.08628736436367035,1.0,0.0,0.0,0.0,676.0,1.0,0.0
1774268450.692,1774268450.691734,safe,0.968253016570683,0.968253016570683,0.03174698342931706,NORMAL,Stress level is low (EMA=0.04),0.0009580202167853713,0.8667627573013306,0.06094029173254967,0.07133879512548447,1.0,0.0,0.0,0.0,676.0,1.0,0.0
1774268450.743,1774268450.7425463,safe,0.9493871247634075,0.9493871247634075,0.05061287523659256,NORMAL,Stress level is low (EMA=0.04),0.0038250423967838287,0.7852878570556641,0.123125359416008,0.08776160329580307,1.0,0.0,0.0,0.0,675.0,1.0,0.0
1774268450.791,1774268450.791476,safe,0.9343469963981756,0.9343469963981756,0.0656530036018244,NORMAL,Stress level is low (EMA=0.05),0.005099812522530556,0.7213459014892578,0.13546574115753174,0.1380884200334549,1.0,0.0,0.0,0.0,675.0,1.0,0.0
1774268450.843,1774268450.8431435,safe,0.9371321210277171,0.9371321210277171,0.0628678789722828,NORMAL,Stress level is low (EMA=0.05),0.003526704153046012,0.7345237135887146,0.09798945486545563,0.1639600247144699,1.0,0.0,0.0,0.0,675.0,1.0,0.0
1774268450.893,1774268450.8934772,safe,0.9486642458701245,0.9486642458701245,0.05133575412987548,NORMAL,Stress level is low (EMA=0.05),0.0035560457035899162,0.7825448513031006,0.0856364369392395,0.12826251983642578,1.0,0.0,0.0,0.0,675.0,1.0,0.0
1774268450.943,1774268450.9433632,safe,0.8911749696898796,0.8911749696898796,0.10882503031012036,NORMAL,Stress level is low (EMA=0.07),0.002865989925339818,0.5436962842941284,0.11215194314718246,0.3412856459617615,1.0,0.0,0.0,0.0,675.0,1.0,0.0
1774268450.995,1774268450.99542,safe,0.8521788193935644,0.8521788193935644,0.14782118060643554,NORMAL,Stress level is low (EMA=0.09),0.008194219321012497,0.37588414549827576,0.3387792706489563,0.2771422863006592,1.0,0.0,0.0,0.0,675.0,1.0,0.0
1774268451.050,1774268451.0503595,safe,0.8419156054179499,0.8419156054179499,0.15808439458205015,NORMAL,Stress level is low (EMA=0.11),0.05423983186483383,0.28707513213157654,0.44846904277801514,0.21021589636802673,1.0,0.0,0.0,0.0,675.0,1.0,0.0
1774268451.076,1774268451.0755281,safe,0.8419156054179499,0.8419156054179499,0.15808439458205015,NORMAL,Stress level is low (EMA=0.13),0.05423983186483383,0.28707513213157654,0.44846904277801514,0.21021589636802673,1.0,0.0,0.0,0.0,675.0,1.0,0.0
1774268451.131,1774268451.131397,safe,0.8419156054179499,0.8419156054179499,0.15808439458205015,NORMAL,Stress level is low (EMA=0.14),0.05423983186483383,0.28707513213157654,0.44846904277801514,0.21021589636802673,1.0,0.0,0.0,0.0,675.0,1.0,0.0
1774268451.172,1774268451.1724164,safe,0.8419156054179499,0.8419156054179499,0.15808439458205015,NORMAL,Stress level is low (EMA=0.14),0.05423983186483383,0.28707513213157654,0.44846904277801514,0.21021589636802673,1.0,0.0,0.0,0.0,675.0,1.0,0.0
1774268451.223,1774268451.223339,safe,0.8419156054179499,0.8419156054179499,0.15808439458205015,NORMAL,Stress level is low (EMA=0.15),0.05423983186483383,0.28707513213157654,0.44846904277801514,0.21021589636802673,1.0,0.0,0.0,0.0,675.0,1.0,0.0
1774268451.275,1774268451.2747736,safe,0.8419156054179499,0.8419156054179499,0.15808439458205015,NORMAL,Stress level is low (EMA=0.15),0.05423983186483383,0.28707513213157654,0.44846904277801514,0.21021589636802673,1.0,0.0,0.0,0.0,675.0,1.0,0.0
1774268451.334,1774268451.33424,safe,0.8419156054179499,0.8419156054179499,0.15808439458205015,NORMAL,Stress level is low (EMA=0.15),0.05423983186483383,0.28707513213157654,0.44846904277801514,0.21021589636802673,1.0,0.0,0.0,0.0,675.0,1.0,0.0
1774268451.375,1774268451.3754401,safe,0.8419156054179499,0.8419156054179499,0.15808439458205015,NORMAL,Stress level is low (EMA=0.15),0.05423983186483383,0.28707513213157654,0.44846904277801514,0.21021589636802673,1.0,0.0,0.0,0.0,675.0,1.0,0.0
1774268451.433,1774268451.4329634,safe,0.8419156054179499,0.8419156054179499,0.15808439458205015,NORMAL,Stress level is low (EMA=0.16),0.05423983186483383,0.28707513213157654,0.44846904277801514,0.21021589636802673,1.0,0.0,0.0,0.0,675.0,1.0,0.0
1774268451.484,1774268451.4837184,safe,0.8419156054179499,0.8419156054179499,0.15808439458205015,NORMAL,Stress level is low (EMA=0.16),0.05423983186483383,0.28707513213157654,0.44846904277801514,0.21021589636802673,1.0,0.0,0.0,0.0,675.0,1.0,0.0
1774268451.533,1774268451.5334554,safe,0.8419156054179499,0.8419156054179499,0.15808439458205015,NORMAL,Stress level is low (EMA=0.16),0.05423983186483383,0.28707513213157654,0.44846904277801514,0.21021589636802673,1.0,0.0,0.0,0.0,675.0,1.0,0.0
1774268451.585,1774268451.5848484,safe,0.8419156054179499,0.8419156054179499,0.15808439458205015,NORMAL,Stress level is low (EMA=0.16),0.05423983186483383,0.28707513213157654,0.44846904277801514,0.21021589636802673,1.0,0.0,0.0,0.0,675.0,1.0,0.0
1774268451.636,1774268451.6362972,safe,0.8419156054179499,0.8419156054179499,0.15808439458205015,NORMAL,Stress level is low (EMA=0.16),0.05423983186483383,0.28707513213157654,0.44846904277801514,0.21021589636802673,1.0,0.0,0.0,0.0,675.0,1.0,0.0
1774268451.686,1774268451.6863496,safe,0.8419156054179499,0.8419156054179499,0.15808439458205015,NORMAL,Stress level is low (EMA=0.16),0.05423983186483383,0.28707513213157654,0.44846904277801514,0.21021589636802673,1.0,0.0,0.0,0.0,675.0,1.0,0.0
1774268451.764,1774268451.7644126,safe,0.8730898950830777,0.8730898950830777,0.12691010491692234,NORMAL,Stress level is low (EMA=0.15),0.03793769329786301,0.433270126581192,0.376144140958786,0.15264792740345,1.0,0.0,0.0,0.0,675.0,1.0,0.0
1774268451.832,1774268451.8323348,safe,0.894742087839905,0.894742087839905,0.10525791216009493,NORMAL,Stress level is low (EMA=0.14),0.025940531864762306,0.5354847311973572,0.31260231137275696,0.12597228586673737,1.0,0.0,0.0,0.0,675.0,1.0,0.0
1774268451.880,1774268451.879811,safe,0.8725720283104417,0.8725720283104417,0.1274279716895583,NORMAL,Stress level is low (EMA=0.13),0.017882782965898514,0.4511672258377075,0.29734617471694946,0.23360365629196167,1.0,0.0,0.0,0.0,675.0,1.0,0.0
1774268451.903,1774268451.902828,safe,0.8725720283104417,0.8725720283104417,0.1274279716895583,NORMAL,Stress level is low (EMA=0.13),0.017882782965898514,0.4511672258377075,0.29734617471694946,0.23360365629196167,1.0,0.0,0.0,0.0,675.0,1.0,0.0
1774268451.937,1774268451.9374068,safe,0.8725720283104417,0.8725720283104417,0.1274279716895583,NORMAL,Stress level is low (EMA=0.13),0.017882782965898514,0.4511672258377075,0.29734617471694946,0.23360365629196167,1.0,0.0,0.0,0.0,675.0,1.0,0.0
1774268451.987,1774268451.9866853,safe,0.8725720283104417,0.8725720283104417,0.1274279716895583,NORMAL,Stress level is low (EMA=0.13),0.017882782965898514,0.4511672258377075,0.29734617471694946,0.23360365629196167,1.0,0.0,0.0,0.0,675.0,1.0,0.0
1774268452.037,1774268452.0365548,safe,0.8725720283104417,0.8725720283104417,0.1274279716895583,NORMAL,Stress level is low (EMA=0.13),0.017882782965898514,0.4511672258377075,0.29734617471694946,0.23360365629196167,1.0,0.0,0.0,0.0,675.0,1.0,0.0
1774268452.087,1774268452.0869253,safe,0.8725720283104417,0.8725720283104417,0.1274279716895583,NORMAL,Stress level is low (EMA=0.13),0.017882782965898514,0.4511672258377075,0.29734617471694946,0.23360365629196167,1.0,0.0,0.0,0.0,675.0,1.0,0.0
1774268452.139,1774268452.1387548,safe,0.8725720283104417,0.8725720283104417,0.1274279716895583,NORMAL,Stress level is low (EMA=0.13),0.017882782965898514,0.4511672258377075,0.29734617471694946,0.23360365629196167,1.0,0.0,0.0,0.0,675.0,1.0,0.0
1774268452.187,1774268452.1866658,safe,0.8725720283104417,0.8725720283104417,0.1274279716895583,NORMAL,Stress level is low (EMA=0.13),0.017882782965898514,0.4511672258377075,0.29734617471694946,0.23360365629196167,1.0,0.0,0.0,0.0,675.0,1.0,0.0
1774268452.238,1774268452.2379344,safe,0.8725720283104417,0.8725720283104417,0.1274279716895583,NORMAL,Stress level is low (EMA=0.13),0.017882782965898514,0.4511672258377075,0.29734617471694946,0.23360365629196167,1.0,0.0,0.0,0.0,675.0,1.0,0.0
1774268452.288,1774268452.2877433,safe,0.8725720283104417,0.8725720283104417,0.1274279716895583,NORMAL,Stress level is low (EMA=0.13),0.017882782965898514,0.4511672258377075,0.29734617471694946,0.23360365629196167,1.0,0.0,0.0,0.0,675.0,1.0,0.0
1774268452.338,1774268452.338443,safe,0.8725720283104417,0.8725720283104417,0.1274279716895583,NORMAL,Stress level is low (EMA=0.13),0.017882782965898514,0.4511672258377075,0.29734617471694946,0.23360365629196167,1.0,0.0,0.0,0.0,675.0,1.0,0.0
1774268452.412,1774268452.412417,safe,0.8937940582309869,0.8937940582309869,0.10620594176901309,NORMAL,Stress level is low (EMA=0.12),0.017869791015982628,0.5396053791046143,0.2612679600715637,0.18125677108764648,1.0,0.0,0.0,0.0,675.0,1.0,0.0
1774268452.476,1774268452.475957,safe,0.8747133372929993,0.8747133372929993,0.12528666270700078,NORMAL,Stress level is low (EMA=0.12),0.03571363538503647,0.4422585368156433,0.35636425018310547,0.165663480758667,1.0,0.0,0.0,0.0,675.0,1.0,0.0
1774268452.523,1774268452.5227606,safe,0.8776236296883263,0.8776236296883263,0.12237637031167364,NORMAL,Stress level is low (EMA=0.12),0.04656946286559105,0.443528950214386,0.35811132192611694,0.15179020166397095,1.0,0.0,0.0,0.0,675.0,1.0,0.0
1774268452.570,1774268452.5697002,safe,0.9033395409736109,0.9033395409736109,0.09666045902638903,NORMAL,Stress level is low (EMA=0.11),0.03526157885789871,0.5619864463806152,0.27092838287353516,0.13182350993156433,1.0,0.0,0.0,0.0,675.0,1.0,0.0
1774268452.614,1774268452.6140485,safe,0.8947559009107078,0.8947559009107078,0.10524409908929225,NORMAL,Stress level is low (EMA=0.11),0.050261884927749634,0.5112209916114807,0.2198294997215271,0.21868756413459778,1.0,0.0,0.0,0.0,675.0,1.0,0.0
1774268452.663,1774268452.6630332,safe,0.8868434009034962,0.8868434009034962,0.11315659909650383,NORMAL,Stress level is low (EMA=0.11),0.11633658409118652,0.41217753291130066,0.23508183658123016,0.23640397191047668,1.0,0.0,0.0,0.0,675.0,1.0,0.0
1774268452.712,1774268452.7118661,safe,0.8742593804415784,0.8742593804415784,0.12574061955842164,NORMAL,Stress level is low (EMA=0.12),0.17091397941112518,0.30516672134399414,0.26463833451271057,0.25928089022636414,1.0,0.0,0.0,0.0,675.0,1.0,0.0
1774268452.762,1774268452.7616327,safe,0.8539756566573228,0.8539756566573228,0.1460243433426772,NORMAL,Stress level is low (EMA=0.13),0.16566722095012665,0.22589796781539917,0.281909704208374,0.3265250325202942,1.0,0.0,0.0,0.0,674.0,1.0,0.0
1774268452.810,1774268452.8104553,safe,0.8390656551813537,0.8390656551813537,0.16093434481864632,NORMAL,Stress level is low (EMA=0.14),0.15248721837997437,0.17695295810699463,0.3118692636489868,0.358690470457077,1.0,0.0,0.0,0.0,674.0,1.0,0.0
1774268452.862,1774268452.8621106,safe,0.8313961406676236,0.8313961406676236,0.1686038593323764,NORMAL,Stress level is low (EMA=0.15),0.1601867377758026,0.1372971385717392,0.3689330220222473,0.3335830271244049,1.0,0.0,0.0,0.0,674.0,1.0,0.0
1774268452.914,1774268452.9135258,safe,0.8236136914046003,0.8236136914046003,0.17638630859539972,NORMAL,Stress level is low (EMA=0.15),0.1373949646949768,0.1276620328426361,0.42728012800216675,0.3076627850532532,1.0,0.0,0.0,0.0,674.0,1.0,0.0
1774268452.963,1774268452.9634802,safe,0.8253933780816217,0.8253933780816217,0.17460662191837828,NORMAL,Stress level is low (EMA=0.16),0.1463852971792221,0.12608706951141357,0.43916434049606323,0.2883632183074951,1.0,0.0,0.0,0.0,674.0,1.0,0.0
1774268453.014,1774268453.0143929,safe,0.8593686803240664,0.8593686803240664,0.14063131967593362,NORMAL,Stress level is low (EMA=0.15),0.11066509783267975,0.30337101221084595,0.3850308954715729,0.20093290507793427,1.0,0.0,0.0,0.0,674.0,1.0,0.0
1774268453.064,1774268453.0642025,safe,0.8926004318732293,0.8926004318732293,0.10739956812677064,NORMAL,Stress level is low (EMA=0.14),0.08585198223590851,0.46664974093437195,0.3012459874153137,0.14625218510627747,1.0,0.0,0.0,0.0,674.0,1.0,0.0
1774268453.116,1774268453.1156414,safe,0.8736876098735327,0.8736876098735327,0.12631239012646733,NORMAL,Stress level is low (EMA=0.14),0.06867168843746185,0.4050266146659851,0.37805137038230896,0.14825022220611572,1.0,0.0,0.0,0.0,674.0,1.0,0.0
1774268453.165,1774268453.1652088,safe,0.8953370536045487,0.8953370536045487,0.10466294639545128,NORMAL,Stress level is low (EMA=0.13),0.05314535275101662,0.5107589960098267,0.30579033493995667,0.13030526041984558,1.0,0.0,0.0,0.0,674.0,1.0,0.0
1774268453.217,1774268453.2170508,safe,0.888651532472095,0.888651532472095,0.11134846752790499,NORMAL,Stress level is low (EMA=0.12),0.04231191799044609,0.4937360882759094,0.3159084618091583,0.1480434685945511,1.0,0.0,0.0,0.0,674.0,1.0,0.0
1774268453.266,1774268453.2664068,safe,0.8885602199676406,0.8885602199676406,0.11143978003235938,NORMAL,Stress level is low (EMA=0.12),0.02768844924867153,0.5079790949821472,0.3037196695804596,0.16061273217201233,1.0,0.0,0.0,0.0,674.0,1.0,0.0
1774268453.294,1774268453.294109,safe,0.8885602199676406,0.8885602199676406,0.11143978003235938,NORMAL,Stress level is low (EMA=0.12),0.02768844924867153,0.5079790949821472,0.3037196695804596,0.16061273217201233,1.0,0.0,0.0,0.0,674.0,1.0,0.0
1774268453.374,1774268453.3743823,safe,0.8470486111013451,0.8470486111013451,0.15295138889865484,NORMAL,Stress level is low (EMA=0.13),0.021076655015349388,0.341625839471817,0.31364354491233826,0.3236538767814636,1.0,0.0,0.0,0.0,674.0,1.0,0.0
1774268453.437,1774268453.4374502,safe,0.8507273719817449,0.8507273719817449,0.1492726280182551,NORMAL,Stress level is low (EMA=0.13),0.0377410426735878,0.3402896225452423,0.37121981382369995,0.2507494390010834,1.0,0.0,0.0,0.0,674.0,1.0,0.0
1774268453.486,1774268453.4854872,safe,0.8741029209741216,0.8741029209741216,0.12589707902587838,NORMAL,Stress level is low (EMA=0.13),0.029804904013872147,0.44562387466430664,0.3093571364879608,0.21521399915218353,1.0,0.0,0.0,0.0,674.0,1.0,0.0
1774268453.532,1774268453.531536,safe,0.9170017376721837,0.9170017376721837,0.08299826232781625,NORMAL,Stress level is low (EMA=0.12),0.019503101706504822,0.6346707344055176,0.2044498175382614,0.14137625694274902,1.0,0.0,0.0,0.0,674.0,1.0,0.0
1774268453.581,1774268453.5805447,safe,0.9425647208645205,0.9425647208645205,0.05743527913547952,NORMAL,Stress level is low (EMA=0.10),0.012905084528028965,0.7477811574935913,0.13664855062961578,0.10266509652137756,1.0,0.0,0.0,0.0,674.0,1.0,0.0
1774268453.630,1774268453.629591,safe,0.9419142150082228,0.9419142150082228,0.058085784991777224,NORMAL,Stress level is low (EMA=0.09),0.009149824269115925,0.7488259673118591,0.1232510656118393,0.11877302080392838,1.0,0.0,0.0,0.0,674.0,1.0,0.0
1774268453.676,1774268453.6758533,safe,0.9484474726733549,0.9484474726733549,0.05155252732664502,NORMAL,Stress level is low (EMA=0.08),0.006131741683930159,0.7790659666061401,0.10067494213581085,0.11412724107503891,1.0,0.0,0.0,0.0,674.0,1.0,0.0
1774268453.722,1774268453.7216434,safe,0.9376024775293218,0.9376024775293218,0.06239752247067816,NORMAL,Stress level is low (EMA=0.07),0.004160395357757807,0.7358498573303223,0.1209212988615036,0.1390683650970459,1.0,0.0,0.0,0.0,674.0,1.0,0.0
1774268453.773,1774268453.7731051,safe,0.9554538733050982,0.9554538733050982,0.04454612669490171,NORMAL,Stress level is low (EMA=0.06),0.0027402278501540422,0.8116508722305298,0.08400395512580872,0.1016049012541771,1.0,0.0,0.0,0.0,675.0,1.0,0.0
1774268453.821,1774268453.821352,safe,0.9637262829761217,0.9637262829761217,0.03627371702387822,NORMAL,Stress level is low (EMA=0.06),0.0018135501304641366,0.8470458984375,0.06642238050699234,0.08471810072660446,1.0,0.0,0.0,0.0,675.0,1.0,0.0
1774268453.873,1774268453.872952,safe,0.9705848925903094,0.9705848925903094,0.029415107409690514,NORMAL,Stress level is low (EMA=0.05),0.0012046587653458118,0.8762322664260864,0.05203802138566971,0.0705249160528183,1.0,0.0,0.0,0.0,675.0,1.0,0.0
1774268453.924,1774268453.923948,safe,0.9707789662390994,0.9707789662390994,0.02922103376090059,NORMAL,Stress level is low (EMA=0.04),0.0008213102701120079,0.8774242401123047,0.05059373378753662,0.07116056233644485,1.0,0.0,0.0,0.0,675.0,1.0,0.0
1774268453.974,1774268453.9740489,safe,0.9506488286324191,0.9506488286324191,0.04935117136758096,NORMAL,Stress level is low (EMA=0.04),0.000620004371739924,0.793749988079071,0.12146327644586563,0.08416658639907837,1.0,0.0,0.0,0.0,675.0,1.0,0.0
1774268454.024,1774268454.0238116,safe,0.9391657983522467,0.9391657983522467,0.06083420164775334,NORMAL,Stress level is low (EMA=0.05),0.00043879309669137,0.7460852265357971,0.15781375765800476,0.09566205739974976,1.0,0.0,0.0,0.0,675.0,1.0,0.0
1774268454.073,1774268454.0733857,safe,0.9281458199079834,0.9281458199079834,0.07185418009201663,NORMAL,Stress level is low (EMA=0.06),0.00032874755561351776,0.7002786993980408,0.19547581672668457,0.10391657054424286,1.0,0.0,0.0,0.0,675.0,1.0,0.0
1774268454.124,1774268454.124256,safe,0.9125501901952011,0.9125501901952011,0.08744980980479883,NORMAL,Stress level is low (EMA=0.07),0.00030763779068365693,0.6353180408477783,0.23362910747528076,0.130745068192482,1.0,0.0,0.0,0.0,675.0,1.0,0.0
1774268454.175,1774268454.1747215,safe,0.9169943383898139,0.9169943383898139,0.08300566161018608,NORMAL,Stress level is low (EMA=0.07),0.00028234932688064873,0.6538606286048889,0.23225165903568268,0.11360523849725723,1.0,0.0,0.0,0.0,675.0,1.0,0.0
1774268454.225,1774268454.2253447,safe,0.8907788488428758,0.8907788488428758,0.10922115115712412,NORMAL,Stress level is low (EMA=0.08),0.0003264669794589281,0.5445853471755981,0.33632031083106995,0.11876779794692993,1.0,0.0,0.0,0.0,675.0,1.0,0.0
1774268454.276,1774268454.275944,safe,0.8605567420683042,0.8605567420683042,0.13944325793169582,NORMAL,Stress level is low (EMA=0.10),0.0006756686489097774,0.4183107018470764,0.47649139165878296,0.10452215373516083,1.0,0.0,0.0,0.0,675.0,1.0,0.0
1774268454.326,1774268454.326448,safe,0.8566828967208477,0.8566828967208477,0.14331710327915226,NORMAL,Stress level is low (EMA=0.11),0.0009853339288383722,0.40185999870300293,0.5005502700805664,0.09660428762435913,1.0,0.0,0.0,0.0,675.0,1.0,0.0
1774268454.378,1774268454.3782487,safe,0.8303314582451106,0.8303314582451106,0.1696685417548894,NORMAL,Stress level is low (EMA=0.13),0.0012997363228350878,0.29174792766571045,0.5959746837615967,0.11097751557826996,1.0,0.0,0.0,0.0,675.0,1.0,0.0
1774268454.427,1774268454.4266248,safe,0.8156614483175264,0.8156614483175264,0.1843385516824736,NORMAL,Stress level is low (EMA=0.15),0.0011844391701743007,0.23073819279670715,0.6417926549911499,0.12628458440303802,1.0,0.0,0.0,0.0,675.0,1.0,0.0
1774268454.479,1774268454.479419,safe,0.7988803838821871,0.7988803838821871,0.20111961611781295,NORMAL,Stress level is low (EMA=0.16),0.0013188071316108108,0.16068275272846222,0.7119995355606079,0.1259988248348236,1.0,0.0,0.0,0.0,675.0,1.0,0.0
1774268454.528,1774268454.5283852,safe,0.790090921444766,0.790090921444766,0.209909078555234,NORMAL,Stress level is low (EMA=0.18),0.0012616916792467237,0.12411711364984512,0.651802122592926,0.2228190004825592,1.0,0.0,0.0,0.0,675.0,1.0,0.0
1774268454.578,1774268454.5775669,safe,0.7929316114876379,0.7929316114876379,0.2070683885123621,NORMAL,Stress level is low (EMA=0.19),0.0016638950910419226,0.13555112481117249,0.622105598449707,0.2406793236732483,1.0,0.0,0.0,0.0,675.0,1.0,0.0
1774268454.604,1774268454.6041746,safe,0.7929316114876379,0.7929316114876379,0.2070683885123621,NORMAL,Stress level is low (EMA=0.19),0.0016638950910419226,0.13555112481117249,0.622105598449707,0.2406793236732483,1.0,0.0,0.0,0.0,675.0,1.0,0.0
1774268454.683,1774268454.6833792,safe,0.8250733556891758,0.8250733556891758,0.17492664431082416,NORMAL,Stress level is low (EMA=0.19),0.004694012925028801,0.26644495129585266,0.5112833976745605,0.21757760643959045,1.0,0.0,0.0,0.0,675.0,1.0,0.0
1774268454.743,1774268454.742983,safe,0.8223118460196405,0.8223118460196405,0.17768815398035953,NORMAL,Stress level is low (EMA=0.18),0.026913996785879135,0.23271867632865906,0.5143622159957886,0.22600507736206055,1.0,0.0,0.0,0.0,676.0,1.0,0.0
1774268454.794,1774268454.793945,safe,0.826597657708617,0.826597657708617,0.17340234229138296,NORMAL,Stress level is low (EMA=0.18),0.04489066079258919,0.23259955644607544,0.4346134066581726,0.2878963351249695,1.0,0.0,0.0,0.0,676.0,1.0,0.0
1774268454.850,1774268454.8501346,safe,0.8110534307823833,0.8110534307823833,0.18894656921761666,NORMAL,Stress level is low (EMA=0.18),0.048187173902988434,0.16453540325164795,0.546829342842102,0.2404479831457138,1.0,0.0,0.0,0.0,676.0,1.0,0.0
1774268454.899,1774268454.898748,safe,0.8027462579784101,0.8027462579784101,0.1972537420215899,NORMAL,Stress level is low (EMA=0.19),0.059951089322566986,0.118158258497715,0.6103217601776123,0.21156877279281616,1.0,0.0,0.0,0.0,676.0,1.0,0.0
1774268454.949,1774268454.9487803,safe,0.7995309628242208,0.7995309628242208,0.20046903717577924,NORMAL,Stress level is low (EMA=0.19),0.04245291277766228,0.12225937843322754,0.4528420865535736,0.3824455142021179,1.0,0.0,0.0,0.0,676.0,1.0,0.0
1774268454.997,1774268454.9968226,safe,0.8085512024320032,0.8085512024320032,0.19144879756799682,NORMAL,Stress level is low (EMA=0.19),0.04062679409980774,0.16166982054710388,0.5304246544837952,0.26727861166000366,1.0,0.0,0.0,0.0,676.0,1.0,0.0
1774268455.046,1774268455.0463595,safe,0.8648192078831968,0.8648192078831968,0.13518079211680328,NORMAL,Stress level is low (EMA=0.17),0.027295183390378952,0.4094513952732086,0.3615894615650177,0.2016637772321701,1.0,0.0,0.0,0.0,676.0,1.0,0.0
1774268455.094,1774268455.094198,safe,0.8608385931387463,0.8608385931387463,0.1391614068612537,NORMAL,Stress level is low (EMA=0.16),0.018048454076051712,0.40211227536201477,0.38521480560302734,0.19462434947490692,1.0,0.0,0.0,0.0,676.0,1.0,0.0
1774268455.144,1774268455.144087,safe,0.8477496376297653,0.8477496376297653,0.1522503623702347,NORMAL,Stress level is low (EMA=0.16),0.012533669359982014,0.35308974981307983,0.4321750998497009,0.20220136642456055,1.0,0.0,0.0,0.0,676.0,1.0,0.0
1774268455.196,1774268455.19644,safe,0.840089173146214,0.840089173146214,0.15991082685378602,NORMAL,Stress level is low (EMA=0.16),0.00875156931579113,0.32495322823524475,0.4552260637283325,0.2110689878463745,1.0,0.0,0.0,0.0,676.0,1.0,0.0
1774268455.248,1774268455.2484686,safe,0.8522750810450938,0.8522750810450938,0.14772491895490625,NORMAL,Stress level is low (EMA=0.16),0.005902189761400223,0.37857723236083984,0.43374520540237427,0.18177524209022522,1.0,0.0,0.0,0.0,676.0,1.0,0.0
1774268455.297,1774268455.2966702,safe,0.8763778092923281,0.8763778092923281,0.12362219070767187,NORMAL,Stress level is low (EMA=0.15),0.003958310931921005,0.48094916343688965,0.32273757457733154,0.19235485792160034,1.0,0.0,0.0,0.0,676.0,1.0,0.0
1774268455.346,1774268455.3463163,safe,0.9167175742169807,0.9167175742169807,0.08328242578301925,NORMAL,Stress level is low (EMA=0.13),0.0026064766570925713,0.6503833532333374,0.21170645952224731,0.13530363142490387,1.0,0.0,0.0,0.0,676.0,1.0,0.0
1774268455.396,1774268455.3956454,safe,0.9360897752458894,0.9360897752458894,0.06391022475411064,NORMAL,Stress level is low (EMA=0.11),0.0021886853501200676,0.7315186262130737,0.14988264441490173,0.11640994250774384,1.0,0.0,0.0,0.0,676.0,1.0,0.0
1774268455.447,1774268455.4474597,safe,0.9493123307942283,0.9493123307942283,0.05068766920577176,NORMAL,Stress level is low (EMA=0.09),0.002622865606099367,0.7861783504486084,0.1173570305109024,0.0938415676355362,1.0,0.0,0.0,0.0,676.0,1.0,0.0
1774268455.496,1774268455.4964385,safe,0.9608675053152819,0.9608675053152819,0.03913249468471813,NORMAL,Stress level is low (EMA=0.08),0.001907456899061799,0.8350403308868408,0.09091322869062424,0.07213881611824036,1.0,0.0,0.0,0.0,676.0,1.0,0.0
1774268455.546,1774268455.5461457,safe,0.9694555257945394,0.9694555257945394,0.03054447420546055,NORMAL,Stress level is low (EMA=0.06),0.0016632915940135717,0.8710678815841675,0.06628184020519257,0.06098678708076477,1.0,0.0,0.0,0.0,676.0,1.0,0.0
1774268455.594,1774268455.5936222,safe,0.966137222855773,0.966137222855773,0.03386277714422703,NORMAL,Stress level is low (EMA=0.05),0.0012117347214370966,0.8576931953430176,0.04813108965754509,0.0929637998342514,1.0,0.0,0.0,0.0,676.0,1.0,0.0
1774268455.640,1774268455.6396694,safe,0.9600540627623304,0.9600540627623304,0.03994593723766954,NORMAL,Stress level is low (EMA=0.05),0.0008179323631338775,0.8327405452728271,0.03614090010523796,0.13030049204826355,1.0,0.0,0.0,0.0,676.0,1.0,0.0
1774268455.688,1774268455.6879683,safe,0.9076110988954892,0.9076110988954892,0.09238890110451084,NORMAL,Stress level is low (EMA=0.06),0.0007473671576008201,0.6142988204956055,0.06147533655166626,0.3234784007072449,1.0,0.0,0.0,0.0,676.0,1.0,0.0
1774268455.738,1774268455.7383249,safe,0.8759795081861037,0.8759795081861037,0.12402049181389635,NORMAL,Stress level is low (EMA=0.08),0.003503423882648349,0.47974449396133423,0.21389690041542053,0.30285513401031494,1.0,0.0,0.0,0.0,676.0,1.0,0.0
1774268455.789,1774268455.7891684,safe,0.8923808588514577,0.8923808588514577,0.10761914114854237,NORMAL,Stress level is low (EMA=0.09),0.002818312728777528,0.5487685203552246,0.24813523888587952,0.20027782022953033,1.0,0.0,0.0,0.0,674.0,1.0,0.0
1774268455.840,1774268455.8397665,safe,0.8918513631294727,0.8918513631294727,0.10814863687052728,NORMAL,Stress level is low (EMA=0.09),0.0021773693151772022,0.5472032427787781,0.31478816270828247,0.13583113253116608,1.0,0.0,0.0,0.0,674.0,1.0,0.0
1774268455.890,1774268455.889541,safe,0.8496548670486522,0.8496548670486522,0.15034513295134777,NORMAL,Stress level is low (EMA=0.11),0.0022237757220864296,0.3713381290435791,0.5373644828796387,0.089073546230793,1.0,0.0,0.0,0.0,674.0,1.0,0.0
1774268455.939,1774268455.9389722,safe,0.8189312314775878,0.8189312314775878,0.1810687685224121,NORMAL,Stress level is low (EMA=0.13),0.0020673475228250027,0.2434794306755066,0.6963014602661133,0.058151725679636,1.0,0.0,0.0,0.0,674.0,1.0,0.0
1774268455.991,1774268455.9905965,safe,0.79876299613008,0.79876299613008,0.2012370038699201,NORMAL,Stress level is low (EMA=0.15),0.0018234574235975742,0.15968899428844452,0.8004769682884216,0.03801051527261734,1.0,0.0,0.0,0.0,674.0,1.0,0.0
1774268456.041,1774268456.0412207,safe,0.7856848559631359,0.7856848559631359,0.21431514403686408,NORMAL,Stress level is low (EMA=0.17),0.0024483047891408205,0.10457190126180649,0.8681726455688477,0.024807089939713478,1.0,0.0,0.0,0.0,674.0,1.0,0.0
1774268456.092,1774268456.0915258,safe,0.7769922332063661,0.7769922332063661,0.22300776679363393,NORMAL,Stress level is low (EMA=0.19),0.002157879061996937,0.06864307820796967,0.9130022525787354,0.016196757555007935,1.0,0.0,0.0,0.0,674.0,1.0,0.0
1774268456.142,1774268456.1420963,safe,0.7712332254610004,0.7712332254610004,0.22876677453899968,NORMAL,Stress level is low (EMA=0.20),0.0017196396365761757,0.04508545249700546,0.9425052404403687,0.010689634829759598,1.0,0.0,0.0,0.0,674.0,1.0,0.0
1774268456.193,1774268456.193121,safe,0.767395801031059,0.767395801031059,0.23260419896894097,NORMAL,Stress level is low (EMA=0.21),0.001388430129736662,0.029427390545606613,0.9621059894561768,0.007078149355947971,1.0,0.0,0.0,0.0,674.0,1.0,0.0
1774268456.244,1774268456.243499,safe,0.7648792908677696,0.7648792908677696,0.23512070913223032,NORMAL,Stress level is low (EMA=0.22),0.0011269707465544343,0.01920340023934841,0.9748472571372986,0.0048223533667624,1.0,0.0,0.0,0.0,674.0,1.0,0.0
1774268456.294,1774268456.2935166,safe,0.7631840064961761,0.7631840064961761,0.23681599350382393,NORMAL,Stress level is low (EMA=0.22),0.0007767834467813373,0.012489876709878445,0.9835644960403442,0.003168761497363448,1.0,0.0,0.0,0.0,674.0,1.0,0.0
1774268456.344,1774268456.3435998,safe,0.7620898551473968,0.7620898551473968,0.23791014485260323,NORMAL,Stress level is low (EMA=0.23),0.0005562836886383593,0.00815141573548317,0.9891467094421387,0.0021455162204802036,1.0,0.0,0.0,0.0,674.0,1.0,0.0
1774268456.394,1774268456.3938868,safe,0.7613671518550147,0.7613671518550147,0.23863284814498537,NORMAL,Stress level is low (EMA=0.23),0.0003937135625164956,0.005302732810378075,0.9928756952285767,0.0014278095914050937,1.0,0.0,0.0,0.0,674.0,1.0,0.0
1774268456.444,1774268456.4438255,safe,0.7609118941420581,0.7609118941420581,0.23908810585794193,NORMAL,Stress level is low (EMA=0.23),0.0003474590484984219,0.0034520640037953854,0.9952389001846313,0.0009614875889383256,1.0,0.0,0.0,0.0,674.0,1.0,0.0
1774268456.494,1774268456.493909,safe,0.7606083224749707,0.7606083224749707,0.23939167752502932,NORMAL,Stress level is low (EMA=0.24),0.00028528569964691997,0.0022493309807032347,0.9968175888061523,0.0006476443377323449,1.0,0.0,0.0,0.0,674.0,1.0,0.0
1774268456.544,1774268456.5444298,safe,0.7604353479687631,0.7604353479687631,0.2395646520312369,NORMAL,Stress level is low (EMA=0.24),0.0003171518910676241,0.0014967321185395122,0.9977356195449829,0.0004503322415985167,1.0,0.0,0.0,0.0,674.0,1.0,0.0
1774268456.593,1774268456.5934298,safe,0.7603386980692978,0.7603386980692978,0.23966130193070226,NORMAL,Stress level is low (EMA=0.24),0.00039290604763664305,0.0010183061240240932,0.9982451796531677,0.00034353387309238315,1.0,0.0,0.0,0.0,674.0,1.0,0.0
1774268456.645,1774268456.6446047,safe,0.7604280290937175,0.7604280290937175,0.23957197090628246,NORMAL,Stress level is low (EMA=0.24),0.0010908887488767505,0.0006925268098711967,0.9979682564735413,0.00024823073181323707,1.0,0.0,0.0,0.0,674.0,1.0,0.0
1774268456.695,1774268456.6949227,safe,0.7604680826319249,0.7604680826319249,0.23953191736807516,NORMAL,Stress level is low (EMA=0.24),0.001472790027037263,0.0004775017441716045,0.9978741407394409,0.00017543655121698976,1.0,0.0,0.0,0.0,674.0,1.0,0.0
1774268456.748,1774268456.7475762,safe,0.7613439578025242,0.7613439578025242,0.23865604219747585,NORMAL,Stress level is low (EMA=0.24),0.005210964474827051,0.0003888288338202983,0.9942485094070435,0.0001516207557870075,1.0,0.0,0.0,0.0,675.0,1.0,0.0
1774268456.799,1774268456.798682,safe,0.7614837379276722,0.7614837379276722,0.23851626207232784,NORMAL,Stress level is low (EMA=0.24),0.005862358957529068,0.0003198810154572129,0.9936503171920776,0.00016743938613217324,1.0,0.0,0.0,0.0,675.0,1.0,0.0
1774268456.852,1774268456.8519156,safe,0.762055881797391,0.762055881797391,0.23794411820260902,NORMAL,Stress level is low (EMA=0.24),0.008336077444255352,0.00023008338757790625,0.991252064704895,0.0001817415759433061,1.0,0.0,0.0,0.0,675.0,1.0,0.0
1774268456.906,1774268456.9059358,safe,0.7613490212653844,0.7613490212653844,0.23865097873461566,NORMAL,Stress level is low (EMA=0.24),0.005463923793286085,0.00015698034258093685,0.9941953420639038,0.0001837096642702818,1.0,0.0,0.0,0.0,675.0,1.0,0.0
1774268456.957,1774268456.9570768,safe,0.7608805408762294,0.7608805408762294,0.2391194591237706,NORMAL,Stress level is low (EMA=0.24),0.003564039943739772,0.0001048479025484994,0.996181070804596,0.0001499606150900945,1.0,0.0,0.0,0.0,675.0,1.0,0.0
1774268457.005,1774268457.0047562,safe,0.7606119321751167,0.7606119321751167,0.23938806782488337,NORMAL,Stress level is low (EMA=0.24),0.0024776547215878963,7.201875268947333e-05,0.9972952604293823,0.00015495670959353447,1.0,0.0,0.0,0.0,675.0,1.0,0.0
1774268457.052,1774268457.0518305,safe,0.7605246177491308,0.7605246177491308,0.23947538225086912,NORMAL,Stress level is low (EMA=0.24),0.0021332628093659878,5.2587805839721113e-05,0.9976182579994202,0.0001957501663127914,1.0,0.0,0.0,0.0,675.0,1.0,0.0
1774268457.100,1774268457.0995336,safe,0.7603786895756618,0.7603786895756618,0.2396213104243382,NORMAL,Stress level is low (EMA=0.24),0.0015310363378375769,4.681037171394564e-05,0.9982568025588989,0.00016528458218090236,1.0,0.0,0.0,0.0,675.0,1.0,0.0
1774268457.151,1774268457.1509151,safe,0.76034848897491,0.76034848897491,0.23965151102508997,NORMAL,Stress level is low (EMA=0.24),0.0014083910500630736,4.360940511105582e-05,0.9983972311019897,0.00015067629283294082,1.0,0.0,0.0,0.0,675.0,1.0,0.0
1774268457.203,1774268457.2027042,safe,0.7602805160073709,0.7602805160073709,0.2397194839926291,NORMAL,Stress level is low (EMA=0.24),0.0011275744764134288,4.1201943531632423e-05,0.9987120628356934,0.00011906022700713947,1.0,0.0,0.0,0.0,675.0,1.0,0.0
1774268457.252,1774268457.2524402,safe,0.7602407121452237,0.7602407121452237,0.23975928785477627,NORMAL,Stress level is low (EMA=0.24),0.0009352124761790037,6.772380584152415e-05,0.9988824129104614,0.00011457344953669235,1.0,0.0,0.0,0.0,675.0,1.0,0.0
1774268457.279,1774268457.2792096,safe,0.7602407121452237,0.7602407121452237,0.23975928785477627,NORMAL,Stress level is low (EMA=0.24),0.0009352124761790037,6.772380584152415e-05,0.9988824129104614,0.00011457344953669235,1.0,0.0,0.0,0.0,675.0,1.0,0.0
1774268457.359,1774268457.359224,safe,0.7785468830616901,0.7785468830616901,0.22145311693830994,NORMAL,Stress level is low (EMA=0.23),0.006233174819499254,0.07104547321796417,0.8611897230148315,0.06153155863285065,1.0,0.0,0.0,0.0,675.0,1.0,0.0
1774268457.432,1774268457.4314914,safe,0.7768834980322374,0.7768834980322374,0.22311650196776256,NORMAL,Stress level is low (EMA=0.23),0.007861831225454807,0.06248605623841286,0.8880748748779297,0.04157719016075134,1.0,0.0,0.0,0.0,675.0,1.0,0.0
1774268457.480,1774268457.4795556,safe,0.7904087928763393,0.7904087928763393,0.20959120712366072,NORMAL,Stress level is low (EMA=0.22),0.027123522013425827,0.09957975149154663,0.8131216168403625,0.06017504632472992,1.0,0.0,0.0,0.0,675.0,1.0,0.0
1774268457.528,1774268457.527905,safe,0.8139644838769051,0.8139644838769051,0.1860355161230949,NORMAL,Stress level is low (EMA=0.21),0.0676167830824852,0.15723520517349243,0.6167736053466797,0.1583743542432785,1.0,0.0,0.0,0.0,675.0,1.0,0.0
1774268457.574,1774268457.5744708,safe,0.8654859625818148,0.8654859625818148,0.1345140374181852,NORMAL,Stress level is low (EMA=0.19),0.05557712912559509,0.3839476704597473,0.45164838433265686,0.10882674902677536,1.0,0.0,0.0,0.0,675.0,1.0,0.0
1774268457.596,1774268457.5958855,safe,0.8654859625818148,0.8654859625818148,0.1345140374181852,NORMAL,Stress level is low (EMA=0.17),0.05557712912559509,0.3839476704597473,0.45164838433265686,0.10882674902677536,1.0,0.0,0.0,0.0,675.0,1.0,0.0
1774268457.638,1774268457.6384747,safe,0.8654859625818148,0.8654859625818148,0.1345140374181852,NORMAL,Stress level is low (EMA=0.16),0.05557712912559509,0.3839476704597473,0.45164838433265686,0.10882674902677536,1.0,0.0,0.0,0.0,675.0,1.0,0.0
1774268457.682,1774268457.682234,safe,0.8654859625818148,0.8654859625818148,0.1345140374181852,NORMAL,Stress level is low (EMA=0.15),0.05557712912559509,0.3839476704597473,0.45164838433265686,0.10882674902677536,1.0,0.0,0.0,0.0,675.0,1.0,0.0
1774268457.732,1774268457.7323828,safe,0.8654859625818148,0.8654859625818148,0.1345140374181852,NORMAL,Stress level is low (EMA=0.15),0.05557712912559509,0.3839476704597473,0.45164838433265686,0.10882674902677536,1.0,0.0,0.0,0.0,675.0,1.0,0.0
1774268457.784,1774268457.7841942,safe,0.8654859625818148,0.8654859625818148,0.1345140374181852,NORMAL,Stress level is low (EMA=0.14),0.05557712912559509,0.3839476704597473,0.45164838433265686,0.10882674902677536,1.0,0.0,0.0,0.0,674.0,1.0,0.0
1774268457.834,1774268457.8342357,safe,0.8654859625818148,0.8654859625818148,0.1345140374181852,NORMAL,Stress level is low (EMA=0.14),0.05557712912559509,0.3839476704597473,0.45164838433265686,0.10882674902677536,1.0,0.0,0.0,0.0,674.0,1.0,0.0
1774268457.890,1774268457.889973,safe,0.8654859625818148,0.8654859625818148,0.1345140374181852,NORMAL,Stress level is low (EMA=0.14),0.05557712912559509,0.3839476704597473,0.45164838433265686,0.10882674902677536,1.0,0.0,0.0,0.0,674.0,1.0,0.0
1774268457.934,1774268457.9340317,safe,0.8654859625818148,0.8654859625818148,0.1345140374181852,NORMAL,Stress level is low (EMA=0.14),0.05557712912559509,0.3839476704597473,0.45164838433265686,0.10882674902677536,1.0,0.0,0.0,0.0,674.0,1.0,0.0
1774268457.992,1774268457.9923725,safe,0.8654859625818148,0.8654859625818148,0.1345140374181852,NORMAL,Stress level is low (EMA=0.14),0.05557712912559509,0.3839476704597473,0.45164838433265686,0.10882674902677536,1.0,0.0,0.0,0.0,674.0,1.0,0.0
1774268458.036,1774268458.035852,safe,0.8654859625818148,0.8654859625818148,0.1345140374181852,NORMAL,Stress level is low (EMA=0.14),0.05557712912559509,0.3839476704597473,0.45164838433265686,0.10882674902677536,1.0,0.0,0.0,0.0,674.0,1.0,0.0
1774268458.085,1774268458.085416,safe,0.8654859625818148,0.8654859625818148,0.1345140374181852,NORMAL,Stress level is low (EMA=0.14),0.05557712912559509,0.3839476704597473,0.45164838433265686,0.10882674902677536,1.0,0.0,0.0,0.0,674.0,1.0,0.0
1774268458.137,1774268458.1366541,safe,0.8654859625818148,0.8654859625818148,0.1345140374181852,NORMAL,Stress level is low (EMA=0.14),0.05557712912559509,0.3839476704597473,0.45164838433265686,0.10882674902677536,1.0,0.0,0.0,0.0,674.0,1.0,0.0
1774268458.187,1774268458.1870759,safe,0.8654859625818148,0.8654859625818148,0.1345140374181852,NORMAL,Stress level is low (EMA=0.14),0.05557712912559509,0.3839476704597473,0.45164838433265686,0.10882674902677536,1.0,0.0,0.0,0.0,674.0,1.0,0.0
1774268458.237,1774268458.2371573,safe,0.8654859625818148,0.8654859625818148,0.1345140374181852,NORMAL,Stress level is low (EMA=0.13),0.05557712912559509,0.3839476704597473,0.45164838433265686,0.10882674902677536,1.0,0.0,0.0,0.0,674.0,1.0,0.0
1774268458.289,1774268458.2887177,safe,0.8654859625818148,0.8654859625818148,0.1345140374181852,NORMAL,Stress level is low (EMA=0.13),0.05557712912559509,0.3839476704597473,0.45164838433265686,0.10882674902677536,1.0,0.0,0.0,0.0,674.0,1.0,0.0
1774268458.338,1774268458.338307,safe,0.8654859625818148,0.8654859625818148,0.1345140374181852,NORMAL,Stress level is low (EMA=0.13),0.05557712912559509,0.3839476704597473,0.45164838433265686,0.10882674902677536,1.0,0.0,0.0,0.0,674.0,1.0,0.0
1774268458.389,1774268458.3893585,safe,0.8654859625818148,0.8654859625818148,0.1345140374181852,NORMAL,Stress level is low (EMA=0.13),0.05557712912559509,0.3839476704597473,0.45164838433265686,0.10882674902677536,1.0,0.0,0.0,0.0,674.0,1.0,0.0
1774268458.441,1774268458.4406838,safe,0.8654859625818148,0.8654859625818148,0.1345140374181852,NORMAL,Stress level is low (EMA=0.13),0.05557712912559509,0.3839476704597473,0.45164838433265686,0.10882674902677536,1.0,0.0,0.0,0.0,674.0,1.0,0.0
1774268458.491,1774268458.4907582,safe,0.8654859625818148,0.8654859625818148,0.1345140374181852,NORMAL,Stress level is low (EMA=0.13),0.05557712912559509,0.3839476704597473,0.45164838433265686,0.10882674902677536,1.0,0.0,0.0,0.0,674.0,1.0,0.0
1774268458.541,1774268458.5408983,safe,0.8654859625818148,0.8654859625818148,0.1345140374181852,NORMAL,Stress level is low (EMA=0.13),0.05557712912559509,0.3839476704597473,0.45164838433265686,0.10882674902677536,1.0,0.0,0.0,0.0,674.0,1.0,0.0
1774268458.599,1774268458.598726,safe,0.8654859625818148,0.8654859625818148,0.1345140374181852,NORMAL,Stress level is low (EMA=0.13),0.05557712912559509,0.3839476704597473,0.45164838433265686,0.10882674902677536,1.0,0.0,0.0,0.0,674.0,1.0,0.0
1774268458.642,1774268458.6421447,safe,0.8654859625818148,0.8654859625818148,0.1345140374181852,NORMAL,Stress level is low (EMA=0.13),0.05557712912559509,0.3839476704597473,0.45164838433265686,0.10882674902677536,1.0,0.0,0.0,0.0,674.0,1.0,0.0
1774268458.699,1774268458.698781,safe,0.8654859625818148,0.8654859625818148,0.1345140374181852,NORMAL,Stress level is low (EMA=0.13),0.05557712912559509,0.3839476704597473,0.45164838433265686,0.10882674902677536,1.0,0.0,0.0,0.0,674.0,1.0,0.0
1774268458.751,1774268458.751338,safe,0.8654859625818148,0.8654859625818148,0.1345140374181852,NORMAL,Stress level is low (EMA=0.13),0.05557712912559509,0.3839476704597473,0.45164838433265686,0.10882674902677536,1.0,0.0,0.0,0.0,674.0,1.0,0.0
1774268458.800,1774268458.7997122,safe,0.8654859625818148,0.8654859625818148,0.1345140374181852,NORMAL,Stress level is low (EMA=0.13),0.05557712912559509,0.3839476704597473,0.45164838433265686,0.10882674902677536,1.0,0.0,0.0,0.0,674.0,1.0,0.0
1774268458.850,1774268458.850099,safe,0.8654859625818148,0.8654859625818148,0.1345140374181852,NORMAL,Stress level is low (EMA=0.13),0.05557712912559509,0.3839476704597473,0.45164838433265686,0.10882674902677536,1.0,0.0,0.0,0.0,674.0,1.0,0.0
1774268458.895,1774268458.8946247,safe,0.8654859625818148,0.8654859625818148,0.1345140374181852,NORMAL,Stress level is low (EMA=0.13),0.05557712912559509,0.3839476704597473,0.45164838433265686,0.10882674902677536,1.0,0.0,0.0,0.0,674.0,1.0,0.0
1774268458.975,1774268458.9745388,safe,0.8770996232757541,0.8770996232757541,0.12290037672424593,NORMAL,Stress level is low (EMA=0.13),0.06236797943711281,0.4255470633506775,0.42139849066734314,0.0906863883137703,1.0,0.0,0.0,0.0,674.0,1.0,0.0
1774268459.019,1774268459.0190115,safe,0.8770996232757541,0.8770996232757541,0.12290037672424593,NORMAL,Stress level is low (EMA=0.13),0.06236797943711281,0.4255470633506775,0.42139849066734314,0.0906863883137703,1.0,0.0,0.0,0.0,674.0,1.0,0.0
1774268459.047,1774268459.0468993,safe,0.8770996232757541,0.8770996232757541,0.12290037672424593,NORMAL,Stress level is low (EMA=0.13),0.06236797943711281,0.4255470633506775,0.42139849066734314,0.0906863883137703,1.0,0.0,0.0,0.0,674.0,1.0,0.0
1774268459.096,1774268459.096001,safe,0.8770996232757541,0.8770996232757541,0.12290037672424593,NORMAL,Stress level is low (EMA=0.13),0.06236797943711281,0.4255470633506775,0.42139849066734314,0.0906863883137703,1.0,0.0,0.0,0.0,674.0,1.0,0.0
1774268459.146,1774268459.146464,safe,0.8770996232757541,0.8770996232757541,0.12290037672424593,NORMAL,Stress level is low (EMA=0.12),0.06236797943711281,0.4255470633506775,0.42139849066734314,0.0906863883137703,1.0,0.0,0.0,0.0,674.0,1.0,0.0
1774268459.228,1774268459.2282343,safe,0.9048266023417691,0.9048266023417691,0.09517339765823088,NORMAL,Stress level is low (EMA=0.12),0.06142941862344742,0.5420147180557251,0.32524725794792175,0.07130855321884155,1.0,0.0,0.0,0.0,674.0,1.0,0.0
1774268459.267,1774268459.2666101,safe,0.9048266023417691,0.9048266023417691,0.09517339765823088,NORMAL,Stress level is low (EMA=0.11),0.06142941862344742,0.5420147180557251,0.32524725794792175,0.07130855321884155,1.0,0.0,0.0,0.0,674.0,1.0,0.0
1774268459.305,1774268459.3053792,safe,0.9048266023417691,0.9048266023417691,0.09517339765823088,NORMAL,Stress level is low (EMA=0.11),0.06142941862344742,0.5420147180557251,0.32524725794792175,0.07130855321884155,1.0,0.0,0.0,0.0,674.0,1.0,0.0
1774268459.379,1774268459.3791618,safe,0.9208406057212678,0.9208406057212678,0.07915939427873224,NORMAL,Stress level is low (EMA=0.10),0.059401873499155045,0.6107672452926636,0.2811892032623291,0.04864158853888512,1.0,0.0,0.0,0.0,674.0,1.0,0.0
1774268459.419,1774268459.4190836,safe,0.9208406057212678,0.9208406057212678,0.07915939427873224,NORMAL,Stress level is low (EMA=0.09),0.059401873499155045,0.6107672452926636,0.2811892032623291,0.04864158853888512,1.0,0.0,0.0,0.0,674.0,1.0,0.0
1774268459.450,1774268459.4499395,safe,0.9208406057212678,0.9208406057212678,0.07915939427873224,NORMAL,Stress level is low (EMA=0.09),0.059401873499155045,0.6107672452926636,0.2811892032623291,0.04864158853888512,1.0,0.0,0.0,0.0,674.0,1.0,0.0
1774268459.530,1774268459.5300963,safe,0.8969138689325434,0.8969138689325434,0.10308613106745652,NORMAL,Stress level is low (EMA=0.09),0.04417160898447037,0.5263028144836426,0.39729976654052734,0.03222576901316643,1.0,0.0,0.0,0.0,674.0,1.0,0.0
1774268459.570,1774268459.5696228,safe,0.8969138689325434,0.8969138689325434,0.10308613106745652,NORMAL,Stress level is low (EMA=0.10),0.04417160898447037,0.5263028144836426,0.39729976654052734,0.03222576901316643,1.0,0.0,0.0,0.0,674.0,1.0,0.0
1774268459.609,1774268459.6085145,safe,0.8969138689325434,0.8969138689325434,0.10308613106745652,NORMAL,Stress level is low (EMA=0.10),0.04417160898447037,0.5263028144836426,0.39729976654052734,0.03222576901316643,1.0,0.0,0.0,0.0,674.0,1.0,0.0
1774268459.682,1774268459.6816926,safe,0.9282994517950127,0.9282994517950127,0.07170054820498734,NORMAL,Stress level is low (EMA=0.09),0.31376907229423523,0.3874785900115967,0.27603864669799805,0.02271362580358982,1.0,0.0,0.0,0.0,674.0,1.0,0.0
1774268459.717,1774268459.7168527,safe,0.9282994517950127,0.9282994517950127,0.07170054820498734,NORMAL,Stress level is low (EMA=0.08),0.31376907229423523,0.3874785900115967,0.27603864669799805,0.02271362580358982,1.0,0.0,0.0,0.0,674.0,1.0,0.0
1774268459.755,1774268459.7550387,safe,0.9282994517950127,0.9282994517950127,0.07170054820498734,NORMAL,Stress level is low (EMA=0.08),0.31376907229423523,0.3874785900115967,0.27603864669799805,0.02271362580358982,1.0,0.0,0.0,0.0,676.0,1.0,0.0
1774268459.810,1774268459.809737,safe,0.9282994517950127,0.9282994517950127,0.07170054820498734,NORMAL,Stress level is low (EMA=0.08),0.31376907229423523,0.3874785900115967,0.27603864669799805,0.02271362580358982,1.0,0.0,0.0,0.0,676.0,1.0,0.0
1774268459.861,1774268459.8608758,safe,0.9282994517950127,0.9282994517950127,0.07170054820498734,NORMAL,Stress level is low (EMA=0.08),0.31376907229423523,0.3874785900115967,0.27603864669799805,0.02271362580358982,1.0,0.0,0.0,0.0,676.0,1.0,0.0
1774268459.939,1774268459.9388623,safe,0.9524430061521236,0.9524430061521236,0.047556993847876435,NORMAL,Stress level is low (EMA=0.07),0.5414122939109802,0.26043352484703064,0.18280856311321259,0.015345572493970394,1.0,0.0,0.0,0.0,676.0,1.0,0.0
1774268459.973,1774268459.9727983,safe,0.9524430061521236,0.9524430061521236,0.047556993847876435,NORMAL,Stress level is low (EMA=0.06),0.5414122939109802,0.26043352484703064,0.18280856311321259,0.015345572493970394,1.0,0.0,0.0,0.0,676.0,1.0,0.0
1774268460.014,1774268460.0134811,safe,0.9524430061521236,0.9524430061521236,0.047556993847876435,NORMAL,Stress level is low (EMA=0.06),0.5414122939109802,0.26043352484703064,0.18280856311321259,0.015345572493970394,1.0,0.0,0.0,0.0,676.0,1.0,0.0
1774268460.087,1774268460.086497,safe,0.9654693964467368,0.9654693964467368,0.03453060355326322,NORMAL,Stress level is low (EMA=0.05),0.5383174419403076,0.3178049921989441,0.13226354122161865,0.011613968759775162,1.0,0.0,0.0,0.0,676.0,1.0,0.0
1774268460.149,1774268460.1490414,safe,0.9291926089174474,0.9291926089174474,0.07080739108255261,NORMAL,Stress level is low (EMA=0.06),0.37140342593193054,0.33356571197509766,0.27984708547592163,0.015183696523308754,1.0,0.0,0.0,0.0,676.0,1.0,0.0
1774268460.173,1774268460.1726172,safe,0.9291926089174474,0.9291926089174474,0.07080739108255261,NORMAL,Stress level is low (EMA=0.06),0.37140342593193054,0.33356571197509766,0.27984708547592163,0.015183696523308754,1.0,0.0,0.0,0.0,676.0,1.0,0.0
1774268460.208,1774268460.2080615,safe,0.9291926089174474,0.9291926089174474,0.07080739108255261,NORMAL,Stress level is low (EMA=0.06),0.37140342593193054,0.33356571197509766,0.27984708547592163,0.015183696523308754,1.0,0.0,0.0,0.0,676.0,1.0,0.0
1774268460.291,1774268460.2912066,safe,0.8943205072173129,0.8943205072173129,0.10567949278268705,NORMAL,Stress level is low (EMA=0.08),0.24248021841049194,0.3171885013580322,0.41526174545288086,0.025069452822208405,1.0,0.0,0.0,0.0,676.0,1.0,0.0
1774268460.358,1774268460.3580363,safe,0.8490447502198939,0.8490447502198939,0.1509552497801062,NORMAL,Stress level is low (EMA=0.10),0.16246294975280762,0.20855680108070374,0.5619903802871704,0.06698980182409286,1.0,0.0,0.0,0.0,676.0,1.0,0.0
1774268460.378,1774268460.3781319,safe,0.8490447502198939,0.8490447502198939,0.1509552497801062,NORMAL,Stress level is low (EMA=0.11),0.16246294975280762,0.20855680108070374,0.5619903802871704,0.06698980182409286,1.0,0.0,0.0,0.0,676.0,1.0,0.0
1774268460.448,1774268460.4484613,safe,0.8687661320768838,0.8687661320768838,0.13123386792311614,NORMAL,Stress level is low (EMA=0.12),0.29216763377189636,0.1610245406627655,0.4987850785255432,0.04802268370985985,1.0,0.0,0.0,0.0,676.0,1.0,0.0
1774268460.515,1774268460.5150542,safe,0.9005521793984398,0.9005521793984398,0.09944782060156017,NORMAL,Stress level is low (EMA=0.11),0.38901597261428833,0.19661803543567657,0.3670910894870758,0.04727480560541153,1.0,0.0,0.0,0.0,676.0,1.0,0.0
1774268460.563,1774268460.5630546,safe,0.9159116491457248,0.9159116491457248,0.08408835085427527,NORMAL,Stress level is low (EMA=0.10),0.4722127914428711,0.17741897702217102,0.30660390853881836,0.04376419261097908,1.0,0.0,0.0,0.0,676.0,1.0,0.0
1774268460.612,1774268460.6116312,safe,0.9354802262588577,0.9354802262588577,0.06451977374114222,NORMAL,Stress level is low (EMA=0.09),0.44990235567092896,0.28126516938209534,0.23220375180244446,0.03662862256169319,1.0,0.0,0.0,0.0,676.0,1.0,0.0
1774268460.636,1774268460.6355114,safe,0.9354802262588577,0.9354802262588577,0.06451977374114222,NORMAL,Stress level is low (EMA=0.08),0.44990235567092896,0.28126516938209534,0.23220375180244446,0.03662862256169319,1.0,0.0,0.0,0.0,676.0,1.0,0.0
1774268460.664,1774268460.6644323,safe,0.9354802262588577,0.9354802262588577,0.06451977374114222,NORMAL,Stress level is low (EMA=0.08),0.44990235567092896,0.28126516938209534,0.23220375180244446,0.03662862256169319,1.0,0.0,0.0,0.0,676.0,1.0,0.0
1774268460.716,1774268460.7156796,safe,0.9354802262588577,0.9354802262588577,0.06451977374114222,NORMAL,Stress level is low (EMA=0.07),0.44990235567092896,0.28126516938209534,0.23220375180244446,0.03662862256169319,1.0,0.0,0.0,0.0,676.0,1.0,0.0
1774268460.765,1774268460.7652771,safe,0.9354802262588577,0.9354802262588577,0.06451977374114222,NORMAL,Stress level is low (EMA=0.07),0.44990235567092896,0.28126516938209534,0.23220375180244446,0.03662862256169319,1.0,0.0,0.0,0.0,675.0,1.0,0.0
1774268460.815,1774268460.8146918,safe,0.9354802262588577,0.9354802262588577,0.06451977374114222,NORMAL,Stress level is low (EMA=0.07),0.44990235567092896,0.28126516938209534,0.23220375180244446,0.03662862256169319,1.0,0.0,0.0,0.0,675.0,1.0,0.0
1774268460.872,1774268460.8716779,safe,0.9354802262588577,0.9354802262588577,0.06451977374114222,NORMAL,Stress level is low (EMA=0.07),0.44990235567092896,0.28126516938209534,0.23220375180244446,0.03662862256169319,1.0,0.0,0.0,0.0,675.0,1.0,0.0
1774268460.945,1774268460.94537,safe,0.9573605856314629,0.9573605856314629,0.04263941436853713,NORMAL,Stress level is low (EMA=0.06),0.2931716740131378,0.5291640162467957,0.15271520614624023,0.024949010461568832,1.0,0.0,0.0,0.0,675.0,1.0,0.0
1774268461.015,1774268461.014891,safe,0.9721154680654747,0.9721154680654747,0.02788453193452528,NORMAL,Stress level is low (EMA=0.05),0.19175733625888824,0.6920570135116577,0.09990721195936203,0.016278330236673355,1.0,0.0,0.0,0.0,675.0,1.0,0.0
1774268461.061,1774268461.061369,safe,0.9295865886330684,0.9295865886330684,0.07041341136693152,NORMAL,Stress level is low (EMA=0.06),0.16989277303218842,0.5367178916931152,0.27606311440467834,0.017326073721051216,1.0,0.0,0.0,0.0,675.0,1.0,0.0
1774268461.106,1774268461.1058164,safe,0.9131579214177657,0.9131579214177657,0.08684207858223425,NORMAL,Stress level is low (EMA=0.07),0.19210009276866913,0.4460577964782715,0.3387924134731293,0.023049548268318176,1.0,0.0,0.0,0.0,675.0,1.0,0.0
1774268461.127,1774268461.1270914,safe,0.9131579214177657,0.9131579214177657,0.08684207858223425,NORMAL,Stress level is low (EMA=0.07),0.19210009276866913,0.4460577964782715,0.3387924134731293,0.023049548268318176,1.0,0.0,0.0,0.0,675.0,1.0,0.0
1774268461.170,1774268461.1701589,safe,0.9131579214177657,0.9131579214177657,0.08684207858223425,NORMAL,Stress level is low (EMA=0.08),0.19210009276866913,0.4460577964782715,0.3387924134731293,0.023049548268318176,1.0,0.0,0.0,0.0,675.0,1.0,0.0
1774268461.219,1774268461.2194836,safe,0.9131579214177657,0.9131579214177657,0.08684207858223425,NORMAL,Stress level is low (EMA=0.08),0.19210009276866913,0.4460577964782715,0.3387924134731293,0.023049548268318176,1.0,0.0,0.0,0.0,675.0,1.0,0.0
1774268461.270,1774268461.2697756,safe,0.9131579214177657,0.9131579214177657,0.08684207858223425,NORMAL,Stress level is low (EMA=0.08),0.19210009276866913,0.4460577964782715,0.3387924134731293,0.023049548268318176,1.0,0.0,0.0,0.0,675.0,1.0,0.0
1774268461.320,1774268461.319899,safe,0.9131579214177657,0.9131579214177657,0.08684207858223425,NORMAL,Stress level is low (EMA=0.08),0.19210009276866913,0.4460577964782715,0.3387924134731293,0.023049548268318176,1.0,0.0,0.0,0.0,675.0,1.0,0.0
1774268461.372,1774268461.3717198,safe,0.9131579214177657,0.9131579214177657,0.08684207858223425,NORMAL,Stress level is low (EMA=0.08),0.19210009276866913,0.4460577964782715,0.3387924134731293,0.023049548268318176,1.0,0.0,0.0,0.0,675.0,1.0,0.0
1774268461.421,1774268461.420935,safe,0.9131579214177657,0.9131579214177657,0.08684207858223425,NORMAL,Stress level is low (EMA=0.09),0.19210009276866913,0.4460577964782715,0.3387924134731293,0.023049548268318176,1.0,0.0,0.0,0.0,675.0,1.0,0.0
1774268461.479,1774268461.4777095,safe,0.9131579214177657,0.9131579214177657,0.08684207858223425,NORMAL,Stress level is low (EMA=0.09),0.19210009276866913,0.4460577964782715,0.3387924134731293,0.023049548268318176,1.0,0.0,0.0,0.0,675.0,1.0,0.0
1774268461.553,1774268461.552798,safe,0.8834837581338331,0.8834837581338331,0.11651624186616699,NORMAL,Stress level is low (EMA=0.09),0.15167783200740814,0.3628377318382263,0.31837165355682373,0.16711264848709106,1.0,0.0,0.0,0.0,675.0,1.0,0.0
1774268461.600,1774268461.6001897,safe,0.8834837581338331,0.8834837581338331,0.11651624186616699,NORMAL,Stress level is low (EMA=0.10),0.15167783200740814,0.3628377318382263,0.31837165355682373,0.16711264848709106,1.0,0.0,0.0,0.0,675.0,1.0,0.0
1774268461.633,1774268461.6333907,safe,0.8834837581338331,0.8834837581338331,0.11651624186616699,NORMAL,Stress level is low (EMA=0.11),0.15167783200740814,0.3628377318382263,0.31837165355682373,0.16711264848709106,1.0,0.0,0.0,0.0,675.0,1.0,0.0
1774268461.674,1774268461.6735547,safe,0.8834837581338331,0.8834837581338331,0.11651624186616699,NORMAL,Stress level is low (EMA=0.11),0.15167783200740814,0.3628377318382263,0.31837165355682373,0.16711264848709106,1.0,0.0,0.0,0.0,675.0,1.0,0.0
1774268461.759,1774268461.7592747,safe,0.9042952864156062,0.9042952864156062,0.09570471358439385,NORMAL,Stress level is low (EMA=0.11),0.2285245656967163,0.37270569801330566,0.27944067120552063,0.11932893842458725,1.0,0.0,0.0,0.0,676.0,1.0,0.0
1774268461.823,1774268461.822664,safe,0.9360593362855973,0.9360593362855973,0.06394066371440268,NORMAL,Stress level is low (EMA=0.09),0.15097855031490326,0.5826019048690796,0.18823687732219696,0.07818253338336945,1.0,0.0,0.0,0.0,676.0,1.0,0.0
1774268461.878,1774268461.8775501,safe,0.948563702276084,0.948563702276084,0.051436297723915975,NORMAL,Stress level is low (EMA=0.08),0.3068445920944214,0.47883737087249756,0.1603555828332901,0.053962305188179016,1.0,0.0,0.0,0.0,676.0,1.0,0.0
1774268461.929,1774268461.9285123,safe,0.9662275527721045,0.9662275527721045,0.03377244722789554,NORMAL,Stress level is low (EMA=0.07),0.20481719076633453,0.6544641256332397,0.10551111400127411,0.03520740196108818,1.0,0.0,0.0,0.0,676.0,1.0,0.0
1774268461.956,1774268461.9557054,safe,0.9662275527721045,0.9662275527721045,0.03377244722789554,NORMAL,Stress level is low (EMA=0.06),0.20481719076633453,0.6544641256332397,0.10551111400127411,0.03520740196108818,1.0,0.0,0.0,0.0,676.0,1.0,0.0
1774268461.990,1774268461.9900877,safe,0.9662275527721045,0.9662275527721045,0.03377244722789554,NORMAL,Stress level is low (EMA=0.05),0.20481719076633453,0.6544641256332397,0.10551111400127411,0.03520740196108818,1.0,0.0,0.0,0.0,676.0,1.0,0.0
1774268462.038,1774268462.0384471,safe,0.9662275527721045,0.9662275527721045,0.03377244722789554,NORMAL,Stress level is low (EMA=0.04),0.20481719076633453,0.6544641256332397,0.10551111400127411,0.03520740196108818,1.0,0.0,0.0,0.0,676.0,1.0,0.0
1774268462.082,1774268462.082114,safe,0.9662275527721045,0.9662275527721045,0.03377244722789554,NORMAL,Stress level is low (EMA=0.04),0.20481719076633453,0.6544641256332397,0.10551111400127411,0.03520740196108818,1.0,0.0,0.0,0.0,676.0,1.0,0.0
1774268462.130,1774268462.1304665,safe,0.9662275527721045,0.9662275527721045,0.03377244722789554,NORMAL,Stress level is low (EMA=0.04),0.20481719076633453,0.6544641256332397,0.10551111400127411,0.03520740196108818,1.0,0.0,0.0,0.0,676.0,1.0,0.0
1774268462.183,1774268462.1827226,safe,0.9662275527721045,0.9662275527721045,0.03377244722789554,NORMAL,Stress level is low (EMA=0.04),0.20481719076633453,0.6544641256332397,0.10551111400127411,0.03520740196108818,1.0,0.0,0.0,0.0,676.0,1.0,0.0
1774268462.231,1774268462.231232,safe,0.9662275527721045,0.9662275527721045,0.03377244722789554,NORMAL,Stress level is low (EMA=0.04),0.20481719076633453,0.6544641256332397,0.10551111400127411,0.03520740196108818,1.0,0.0,0.0,0.0,676.0,1.0,0.0
1774268462.283,1774268462.2825298,safe,0.9662275527721045,0.9662275527721045,0.03377244722789554,NORMAL,Stress level is low (EMA=0.04),0.20481719076633453,0.6544641256332397,0.10551111400127411,0.03520740196108818,1.0,0.0,0.0,0.0,676.0,1.0,0.0
1774268462.336,1774268462.3335924,safe,0.9662275527721045,0.9662275527721045,0.03377244722789554,NORMAL,Stress level is low (EMA=0.04),0.20481719076633453,0.6544641256332397,0.10551111400127411,0.03520740196108818,1.0,0.0,0.0,0.0,676.0,1.0,0.0
1774268462.384,1774268462.3840125,safe,0.9662275527721045,0.9662275527721045,0.03377244722789554,NORMAL,Stress level is low (EMA=0.03),0.20481719076633453,0.6544641256332397,0.10551111400127411,0.03520740196108818,1.0,0.0,0.0,0.0,676.0,1.0,0.0
1774268462.435,1774268462.4351695,safe,0.9662275527721045,0.9662275527721045,0.03377244722789554,NORMAL,Stress level is low (EMA=0.03),0.20481719076633453,0.6544641256332397,0.10551111400127411,0.03520740196108818,1.0,0.0,0.0,0.0,676.0,1.0,0.0
1774268462.484,1774268462.4836917,safe,0.9662275527721045,0.9662275527721045,0.03377244722789554,NORMAL,Stress level is low (EMA=0.03),0.20481719076633453,0.6544641256332397,0.10551111400127411,0.03520740196108818,1.0,0.0,0.0,0.0,676.0,1.0,0.0
1774268462.535,1774268462.5344808,safe,0.9662275527721045,0.9662275527721045,0.03377244722789554,NORMAL,Stress level is low (EMA=0.03),0.20481719076633453,0.6544641256332397,0.10551111400127411,0.03520740196108818,1.0,0.0,0.0,0.0,676.0,1.0,0.0
1774268462.585,1774268462.5845044,safe,0.9662275527721045,0.9662275527721045,0.03377244722789554,NORMAL,Stress level is low (EMA=0.03),0.20481719076633453,0.6544641256332397,0.10551111400127411,0.03520740196108818,1.0,0.0,0.0,0.0,676.0,1.0,0.0
1774268462.635,1774268462.6347005,safe,0.9662275527721045,0.9662275527721045,0.03377244722789554,NORMAL,Stress level is low (EMA=0.03),0.20481719076633453,0.6544641256332397,0.10551111400127411,0.03520740196108818,1.0,0.0,0.0,0.0,676.0,1.0,0.0
1774268462.686,1774268462.6855035,safe,0.9662275527721045,0.9662275527721045,0.03377244722789554,NORMAL,Stress level is low (EMA=0.03),0.20481719076633453,0.6544641256332397,0.10551111400127411,0.03520740196108818,1.0,0.0,0.0,0.0,676.0,1.0,0.0
1774268462.736,1774268462.7361531,safe,0.9662275527721045,0.9662275527721045,0.03377244722789554,NORMAL,Stress level is low (EMA=0.03),0.20481719076633453,0.6544641256332397,0.10551111400127411,0.03520740196108818,1.0,0.0,0.0,0.0,676.0,1.0,0.0
1774268462.787,1774268462.786593,safe,0.9662275527721045,0.9662275527721045,0.03377244722789554,NORMAL,Stress level is low (EMA=0.03),0.20481719076633453,0.6544641256332397,0.10551111400127411,0.03520740196108818,1.0,0.0,0.0,0.0,675.0,1.0,0.0
1774268462.836,1774268462.8362453,safe,0.9662275527721045,0.9662275527721045,0.03377244722789554,NORMAL,Stress level is low (EMA=0.03),0.20481719076633453,0.6544641256332397,0.10551111400127411,0.03520740196108818,1.0,0.0,0.0,0.0,675.0,1.0,0.0
1774268462.886,1774268462.8862123,safe,0.9662275527721045,0.9662275527721045,0.03377244722789554,NORMAL,Stress level is low (EMA=0.03),0.20481719076633453,0.6544641256332397,0.10551111400127411,0.03520740196108818,1.0,0.0,0.0,0.0,675.0,1.0,0.0
1774268462.937,1774268462.9365888,safe,0.9662275527721045,0.9662275527721045,0.03377244722789554,NORMAL,Stress level is low (EMA=0.03),0.20481719076633453,0.6544641256332397,0.10551111400127411,0.03520740196108818,1.0,0.0,0.0,0.0,675.0,1.0,0.0
1774268462.987,1774268462.9873135,safe,0.9662275527721045,0.9662275527721045,0.03377244722789554,NORMAL,Stress level is low (EMA=0.03),0.20481719076633453,0.6544641256332397,0.10551111400127411,0.03520740196108818,1.0,0.0,0.0,0.0,675.0,1.0,0.0
1774268463.038,1774268463.0383742,safe,0.9662275527721045,0.9662275527721045,0.03377244722789554,NORMAL,Stress level is low (EMA=0.03),0.20481719076633453,0.6544641256332397,0.10551111400127411,0.03520740196108818,1.0,0.0,0.0,0.0,675.0,1.0,0.0
1774268463.089,1774268463.088668,safe,0.9662275527721045,0.9662275527721045,0.03377244722789554,NORMAL,Stress level is low (EMA=0.03),0.20481719076633453,0.6544641256332397,0.10551111400127411,0.03520740196108818,1.0,0.0,0.0,0.0,675.0,1.0,0.0
1774268463.139,1774268463.1388533,safe,0.9662275527721045,0.9662275527721045,0.03377244722789554,NORMAL,Stress level is low (EMA=0.03),0.20481719076633453,0.6544641256332397,0.10551111400127411,0.03520740196108818,1.0,0.0,0.0,0.0,675.0,1.0,0.0
1774268463.230,1774268463.2298808,safe,0.9595249385227782,0.9595249385227782,0.04047506147722181,NORMAL,Stress level is low (EMA=0.04),0.21127119660377502,0.6200826168060303,0.1421840339899063,0.026462044566869736,1.0,0.0,0.0,0.0,675.0,1.0,0.0
1774268463.273,1774268463.2727656,safe,0.9595249385227782,0.9595249385227782,0.04047506147722181,NORMAL,Stress level is low (EMA=0.04),0.21127119660377502,0.6200826168060303,0.1421840339899063,0.026462044566869736,1.0,0.0,0.0,0.0,675.0,1.0,0.0
1774268463.295,1774268463.295379,safe,0.9595249385227782,0.9595249385227782,0.04047506147722181,NORMAL,Stress level is low (EMA=0.04),0.21127119660377502,0.6200826168060303,0.1421840339899063,0.026462044566869736,1.0,0.0,0.0,0.0,675.0,1.0,0.0
1774268463.339,1774268463.3390372,safe,0.9595249385227782,0.9595249385227782,0.04047506147722181,NORMAL,Stress level is low (EMA=0.04),0.21127119660377502,0.6200826168060303,0.1421840339899063,0.026462044566869736,1.0,0.0,0.0,0.0,675.0,1.0,0.0
1774268463.390,1774268463.3901248,safe,0.9595249385227782,0.9595249385227782,0.04047506147722181,NORMAL,Stress level is low (EMA=0.04),0.21127119660377502,0.6200826168060303,0.1421840339899063,0.026462044566869736,1.0,0.0,0.0,0.0,675.0,1.0,0.0
1774268463.440,1774268463.4397502,safe,0.9595249385227782,0.9595249385227782,0.04047506147722181,NORMAL,Stress level is low (EMA=0.04),0.21127119660377502,0.6200826168060303,0.1421840339899063,0.026462044566869736,1.0,0.0,0.0,0.0,675.0,1.0,0.0
1774268463.499,1774268463.498705,safe,0.9595249385227782,0.9595249385227782,0.04047506147722181,NORMAL,Stress level is low (EMA=0.04),0.21127119660377502,0.6200826168060303,0.1421840339899063,0.026462044566869736,1.0,0.0,0.0,0.0,675.0,1.0,0.0
1774268463.541,1774268463.5405486,safe,0.9595249385227782,0.9595249385227782,0.04047506147722181,NORMAL,Stress level is low (EMA=0.04),0.21127119660377502,0.6200826168060303,0.1421840339899063,0.026462044566869736,1.0,0.0,0.0,0.0,675.0,1.0,0.0
1774268463.624,1774268463.6237097,safe,0.9550079925475592,0.9550079925475592,0.04499200745244078,NORMAL,Stress level is low (EMA=0.04),0.27513277530670166,0.5374004244804382,0.1544468253850937,0.033019859343767166,1.0,0.0,0.0,0.0,675.0,1.0,0.0
1774268463.658,1774268463.658158,safe,0.9550079925475592,0.9550079925475592,0.04499200745244078,NORMAL,Stress level is low (EMA=0.04),0.27513277530670166,0.5374004244804382,0.1544468253850937,0.033019859343767166,1.0,0.0,0.0,0.0,675.0,1.0,0.0
1774268463.692,1774268463.6917117,safe,0.9550079925475592,0.9550079925475592,0.04499200745244078,NORMAL,Stress level is low (EMA=0.04),0.27513277530670166,0.5374004244804382,0.1544468253850937,0.033019859343767166,1.0,0.0,0.0,0.0,675.0,1.0,0.0
1774268463.774,1774268463.773973,safe,0.9343285307955502,0.9343285307955502,0.06567146920444983,NORMAL,Stress level is low (EMA=0.05),0.28776219487190247,0.4386065900325775,0.20847152173519135,0.06515958160161972,1.0,0.0,0.0,0.0,674.0,1.0,0.0
1774268463.837,1774268463.8370473,safe,0.9347361708690766,0.9347361708690766,0.06526382913092343,NORMAL,Stress level is low (EMA=0.05),0.2755616307258606,0.4525056481361389,0.20728260278701782,0.06464999914169312,1.0,0.0,0.0,0.0,674.0,1.0,0.0
1774268463.857,1774268463.8573978,safe,0.9347361708690766,0.9347361708690766,0.06526382913092343,NORMAL,Stress level is low (EMA=0.06),0.2755616307258606,0.4525056481361389,0.20728260278701782,0.06464999914169312,1.0,0.0,0.0,0.0,674.0,1.0,0.0
1774268463.893,1774268463.8932948,safe,0.9347361708690766,0.9347361708690766,0.06526382913092343,NORMAL,Stress level is low (EMA=0.06),0.2755616307258606,0.4525056481361389,0.20728260278701782,0.06464999914169312,1.0,0.0,0.0,0.0,674.0,1.0,0.0
1774268463.943,1774268463.9433825,safe,0.9347361708690766,0.9347361708690766,0.06526382913092343,NORMAL,Stress level is low (EMA=0.06),0.2755616307258606,0.4525056481361389,0.20728260278701782,0.06464999914169312,1.0,0.0,0.0,0.0,674.0,1.0,0.0
1774268463.994,1774268463.9943664,safe,0.9347361708690766,0.9347361708690766,0.06526382913092343,NORMAL,Stress level is low (EMA=0.06),0.2755616307258606,0.4525056481361389,0.20728260278701782,0.06464999914169312,1.0,0.0,0.0,0.0,674.0,1.0,0.0
1774268464.046,1774268464.0456681,safe,0.9347361708690766,0.9347361708690766,0.06526382913092343,NORMAL,Stress level is low (EMA=0.06),0.2755616307258606,0.4525056481361389,0.20728260278701782,0.06464999914169312,1.0,0.0,0.0,0.0,674.0,1.0,0.0
1774268464.095,1774268464.0953398,safe,0.9347361708690766,0.9347361708690766,0.06526382913092343,NORMAL,Stress level is low (EMA=0.06),0.2755616307258606,0.4525056481361389,0.20728260278701782,0.06464999914169312,1.0,0.0,0.0,0.0,674.0,1.0,0.0
1774268464.144,1774268464.1444404,safe,0.9347361708690766,0.9347361708690766,0.06526382913092343,NORMAL,Stress level is low (EMA=0.06),0.2755616307258606,0.4525056481361389,0.20728260278701782,0.06464999914169312,1.0,0.0,0.0,0.0,674.0,1.0,0.0
1774268464.196,1774268464.1963208,safe,0.9347361708690766,0.9347361708690766,0.06526382913092343,NORMAL,Stress level is low (EMA=0.06),0.2755616307258606,0.4525056481361389,0.20728260278701782,0.06464999914169312,1.0,0.0,0.0,0.0,674.0,1.0,0.0
1774268464.245,1774268464.2451994,safe,0.9347361708690766,0.9347361708690766,0.06526382913092343,NORMAL,Stress level is low (EMA=0.06),0.2755616307258606,0.4525056481361389,0.20728260278701782,0.06464999914169312,1.0,0.0,0.0,0.0,674.0,1.0,0.0
1774268464.303,1774268464.3027549,safe,0.9347361708690766,0.9347361708690766,0.06526382913092343,NORMAL,Stress level is low (EMA=0.06),0.2755616307258606,0.4525056481361389,0.20728260278701782,0.06464999914169312,1.0,0.0,0.0,0.0,674.0,1.0,0.0
1774268464.347,1774268464.3466308,safe,0.9347361708690766,0.9347361708690766,0.06526382913092343,NORMAL,Stress level is low (EMA=0.07),0.2755616307258606,0.4525056481361389,0.20728260278701782,0.06464999914169312,1.0,0.0,0.0,0.0,674.0,1.0,0.0
1774268464.398,1774268464.3975537,safe,0.9347361708690766,0.9347361708690766,0.06526382913092343,NORMAL,Stress level is low (EMA=0.07),0.2755616307258606,0.4525056481361389,0.20728260278701782,0.06464999914169312,1.0,0.0,0.0,0.0,674.0,1.0,0.0
1774268464.447,1774268464.447453,safe,0.9347361708690766,0.9347361708690766,0.06526382913092343,NORMAL,Stress level is low (EMA=0.07),0.2755616307258606,0.4525056481361389,0.20728260278701782,0.06464999914169312,1.0,0.0,0.0,0.0,674.0,1.0,0.0
1774268464.498,1774268464.497529,safe,0.9347361708690766,0.9347361708690766,0.06526382913092343,NORMAL,Stress level is low (EMA=0.07),0.2755616307258606,0.4525056481361389,0.20728260278701782,0.06464999914169312,1.0,0.0,0.0,0.0,674.0,1.0,0.0
1774268464.555,1774268464.5551221,safe,0.9347361708690766,0.9347361708690766,0.06526382913092343,NORMAL,Stress level is low (EMA=0.07),0.2755616307258606,0.4525056481361389,0.20728260278701782,0.06464999914169312,1.0,0.0,0.0,0.0,674.0,1.0,0.0
1774268464.600,1774268464.5997334,safe,0.9347361708690766,0.9347361708690766,0.06526382913092343,NORMAL,Stress level is low (EMA=0.07),0.2755616307258606,0.4525056481361389,0.20728260278701782,0.06464999914169312,1.0,0.0,0.0,0.0,674.0,1.0,0.0
1774268464.655,1774268464.6552005,safe,0.9347361708690766,0.9347361708690766,0.06526382913092343,NORMAL,Stress level is low (EMA=0.07),0.2755616307258606,0.4525056481361389,0.20728260278701782,0.06464999914169312,1.0,0.0,0.0,0.0,674.0,1.0,0.0
1774268464.700,1774268464.7000477,safe,0.9347361708690766,0.9347361708690766,0.06526382913092343,NORMAL,Stress level is low (EMA=0.07),0.2755616307258606,0.4525056481361389,0.20728260278701782,0.06464999914169312,1.0,0.0,0.0,0.0,674.0,1.0,0.0
1774268464.751,1774268464.7505653,safe,0.9347361708690766,0.9347361708690766,0.06526382913092343,NORMAL,Stress level is low (EMA=0.07),0.2755616307258606,0.4525056481361389,0.20728260278701782,0.06464999914169312,1.0,0.0,0.0,0.0,675.0,1.0,0.0
1774268464.801,1774268464.8014205,safe,0.9347361708690766,0.9347361708690766,0.06526382913092343,NORMAL,Stress level is low (EMA=0.07),0.2755616307258606,0.4525056481361389,0.20728260278701782,0.06464999914169312,1.0,0.0,0.0,0.0,675.0,1.0,0.0
1774268464.869,1774268464.8692994,safe,0.9347361708690766,0.9347361708690766,0.06526382913092343,NORMAL,Stress level is low (EMA=0.07),0.2755616307258606,0.4525056481361389,0.20728260278701782,0.06464999914169312,1.0,0.0,0.0,0.0,675.0,1.0,0.0
1774268464.935,1774268464.935339,safe,0.9347361708690766,0.9347361708690766,0.06526382913092343,NORMAL,Stress level is low (EMA=0.07),0.2755616307258606,0.4525056481361389,0.20728260278701782,0.06464999914169312,1.0,0.0,0.0,0.0,675.0,1.0,0.0
1774268465.003,1774268465.002945,safe,0.9347361708690766,0.9347361708690766,0.06526382913092343,NORMAL,Stress level is low (EMA=0.07),0.2755616307258606,0.4525056481361389,0.20728260278701782,0.06464999914169312,1.0,0.0,0.0,0.0,675.0,1.0,0.0
1774268465.077,1774268465.0768235,safe,0.9347361708690766,0.9347361708690766,0.06526382913092343,NORMAL,Stress level is low (EMA=0.07),0.2755616307258606,0.4525056481361389,0.20728260278701782,0.06464999914169312,1.0,0.0,0.0,0.0,675.0,1.0,0.0
1774268465.171,1774268465.171158,safe,0.9069026355912186,0.9069026355912186,0.09309736440878136,NORMAL,Stress level is low (EMA=0.07),0.1942237913608551,0.417870432138443,0.32444214820861816,0.06346350908279419,1.0,0.0,0.0,0.0,675.0,1.0,0.0
1774268465.238,1774268465.2375987,safe,0.9159136196297664,0.9159136196297664,0.0840863803702337,NORMAL,Stress level is low (EMA=0.08),0.35895466804504395,0.2906852960586548,0.29968053102493286,0.05067935585975647,1.0,0.0,0.0,0.0,675.0,1.0,0.0
1774268465.298,1774268465.298226,safe,0.9375766230700213,0.9375766230700213,0.06242337692997868,NORMAL,Stress level is low (EMA=0.07),0.5343078374862671,0.20559467375278473,0.2265060842037201,0.03359130397439003,1.0,0.0,0.0,0.0,675.0,1.0,0.0
1774268465.366,1774268465.3664663,safe,0.94045110121795,0.94045110121795,0.05954889878205003,NORMAL,Stress level is low (EMA=0.07),0.5965912342071533,0.15528829395771027,0.18975310027599335,0.058367300778627396,1.0,0.0,0.0,0.0,675.0,1.0,0.0
1774268465.434,1774268465.4336007,safe,0.9564663740263795,0.9564663740263795,0.04353362597362058,NORMAL,Stress level is low (EMA=0.06),0.7141293287277222,0.10448051989078522,0.14342881739139557,0.037961285561323166,1.0,0.0,0.0,0.0,675.0,1.0,0.0
1774268465.499,1774268465.4988413,safe,0.9716586268819192,0.9716586268819192,0.02834137311808089,NORMAL,Stress level is low (EMA=0.05),0.6828621625900269,0.1990486979484558,0.09331602603197098,0.024773022159934044,1.0,0.0,0.0,0.0,675.0,1.0,0.0
1774268465.566,1774268465.5658514,safe,0.9726413180425934,0.9726413180425934,0.02735868195740669,NORMAL,Stress level is low (EMA=0.04),0.7472933530807495,0.1387120485305786,0.09749120473861694,0.01650329679250717,1.0,0.0,0.0,0.0,675.0,1.0,0.0
1774268465.631,1774268465.6306436,safe,0.8982587795261224,0.8982587795261224,0.10174122047387756,NORMAL,Stress level is low (EMA=0.06),0.4858996570110321,0.09017851948738098,0.41300198435783386,0.010919743217527866,1.0,0.0,0.0,0.0,675.0,1.0,0.0
1774268465.693,1774268465.6925678,safe,0.9313527943075735,0.9313527943075735,0.06864720569242651,NORMAL,Stress level is low (EMA=0.06),0.34608620405197144,0.36788371205329895,0.272228866815567,0.013801144436001778,1.0,0.0,0.0,0.0,675.0,1.0,0.0
1774268465.751,1774268465.7506661,safe,0.8728805917090721,0.8728805917090721,0.12711940829092797,NORMAL,Stress level is low (EMA=0.08),0.22646798193454742,0.24386776983737946,0.514866292476654,0.014797886833548546,1.0,0.0,0.0,0.0,675.0,1.0,0.0
1774268465.802,1774268465.8021524,safe,0.8443833697805572,0.8443833697805572,0.15561663021944283,NORMAL,Stress level is low (EMA=0.10),0.17359286546707153,0.1780044585466385,0.6225153207778931,0.025887273252010345,1.0,0.0,0.0,0.0,675.0,1.0,0.0
1774268465.855,1774268465.8553774,safe,0.8165417931761154,0.8165417931761154,0.1834582068238846,NORMAL,Stress level is low (EMA=0.13),0.11291515827178955,0.12267562747001648,0.7452995777130127,0.01910960115492344,1.0,0.0,0.0,0.0,675.0,1.0,0.0
1774268465.905,1774268465.905309,safe,0.7967647824588756,0.7967647824588756,0.20323521754112434,NORMAL,Stress level is low (EMA=0.15),0.07340249419212341,0.07978406548500061,0.8341352939605713,0.012678077444434166,1.0,0.0,0.0,0.0,675.0,1.0,0.0
1774268465.955,1774268465.9551346,safe,0.7841408558619802,0.7841408558619802,0.21585914413801977,NORMAL,Stress level is low (EMA=0.17),0.047745559364557266,0.052841316908597946,0.8903349041938782,0.009078169241547585,1.0,0.0,0.0,0.0,675.0,1.0,0.0
1774268466.009,1774268466.0092964,safe,0.7759129773024774,0.7759129773024774,0.22408702269752262,NORMAL,Stress level is low (EMA=0.19),0.031111005693674088,0.03519304469227791,0.9261304140090942,0.007565486244857311,1.0,0.0,0.0,0.0,675.0,1.0,0.0
1774268466.059,1774268466.0586238,safe,0.7707475427127276,0.7707475427127276,0.22925245728727242,NORMAL,Stress level is low (EMA=0.20),0.02034826949238777,0.02443312667310238,0.9376833438873291,0.01753518544137478,1.0,0.0,0.0,0.0,675.0,1.0,0.0
1774268466.108,1774268466.1080573,safe,0.7670968888694049,0.7670968888694049,0.2329031111305952,NORMAL,Stress level is low (EMA=0.21),0.013247765600681305,0.016322575509548187,0.9575542211532593,0.012875367887318134,1.0,0.0,0.0,0.0,675.0,1.0,0.0
1774268466.157,1774268466.1567087,safe,0.7646290688621047,0.7646290688621047,0.2353709311378953,NORMAL,Stress level is low (EMA=0.22),0.008634750731289387,0.010653005912899971,0.9657950401306152,0.014917129650712013,1.0,0.0,0.0,0.0,675.0,1.0,0.0
1774268466.208,1774268466.2082553,safe,0.763100208794632,0.763100208794632,0.23689979120536797,NORMAL,Stress level is low (EMA=0.22),0.005705345422029495,0.007212163880467415,0.9664973020553589,0.02058512158691883,1.0,0.0,0.0,0.0,675.0,1.0,0.0
1774268466.260,1774268466.2599697,safe,0.7621240232183399,0.7621240232183399,0.23787597678166006,NORMAL,Stress level is low (EMA=0.23),0.00381134869530797,0.005038718227297068,0.9709702134132385,0.020179646089673042,1.0,0.0,0.0,0.0,675.0,1.0,0.0
1774268466.310,1774268466.3102078,safe,0.7657362623666915,0.7657362623666915,0.23426373763330854,NORMAL,Stress level is low (EMA=0.23),0.0036950651556253433,0.020206011831760406,0.9542219042778015,0.021876979619264603,1.0,0.0,0.0,0.0,675.0,1.0,0.0
1774268466.359,1774268466.3592563,safe,0.7660727619415231,0.7660727619415231,0.2339272380584769,NORMAL,Stress level is low (EMA=0.23),0.006121071521192789,0.019182074815034866,0.9098706245422363,0.06482616066932678,1.0,0.0,0.0,0.0,675.0,1.0,0.0
1774268466.410,1774268466.410045,safe,0.7683430858630885,0.7683430858630885,0.23165691413691147,NORMAL,Stress level is low (EMA=0.23),0.009929005056619644,0.02483382448554039,0.8566833734512329,0.10855372995138168,1.0,0.0,0.0,0.0,675.0,1.0,0.0
1774268466.460,1774268466.4604151,safe,0.7664546811893959,0.7664546811893959,0.23354531881060414,NORMAL,Stress level is low (EMA=0.23),0.007986823096871376,0.018907662481069565,0.8809781074523926,0.09212736040353775,1.0,0.0,0.0,0.0,675.0,1.0,0.0
1774268466.511,1774268466.5107605,safe,0.7645701427531613,0.7645701427531613,0.23542985724683874,NORMAL,Stress level is low (EMA=0.23),0.006231578066945076,0.012810657732188702,0.8949000835418701,0.0860576182603836,1.0,0.0,0.0,0.0,675.0,1.0,0.0
1774268466.560,1774268466.5602322,safe,0.7633895294718567,0.7633895294718567,0.23661047052814332,NORMAL,Stress level is low (EMA=0.23),0.004381925333291292,0.009741084650158882,0.8959493637084961,0.0899275541305542,1.0,0.0,0.0,0.0,675.0,1.0,0.0
1774268466.611,1774268466.611198,safe,0.7627007194217221,0.7627007194217221,0.23729928057827793,NORMAL,Stress level is low (EMA=0.24),0.003323973622173071,0.00792898703366518,0.8848484754562378,0.10389847308397293,1.0,0.0,0.0,0.0,675.0,1.0,0.0
1774268466.662,1774268466.6617386,safe,0.7618301925201613,0.7618301925201613,0.23816980747983882,NORMAL,Stress level is low (EMA=0.24),0.002223437884822488,0.005402333103120327,0.8894742727279663,0.10289987921714783,1.0,0.0,0.0,0.0,675.0,1.0,0.0
1774268466.712,1774268466.7123902,safe,0.7635998171046567,0.7635998171046567,0.23640018289534323,NORMAL,Stress level is low (EMA=0.24),0.0016949082491919398,0.013304296880960464,0.8927337527275085,0.09226696193218231,1.0,0.0,0.0,0.0,675.0,1.0,0.0
1774268466.763,1774268466.7625732,safe,0.7674919023373595,0.7674919023373595,0.2325080976626404,NORMAL,Stress level is low (EMA=0.24),0.005976480897516012,0.02523975446820259,0.792425274848938,0.1763584315776825,1.0,0.0,0.0,0.0,675.0,1.0,0.0
1774268466.813,1774268466.8124979,safe,0.7648917985689992,0.7648917985689992,0.23510820143100075,NORMAL,Stress level is low (EMA=0.24),0.003943039570003748,0.01643942855298519,0.8621936440467834,0.11742382496595383,1.0,0.0,0.0,0.0,675.0,1.0,0.0
1774268466.862,1774268466.861774,safe,0.7652386463005333,0.7652386463005333,0.2347613536994667,NORMAL,Stress level is low (EMA=0.23),0.009094389155507088,0.012733274139463902,0.8761882185935974,0.10198404639959335,1.0,0.0,0.0,0.0,675.0,1.0,0.0
1774268466.914,1774268466.9138312,safe,0.7659092819271668,0.7659092819271668,0.23409071807283321,NORMAL,Stress level is low (EMA=0.23),0.015494709834456444,0.009127276949584484,0.9007166028022766,0.07466135919094086,1.0,0.0,0.0,0.0,675.0,1.0,0.0
1774268466.965,1774268466.9645376,safe,0.7688942903480329,0.7688942903480329,0.23110570965196714,NORMAL,Stress level is low (EMA=0.23),0.028561357408761978,0.008498167619109154,0.9138482809066772,0.04909215122461319,1.0,0.0,0.0,0.0,675.0,1.0,0.0
1774268467.014,1774268467.0137315,safe,0.7689260224817782,0.7689260224817782,0.23107397751822176,NORMAL,Stress level is low (EMA=0.23),0.028161432594060898,0.009030292741954327,0.9299398064613342,0.032868385314941406,1.0,0.0,0.0,0.0,675.0,1.0,0.0
1774268467.065,1774268467.0652685,safe,0.774834160209675,0.774834160209675,0.225165839790325,NORMAL,Stress level is low (EMA=0.23),0.04340434819459915,0.01840461604297161,0.7372366189956665,0.20095433294773102,1.0,0.0,0.0,0.0,675.0,1.0,0.0
1774268467.116,1774268467.115905,safe,0.8528013109291457,0.8528013109291457,0.14719868907085432,NORMAL,Stress level is low (EMA=0.21),0.3724276125431061,0.014244447462260723,0.4806995391845703,0.13262829184532166,1.0,0.0,0.0,0.0,675.0,1.0,0.0
1774268467.166,1774268467.165538,safe,0.8312671169994192,0.8312671169994192,0.16873288300058076,NORMAL,Stress level is low (EMA=0.19),0.28594720363616943,0.010999081656336784,0.6164929866790771,0.08656066656112671,1.0,0.0,0.0,0.0,675.0,1.0,0.0
1774268467.217,1774268467.216627,safe,0.8863534300059266,0.8863534300059266,0.11364656999407341,NORMAL,Stress level is low (EMA=0.17),0.5148249864578247,0.011647593230009079,0.40952906012535095,0.06399829685688019,1.0,0.0,0.0,0.0,675.0,1.0,0.0
1774268467.267,1774268467.2665434,safe,0.8510136340179132,0.8510136340179132,0.14898636598208675,NORMAL,Stress level is low (EMA=0.16),0.368862122297287,0.010361305437982082,0.5762670636177063,0.04450943320989609,1.0,0.0,0.0,0.0,675.0,1.0,0.0
1774268467.315,1774268467.3150423,safe,0.8514972370907654,0.8514972370907654,0.1485027629092346,NORMAL,Stress level is low (EMA=0.16),0.3701165020465851,0.01112195011228323,0.587039589881897,0.03172190114855766,1.0,0.0,0.0,0.0,675.0,1.0,0.0
1774268467.362,1774268467.361871,safe,0.8445040061590494,0.8445040061590494,0.15549599384095059,NORMAL,Stress level is low (EMA=0.16),0.31098195910453796,0.041118036955595016,0.6085610389709473,0.039338916540145874,1.0,0.0,0.0,0.0,675.0,1.0,0.0
1774268467.410,1774268467.4098654,safe,0.8253409783306813,0.8253409783306813,0.17465902166931868,NORMAL,Stress level is low (EMA=0.16),0.23767748475074768,0.03457655385136604,0.7001779079437256,0.027567986398935318,1.0,0.0,0.0,0.0,675.0,1.0,0.0
1774268467.460,1774268467.4601624,safe,0.8581060846984736,0.8581060846984736,0.14189391530152648,NORMAL,Stress level is low (EMA=0.16),0.31939247250556946,0.0893828347325325,0.5630849003791809,0.028139721602201462,1.0,0.0,0.0,0.0,675.0,1.0,0.0
1774268467.508,1774268467.5084648,safe,0.8811608941594324,0.8811608941594324,0.11883910584056759,NORMAL,Stress level is low (EMA=0.15),0.445715069770813,0.059121955186128616,0.4755569100379944,0.01960601657629013,1.0,0.0,0.0,0.0,675.0,1.0,0.0
1774268467.556,1774268467.5560217,safe,0.919419213870908,0.919419213870908,0.0805807861290921,NORMAL,Stress level is low (EMA=0.13),0.6252065896987915,0.03904008865356445,0.3222408592700958,0.013512404635548592,1.0,0.0,0.0,0.0,675.0,1.0,0.0
1774268467.611,1774268467.6106505,safe,0.8790951529851936,0.8790951529851936,0.1209048470148064,NORMAL,Stress level is low (EMA=0.12),0.46908774971961975,0.0271419920027256,0.48814457654953003,0.015625592321157455,1.0,0.0,0.0,0.0,675.0,1.0,0.0
1774268467.658,1774268467.6577032,safe,0.8579115683250093,0.8579115683250093,0.14208843167499072,NORMAL,Stress level is low (EMA=0.13),0.38574811816215515,0.02221670001745224,0.5812764167785645,0.010758687742054462,1.0,0.0,0.0,0.0,675.0,1.0,0.0
1774268467.705,1774268467.7046552,safe,0.8897271491690026,0.8897271491690026,0.1102728508309973,NORMAL,Stress level is low (EMA=0.12),0.5002050399780273,0.04032466188073158,0.45077091455459595,0.008699264377355576,1.0,0.0,0.0,0.0,675.0,1.0,0.0
1774268467.756,1774268467.7556279,safe,0.926764580497536,0.926764580497536,0.073235419502464,NORMAL,Stress level is low (EMA=0.11),0.6675528883934021,0.0272994264960289,0.2977299690246582,0.007417588960379362,1.0,0.0,0.0,0.0,675.0,1.0,0.0
1774268467.804,1774268467.8035483,safe,0.9515273957841366,0.9515273957841366,0.048472604215863455,NORMAL,Stress level is low (EMA=0.09),0.7784494757652283,0.019581263884902,0.19636110961437225,0.005608064122498035,1.0,0.0,0.0,0.0,675.0,1.0,0.0
1774268467.850,1774268467.8504477,safe,0.9684657424160387,0.9684657424160387,0.03153425758396135,NORMAL,Stress level is low (EMA=0.07),0.8435977697372437,0.025009384378790855,0.12767620384693146,0.0037165270186960697,1.0,0.0,0.0,0.0,675.0,1.0,0.0
1774268467.898,1774268467.898408,safe,0.9348280372407084,0.9348280372407084,0.06517196275929164,NORMAL,Stress level is low (EMA=0.07),0.7091965675354004,0.019253471866250038,0.26849693059921265,0.0030528916977345943,1.0,0.0,0.0,0.0,675.0,1.0,0.0
1774268467.946,1774268467.945741,safe,0.8869975568702833,0.8869975568702833,0.11300244312971673,NORMAL,Stress level is low (EMA=0.08),0.5139088034629822,0.015247611328959465,0.46854037046432495,0.0023031141608953476,1.0,0.0,0.0,0.0,675.0,1.0,0.0
1774268467.997,1774268467.9966846,safe,0.8814615594543314,0.8814615594543314,0.11853844054566867,NORMAL,Stress level is low (EMA=0.09),0.4911283850669861,0.014961381442844868,0.4917775094509125,0.002132632303982973,1.0,0.0,0.0,0.0,675.0,1.0,0.0
1774268468.046,1774268468.0462706,safe,0.9034192490935922,0.9034192490935922,0.09658075090640789,NORMAL,Stress level is low (EMA=0.09),0.5840151309967041,0.013565067201852798,0.3989272117614746,0.003492581658065319,1.0,0.0,0.0,0.0,675.0,1.0,0.0
1774268468.095,1774268468.095191,safe,0.9112067968642408,0.9112067968642408,0.08879320313575922,NORMAL,Stress level is low (EMA=0.09),0.5933774709701538,0.03665085509419441,0.3618863821029663,0.008085299283266068,1.0,0.0,0.0,0.0,675.0,1.0,0.0
1774268468.145,1774268468.1450515,safe,0.9391313385809632,0.9391313385809632,0.06086866141903677,NORMAL,Stress level is low (EMA=0.08),0.712544858455658,0.03383570909500122,0.24640598893165588,0.007213431876152754,1.0,0.0,0.0,0.0,675.0,1.0,0.0
1774268468.193,1774268468.1925406,safe,0.9191288305135363,0.9191288305135363,0.08087116948646367,NORMAL,Stress level is low (EMA=0.08),0.6354666352272034,0.027570145204663277,0.3294637203216553,0.007499482482671738,1.0,0.0,0.0,0.0,675.0,1.0,0.0
1774268468.239,1774268468.2392066,safe,0.9459717985954179,0.9459717985954179,0.054028201404582046,NORMAL,Stress level is low (EMA=0.07),0.7543257474899292,0.020556708797812462,0.21977578103542328,0.005341718904674053,1.0,0.0,0.0,0.0,675.0,1.0,0.0
1774268468.290,1774268468.2897863,safe,0.9553136784207927,0.9553136784207927,0.04468632157920724,NORMAL,Stress level is low (EMA=0.07),0.7940258383750916,0.019781077280640602,0.1812373697757721,0.004955627024173737,1.0,0.0,0.0,0.0,675.0,1.0,0.0
1774268468.342,1774268468.342449,safe,0.8924893313867674,0.8924893313867674,0.10751066861323255,NORMAL,Stress level is low (EMA=0.08),0.5373716354370117,0.0146672073751688,0.4441027343273163,0.003858370939269662,1.0,0.0,0.0,0.0,675.0,1.0,0.0
1774268468.400,1774268468.4003906,safe,0.9168548786075534,0.9168548786075534,0.08314512139244662,NORMAL,Stress level is low (EMA=0.08),0.637658417224884,0.015903515741229057,0.3406749367713928,0.005763052962720394,1.0,0.0,0.0,0.0,675.0,1.0,0.0
1774268468.453,1774268468.4530077,safe,0.8810958100843568,0.8810958100843568,0.11890418991564325,NORMAL,Stress level is low (EMA=0.09),0.4901745915412903,0.0143912173807621,0.4895491302013397,0.005884966347366571,1.0,0.0,0.0,0.0,675.0,1.0,0.0
1774268468.499,1774268468.4985797,safe,0.8392771122981852,0.8392771122981852,0.16072288770181475,NORMAL,Stress level is low (EMA=0.11),0.32017412781715393,0.010147112421691418,0.6654874086380005,0.004191249143332243,1.0,0.0,0.0,0.0,675.0,1.0,0.0
1774268468.547,1774268468.5468168,safe,0.8187363750317124,0.8187363750317124,0.18126362496828768,NORMAL,Stress level is low (EMA=0.13),0.21086838841438293,0.033866457641124725,0.7331891655921936,0.022075897082686424,1.0,0.0,0.0,0.0,675.0,1.0,0.0
1774268468.593,1774268468.5933967,safe,0.8403492463967646,0.8403492463967646,0.15965075360323544,NORMAL,Stress level is low (EMA=0.14),0.15828801691532135,0.17650046944618225,0.6447640657424927,0.02044738084077835,1.0,0.0,0.0,0.0,675.0,1.0,0.0
1774268468.643,1774268468.6432543,safe,0.8209970391324528,0.8209970391324528,0.17900296086754725,NORMAL,Stress level is low (EMA=0.15),0.10947085916996002,0.14468343555927277,0.7306070327758789,0.015238609164953232,1.0,0.0,0.0,0.0,675.0,1.0,0.0
1774268468.694,1774268468.6937404,safe,0.8031050235000375,0.8031050235000375,0.19689497649996246,NORMAL,Stress level is low (EMA=0.17),0.07983169704675674,0.09977252781391144,0.8092200756072998,0.011175621300935745,1.0,0.0,0.0,0.0,675.0,1.0,0.0
1774268468.746,1774268468.7456245,safe,0.7886133553268319,0.7886133553268319,0.21138664467316814,NORMAL,Stress level is low (EMA=0.18),0.05267414078116417,0.06654815375804901,0.873227596282959,0.007550068199634552,1.0,0.0,0.0,0.0,611.0,1.0,0.0
1774268468.796,1774268468.7957418,safe,0.7856778150862657,0.7856778150862657,0.21432218491373442,NORMAL,Stress level is low (EMA=0.19),0.056699082255363464,0.05029178410768509,0.885921835899353,0.007087233476340771,1.0,0.0,0.0,0.0,611.0,1.0,0.0
1774268468.845,1774268468.8453267,safe,0.7899602014196844,0.7899602014196844,0.21003979858031568,NORMAL,Stress level is low (EMA=0.20),0.08982869237661362,0.035005439072847366,0.8624957799911499,0.012670001946389675,1.0,0.0,0.0,0.0,611.0,1.0,0.0
1774268468.895,1774268468.8953383,safe,0.8280011469677693,0.8280011469677693,0.17199885303223073,NORMAL,Stress level is low (EMA=0.19),0.22664020955562592,0.05669785290956497,0.6983623504638672,0.01829949952661991,1.0,0.0,0.0,0.0,611.0,1.0,0.0
1774268468.945,1774268468.9454505,safe,0.8047738819391049,0.8047738819391049,0.19522611806089507,NORMAL,Stress level is low (EMA=0.19),0.14883296191692352,0.037724822759628296,0.8012937307357788,0.012148373760282993,1.0,0.0,0.0,0.0,611.0,1.0,0.0
1774268468.996,1774268468.9956193,safe,0.7954322491718054,0.7954322491718054,0.20456775082819456,NORMAL,Stress level is low (EMA=0.19),0.09819025546312332,0.04944407194852829,0.8442440629005432,0.008121519349515438,1.0,0.0,0.0,0.0,611.0,1.0,0.0
1774268469.045,1774268469.045053,safe,0.7989228148204641,0.7989228148204641,0.20107718517953588,NORMAL,Stress level is low (EMA=0.20),0.06712936609983444,0.09504898637533188,0.7985085248947144,0.03931303694844246,1.0,0.0,0.0,0.0,611.0,1.0,0.0
1774268469.096,1774268469.0957603,safe,0.805700032156522,0.805700032156522,0.19429996784347806,NORMAL,Stress level is low (EMA=0.20),0.046714261174201965,0.14370247721672058,0.7785646319389343,0.031018508598208427,1.0,0.0,0.0,0.0,611.0,1.0,0.0
1774268469.147,1774268469.1466372,safe,0.7988887945786074,0.7988887945786074,0.20111120542139257,NORMAL,Stress level is low (EMA=0.20),0.04926756024360657,0.11276904493570328,0.804940938949585,0.033022377640008926,1.0,0.0,0.0,0.0,611.0,1.0,0.0
1774268469.197,1774268469.1972966,safe,0.7912068874044018,0.7912068874044018,0.20879311259559824,NORMAL,Stress level is low (EMA=0.20),0.04625295475125313,0.08377569913864136,0.8466356992721558,0.02333555556833744,1.0,0.0,0.0,0.0,611.0,1.0,0.0
1774268469.249,1774268469.2490015,safe,0.7923410120505203,0.7923410120505203,0.20765898794947965,NORMAL,Stress level is low (EMA=0.20),0.07910137623548508,0.05565280839800835,0.8471936583518982,0.01805208995938301,1.0,0.0,0.0,0.0,611.0,1.0,0.0
1774268469.299,1774268469.2989104,safe,0.7883349089995942,0.7883349089995942,0.2116650910004058,NORMAL,Stress level is low (EMA=0.21),0.07022376358509064,0.04783831164240837,0.8665326833724976,0.015405144542455673,1.0,0.0,0.0,0.0,611.0,1.0,0.0
1774268469.350,1774268469.3496826,safe,0.7912129242700038,0.7912129242700038,0.20878707572999625,NORMAL,Stress level is low (EMA=0.21),0.08766248822212219,0.04239131882786751,0.8581129312515259,0.011833169497549534,1.0,0.0,0.0,0.0,611.0,1.0,0.0
1774268469.400,1774268469.4001117,safe,0.8557064926542293,0.8557064926542293,0.1442935073457707,NORMAL,Stress level is low (EMA=0.19),0.0780138224363327,0.3207632005214691,0.5870265364646912,0.014196394011378288,1.0,0.0,0.0,0.0,611.0,1.0,0.0
1774268469.451,1774268469.4508364,safe,0.8357980385144581,0.8357980385144581,0.16420196148554198,NORMAL,Stress level is low (EMA=0.18),0.05954412370920181,0.2562809884548187,0.4532586932182312,0.2309161126613617,1.0,0.0,0.0,0.0,611.0,1.0,0.0
1774268469.500,1774268469.4998643,safe,0.8225220088358334,0.8225220088358334,0.17747799116416665,NORMAL,Stress level is low (EMA=0.18),0.051500286906957626,0.20900802314281464,0.4020126461982727,0.3374789357185364,1.0,0.0,0.0,0.0,611.0,1.0,0.0
1774268469.553,1774268469.552769,safe,0.816257378735044,0.816257378735044,0.18374262126495594,NORMAL,Stress level is low (EMA=0.18),0.08599889278411865,0.14840680360794067,0.5254461765289307,0.24014803767204285,1.0,0.0,0.0,0.0,611.0,1.0,0.0
1774268469.602,1774268469.602355,safe,0.7988810452068553,0.7988810452068553,0.20111895479314468,NORMAL,Stress level is low (EMA=0.19),0.060588158667087555,0.10141614079475403,0.6603906154632568,0.17760497331619263,1.0,0.0,0.0,0.0,611.0,1.0,0.0
1774268469.651,1774268469.6514084,safe,0.7967677075483603,0.7967677075483603,0.2032322924516397,NORMAL,Stress level is low (EMA=0.19),0.08448930829763412,0.06870941817760468,0.7195102572441101,0.12729090452194214,1.0,0.0,0.0,0.0,611.0,1.0,0.0
1774268469.703,1774268469.7024808,safe,0.7916309986060507,0.7916309986060507,0.20836900139394932,NORMAL,Stress level is low (EMA=0.20),0.08568453788757324,0.046111252158880234,0.7835592031478882,0.08464492857456207,1.0,0.0,0.0,0.0,611.0,1.0,0.0
1774268469.755,1774268469.7550604,safe,0.7980090845720808,0.7980090845720808,0.20199091542791925,NORMAL,Stress level is low (EMA=0.20),0.12481485307216644,0.033556316047906876,0.7662590742111206,0.07536972314119339,1.0,0.0,0.0,0.0,610.0,1.0,0.0
1774268469.804,1774268469.8037734,safe,0.7962644653510457,0.7962644653510457,0.20373553464895428,NORMAL,Stress level is low (EMA=0.20),0.11957600712776184,0.03152590990066528,0.7903121113777161,0.05858592689037323,1.0,0.0,0.0,0.0,610.0,1.0,0.0
1774268469.855,1774268469.8553076,safe,0.8462898506139931,0.8462898506139931,0.15371014938600697,NORMAL,Stress level is low (EMA=0.19),0.32252582907676697,0.037015192210674286,0.5896862745285034,0.050772666931152344,1.0,0.0,0.0,0.0,610.0,1.0,0.0
1774268469.906,1774268469.9062319,safe,0.823729263342032,0.823729263342032,0.176270736657968,NORMAL,Stress level is low (EMA=0.18),0.2405514270067215,0.024987172335386276,0.6968328952789307,0.03762850910425186,1.0,0.0,0.0,0.0,610.0,1.0,0.0
1774268469.958,1774268469.9580047,safe,0.8121115141090046,0.8121115141090046,0.18788848589099538,NORMAL,Stress level is low (EMA=0.18),0.19806638360023499,0.01906491629779339,0.7325553894042969,0.05031329393386841,1.0,0.0,0.0,0.0,610.0,1.0,0.0
1774268470.008,1774268470.0083642,safe,0.8005878005961256,0.8005878005961256,0.19941219940387445,NORMAL,Stress level is low (EMA=0.19),0.1531120091676712,0.016003821045160294,0.6449811458587646,0.18590301275253296,1.0,0.0,0.0,0.0,610.0,1.0,0.0
1774268470.056,1774268470.0562737,safe,0.8021866788605455,0.8021866788605455,0.1978133211394545,NORMAL,Stress level is low (EMA=0.19),0.14920289814472198,0.026574905961751938,0.5796606540679932,0.24456149339675903,1.0,0.0,0.0,0.0,610.0,1.0,0.0
1774268470.109,1774268470.1089468,safe,0.7892677957022796,0.7892677957022796,0.2107322042977204,NORMAL,Stress level is low (EMA=0.20),0.10096893459558487,0.020980171859264374,0.7100541591644287,0.16799664497375488,1.0,0.0,0.0,0.0,610.0,1.0,0.0
1774268470.160,1774268470.1599398,safe,0.7881127568131648,0.7881127568131648,0.2118872431868352,NORMAL,Stress level is low (EMA=0.20),0.0966121032834053,0.020524337887763977,0.7168471813201904,0.16601628065109253,1.0,0.0,0.0,0.0,610.0,1.0,0.0
1774268470.210,1774268470.2096267,safe,0.7892416252000702,0.7892416252000702,0.21075837479992982,NORMAL,Stress level is low (EMA=0.20),0.10087248682975769,0.020967578515410423,0.7329095602035522,0.14525029063224792,1.0,0.0,0.0,0.0,610.0,1.0,0.0
1774268470.260,1774268470.2604444,safe,0.7895451785259857,0.7895451785259857,0.21045482147401434,NORMAL,Stress level is low (EMA=0.21),0.10596941411495209,0.017135465517640114,0.7496342658996582,0.12726078927516937,1.0,0.0,0.0,0.0,610.0,1.0,0.0
1774268470.310,1774268470.3100574,safe,0.7827213265943122,0.7827213265943122,0.2172786734056879,NORMAL,Stress level is low (EMA=0.21),0.08245542645454407,0.012216722592711449,0.8038008213043213,0.10152693092823029,1.0,0.0,0.0,0.0,610.0,1.0,0.0
1774268470.360,1774268470.3601203,safe,0.7845827275961421,0.7845827275961421,0.21541727240385794,NORMAL,Stress level is low (EMA=0.21),0.08152692764997482,0.02090107649564743,0.7326551079750061,0.16491682827472687,1.0,0.0,0.0,0.0,610.0,1.0,0.0
1774268470.411,1774268470.4113874,safe,0.7949898474564123,0.7949898474564123,0.20501015254358768,NORMAL,Stress level is low (EMA=0.21),0.12674877047538757,0.019042210653424263,0.6316547393798828,0.22255417704582214,1.0,0.0,0.0,0.0,610.0,1.0,0.0
1774268470.461,1774268470.4608312,safe,0.7883043365990983,0.7883043365990983,0.21169566340090173,NORMAL,Stress level is low (EMA=0.21),0.10131651908159256,0.016618192195892334,0.6627829074859619,0.219282329082489,1.0,0.0,0.0,0.0,610.0,1.0,0.0
1774268470.512,1774268470.511781,safe,0.7848100804452633,0.7848100804452633,0.21518991955473663,NORMAL,Stress level is low (EMA=0.21),0.08802764862775803,0.01534765213727951,0.6082236766815186,0.28840094804763794,1.0,0.0,0.0,0.0,610.0,1.0,0.0
1774268470.562,1774268470.5623362,safe,0.7779799768396459,0.7779799768396459,0.2220200231603541,NORMAL,Stress level is low (EMA=0.21),0.061518557369709015,0.013397987931966782,0.4354208707809448,0.4896625280380249,1.0,0.0,0.0,0.0,610.0,1.0,0.0
1774268470.612,1774268470.6122253,safe,0.7751974780892875,0.7751974780892875,0.2248025219107125,NORMAL,Stress level is low (EMA=0.22),0.04899165779352188,0.014331154525279999,0.426790714263916,0.5098864436149597,1.0,0.0,0.0,0.0,610.0,1.0,0.0
1774268470.662,1774268470.6623168,safe,0.8029201125712557,0.8029201125712557,0.19707988742874424,NORMAL,Stress level is low (EMA=0.21),0.16134889423847198,0.01748489774763584,0.43819427490234375,0.3829719126224518,1.0,0.0,0.0,0.0,610.0,1.0,0.0
1774268470.714,1774268470.7142496,safe,0.8020731534666218,0.8020731534666218,0.19792684653337822,NORMAL,Stress level is low (EMA=0.21),0.1610569953918457,0.01424778625369072,0.4799554944038391,0.3447396755218506,1.0,0.0,0.0,0.0,610.0,1.0,0.0
1774268470.765,1774268470.7648165,safe,0.846575331671597,0.846575331671597,0.15342466832840296,NORMAL,Stress level is low (EMA=0.19),0.33909258246421814,0.021637950092554092,0.3785974085330963,0.26067203283309937,1.0,0.0,0.0,0.0,610.0,1.0,0.0
1774268470.815,1774268470.815329,safe,0.8868265296293498,0.8868265296293498,0.11317347037065013,NORMAL,Stress level is low (EMA=0.17),0.5076397657394409,0.020804109051823616,0.2787263095378876,0.19282981753349304,1.0,0.0,0.0,0.0,610.0,1.0,0.0
1774268470.864,1774268470.8637664,safe,0.9169885029773259,0.9169885029773259,0.08301149702267412,NORMAL,Stress level is low (EMA=0.14),0.635367751121521,0.018750958144664764,0.1976737380027771,0.14820748567581177,1.0,0.0,0.0,0.0,610.0,1.0,0.0
1774268470.915,1774268470.9147997,safe,0.9409262213524977,0.9409262213524977,0.05907377864750231,NORMAL,Stress level is low (EMA=0.12),0.7342763543128967,0.0195828378200531,0.13983701169490814,0.10630372166633606,1.0,0.0,0.0,0.0,610.0,1.0,0.0
1774268470.966,1774268470.96553,safe,0.9597258709947648,0.9597258709947648,0.04027412900523517,NORMAL,Stress level is low (EMA=0.09),0.8023792505264282,0.029811786487698555,0.09524838626384735,0.07256047427654266,1.0,0.0,0.0,0.0,610.0,1.0,0.0
1774268471.016,1774268471.0158358,safe,0.9709856737016522,0.9709856737016522,0.029014326298347815,NORMAL,Stress level is low (EMA=0.07),0.8524938821792603,0.026612918823957443,0.0702051892876625,0.050687823444604874,1.0,0.0,0.0,0.0,610.0,1.0,0.0
1774268471.066,1774268471.0658782,safe,0.978976412660349,0.978976412660349,0.021023587339650984,NORMAL,Stress level is low (EMA=0.06),0.8897734880447388,0.022628137841820717,0.04962335526943207,0.037974920123815536,1.0,0.0,0.0,0.0,610.0,1.0,0.0
1774268471.116,1774268471.11625,safe,0.9830671748328572,0.9830671748328572,0.01693282516714276,NORMAL,Stress level is low (EMA=0.05),0.9014386534690857,0.02800779417157173,0.04033024236559868,0.030223190784454346,1.0,0.0,0.0,0.0,610.0,1.0,0.0
1774268471.167,1774268471.1667778,safe,0.9861347618580184,0.9861347618580184,0.013865238141981621,NORMAL,Stress level is low (EMA=0.04),0.8975608348846436,0.04466730356216431,0.0316024087369442,0.026169415563344955,1.0,0.0,0.0,0.0,610.0,1.0,0.0
1774268471.217,1774268471.217082,safe,0.9874926273242562,0.9874926273242562,0.012507372675743703,NORMAL,Stress level is low (EMA=0.03),0.9142275452613831,0.03365834057331085,0.027389448136091232,0.024724602699279785,1.0,0.0,0.0,0.0,610.0,1.0,0.0
1774268471.267,1774268471.2668812,safe,0.9875218765210396,0.9875218765210396,0.01247812347896044,NORMAL,Stress level is low (EMA=0.02),0.913702130317688,0.034305647015571594,0.02672351896762848,0.025268660858273506,1.0,0.0,0.0,0.0,610.0,1.0,0.0
1774268471.318,1774268471.3179991,safe,0.9901421415318508,0.9901421415318508,0.00985785846814919,NORMAL,Stress level is low (EMA=0.02),0.9320381283760071,0.026887379586696625,0.0220311488956213,0.01904325932264328,1.0,0.0,0.0,0.0,610.0,1.0,0.0
1774268471.369,1774268471.3688664,safe,0.9919769051816169,0.9919769051816169,0.008023094818383182,NORMAL,Stress level is low (EMA=0.02),0.9429911375045776,0.023579273372888565,0.018606992438435555,0.014822568744421005,1.0,0.0,0.0,0.0,610.0,1.0,0.0
1774268471.419,1774268471.4191377,safe,0.9941271112550557,0.9941271112550557,0.005872888744944338,NORMAL,Stress level is low (EMA=0.01),0.9560667276382446,0.019462935626506805,0.013432224281132221,0.01103814598172903,1.0,0.0,0.0,0.0,610.0,1.0,0.0
1774268471.471,1774268471.4714575,safe,0.9878098154059514,0.9878098154059514,0.012190184594048595,NORMAL,Stress level is low (EMA=0.01),0.9118947982788086,0.03731274604797363,0.029714927077293396,0.021077508106827736,1.0,0.0,0.0,0.0,610.0,1.0,0.0
1774268471.520,1774268471.5202222,safe,0.9911810708857889,0.9911810708857889,0.008818929114211099,NORMAL,Stress level is low (EMA=0.01),0.934390664100647,0.028863757848739624,0.02096981182694435,0.01577572524547577,1.0,0.0,0.0,0.0,610.0,1.0,0.0
1774268471.571,1774268471.5705116,safe,0.9883627498848584,0.9883627498848584,0.011637250115141558,NORMAL,Stress level is low (EMA=0.01),0.8456505537033081,0.10586085170507431,0.021790023893117905,0.026698516681790352,1.0,0.0,0.0,0.0,610.0,1.0,0.0
1774268471.622,1774268471.6216638,safe,0.9877033112191325,0.9877033112191325,0.012296688780867503,NORMAL,Stress level is low (EMA=0.01),0.814110517501831,0.1346532106399536,0.023065585643053055,0.028170615434646606,1.0,0.0,0.0,0.0,610.0,1.0,0.0
1774268471.673,1774268471.6727169,safe,0.9867711018924613,0.9867711018924613,0.013228898107538661,NORMAL,Stress level is low (EMA=0.01),0.8264172077178955,0.11846237629652023,0.029374688863754272,0.02574571967124939,1.0,0.0,0.0,0.0,610.0,1.0,0.0
1774268471.723,1774268471.7226985,safe,0.9474507007633926,0.9474507007633926,0.05254929923660741,NORMAL,Stress level is low (EMA=0.02),0.6947651505470276,0.08627942949533463,0.1681315153837204,0.05082389712333679,1.0,0.0,0.0,0.0,610.0,1.0,0.0
1774268471.776,1774268471.7759566,safe,0.9253043107024992,0.9253043107024992,0.07469568929750085,NORMAL,Stress level is low (EMA=0.04),0.5837419629096985,0.10502596199512482,0.14568431675434113,0.165547713637352,1.0,0.0,0.0,0.0,610.0,1.0,0.0
1774268471.825,1774268471.8249588,safe,0.9434796292691678,0.9434796292691678,0.05652037073083223,NORMAL,Stress level is low (EMA=0.04),0.5757448077201843,0.18875358998775482,0.11275815963745117,0.12274337559938431,1.0,0.0,0.0,0.0,610.0,1.0,0.0
1774268471.874,1774268471.874158,safe,0.9416384040927984,0.9416384040927984,0.058361595907201635,NORMAL,Stress level is low (EMA=0.05),0.528389036655426,0.228437602519989,0.1118796095252037,0.13129369914531708,1.0,0.0,0.0,0.0,610.0,1.0,0.0
1774268471.927,1774268471.9265437,safe,0.9194997591793451,0.9194997591793451,0.0805002408206549,NORMAL,Stress level is low (EMA=0.06),0.44061535596847534,0.22396692633628845,0.18712139129638672,0.1482962667942047,1.0,0.0,0.0,0.0,610.0,1.0,0.0
1774268471.977,1774268471.9772696,safe,0.9124771134547155,0.9124771134547155,0.08752288654528449,NORMAL,Stress level is low (EMA=0.07),0.45747536420822144,0.17784589529037476,0.20222289860248566,0.16245578229427338,1.0,0.0,0.0,0.0,610.0,1.0,0.0
1774268472.026,1774268472.0262012,safe,0.9334449079637747,0.9334449079637747,0.06655509203622531,NORMAL,Stress level is low (EMA=0.07),0.5958980321884155,0.12678907811641693,0.16041989624500275,0.1168929859995842,1.0,0.0,0.0,0.0,610.0,1.0,0.0
1774268472.077,1774268472.077072,safe,0.9276543621685781,0.9276543621685781,0.07234563783142191,NORMAL,Stress level is low (EMA=0.07),0.5936046838760376,0.10495512187480927,0.19021424651145935,0.1112259030342102,1.0,0.0,0.0,0.0,610.0,1.0,0.0
1774268472.128,1774268472.1281211,safe,0.9323314261078153,0.9323314261078153,0.06766857389218477,NORMAL,Stress level is low (EMA=0.07),0.6054975986480713,0.11254996061325073,0.1786823570728302,0.103270024061203,1.0,0.0,0.0,0.0,610.0,1.0,0.0
1774268472.177,1774268472.1772816,safe,0.9189952696427068,0.9189952696427068,0.08100473035729316,NORMAL,Stress level is low (EMA=0.07),0.5794925093650818,0.08298776298761368,0.2405218482017517,0.09699785709381104,1.0,0.0,0.0,0.0,610.0,1.0,0.0
1774268472.229,1774268472.2285056,safe,0.9137253449944857,0.9137253449944857,0.08627465500551437,NORMAL,Stress level is low (EMA=0.08),0.5760905742645264,0.06443166732788086,0.26079061627388,0.09868710488080978,1.0,0.0,0.0,0.0,610.0,1.0,0.0
1774268472.279,1774268472.278482,safe,0.9288946554263176,0.9288946554263176,0.07110534457368249,NORMAL,Stress level is low (EMA=0.07),0.6576673984527588,0.046060338616371155,0.22267648577690125,0.07359578460454941,1.0,0.0,0.0,0.0,610.0,1.0,0.0
1774268472.329,1774268472.329413,safe,0.9451525164009652,0.9451525164009652,0.054847483599034824,NORMAL,Stress level is low (EMA=0.07),0.7269506454467773,0.04451815038919449,0.16878795623779297,0.05974322184920311,1.0,0.0,0.0,0.0,610.0,1.0,0.0
1774268472.379,1774268472.379454,safe,0.9574961219968663,0.9574961219968663,0.04250387800313367,NORMAL,Stress level is low (EMA=0.06),0.7077401876449585,0.1151602640748024,0.12795278429985046,0.04914670065045357,1.0,0.0,0.0,0.0,610.0,1.0,0.0
1774268472.430,1774268472.4300876,safe,0.9691559162469883,0.9691559162469883,0.030844083753011772,NORMAL,Stress level is low (EMA=0.05),0.7770162224769592,0.0944666862487793,0.0912584662437439,0.03725854307413101,1.0,0.0,0.0,0.0,610.0,1.0,0.0
1774268472.479,1774268472.4791713,safe,0.9731389670319877,0.9731389670319877,0.026861032968012385,NORMAL,Stress level is low (EMA=0.04),0.7619425058364868,0.12613648176193237,0.06911326944828033,0.042807698249816895,1.0,0.0,0.0,0.0,610.0,1.0,0.0
1774268472.529,1774268472.5292575,safe,0.9739885974223285,0.9739885974223285,0.026011402577671525,NORMAL,Stress level is low (EMA=0.04),0.7337391376495361,0.15787994861602783,0.061964377760887146,0.04641646146774292,1.0,0.0,0.0,0.0,610.0,1.0,0.0
1774268472.580,1774268472.579502,safe,0.9807256623600832,0.9807256623600832,0.019274337639916834,NORMAL,Stress level is low (EMA=0.03),0.7539198398590088,0.16577036678791046,0.043273504823446274,0.03703623265028,1.0,0.0,0.0,0.0,610.0,1.0,0.0
1774268472.631,1774268472.6309881,safe,0.9835637169506395,0.9835637169506395,0.016436283049360567,NORMAL,Stress level is low (EMA=0.03),0.7524803876876831,0.1790349781513214,0.03606925904750824,0.032415248453617096,1.0,0.0,0.0,0.0,610.0,1.0,0.0
1774268472.680,1774268472.6804135,safe,0.9765114808113657,0.9765114808113657,0.023488519188634274,NORMAL,Stress level is low (EMA=0.03),0.7754347324371338,0.12669631838798523,0.06796182692050934,0.029906995594501495,1.0,0.0,0.0,0.0,610.0,1.0,0.0
1774268472.732,1774268472.731959,safe,0.9572937054141314,0.9572937054141314,0.04270629458586865,NORMAL,Stress level is low (EMA=0.03),0.7231815457344055,0.0988755002617836,0.14303947985172272,0.03490340709686279,1.0,0.0,0.0,0.0,610.0,1.0,0.0
1774268472.783,1774268472.7831817,safe,0.9396109970668911,0.9396109970668911,0.06038900293310891,NORMAL,Stress level is low (EMA=0.04),0.6775990724563599,0.07078003138303757,0.21092718839645386,0.04069364815950394,1.0,0.0,0.0,0.0,609.0,1.0,0.0
1774268472.834,1774268472.834124,safe,0.9441628558820443,0.9441628558820443,0.055837144117955706,NORMAL,Stress level is low (EMA=0.04),0.7101185917854309,0.05722658336162567,0.18567493557929993,0.04697982221841812,1.0,0.0,0.0,0.0,609.0,1.0,0.0
1774268472.884,1774268472.8836794,safe,0.9455133195651466,0.9455133195651466,0.054486680434853385,NORMAL,Stress level is low (EMA=0.05),0.6824127435684204,0.09055936336517334,0.182453915476799,0.044573910534381866,1.0,0.0,0.0,0.0,609.0,1.0,0.0
1774268472.933,1774268472.932652,safe,0.9424866989548217,0.9424866989548217,0.05751330104517821,NORMAL,Stress level is low (EMA=0.05),0.6689236164093018,0.09143757820129395,0.1864739954471588,0.05316475033760071,1.0,0.0,0.0,0.0,609.0,1.0,0.0
1774268472.983,1774268472.98292,safe,0.9520117226127478,0.9520117226127478,0.047988277387252185,NORMAL,Stress level is low (EMA=0.05),0.5307872295379639,0.26926156878471375,0.1484258621931076,0.051525287330150604,1.0,0.0,0.0,0.0,609.0,1.0,0.0
1774268473.035,1774268473.0352857,safe,0.9586690705419662,0.9586690705419662,0.04133092945803387,NORMAL,Stress level is low (EMA=0.05),0.5339323282241821,0.2938553988933563,0.11795330047607422,0.05425889790058136,1.0,0.0,0.0,0.0,609.0,1.0,0.0
1774268473.085,1774268473.0852256,safe,0.9604295571157615,0.9604295571157615,0.03957044288423845,NORMAL,Stress level is low (EMA=0.04),0.5931476354598999,0.24197541177272797,0.1131419762969017,0.05173485726118088,1.0,0.0,0.0,0.0,609.0,1.0,0.0
1774268473.137,1774268473.1368828,safe,0.9561408321402854,0.9561408321402854,0.04385916785971455,NORMAL,Stress level is low (EMA=0.04),0.5848599672317505,0.23239341378211975,0.11024154722690582,0.07250497490167618,1.0,0.0,0.0,0.0,609.0,1.0,0.0
1774268473.187,1774268473.1871834,safe,0.9606623859194413,0.9606623859194413,0.039337614080558636,NORMAL,Stress level is low (EMA=0.04),0.625070333480835,0.21102285385131836,0.08873704820871353,0.07516966760158539,1.0,0.0,0.0,0.0,609.0,1.0,0.0
1774268473.240,1774268473.2395701,safe,0.9673484035293433,0.9673484035293433,0.032651596470656755,NORMAL,Stress level is low (EMA=0.04),0.7205331921577454,0.14341838657855988,0.07762207090854645,0.05842623859643936,1.0,0.0,0.0,0.0,609.0,1.0,0.0
1774268473.288,1774268473.2882993,safe,0.9714930080996476,0.9714930080996476,0.028506991900352448,NORMAL,Stress level is low (EMA=0.04),0.7584913969039917,0.1227293387055397,0.06550047546625137,0.05327864736318588,1.0,0.0,0.0,0.0,609.0,1.0,0.0
1774268473.339,1774268473.3390234,safe,0.9738020307244686,0.9738020307244686,0.026197969275531408,NORMAL,Stress level is low (EMA=0.03),0.8058182001113892,0.08502345532178879,0.06585096567869186,0.04330722987651825,1.0,0.0,0.0,0.0,609.0,1.0,0.0
1774268473.390,1774268473.3902442,safe,0.9758940895061629,0.9758940895061629,0.024105910493837188,NORMAL,Stress level is low (EMA=0.03),0.8209918737411499,0.07856680452823639,0.0634331926703453,0.037008099257946014,1.0,0.0,0.0,0.0,609.0,1.0,0.0
1774268473.443,1774268473.4431124,safe,0.982471287117565,0.982471287117565,0.017528712882434967,NORMAL,Stress level is low (EMA=0.03),0.8727315068244934,0.0542321503162384,0.046192824840545654,0.02684347704052925,1.0,0.0,0.0,0.0,609.0,1.0,0.0
1774268473.499,1774268473.4990556,safe,0.9868811810405755,0.9868811810405755,0.013118818959424409,NORMAL,Stress level is low (EMA=0.02),0.8948848247528076,0.05045336112380028,0.03482532501220703,0.019836418330669403,1.0,0.0,0.0,0.0,609.0,1.0,0.0
1774268473.549,1774268473.5488932,safe,0.9882805858930405,0.9882805858930405,0.011719414106959508,NORMAL,Stress level is low (EMA=0.02),0.9053168296813965,0.045852180570364,0.031905397772789,0.016925491392612457,1.0,0.0,0.0,0.0,609.0,1.0,0.0
1774268473.596,1774268473.5962143,safe,0.9879128190347265,0.9879128190347265,0.012087180965273487,NORMAL,Stress level is low (EMA=0.02),0.9138082265853882,0.03582845255732536,0.037362389266490936,0.013000862672924995,1.0,0.0,0.0,0.0,609.0,1.0,0.0
1774268473.645,1774268473.6446986,safe,0.9870665180133927,0.9870665180133927,0.012933481986607232,NORMAL,Stress level is low (EMA=0.02),0.9135278463363647,0.03258253633975983,0.04241667687892914,0.01147282775491476,1.0,0.0,0.0,0.0,609.0,1.0,0.0
1774268473.694,1774268473.693979,safe,0.990858104991958,0.990858104991958,0.009141895008041996,NORMAL,Stress level is low (EMA=0.01),0.9391569495201111,0.022751744836568832,0.029914800077676773,0.008176427334547043,1.0,0.0,0.0,0.0,609.0,1.0,0.0
1774268473.745,1774268473.7453718,safe,0.9921083819053997,0.9921083819053997,0.007891618094600266,NORMAL,Stress level is low (EMA=0.01),0.9495752453804016,0.01754293404519558,0.024304458871483803,0.00857728160917759,1.0,0.0,0.0,0.0,610.0,1.0,0.0
1774268473.796,1774268473.7960994,safe,0.9933512995808793,0.9933512995808793,0.0066487004191206735,NORMAL,Stress level is low (EMA=0.01),0.9574233293533325,0.014873689040541649,0.01900431141257286,0.008698605932295322,1.0,0.0,0.0,0.0,610.0,1.0,0.0
1774268473.846,1774268473.8456519,safe,0.994056442273229,0.994056442273229,0.005943557726770981,NORMAL,Stress level is low (EMA=0.01),0.9636102914810181,0.011624814011156559,0.017303602769970894,0.007461220026016235,1.0,0.0,0.0,0.0,610.0,1.0,0.0
1774268473.896,1774268473.8960059,safe,0.9936383765858973,0.9936383765858973,0.0063616234141027255,NORMAL,Stress level is low (EMA=0.01),0.9626931548118591,0.01080000214278698,0.01881982386112213,0.007686939090490341,1.0,0.0,0.0,0.0,610.0,1.0,0.0
1774268473.946,1774268473.946213,safe,0.9897541684834473,0.9897541684834473,0.010245831516552627,NORMAL,Stress level is low (EMA=0.01),0.9472043514251709,0.010104604065418243,0.026300102472305298,0.016390860080718994,1.0,0.0,0.0,0.0,610.0,1.0,0.0
1774268473.997,1774268473.9966679,safe,0.9919934317240391,0.9919934317240391,0.008006568275960952,NORMAL,Stress level is low (EMA=0.01),0.9582704305648804,0.008368726819753647,0.021103035658597946,0.01225766260176897,1.0,0.0,0.0,0.0,610.0,1.0,0.0
1774268474.048,1774268474.0480738,safe,0.9900690483395463,0.9900690483395463,0.009930951660453682,NORMAL,Stress level is low (EMA=0.01),0.9510028958320618,0.007618006318807602,0.02555171400308609,0.015827247872948647,1.0,0.0,0.0,0.0,610.0,1.0,0.0
1774268474.098,1774268474.098376,safe,0.9891380232536368,0.9891380232536368,0.01086197674636324,NORMAL,Stress level is low (EMA=0.01),0.9479050636291504,0.006836521439254284,0.029453665018081665,0.01580456644296646,1.0,0.0,0.0,0.0,610.0,1.0,0.0
1774268474.149,1774268474.14897,safe,0.9882239284969022,0.9882239284969022,0.01177607150309773,NORMAL,Stress level is low (EMA=0.01),0.9381966590881348,0.012736220844089985,0.03451445326209068,0.014552506618201733,1.0,0.0,0.0,0.0,610.0,1.0,0.0
1774268474.200,1774268474.1996605,safe,0.9831797917533616,0.9831797917533616,0.016820208246638407,NORMAL,Stress level is low (EMA=0.01),0.9167038798332214,0.013211795128881931,0.05182896554470062,0.01825523003935814,1.0,0.0,0.0,0.0,610.0,1.0,0.0
1774268474.250,1774268474.2496006,safe,0.9656666218608589,0.9656666218608589,0.03433337813914102,NORMAL,Stress level is low (EMA=0.02),0.8287102580070496,0.028233904391527176,0.10559670627117157,0.03745902702212334,1.0,0.0,0.0,0.0,610.0,1.0,0.0
1774268474.301,1774268474.300754,safe,0.9161573320184797,0.9161573320184797,0.08384266798152036,NORMAL,Stress level is low (EMA=0.04),0.619871973991394,0.030783509835600853,0.3110220432281494,0.038322389125823975,1.0,0.0,0.0,0.0,610.0,1.0,0.0
1774268474.351,1774268474.3510187,safe,0.9252018840137924,0.9252018840137924,0.07479811598620757,NORMAL,Stress level is low (EMA=0.05),0.6520613431930542,0.03627978265285492,0.2714275121688843,0.04023129120469093,1.0,0.0,0.0,0.0,610.0,1.0,0.0
1774268474.402,1774268474.4020872,safe,0.9014146121939139,0.9014146121939139,0.0985853878060861,NORMAL,Stress level is low (EMA=0.06),0.5481606125831604,0.04106690734624863,0.35016632080078125,0.06060611829161644,1.0,0.0,0.0,0.0,610.0,1.0,0.0
1774268474.453,1774268474.4531581,safe,0.8596818385322669,0.8596818385322669,0.14031816146773307,NORMAL,Stress level is low (EMA=0.09),0.3797869384288788,0.03555402159690857,0.5268827676773071,0.05777622014284134,1.0,0.0,0.0,0.0,610.0,1.0,0.0
1774268474.504,1774268474.5042589,safe,0.8446803227621694,0.8446803227621694,0.15531967723783058,NORMAL,Stress level is low (EMA=0.11),0.31998205184936523,0.03285260125994682,0.5473299026489258,0.09983540326356888,1.0,0.0,0.0,0.0,610.0,1.0,0.0
1774268474.555,1774268474.5548174,safe,0.8229900968280759,0.8229900968280759,0.17700990317192414,NORMAL,Stress level is low (EMA=0.13),0.22526590526103973,0.03719280660152435,0.5084894895553589,0.22905175387859344,1.0,0.0,0.0,0.0,610.0,1.0,0.0
1774268474.607,1774268474.6066842,safe,0.8043588977453224,0.8043588977453224,0.1956411022546775,NORMAL,Stress level is low (EMA=0.15),0.15897992253303528,0.025848815217614174,0.6433702707290649,0.17180098593235016,1.0,0.0,0.0,0.0,610.0,1.0,0.0
1774268474.656,1774268474.6559434,safe,0.7912913732425316,0.7912913732425316,0.20870862675746832,NORMAL,Stress level is low (EMA=0.17),0.11035803705453873,0.020022686570882797,0.7213494777679443,0.14826980233192444,1.0,0.0,0.0,0.0,610.0,1.0,0.0
1774268474.707,1774268474.7068195,safe,0.7857051534470032,0.7857051534470032,0.2142948465529968,NORMAL,Stress level is low (EMA=0.18),0.09244325757026672,0.014661533758044243,0.7856690883636475,0.10722608864307404,1.0,0.0,0.0,0.0,610.0,1.0,0.0
1774268474.760,1774268474.7601304,safe,0.7875719223437259,0.7875719223437259,0.2124280776562741,NORMAL,Stress level is low (EMA=0.19),0.10002017021179199,0.014862803742289543,0.7426676750183105,0.1424492746591568,1.0,0.0,0.0,0.0,373.0,1.0,0.0
1774268474.808,1774268474.8079646,safe,0.779530517406237,0.779530517406237,0.22046948259376298,NORMAL,Stress level is low (EMA=0.20),0.06995613873004913,0.011420986615121365,0.7886497378349304,0.12997306883335114,1.0,0.0,0.0,0.0,373.0,1.0,0.0
1774268474.859,1774268474.8592098,safe,0.7792133851446614,0.7792133851446614,0.22078661485533857,NORMAL,Stress level is low (EMA=0.21),0.07083409279584885,0.009221634827554226,0.8119328022003174,0.10801137238740921,1.0,0.0,0.0,0.0,373.0,1.0,0.0
1774268474.909,1774268474.9086275,safe,0.7858993156642388,0.7858993156642388,0.21410068433576118,NORMAL,Stress level is low (EMA=0.21),0.0938391238451004,0.014074640348553658,0.8154429793357849,0.07664314657449722,1.0,0.0,0.0,0.0,373.0,1.0,0.0
1774268474.959,1774268474.9589946,safe,0.7916938125635179,0.7916938125635179,0.20830618743648205,NORMAL,Stress level is low (EMA=0.21),0.1185842901468277,0.01347322203218937,0.8092896938323975,0.05865271016955376,1.0,0.0,0.0,0.0,373.0,1.0,0.0
1774268475.012,1774268475.0118973,safe,0.80467801137188,0.80467801137188,0.19532198862812003,NORMAL,Stress level is low (EMA=0.20),0.17006240785121918,0.016095921397209167,0.7675755620002747,0.04626600816845894,1.0,0.0,0.0,0.0,373.0,1.0,0.0
1774268475.061,1774268475.0607326,safe,0.8057354793521878,0.8057354793521878,0.19426452064781213,NORMAL,Stress level is low (EMA=0.20),0.17540079355239868,0.015163639560341835,0.767331600189209,0.0421038419008255,1.0,0.0,0.0,0.0,373.0,1.0,0.0
1774268475.111,1774268475.110785,safe,0.7998588035559557,0.7998588035559557,0.20014119644404432,NORMAL,Stress level is low (EMA=0.20),0.1507231891155243,0.015355118550360203,0.7843354344367981,0.04958617687225342,1.0,0.0,0.0,0.0,373.0,1.0,0.0
1774268475.161,1774268475.1613808,safe,0.7879213573609936,0.7879213573609936,0.2120786426390065,NORMAL,Stress level is low (EMA=0.20),0.10576263815164566,0.010576296597719193,0.8113207817077637,0.07234016805887222,1.0,0.0,0.0,0.0,373.0,1.0,0.0
1774268475.211,1774268475.2114127,safe,0.7827126578045316,0.7827126578045316,0.21728734219546847,NORMAL,Stress level is low (EMA=0.21),0.08748504519462585,0.007150959223508835,0.853280782699585,0.05208306014537811,1.0,0.0,0.0,0.0,373.0,1.0,0.0
1774268475.262,1774268475.2622867,safe,0.7866185377809064,0.7866185377809064,0.21338146221909354,NORMAL,Stress level is low (EMA=0.21),0.10601002722978592,0.004900502972304821,0.8544291853904724,0.03466019034385681,1.0,0.0,0.0,0.0,373.0,1.0,0.0
1774268475.312,1774268475.3122947,safe,0.7880720218420812,0.7880720218420812,0.21192797815791875,NORMAL,Stress level is low (EMA=0.21),0.1128196120262146,0.0041471123695373535,0.86012864112854,0.022904563695192337,1.0,0.0,0.0,0.0,373.0,1.0,0.0
1774268475.363,1774268475.3630679,safe,0.7892338365810939,0.7892338365810939,0.2107661634189061,NORMAL,Stress level is low (EMA=0.21),0.11900736391544342,0.002800264162942767,0.8604350090026855,0.017757311463356018,1.0,0.0,0.0,0.0,373.0,1.0,0.0
1774268475.413,1774268475.4130893,safe,0.7835919024686195,0.7835919024686195,0.21640809753138046,NORMAL,Stress level is low (EMA=0.21),0.09616486728191376,0.0021346828434616327,0.8633372783660889,0.038363076746463776,1.0,0.0,0.0,0.0,373.0,1.0,0.0
1774268475.464,1774268475.46434,safe,0.7775100194752563,0.7775100194752563,0.2224899805247437,NORMAL,Stress level is low (EMA=0.22),0.0712762176990509,0.001682152971625328,0.8850276470184326,0.04201388359069824,1.0,0.0,0.0,0.0,373.0,1.0,0.0
1774268475.514,1774268475.513904,safe,0.7748390312768786,0.7748390312768786,0.22516096872312147,NORMAL,Stress level is low (EMA=0.22),0.059766970574855804,0.0020622932352125645,0.8907715678215027,0.047399092465639114,1.0,0.0,0.0,0.0,373.0,1.0,0.0
1774268475.565,1774268475.5653095,safe,0.7732056943644215,0.7732056943644215,0.22679430563557848,NORMAL,Stress level is low (EMA=0.22),0.05335107818245888,0.0016726116882637143,0.8955169916152954,0.04945923388004303,1.0,0.0,0.0,0.0,373.0,1.0,0.0
1774268475.616,1774268475.616298,safe,0.8098745636827795,0.8098745636827795,0.19012543631722045,NORMAL,Stress level is low (EMA=0.21),0.20360791683197021,0.004202745389193296,0.7542848587036133,0.037904441356658936,1.0,0.0,0.0,0.0,373.0,1.0,0.0
1774268475.667,1774268475.6666543,safe,0.7939677935984003,0.7939677935984003,0.20603220640159964,NORMAL,Stress level is low (EMA=0.21),0.1384827196598053,0.003049725666642189,0.7423340678215027,0.1161334291100502,1.0,0.0,0.0,0.0,373.0,1.0,0.0
1774268475.717,1774268475.7169108,safe,0.8249901194772371,0.8249901194772371,0.17500988052276295,NORMAL,Stress level is low (EMA=0.20),0.25644147396087646,0.014350643381476402,0.6508175730705261,0.0783902257680893,1.0,0.0,0.0,0.0,373.0,1.0,0.0
1774268475.772,1774268475.771622,safe,0.8044163092956699,0.8044163092956699,0.19558369070433013,NORMAL,Stress level is low (EMA=0.20),0.17400948703289032,0.011058425530791283,0.6719372272491455,0.14299477636814117,1.0,0.0,0.0,0.0,107.0,1.0,0.0
1774268475.820,1774268475.8196757,safe,0.799037230515898,0.799037230515898,0.2009627694841019,NORMAL,Stress level is low (EMA=0.20),0.15154892206192017,0.011106187477707863,0.6984759569168091,0.13886889815330505,1.0,0.0,0.0,0.0,107.0,1.0,0.0
1774268475.871,1774268475.870816,safe,0.811704199626899,0.811704199626899,0.18829580037310104,NORMAL,Stress level is low (EMA=0.20),0.19976529479026794,0.015668829903006554,0.6686704158782959,0.11589538305997849,1.0,0.0,0.0,0.0,107.0,1.0,0.0
1774268475.921,1774268475.9209354,safe,0.8531270105764989,0.8531270105764989,0.14687298942350113,NORMAL,Stress level is low (EMA=0.18),0.3548511862754822,0.03317798674106598,0.5090328454971313,0.10293792188167572,1.0,0.0,0.0,0.0,107.0,1.0,0.0
1774268475.973,1774268475.9724822,safe,0.8824869098098099,0.8824869098098099,0.11751309019019003,NORMAL,Stress level is low (EMA=0.16),0.48336389660835266,0.026998169720172882,0.40818944573402405,0.08144840598106384,1.0,0.0,0.0,0.0,107.0,1.0,0.0
1774268476.022,1774268476.0222647,safe,0.9129694013340821,0.9129694013340821,0.08703059866591792,NORMAL,Stress level is low (EMA=0.14),0.6052056550979614,0.03216681256890297,0.29091501235961914,0.07171247154474258,1.0,0.0,0.0,0.0,107.0,1.0,0.0
1774268476.074,1774268476.0735636,safe,0.9284649745433766,0.9284649745433766,0.07153502545662338,NORMAL,Stress level is low (EMA=0.12),0.6694296598434448,0.032507672905921936,0.225527822971344,0.07253476977348328,1.0,0.0,0.0,0.0,107.0,1.0,0.0
1774268476.125,1774268476.1248386,safe,0.9278155403609564,0.9278155403609564,0.07218445963904364,NORMAL,Stress level is low (EMA=0.11),0.6703388094902039,0.02889251708984375,0.2410578578710556,0.059710703790187836,1.0,0.0,0.0,0.0,107.0,1.0,0.0
1774268476.175,1774268476.1754866,safe,0.943678248744337,0.943678248744337,0.056321751255662945,NORMAL,Stress level is low (EMA=0.09),0.7440359592437744,0.021289953961968422,0.18694208562374115,0.04773185774683952,1.0,0.0,0.0,0.0,107.0,1.0,0.0
1774268476.225,1774268476.2248843,safe,0.9486913289683816,0.9486913289683816,0.05130867103161843,NORMAL,Stress level is low (EMA=0.08),0.7658350467681885,0.0203787200152874,0.17112700641155243,0.042659107595682144,1.0,0.0,0.0,0.0,107.0,1.0,0.0
1774268476.277,1774268476.2767136,safe,0.964292749622033,0.964292749622033,0.03570725037796696,NORMAL,Stress level is low (EMA=0.07),0.835008978843689,0.01621069759130478,0.11840349435806274,0.030376704409718513,1.0,0.0,0.0,0.0,107.0,1.0,0.0
1774268476.327,1774268476.3271425,safe,0.9357734618572644,0.9357734618572644,0.06422653814273555,NORMAL,Stress level is low (EMA=0.07),0.7124302387237549,0.01995912939310074,0.1948074847459793,0.0728030800819397,1.0,0.0,0.0,0.0,107.0,1.0,0.0
1774268476.378,1774268476.377923,safe,0.9090426162739339,0.9090426162739339,0.09095738372606614,NORMAL,Stress level is low (EMA=0.07),0.5977462530136108,0.023264577612280846,0.2877616882324219,0.09122738987207413,1.0,0.0,0.0,0.0,107.0,1.0,0.0
1774268476.428,1774268476.4283564,safe,0.9020912474421462,0.9020912474421462,0.09790875255785385,NORMAL,Stress level is low (EMA=0.08),0.5731077194213867,0.018939075991511345,0.29355835914611816,0.11439475417137146,1.0,0.0,0.0,0.0,107.0,1.0,0.0
1774268476.479,1774268476.4786174,safe,0.9088508497153047,0.9088508497153047,0.09114915028469528,NORMAL,Stress level is low (EMA=0.08),0.6023432016372681,0.017868585884571075,0.2876608669757843,0.0921272337436676,1.0,0.0,0.0,0.0,107.0,1.0,0.0
1774268476.529,1774268476.5288835,safe,0.9177307111849268,0.9177307111849268,0.08226928881507328,NORMAL,Stress level is low (EMA=0.08),0.64130699634552,0.015904244035482407,0.21854014694690704,0.12424854189157486,1.0,0.0,0.0,0.0,107.0,1.0,0.0
1774268476.579,1774268476.5789645,safe,0.8917127779900084,0.8917127779900084,0.1082872220099916,NORMAL,Stress level is low (EMA=0.09),0.5054823756217957,0.04332078993320465,0.18276074528694153,0.2684359848499298,1.0,0.0,0.0,0.0,107.0,1.0,0.0
1774268476.629,1774268476.6287477,safe,0.9073311800061694,0.9073311800061694,0.09266881999383061,NORMAL,Stress level is low (EMA=0.09),0.5237163305282593,0.09016352891921997,0.17194761335849762,0.21417245268821716,1.0,0.0,0.0,0.0,107.0,1.0,0.0
1774268476.680,1774268476.679762,safe,0.9287623457057332,0.9287623457057332,0.07123765429426675,NORMAL,Stress level is low (EMA=0.09),0.49036937952041626,0.21280699968338013,0.15167386829853058,0.14514967799186707,1.0,0.0,0.0,0.0,107.0,1.0,0.0
1774268476.731,1774268476.7310352,safe,0.9512998332664296,0.9512998332664296,0.0487001667335704,NORMAL,Stress level is low (EMA=0.07),0.4032306969165802,0.3938518762588501,0.10739681124687195,0.09552054107189178,1.0,0.0,0.0,0.0,107.0,1.0,0.0
1774268476.782,1774268476.7821267,safe,0.9504503519188692,0.9504503519188692,0.04954964808113087,NORMAL,Stress level is low (EMA=0.07),0.33472609519958496,0.4588170051574707,0.1401176154613495,0.06633924692869186,1.0,0.0,0.0,0.0,123.0,1.0,0.0
1774268476.832,1774268476.8324542,safe,0.9500842259113105,0.9500842259113105,0.04991577408868954,NORMAL,Stress level is low (EMA=0.06),0.24925431609153748,0.5427632331848145,0.16187511384487152,0.04610726982355118,1.0,0.0,0.0,0.0,123.0,1.0,0.0
1774268476.884,1774268476.883513,safe,0.9391780525968497,0.9391780525968497,0.060821947403150334,NORMAL,Stress level is low (EMA=0.06),0.24381181597709656,0.5027633905410767,0.22032827138900757,0.03309650719165802,1.0,0.0,0.0,0.0,123.0,1.0,0.0
1774268476.934,1774268476.9340608,safe,0.9261206726207047,0.9261206726207047,0.0738793273792953,NORMAL,Stress level is low (EMA=0.07),0.27010098099708557,0.4220685064792633,0.2821670472621918,0.02566348761320114,1.0,0.0,0.0,0.0,123.0,1.0,0.0
1774268476.984,1774268476.9840539,safe,0.921438403701511,0.921438403701511,0.07856159629848904,NORMAL,Stress level is low (EMA=0.07),0.2483651489019394,0.4242948889732361,0.30772435665130615,0.01961563341319561,1.0,0.0,0.0,0.0,123.0,1.0,0.0
1774268477.034,1774268477.0339348,safe,0.9216944084091735,0.9216944084091735,0.07830559159082656,NORMAL,Stress level is low (EMA=0.07),0.28603890538215637,0.3876878023147583,0.3074800968170166,0.018793202936649323,1.0,0.0,0.0,0.0,123.0,1.0,0.0
1774268477.085,1774268477.0850937,safe,0.9313080342068702,0.9313080342068702,0.06869196579312972,NORMAL,Stress level is low (EMA=0.07),0.30238860845565796,0.411394864320755,0.26923686265945435,0.016979660838842392,1.0,0.0,0.0,0.0,123.0,1.0,0.0
1774268477.136,1774268477.1357849,safe,0.9233322676047421,0.9233322676047421,0.07666773239525793,NORMAL,Stress level is low (EMA=0.07),0.27377957105636597,0.4067715108394623,0.30401402711868286,0.015434850007295609,1.0,0.0,0.0,0.0,123.0,1.0,0.0
1774268477.186,1774268477.1861274,safe,0.9204297901521672,0.9204297901521672,0.07957020984783283,NORMAL,Stress level is low (EMA=0.07),0.34874218702316284,0.3197152316570282,0.311946839094162,0.019595691934227943,1.0,0.0,0.0,0.0,123.0,1.0,0.0
1774268477.237,1774268477.2373955,safe,0.9250533100523788,0.9250533100523788,0.0749466899476212,NORMAL,Stress level is low (EMA=0.07),0.3915490210056305,0.2961730360984802,0.29624372720718384,0.01603413186967373,1.0,0.0,0.0,0.0,123.0,1.0,0.0
1774268477.288,1774268477.2881298,safe,0.9424360568607307,0.9424360568607307,0.0575639431392693,NORMAL,Stress level is low (EMA=0.07),0.465202659368515,0.2949475049972534,0.22764605283737183,0.012203698046505451,1.0,0.0,0.0,0.0,123.0,1.0,0.0
1774268477.338,1774268477.3382225,safe,0.9568092054696078,0.9568092054696078,0.04319079453039227,NORMAL,Stress level is low (EMA=0.06),0.6048388481140137,0.21519944071769714,0.17027609050273895,0.009685545228421688,1.0,0.0,0.0,0.0,123.0,1.0,0.0
1774268477.388,1774268477.3884594,safe,0.9638659066575528,0.9638659066575528,0.03613409334244722,NORMAL,Stress level is low (EMA=0.05),0.6778962016105652,0.17154502868652344,0.1411762535572052,0.009382463991641998,1.0,0.0,0.0,0.0,123.0,1.0,0.0
1774268477.439,1774268477.4390697,safe,0.9638553495660215,0.9638553495660215,0.03614465043397851,NORMAL,Stress level is low (EMA=0.05),0.7080003023147583,0.1413969248533249,0.1404382288455963,0.010164475068449974,1.0,0.0,0.0,0.0,123.0,1.0,0.0
1774268477.490,1774268477.4899137,safe,0.9513696104777912,0.9513696104777912,0.0486303895222088,NORMAL,Stress level is low (EMA=0.05),0.6948094964027405,0.10256382822990417,0.1896025538444519,0.013024061918258667,1.0,0.0,0.0,0.0,123.0,1.0,0.0
1774268477.540,1774268477.540231,safe,0.9623079887900957,0.9623079887900957,0.0376920112099043,NORMAL,Stress level is low (EMA=0.05),0.7739313244819641,0.06901854276657104,0.1458406001329422,0.011209437623620033,1.0,0.0,0.0,0.0,123.0,1.0,0.0
1774268477.591,1774268477.5908463,safe,0.9216871524232123,0.9216871524232123,0.07831284757678769,NORMAL,Stress level is low (EMA=0.06),0.5815895199775696,0.09210687130689621,0.31548529863357544,0.010818214155733585,1.0,0.0,0.0,0.0,123.0,1.0,0.0
1774268477.642,1774268477.6419864,safe,0.900562292478039,0.900562292478039,0.09943770752196096,NORMAL,Stress level is low (EMA=0.07),0.510749101638794,0.07492703199386597,0.4067780673503876,0.007545685861259699,1.0,0.0,0.0,0.0,123.0,1.0,0.0
1774268477.694,1774268477.693687,safe,0.8749897879192934,0.8749897879192934,0.12501021208070667,NORMAL,Stress level is low (EMA=0.09),0.4008152484893799,0.07830879837274551,0.5157691836357117,0.005106668453663588,1.0,0.0,0.0,0.0,123.0,1.0,0.0
1774268477.745,1774268477.7447355,safe,0.9066040573086531,0.9066040573086531,0.0933959426913469,NORMAL,Stress level is low (EMA=0.09),0.46652811765670776,0.14432205259799957,0.38569891452789307,0.003450825810432434,1.0,0.0,0.0,0.0,154.0,1.0,0.0
1774268477.797,1774268477.7967196,safe,0.8689675488140747,0.8689675488140747,0.1310324511859254,NORMAL,Stress level is low (EMA=0.10),0.3474437892436981,0.10658761858940125,0.5436693429946899,0.00229918141849339,1.0,0.0,0.0,0.0,154.0,1.0,0.0
1774268477.846,1774268477.8463368,safe,0.8398540822439987,0.8398540822439987,0.1601459177560013,NORMAL,Stress level is low (EMA=0.12),0.2506542205810547,0.08207103610038757,0.665655255317688,0.0016193445771932602,1.0,0.0,0.0,0.0,154.0,1.0,0.0
1774268477.896,1774268477.8963246,safe,0.8261510402471546,0.8261510402471546,0.1738489597528454,NORMAL,Stress level is low (EMA=0.14),0.19291327893733978,0.08271598815917969,0.7224966287612915,0.0018739851657301188,1.0,0.0,0.0,0.0,154.0,1.0,0.0
1774268477.947,1774268477.946545,safe,0.8059856449556675,0.8059856449556675,0.19401435504433256,NORMAL,Stress level is low (EMA=0.15),0.12912040948867798,0.06248638406395912,0.8069320917129517,0.001460997387766838,1.0,0.0,0.0,0.0,154.0,1.0,0.0
1774268477.997,1774268477.9973063,safe,0.7939645200168407,0.7939645200168407,0.20603547998315933,NORMAL,Stress level is low (EMA=0.17),0.08538953959941864,0.056129250675439835,0.8572771549224854,0.001203965861350298,1.0,0.0,0.0,0.0,154.0,1.0,0.0
1774268478.048,1774268478.047812,safe,0.7888873050647697,0.7888873050647697,0.21111269493523036,NORMAL,Stress level is low (EMA=0.18),0.060665808618068695,0.059697896242141724,0.8785122632980347,0.0011238915612921119,1.0,0.0,0.0,0.0,154.0,1.0,0.0
1774268478.098,1774268478.0980887,safe,0.7933002578424094,0.7933002578424094,0.20669974215759057,NORMAL,Stress level is low (EMA=0.19),0.041729819029569626,0.0970212072134018,0.860191822052002,0.0010570521699264646,1.0,0.0,0.0,0.0,154.0,1.0,0.0
1774268478.148,1774268478.1483407,safe,0.7826484635740241,0.7826484635740241,0.217351536425976,NORMAL,Stress level is low (EMA=0.20),0.028627121821045876,0.06574144214391708,0.9048135280609131,0.0008178329444490373,1.0,0.0,0.0,0.0,154.0,1.0,0.0
1774268478.199,1774268478.1990979,safe,0.7758455744676068,0.7758455744676068,0.22415442553239318,NORMAL,Stress level is low (EMA=0.21),0.022101568058133125,0.043921589851379395,0.9333778619766235,0.0005988230695948005,1.0,0.0,0.0,0.0,154.0,1.0,0.0
1774268478.249,1774268478.249317,safe,0.7706741141800351,0.7706741141800351,0.22932588581996494,NORMAL,Stress level is low (EMA=0.21),0.015214293263852596,0.029261142015457153,0.9550751447677612,0.00044932510354556143,1.0,0.0,0.0,0.0,154.0,1.0,0.0
1774268478.300,1774268478.300418,safe,0.7672013144220767,0.7672013144220767,0.23279868557792327,NORMAL,Stress level is low (EMA=0.22),0.010805279016494751,0.019200144335627556,0.9695742130279541,0.00042023585410788655,1.0,0.0,0.0,0.0,154.0,1.0,0.0
1774268478.349,1774268478.3487153,safe,0.7649006080432359,0.7649006080432359,0.23509939195676416,NORMAL,Stress level is low (EMA=0.22),0.007386217825114727,0.01303294487297535,0.9790785312652588,0.0005022151162847877,1.0,0.0,0.0,0.0,154.0,1.0,0.0
1774268478.400,1774268478.4002485,safe,0.7635623377020512,0.7635623377020512,0.23643766229794883,NORMAL,Stress level is low (EMA=0.23),0.004995689261704683,0.009847356006503105,0.9845070838928223,0.0006498011643998325,1.0,0.0,0.0,0.0,154.0,1.0,0.0
1774268478.451,1774268478.450626,safe,0.7694409358919294,0.7694409358919294,0.23055906410807056,NORMAL,Stress level is low (EMA=0.23),0.0057646422646939754,0.033572565764188766,0.9554600119590759,0.0052027213387191296,1.0,0.0,0.0,0.0,154.0,1.0,0.0
1774268478.502,1774268478.5017846,safe,0.7864479567049432,0.7864479567049432,0.2135520432950568,NORMAL,Stress level is low (EMA=0.22),0.037229571491479874,0.07297022640705109,0.8776944875717163,0.012105667963624,1.0,0.0,0.0,0.0,154.0,1.0,0.0
1774268478.556,1774268478.556142,safe,0.7782734003484851,0.7782734003484851,0.22172659965151495,NORMAL,Stress level is low (EMA=0.22),0.0249542947858572,0.05118482559919357,0.9145736694335938,0.009287103079259396,1.0,0.0,0.0,0.0,154.0,1.0,0.0
1774268478.619,1774268478.6192617,safe,0.7802789600926723,0.7802789600926723,0.21972103990732778,NORMAL,Stress level is low (EMA=0.22),0.019014563411474228,0.06548106670379639,0.9046084880828857,0.010895799845457077,1.0,0.0,0.0,0.0,154.0,1.0,0.0
1774268478.668,1774268478.6681316,safe,0.7771033717661009,0.7771033717661009,0.22289662823389916,NORMAL,Stress level is low (EMA=0.22),0.015294216573238373,0.05596977472305298,0.9197560548782349,0.00897982344031334,1.0,0.0,0.0,0.0,154.0,1.0,0.0
1774268478.715,1774268478.7153702,safe,0.7804159677391512,0.7804159677391512,0.21958403226084877,NORMAL,Stress level is low (EMA=0.22),0.031810954213142395,0.05325553938746452,0.9085686206817627,0.006364800035953522,1.0,0.0,0.0,0.0,154.0,1.0,0.0
1774268478.765,1774268478.7646601,safe,0.807392077593839,0.807392077593839,0.19260792240616093,NORMAL,Stress level is low (EMA=0.21),0.08956951647996902,0.10789740830659866,0.797004222869873,0.005528726615011692,1.0,0.0,0.0,0.0,292.0,1.0,0.0
1774268478.815,1774268478.815236,safe,0.8594513408994683,0.8594513408994683,0.1405486591005317,NORMAL,Stress level is low (EMA=0.19),0.14635156095027924,0.26802894473075867,0.5818758010864258,0.0037435677368193865,1.0,0.0,0.0,0.0,292.0,1.0,0.0
1774268478.862,1774268478.862418,safe,0.8981305012398209,0.8981305012398209,0.10186949876017909,NORMAL,Stress level is low (EMA=0.16),0.19720031321048737,0.3783433437347412,0.42188405990600586,0.002572151366621256,1.0,0.0,0.0,0.0,292.0,1.0,0.0
1774268478.908,1774268478.9077604,safe,0.9306303838634014,0.9306303838634014,0.06936961613659863,NORMAL,Stress level is low (EMA=0.14),0.1825706958770752,0.5283891558647156,0.28725844621658325,0.0017816040199249983,1.0,0.0,0.0,0.0,292.0,1.0,0.0
1774268478.955,1774268478.9552834,safe,0.9483837903829141,0.9483837903829141,0.05161620961708594,NORMAL,Stress level is low (EMA=0.11),0.22949650883674622,0.555435836315155,0.2138097733259201,0.0012577497400343418,1.0,0.0,0.0,0.0,292.0,1.0,0.0
1774268479.006,1774268479.005566,safe,0.9577315314765217,0.9577315314765217,0.04226846852347834,NORMAL,Stress level is low (EMA=0.09),0.2103416919708252,0.6135395765304565,0.1751329004764557,0.0009857050608843565,1.0,0.0,0.0,0.0,292.0,1.0,0.0
1774268479.059,1774268479.0590029,safe,0.9409334009319413,0.9409334009319413,0.0590665990680587,NORMAL,Stress level is low (EMA=0.08),0.1709863245487213,0.582902729511261,0.24478502571582794,0.0013257835526019335,1.0,0.0,0.0,0.0,292.0,1.0,0.0
1774268479.107,1774268479.1065724,safe,0.9465808844005482,0.9465808844005482,0.05341911559945181,NORMAL,Stress level is low (EMA=0.07),0.13176411390304565,0.6456561088562012,0.22111517190933228,0.0014644565526396036,1.0,0.0,0.0,0.0,292.0,1.0,0.0
1774268479.158,1774268479.1575987,safe,0.9565383019282256,0.9565383019282256,0.04346169807177433,NORMAL,Stress level is low (EMA=0.06),0.08623416721820831,0.732675313949585,0.1796598732471466,0.0014305219519883394,1.0,0.0,0.0,0.0,292.0,1.0,0.0
1774268479.209,1774268479.2088692,safe,0.9431591004898394,0.9431591004898394,0.05684089951016054,NORMAL,Stress level is low (EMA=0.06),0.06239963322877884,0.7007632255554199,0.2344994992017746,0.0023375721648335457,1.0,0.0,0.0,0.0,292.0,1.0,0.0
1774268479.258,1774268479.2580497,safe,0.9505171844049416,0.9505171844049416,0.049482815595058405,NORMAL,Stress level is low (EMA=0.06),0.041095070540905,0.7527264356613159,0.20410846173763275,0.0020699230954051018,1.0,0.0,0.0,0.0,292.0,1.0,0.0
1774268479.310,1774268479.3095973,safe,0.962571330974134,0.962571330974134,0.037428669025866,NORMAL,Stress level is low (EMA=0.05),0.027395926415920258,0.8166512250900269,0.15449684858322144,0.0014559327391907573,1.0,0.0,0.0,0.0,292.0,1.0,0.0
1774268479.361,1774268479.3608398,safe,0.8984978339722663,0.8984978339722663,0.10150216602773364,NORMAL,Stress level is low (EMA=0.07),0.017884938046336174,0.5591893196105957,0.42178574204444885,0.001139932544901967,1.0,0.0,0.0,0.0,292.0,1.0,0.0
1774268479.412,1774268479.4114954,safe,0.8516176017088668,0.8516176017088668,0.14838239829113317,NORMAL,Stress level is low (EMA=0.09),0.011733734048902988,0.3700062334537506,0.6174330115318298,0.0008269579848274589,1.0,0.0,0.0,0.0,292.0,1.0,0.0
1774268479.461,1774268479.4610128,safe,0.8214132296700745,0.8214132296700745,0.17858677032992554,NORMAL,Stress level is low (EMA=0.12),0.007757252082228661,0.2481311857700348,0.7435561418533325,0.0005553857772611082,1.0,0.0,0.0,0.0,292.0,1.0,0.0
1774268479.510,1774268479.5099468,safe,0.806948601349117,0.806948601349117,0.19305139865088305,NORMAL,Stress level is low (EMA=0.14),0.005273482296615839,0.1903456747531891,0.8038927316665649,0.00048808183055371046,1.0,0.0,0.0,0.0,292.0,1.0,0.0
1774268479.560,1774268479.560111,safe,0.8211252120111435,0.8211252120111435,0.1788747879888565,NORMAL,Stress level is low (EMA=0.15),0.005156675353646278,0.24953168630599976,0.7447671890258789,0.0005444100243039429,1.0,0.0,0.0,0.0,292.0,1.0,0.0
1774268479.611,1774268479.6111913,safe,0.8294323469242019,0.8294323469242019,0.17056765307579813,NORMAL,Stress level is low (EMA=0.16),0.006200188770890236,0.2831012010574341,0.7094419002532959,0.00125661282800138,1.0,0.0,0.0,0.0,292.0,1.0,0.0
1774268479.663,1774268479.662791,safe,0.8211923247087691,0.8211923247087691,0.17880767529123093,NORMAL,Stress level is low (EMA=0.16),0.004945990163832903,0.2500219941139221,0.7440906763076782,0.0009412755025550723,1.0,0.0,0.0,0.0,292.0,1.0,0.0
1774268479.713,1774268479.7132037,safe,0.8493188391654448,0.8493188391654448,0.15068116083455524,NORMAL,Stress level is low (EMA=0.16),0.004680072423070669,0.36748170852661133,0.6262321472167969,0.0016059933695942163,1.0,0.0,0.0,0.0,292.0,1.0,0.0
1774268479.764,1774268479.764201,safe,0.8357041764752584,0.8357041764752584,0.1642958235247416,NORMAL,Stress level is low (EMA=0.16),0.01181796658784151,0.3036160469055176,0.6833864450454712,0.0011794478632509708,1.0,0.0,0.0,0.0,279.0,1.0,0.0
1774268479.815,1774268479.814673,safe,0.8217900456708781,0.8217900456708781,0.1782099543291219,NORMAL,Stress level is low (EMA=0.17),0.008226331323385239,0.24923211336135864,0.7410039901733398,0.0015374227659776807,1.0,0.0,0.0,0.0,279.0,1.0,0.0
1774268479.864,1774268479.8643086,safe,0.8061330029039925,0.8061330029039925,0.1938669970960076,NORMAL,Stress level is low (EMA=0.17),0.005494411569088697,0.18672636151313782,0.8055211305618286,0.0022579559590667486,1.0,0.0,0.0,0.0,279.0,1.0,0.0
1774268479.916,1774268479.9155157,safe,0.8126619375730171,0.8126619375730171,0.18733806242698292,NORMAL,Stress level is low (EMA=0.18),0.004665968008339405,0.2147587239742279,0.7775866985321045,0.0029885193798691034,1.0,0.0,0.0,0.0,279.0,1.0,0.0
1774268479.966,1774268479.9655693,safe,0.8077512140753709,0.8077512140753709,0.19224878592462913,NORMAL,Stress level is low (EMA=0.18),0.0037381774745881557,0.19522517919540405,0.7981802821159363,0.0028562932275235653,1.0,0.0,0.0,0.0,279.0,1.0,0.0
1774268480.020,1774268480.0199873,safe,0.806271732564729,0.806271732564729,0.19372826743527108,NORMAL,Stress level is low (EMA=0.19),0.0029124736320227385,0.18988639116287231,0.8046445846557617,0.0025565100368112326,1.0,0.0,0.0,0.0,279.0,1.0,0.0
1774268480.068,1774268480.0675483,safe,0.8156113974451646,0.8156113974451646,0.18438860255483536,NORMAL,Stress level is low (EMA=0.19),0.003320363350212574,0.2283937633037567,0.7652801275253296,0.0030056913383305073,1.0,0.0,0.0,0.0,279.0,1.0,0.0
1774268480.117,1774268480.1173515,safe,0.8056148820890572,0.8056148820890572,0.19438511791094282,NORMAL,Stress level is low (EMA=0.19),0.0027563530020415783,0.18730559945106506,0.8052935600280762,0.004644378088414669,1.0,0.0,0.0,0.0,279.0,1.0,0.0
1774268480.167,1774268480.1669917,safe,0.7967357149456578,0.7967357149456578,0.20326428505434221,NORMAL,Stress level is low (EMA=0.19),0.002664481056854129,0.15040095150470734,0.8407424688339233,0.006192004308104515,1.0,0.0,0.0,0.0,279.0,1.0,0.0
1774268480.218,1774268480.2179382,safe,0.7936559697446403,0.7936559697446403,0.2063440302553597,NORMAL,Stress level is low (EMA=0.20),0.002806206699460745,0.1374269723892212,0.8543350696563721,0.00543169304728508,1.0,0.0,0.0,0.0,279.0,1.0,0.0
1774268480.269,1774268480.269376,safe,0.831020348324912,0.831020348324912,0.168979651675088,NORMAL,Stress level is low (EMA=0.19),0.0025026630610227585,0.2934153974056244,0.6994928121566772,0.004589027725160122,1.0,0.0,0.0,0.0,279.0,1.0,0.0
1774268480.320,1774268480.319529,safe,0.8206822666624912,0.8206822666624912,0.17931773333750878,NORMAL,Stress level is low (EMA=0.19),0.0042403265833854675,0.24860240519046783,0.7428345084190369,0.004322676453739405,1.0,0.0,0.0,0.0,279.0,1.0,0.0
1774268480.371,1774268480.3709457,safe,0.8064668944599306,0.8064668944599306,0.19353310554006942,NORMAL,Stress level is low (EMA=0.19),0.0031454970594495535,0.1904665231704712,0.8015545010566711,0.004833401180803776,1.0,0.0,0.0,0.0,279.0,1.0,0.0
1774268480.420,1774268480.4203722,safe,0.7996475788249434,0.7996475788249434,0.20035242117505658,NORMAL,Stress level is low (EMA=0.19),0.0026839051861315966,0.16251428425312042,0.8296958208084106,0.005105878226459026,1.0,0.0,0.0,0.0,279.0,1.0,0.0
1774268480.471,1774268480.4710426,safe,0.8029839739919828,0.8029839739919828,0.1970160260080172,NORMAL,Stress level is low (EMA=0.19),0.0027176099829375744,0.17638221383094788,0.8118795156478882,0.009020526893436909,1.0,0.0,0.0,0.0,279.0,1.0,0.0
1774268480.522,1774268480.5224295,safe,0.851258134393372,0.851258134393372,0.14874186560662803,NORMAL,Stress level is low (EMA=0.18),0.0025251407641917467,0.377716988325119,0.6132748126983643,0.00648290291428566,1.0,0.0,0.0,0.0,279.0,1.0,0.0
1774268480.574,1774268480.573708,safe,0.8844398199726966,0.8844398199726966,0.11556018002730338,NORMAL,Stress level is low (EMA=0.16),0.002653406234458089,0.515845775604248,0.4766785502433777,0.004822172224521637,1.0,0.0,0.0,0.0,279.0,1.0,0.0
1774268480.625,1774268480.625004,safe,0.9055367582708111,0.9055367582708111,0.09446324172918891,NORMAL,Stress level is low (EMA=0.14),0.002453901804983616,0.6039491891860962,0.3899197578430176,0.003677061526104808,1.0,0.0,0.0,0.0,279.0,1.0,0.0
1774268480.676,1774268480.6760523,safe,0.875365146459756,0.875365146459756,0.124634853540244,NORMAL,Stress level is low (EMA=0.14),0.0023748748935759068,0.4783132076263428,0.5160074234008789,0.0033044537995010614,1.0,0.0,0.0,0.0,279.0,1.0,0.0
1774268480.727,1774268480.7273955,safe,0.8538694366069823,0.8538694366069823,0.1461305633930177,NORMAL,Stress level is low (EMA=0.14),0.0023051074240356684,0.38881751894950867,0.605187714099884,0.0036896183155477047,1.0,0.0,0.0,0.0,279.0,1.0,0.0
1774268480.778,1774268480.7776635,safe,0.8881613829414852,0.8881613829414852,0.11183861705851486,NORMAL,Stress level is low (EMA=0.13),0.0020832503214478493,0.531922459602356,0.4632684290409088,0.00272578839212656,1.0,0.0,0.0,0.0,294.0,1.0,0.0
1774268480.826,1774268480.8261998,safe,0.8524475656346573,0.8524475656346573,0.1475524343653428,NORMAL,Stress level is low (EMA=0.14),0.002465762197971344,0.3827323913574219,0.611596941947937,0.0032048465218394995,1.0,0.0,0.0,0.0,294.0,1.0,0.0
1774268480.877,1774268480.8766725,safe,0.8234014211554779,0.8234014211554779,0.17659857884452215,NORMAL,Stress level is low (EMA=0.15),0.002583129098638892,0.2615894377231598,0.7327044010162354,0.003122993977740407,1.0,0.0,0.0,0.0,294.0,1.0,0.0
1774268480.926,1774268480.925886,safe,0.8366360310753534,0.8366360310753534,0.1633639689246466,NORMAL,Stress level is low (EMA=0.15),0.014703800901770592,0.3046129643917084,0.6686726808547974,0.012010501697659492,1.0,0.0,0.0,0.0,294.0,1.0,0.0
1774268480.978,1774268480.977873,safe,0.8479821735582129,0.8479821735582129,0.15201782644178707,NORMAL,Stress level is low (EMA=0.15),0.013522855937480927,0.3530694842338562,0.620314359664917,0.013093220070004463,1.0,0.0,0.0,0.0,294.0,1.0,0.0
1774268481.027,1774268481.0274189,safe,0.8979911338304287,0.8979911338304287,0.10200886616957122,NORMAL,Stress level is low (EMA=0.14),0.010007249191403389,0.5649557709693909,0.4164808392524719,0.008556090295314789,1.0,0.0,0.0,0.0,294.0,1.0,0.0
1774268481.077,1774268481.0773323,safe,0.851143924749151,0.851143924749151,0.14885607525084898,NORMAL,Stress level is low (EMA=0.14),0.010723887011408806,0.36904242634773254,0.6085131764411926,0.01172044686973095,1.0,0.0,0.0,0.0,294.0,1.0,0.0
1774268481.128,1774268481.127736,safe,0.8203736147544496,0.8203736147544496,0.1796263852455504,NORMAL,Stress level is low (EMA=0.15),0.010406878776848316,0.24114981293678284,0.7307639718055725,0.01767927035689354,1.0,0.0,0.0,0.0,294.0,1.0,0.0
1774268481.179,1774268481.1788752,safe,0.8474916999186594,0.8474916999186594,0.1525083000813407,NORMAL,Stress level is low (EMA=0.15),0.025958489626646042,0.33859020471572876,0.6233339905738831,0.012117225676774979,1.0,0.0,0.0,0.0,294.0,1.0,0.0
1774268481.229,1774268481.2292473,safe,0.8176884268316702,0.8176884268316702,0.18231157316832977,NORMAL,Stress level is low (EMA=0.16),0.019294794648885727,0.22107356786727905,0.7517318725585938,0.007899613119661808,1.0,0.0,0.0,0.0,294.0,1.0,0.0
1774268481.279,1774268481.2785864,safe,0.8112516022586622,0.8112516022586622,0.18874839774133784,NORMAL,Stress level is low (EMA=0.17),0.013118593953549862,0.20042967796325684,0.7812023758888245,0.005249218083918095,1.0,0.0,0.0,0.0,294.0,1.0,0.0
1774268481.329,1774268481.3284929,safe,0.7973006104947596,0.7973006104947596,0.20269938950524036,NORMAL,Stress level is low (EMA=0.18),0.008557392284274101,0.1468617469072342,0.8410643339157104,0.0035163825377821922,1.0,0.0,0.0,0.0,294.0,1.0,0.0
1774268481.379,1774268481.3792217,safe,0.7855187770652268,0.7855187770652268,0.2144812229347732,NORMAL,Stress level is low (EMA=0.19),0.005576829891651869,0.1007513478398323,0.8913469314575195,0.0023247613571584225,1.0,0.0,0.0,0.0,294.0,1.0,0.0
1774268481.429,1774268481.4291968,safe,0.7776952825851843,0.7776952825851843,0.22230471741481575,NORMAL,Stress level is low (EMA=0.20),0.0036417983938008547,0.07008848339319229,0.9247077703475952,0.0015618075849488378,1.0,0.0,0.0,0.0,294.0,1.0,0.0
1774268481.480,1774268481.4803011,safe,0.7727501387882785,0.7727501387882785,0.22724986121172153,NORMAL,Stress level is low (EMA=0.21),0.0024279511999338865,0.05069757625460625,0.9458322525024414,0.0010421023471280932,1.0,0.0,0.0,0.0,294.0,1.0,0.0
1774268481.531,1774268481.5307095,safe,0.7683566002402431,0.7683566002402431,0.2316433997597569,NORMAL,Stress level is low (EMA=0.22),0.0015852745855227113,0.03323383629322052,0.9644973278045654,0.0006834263913333416,1.0,0.0,0.0,0.0,294.0,1.0,0.0
1774268481.581,1774268481.5808697,safe,0.7654918895642959,0.7654918895642959,0.23450811043570413,NORMAL,Stress level is low (EMA=0.22),0.0010552600724622607,0.021827561780810356,0.9766632318496704,0.0004538222274277359,1.0,0.0,0.0,0.0,294.0,1.0,0.0
1774268481.633,1774268481.6332548,safe,0.7638533396655772,0.7638533396655772,0.2361466603344228,NORMAL,Stress level is low (EMA=0.23),0.0007471592980436981,0.0153083810582757,0.9836280345916748,0.00031632353784516454,1.0,0.0,0.0,0.0,294.0,1.0,0.0
1774268481.682,1774268481.6823826,safe,0.7625775293419044,0.7625775293419044,0.2374224706580956,NORMAL,Stress level is low (EMA=0.23),0.0006300507811829448,0.010109646245837212,0.9886853694915771,0.0005749124102294445,1.0,0.0,0.0,0.0,294.0,1.0,0.0
1774268481.733,1774268481.7330196,safe,0.7660819191106595,0.7660819191106595,0.23391808088934055,NORMAL,Stress level is low (EMA=0.23),0.01780758611857891,0.0075337206944823265,0.8442980051040649,0.13036063313484192,1.0,0.0,0.0,0.0,294.0,1.0,0.0
1774268481.784,1774268481.7837956,safe,0.7652756026172431,0.7652756026172431,0.23472439738275686,NORMAL,Stress level is low (EMA=0.23),0.016925806179642677,0.005055828485637903,0.8864415884017944,0.09157667309045792,1.0,0.0,0.0,0.0,292.0,1.0,0.0
1774268481.834,1774268481.8335161,safe,0.8088582647326364,0.8088582647326364,0.1911417352673636,NORMAL,Stress level is low (EMA=0.22),0.013659458607435226,0.18991659581661224,0.7356786131858826,0.0607452392578125,1.0,0.0,0.0,0.0,292.0,1.0,0.0
1774268481.886,1774268481.8854914,safe,0.7938458149226653,0.7938458149226653,0.2061541850773347,NORMAL,Stress level is low (EMA=0.22),0.010515306144952774,0.1305088847875595,0.817483127117157,0.04149260371923447,1.0,0.0,0.0,0.0,292.0,1.0,0.0
1774268481.936,1774268481.9357347,safe,0.8176748888721502,0.8176748888721502,0.1823251111278498,NORMAL,Stress level is low (EMA=0.21),0.011283832602202892,0.22902816534042358,0.7320514917373657,0.027636438608169556,1.0,0.0,0.0,0.0,292.0,1.0,0.0
1774268481.986,1774268481.9856713,safe,0.8288687493826553,0.8288687493826553,0.1711312506173447,NORMAL,Stress level is low (EMA=0.20),0.008174990303814411,0.278778076171875,0.6949794888496399,0.01806734688580036,1.0,0.0,0.0,0.0,292.0,1.0,0.0
1774268482.037,1774268482.036487,safe,0.8722554465120047,0.8722554465120047,0.12774455348799538,NORMAL,Stress level is low (EMA=0.17),0.00692314188927412,0.46080783009529114,0.5203214883804321,0.011947458609938622,1.0,0.0,0.0,0.0,292.0,1.0,0.0
1774268482.088,1774268482.087499,safe,0.8501986142185352,0.8501986142185352,0.1498013857814649,NORMAL,Stress level is low (EMA=0.17),0.00758921867236495,0.36823830008506775,0.6163565516471863,0.007815864868462086,1.0,0.0,0.0,0.0,292.0,1.0,0.0
1774268482.141,1774268482.1408672,safe,0.8528918961276705,0.8528918961276705,0.1471081038723295,NORMAL,Stress level is low (EMA=0.16),0.006714219227433205,0.3803353011608124,0.607622504234314,0.005327901337295771,1.0,0.0,0.0,0.0,292.0,1.0,0.0
1774268482.190,1774268482.1894913,safe,0.8413736955805687,0.8413736955805687,0.15862630441943126,NORMAL,Stress level is low (EMA=0.16),0.0062489937990903854,0.3328080177307129,0.6557940244674683,0.005148875527083874,1.0,0.0,0.0,0.0,292.0,1.0,0.0
1774268482.240,1774268482.240154,safe,0.8240530316619499,0.8240530316619499,0.1759469683380501,NORMAL,Stress level is low (EMA=0.17),0.004958930891007185,0.2619286775588989,0.7296435832977295,0.0034687663428485394,1.0,0.0,0.0,0.0,292.0,1.0,0.0
1774268482.290,1774268482.2903082,safe,0.8387757034615976,0.8387757034615976,0.1612242965384025,NORMAL,Stress level is low (EMA=0.16),0.00435277633368969,0.32387930154800415,0.6691152453422546,0.002652643481269479,1.0,0.0,0.0,0.0,292.0,1.0,0.0
1774268482.341,1774268482.3405046,safe,0.8321139347360175,0.8321139347360175,0.16788606526398253,NORMAL,Stress level is low (EMA=0.17),0.019755536690354347,0.28071919083595276,0.6965258121490479,0.002999459393322468,1.0,0.0,0.0,0.0,292.0,1.0,0.0
1774268482.391,1774268482.3909643,safe,0.8667305062708028,0.8667305062708028,0.13326949372919716,NORMAL,Stress level is low (EMA=0.16),0.24000141024589539,0.2047090381383896,0.5512081980705261,0.004081361927092075,1.0,0.0,0.0,0.0,292.0,1.0,0.0
1774268482.442,1774268482.4415922,safe,0.9126959127584122,0.9126959127584122,0.08730408724158778,NORMAL,Stress level is low (EMA=0.14),0.16408315300941467,0.4721497893333435,0.36089518666267395,0.0028718358371406794,1.0,0.0,0.0,0.0,292.0,1.0,0.0
1774268482.493,1774268482.493373,safe,0.9310400813101725,0.9310400813101725,0.06895991868982758,NORMAL,Stress level is low (EMA=0.12),0.12559980154037476,0.5870671272277832,0.28100264072418213,0.006330337841063738,1.0,0.0,0.0,0.0,292.0,1.0,0.0
1774268482.545,1774268482.545313,safe,0.9276230395565328,0.9276230395565328,0.07237696044346728,NORMAL,Stress level is low (EMA=0.10),0.08508431911468506,0.6133449673652649,0.29347243905067444,0.008098219521343708,1.0,0.0,0.0,0.0,292.0,1.0,0.0
1774268482.594,1774268482.5942852,safe,0.9453480890901763,0.9453480890901763,0.054651910909823666,NORMAL,Stress level is low (EMA=0.09),0.0641891360282898,0.7080944776535034,0.2201591432094574,0.007557137869298458,1.0,0.0,0.0,0.0,292.0,1.0,0.0
1774268482.645,1774268482.6453292,safe,0.958728090453697,0.958728090453697,0.04127190954630294,NORMAL,Stress level is low (EMA=0.07),0.04608429595828056,0.7819494009017944,0.16389185190200806,0.008074436336755753,1.0,0.0,0.0,0.0,292.0,1.0,0.0
1774268482.696,1774268482.6956484,safe,0.9713137252800604,0.9713137252800604,0.028686274719939522,NORMAL,Stress level is low (EMA=0.06),0.03127367049455643,0.8492001295089722,0.11362257599830627,0.005903564393520355,1.0,0.0,0.0,0.0,292.0,1.0,0.0
1774268482.746,1774268482.7464108,safe,0.9743883663336017,0.9743883663336017,0.025611633666398254,NORMAL,Stress level is low (EMA=0.05),0.10788074135780334,0.7854040861129761,0.10157510638237,0.005140031687915325,1.0,0.0,0.0,0.0,291.0,1.0,0.0
1774268482.796,1774268482.7964127,safe,0.9789216188448229,0.9789216188448229,0.02107838115517716,NORMAL,Stress level is low (EMA=0.04),0.20070935785770416,0.711463987827301,0.08356215804815292,0.004264426417648792,1.0,0.0,0.0,0.0,291.0,1.0,0.0
1774268482.847,1774268482.8471384,safe,0.9815045886381915,0.9815045886381915,0.01849541136180857,NORMAL,Stress level is low (EMA=0.03),0.16794085502624512,0.7549948692321777,0.0723765417933464,0.004687669221311808,1.0,0.0,0.0,0.0,291.0,1.0,0.0
1774268482.896,1774268482.895677,safe,0.9776771503659915,0.9776771503659915,0.022322849634008546,NORMAL,Stress level is low (EMA=0.03),0.1299991011619568,0.7769889831542969,0.0851774513721466,0.00783441960811615,1.0,0.0,0.0,0.0,291.0,1.0,0.0
1774268482.946,1774268482.9463506,safe,0.9753855706127117,0.9753855706127117,0.024614429387288358,NORMAL,Stress level is low (EMA=0.03),0.11360474675893784,0.7838350534439087,0.09529849141836166,0.007261625956743956,1.0,0.0,0.0,0.0,291.0,1.0,0.0
1774268482.996,1774268482.9964757,safe,0.976369656107362,0.976369656107362,0.02363034389263796,NORMAL,Stress level is low (EMA=0.03),0.1241513192653656,0.7773888111114502,0.09169702976942062,0.006762729957699776,1.0,0.0,0.0,0.0,291.0,1.0,0.0
1774268483.049,1774268483.0493193,safe,0.9825038463649329,0.9825038463649329,0.01749615363506707,NORMAL,Stress level is low (EMA=0.02),0.11416645348072052,0.8129328489303589,0.06716518849134445,0.005735449027270079,1.0,0.0,0.0,0.0,291.0,1.0,0.0
1774268483.099,1774268483.0988576,safe,0.9857198211446626,0.9857198211446626,0.01428017885533735,NORMAL,Stress level is low (EMA=0.02),0.11286544799804688,0.8276337385177612,0.055082760751247406,0.004417981952428818,1.0,0.0,0.0,0.0,291.0,1.0,0.0
1774268483.148,1774268483.1484275,safe,0.9888069771061188,0.9888069771061188,0.01119302289388119,NORMAL,Stress level is low (EMA=0.02),0.13128182291984558,0.8220804929733276,0.04323667660355568,0.0034009162336587906,1.0,0.0,0.0,0.0,291.0,1.0,0.0
1774268483.200,1774268483.1996133,safe,0.9896608405524523,0.9896608405524523,0.010339159447547768,NORMAL,Stress level is low (EMA=0.02),0.15339018404483795,0.8035298585891724,0.03994463384151459,0.0031351938378065825,1.0,0.0,0.0,0.0,291.0,1.0,0.0
1774268483.251,1774268483.2510288,safe,0.9916648281120655,0.9916648281120655,0.008335171887934516,NORMAL,Stress level is low (EMA=0.01),0.17210105061531067,0.7931690216064453,0.0318603441119194,0.0028695377986878157,1.0,0.0,0.0,0.0,291.0,1.0,0.0
1774268483.301,1774268483.3013232,safe,0.9902614499668173,0.9902614499668173,0.009738550033182702,NORMAL,Stress level is low (EMA=0.01),0.16431519389152527,0.7951074838638306,0.03763823211193085,0.0029390589334070683,1.0,0.0,0.0,0.0,291.0,1.0,0.0
1774268483.351,1774268483.3507886,safe,0.9564379636959442,0.9564379636959442,0.04356203630405578,NORMAL,Stress level is low (EMA=0.02),0.11177381873130798,0.7067176103591919,0.15651890635490417,0.024989567697048187,1.0,0.0,0.0,0.0,291.0,1.0,0.0
1774268483.401,1774268483.4006534,safe,0.9406471168303332,0.9406471168303332,0.05935288316966675,NORMAL,Stress level is low (EMA=0.03),0.12850278615951538,0.6241934895515442,0.22848525643348694,0.018818415701389313,1.0,0.0,0.0,0.0,291.0,1.0,0.0
1774268483.450,1774268483.4501712,safe,0.9601393649166883,0.9601393649166883,0.03986063508331173,NORMAL,Stress level is low (EMA=0.04),0.10669362545013428,0.727220356464386,0.1531333029270172,0.012952672317624092,1.0,0.0,0.0,0.0,291.0,1.0,0.0
1774268483.501,1774268483.5007465,safe,0.973662108732944,0.973662108732944,0.02633789126705599,NORMAL,Stress level is low (EMA=0.03),0.07850270718336105,0.8117560148239136,0.10103201866149902,0.008709190413355827,1.0,0.0,0.0,0.0,291.0,1.0,0.0
1774268483.551,1774268483.551341,safe,0.9824956692110238,0.9824956692110238,0.017504330788976185,NORMAL,Stress level is low (EMA=0.03),0.06019110232591629,0.866874098777771,0.06662669032812119,0.006308017298579216,1.0,0.0,0.0,0.0,291.0,1.0,0.0
1774268483.602,1774268483.602378,safe,0.9879984930488459,0.9879984930488459,0.012001506951154138,NORMAL,Stress level is low (EMA=0.02),0.048843592405319214,0.9011500477790833,0.04509217292070389,0.004914103541523218,1.0,0.0,0.0,0.0,291.0,1.0,0.0
1774268483.657,1774268483.6567886,safe,0.9921099794970893,0.9921099794970893,0.00789002050291065,NORMAL,Stress level is low (EMA=0.02),0.03450140357017517,0.9326233863830566,0.029609136283397675,0.003265946637839079,1.0,0.0,0.0,0.0,291.0,1.0,0.0
1774268483.713,1774268483.713307,safe,0.9937386621906427,0.9937386621906427,0.0062613378093573134,NORMAL,Stress level is low (EMA=0.01),0.0329478457570076,0.9409631490707397,0.023280061781406403,0.002808844204992056,1.0,0.0,0.0,0.0,291.0,1.0,0.0
1774268483.764,1774268483.7635307,safe,0.9955188670178945,0.9955188670178945,0.00448113298210551,NORMAL,Stress level is low (EMA=0.01),0.024010414257645607,0.9573180675506592,0.016246497631072998,0.00242488831281662,1.0,0.0,0.0,0.0,294.0,1.0,0.0
1774268483.812,1774268483.8120568,safe,0.9959280511361175,0.9959280511361175,0.0040719488638824635,NORMAL,Stress level is low (EMA=0.01),0.017692260444164276,0.9653412103652954,0.011906368657946587,0.005060084164142609,1.0,0.0,0.0,0.0,294.0,1.0,0.0
1774268483.859,1774268483.8590648,safe,0.9946566201142277,0.9946566201142277,0.00534337988577229,NORMAL,Stress level is low (EMA=0.01),0.033975984901189804,0.9437597990036011,0.015996528789401054,0.006267552264034748,1.0,0.0,0.0,0.0,294.0,1.0,0.0
1774268483.908,1774268483.9075577,safe,0.9875770857966775,0.9875770857966775,0.012422914203322534,NORMAL,Stress level is low (EMA=0.01),0.05330802500247955,0.8949297070503235,0.043501224368810654,0.008260914124548435,1.0,0.0,0.0,0.0,294.0,1.0,0.0
1774268483.958,1774268483.9576998,safe,0.9914792447448085,0.9914792447448085,0.008520755255191447,NORMAL,Stress level is low (EMA=0.01),0.056262217462062836,0.9082344770431519,0.02985711395740509,0.005646029487252235,1.0,0.0,0.0,0.0,294.0,1.0,0.0
1774268484.009,1774268484.0090723,safe,0.9908115539961024,0.9908115539961024,0.009188446003897585,NORMAL,Stress level is low (EMA=0.01),0.09171714633703232,0.8699975609779358,0.03375096619129181,0.0045342231169342995,1.0,0.0,0.0,0.0,294.0,1.0,0.0
1774268484.059,1774268484.0589542,safe,0.9888745453636169,0.9888745453636169,0.011125454636383128,NORMAL,Stress level is low (EMA=0.01),0.13608533143997192,0.8175585269927979,0.041760507971048355,0.004595550708472729,1.0,0.0,0.0,0.0,294.0,1.0,0.0
1774268484.109,1774268484.1091251,safe,0.9872563428045947,0.9872563428045947,0.01274365719540529,NORMAL,Stress level is low (EMA=0.01),0.18720132112503052,0.7597000598907471,0.04958252236247063,0.003516047727316618,1.0,0.0,0.0,0.0,294.0,1.0,0.0
1774268484.160,1774268484.1599045,safe,0.9828791689713242,0.9828791689713242,0.01712083102867584,NORMAL,Stress level is low (EMA=0.01),0.20919212698936462,0.7194710373878479,0.0664336159825325,0.004903178196400404,1.0,0.0,0.0,0.0,294.0,1.0,0.0
1774268484.211,1774268484.2112865,safe,0.9852687323447894,0.9852687323447894,0.014731267655210599,NORMAL,Stress level is low (EMA=0.01),0.2856220602989197,0.652997612953186,0.05691847950220108,0.004461800679564476,1.0,0.0,0.0,0.0,294.0,1.0,0.0
1774268484.261,1774268484.2610645,safe,0.9830232241557858,0.9830232241557858,0.01697677584421424,NORMAL,Stress level is low (EMA=0.01),0.35613587498664856,0.5731275081634521,0.06652595102787018,0.004210612736642361,1.0,0.0,0.0,0.0,294.0,1.0,0.0
1774268484.311,1774268484.3114772,safe,0.9661586350909614,0.9661586350909614,0.0338413649090386,NORMAL,Stress level is low (EMA=0.02),0.3185204863548279,0.5404737591743469,0.13584715127944946,0.005158529616892338,1.0,0.0,0.0,0.0,294.0,1.0,0.0
1774268484.362,1774268484.3615193,safe,0.9688810797728638,0.9688810797728638,0.0311189202271362,NORMAL,Stress level is low (EMA=0.02),0.3045896887779236,0.5657480955123901,0.12356921285390854,0.006092950701713562,1.0,0.0,0.0,0.0,294.0,1.0,0.0
1774268484.412,1774268484.4118257,safe,0.9702604278063521,0.9702604278063521,0.02973957219364789,NORMAL,Stress level is low (EMA=0.03),0.3098508417606354,0.5662342309951782,0.11695139855146408,0.00696348212659359,1.0,0.0,0.0,0.0,294.0,1.0,0.0
1774268484.463,1774268484.4629378,safe,0.9702635867984756,0.9702635867984756,0.029736413201524467,NORMAL,Stress level is low (EMA=0.03),0.24562378227710724,0.6304744482040405,0.11813996732234955,0.005761750508099794,1.0,0.0,0.0,0.0,294.0,1.0,0.0
1774268484.513,1774268484.5132678,safe,0.9395111576877812,0.9395111576877812,0.060488842312218884,NORMAL,Stress level is low (EMA=0.04),0.1999858021736145,0.5479772686958313,0.24573203921318054,0.006304788403213024,1.0,0.0,0.0,0.0,294.0,1.0,0.0
1774268484.563,1774268484.5634062,safe,0.9396292673647112,0.9396292673647112,0.06037073263528878,NORMAL,Stress level is low (EMA=0.04),0.2399505376815796,0.5085046291351318,0.24609169363975525,0.005453005433082581,1.0,0.0,0.0,0.0,294.0,1.0,0.0
1774268484.613,1774268484.613379,safe,0.958302099970604,0.958302099970604,0.04169790002939598,NORMAL,Stress level is low (EMA=0.04),0.19697356224060059,0.6292850971221924,0.1696292608976364,0.004111978691071272,1.0,0.0,0.0,0.0,294.0,1.0,0.0
1774268484.664,1774268484.6644301,safe,0.9682364099742121,0.9682364099742121,0.03176359002578792,NORMAL,Stress level is low (EMA=0.04),0.19889438152313232,0.6687572002410889,0.12760935723781586,0.004738923627883196,1.0,0.0,0.0,0.0,294.0,1.0,0.0
1774268484.714,1774268484.7136655,safe,0.9759083191828631,0.9759083191828631,0.024091680817136852,NORMAL,Stress level is low (EMA=0.04),0.24653500318527222,0.6530829071998596,0.09605094790458679,0.0043310499750077724,1.0,0.0,0.0,0.0,294.0,1.0,0.0
1774268484.766,1774268484.766301,safe,0.98249359130717,0.98249359130717,0.017506408692830037,NORMAL,Stress level is low (EMA=0.03),0.1873183399438858,0.7397382259368896,0.06768626719713211,0.005257099401205778,1.0,0.0,0.0,0.0,304.0,1.0,0.0
1774268484.815,1774268484.81459,safe,0.9824451803827083,0.9824451803827083,0.017554819617291734,NORMAL,Stress level is low (EMA=0.03),0.1801043152809143,0.7467505931854248,0.06772369891405106,0.005421382375061512,1.0,0.0,0.0,0.0,304.0,1.0,0.0
1774268484.865,1774268484.8647835,safe,0.9845572242359619,0.9845572242359619,0.01544277576403813,NORMAL,Stress level is low (EMA=0.02),0.1634034663438797,0.7722516059875488,0.05219801142811775,0.012146886438131332,1.0,0.0,0.0,0.0,304.0,1.0,0.0
1774268484.917,1774268484.9174588,safe,0.9891855873126235,0.9891855873126235,0.010814412687376497,NORMAL,Stress level is low (EMA=0.02),0.16990578174591064,0.7850341200828552,0.03501050919294357,0.010049542412161827,1.0,0.0,0.0,0.0,304.0,1.0,0.0
1774268484.967,1774268484.9667966,safe,0.9924521388478554,0.9924521388478554,0.0075478611521445395,NORMAL,Stress level is low (EMA=0.02),0.20307520031929016,0.7654752731323242,0.024123163893818855,0.007326255552470684,1.0,0.0,0.0,0.0,304.0,1.0,0.0
1774268485.017,1774268485.0173016,safe,0.9939700087837628,0.9939700087837628,0.0060299912162371586,NORMAL,Stress level is low (EMA=0.01),0.22745826840400696,0.7474166750907898,0.01852422021329403,0.006600741762667894,1.0,0.0,0.0,0.0,304.0,1.0,0.0
1774268485.068,1774268485.067737,safe,0.9937807765355551,0.9937807765355551,0.006219223464444935,NORMAL,Stress level is low (EMA=0.01),0.3268952965736389,0.6471912264823914,0.02065277099609375,0.005260659381747246,1.0,0.0,0.0,0.0,304.0,1.0,0.0
1774268485.119,1774268485.1185834,safe,0.9918150747173425,0.9918150747173425,0.008184925282657487,NORMAL,Stress level is low (EMA=0.01),0.2899070084095001,0.675989031791687,0.029916293919086456,0.0041875592432916164,1.0,0.0,0.0,0.0,304.0,1.0,0.0
1774268485.168,1774268485.1680226,safe,0.9873471015979595,0.9873471015979595,0.012652898402040534,NORMAL,Stress level is low (EMA=0.01),0.27896732091903687,0.6683121919631958,0.04947954788804054,0.0032408596016466618,1.0,0.0,0.0,0.0,304.0,1.0,0.0
1774268485.220,1774268485.219951,safe,0.9865247424013203,0.9865247424013203,0.013475257598679728,NORMAL,Stress level is low (EMA=0.01),0.21503496170043945,0.7288180589675903,0.053470540791749954,0.0026763633359223604,1.0,0.0,0.0,0.0,304.0,1.0,0.0
1774268485.270,1774268485.2704222,safe,0.9825885799151896,0.9825885799151896,0.017411420084810416,NORMAL,Stress level is low (EMA=0.01),0.26607924699783325,0.6613730192184448,0.07006199657917023,0.002485580276697874,1.0,0.0,0.0,0.0,304.0,1.0,0.0
1774268485.320,1774268485.3203554,safe,0.9813541975758864,0.9813541975758864,0.018645802424113577,NORMAL,Stress level is low (EMA=0.01),0.2192102074623108,0.7030988931655884,0.075491763651371,0.002199077047407627,1.0,0.0,0.0,0.0,304.0,1.0,0.0
1774268485.371,1774268485.3705285,safe,0.9757260877999003,0.9757260877999003,0.024273912200099636,NORMAL,Stress level is low (EMA=0.02),0.24475601315498352,0.654102623462677,0.09913310408592224,0.0020081927068531513,1.0,0.0,0.0,0.0,304.0,1.0,0.0
1774268485.422,1774268485.421804,safe,0.9797804834312269,0.9797804834312269,0.02021951656877313,NORMAL,Stress level is low (EMA=0.02),0.3369938135147095,0.5787581205368042,0.0827125832438469,0.0015353981871157885,1.0,0.0,0.0,0.0,304.0,1.0,0.0
1774268485.473,1774268485.4727747,safe,0.9846763897857488,0.9846763897857488,0.015323610214251238,NORMAL,Stress level is low (EMA=0.02),0.38991811871528625,0.5462334156036377,0.06251607090234756,0.00133230141364038,1.0,0.0,0.0,0.0,304.0,1.0,0.0
1774268485.522,1774268485.522039,safe,0.9866801085088894,0.9866801085088894,0.013319891491110545,NORMAL,Stress level is low (EMA=0.02),0.3572219908237457,0.5872783660888672,0.05436592549085617,0.0011336191091686487,1.0,0.0,0.0,0.0,304.0,1.0,0.0
1774268485.572,1774268485.5719652,safe,0.9903550757455394,0.9903550757455394,0.009644924254460615,NORMAL,Stress level is low (EMA=0.01),0.378525972366333,0.5812867283821106,0.03917788341641426,0.0010092981392517686,1.0,0.0,0.0,0.0,304.0,1.0,0.0
1774268485.623,1774268485.6225326,safe,0.9908190007237592,0.9908190007237592,0.009180999276240838,NORMAL,Stress level is low (EMA=0.01),0.45808377861976624,0.5036619901657104,0.037428345531225204,0.0008258165325969458,1.0,0.0,0.0,0.0,304.0,1.0,0.0
1774268485.675,1774268485.6746085,safe,0.9927233094388034,0.9927233094388034,0.007276690561196642,NORMAL,Stress level is low (EMA=0.01),0.535651445388794,0.4340289235115051,0.029558852314949036,0.00076069007627666,1.0,0.0,0.0,0.0,304.0,1.0,0.0
1774268485.726,1774268485.7259076,safe,0.9937658258749488,0.9937658258749488,0.006234174125051183,NORMAL,Stress level is low (EMA=0.01),0.5260355472564697,0.44798868894577026,0.02520175464451313,0.0007739702705293894,1.0,0.0,0.0,0.0,304.0,1.0,0.0
1774268485.778,1774268485.7779956,safe,0.9851445299883564,0.9851445299883564,0.014855470011643565,NORMAL,Stress level is low (EMA=0.01),0.47282856702804565,0.46527355909347534,0.06006230041384697,0.0018354881322011352,1.0,0.0,0.0,0.0,303.0,1.0,0.0
1774268485.827,1774268485.8272965,safe,0.9880059741929471,0.9880059741929471,0.011994025807052913,NORMAL,Stress level is low (EMA=0.01),0.4785681366920471,0.4714566469192505,0.04630083218216896,0.003674271982163191,1.0,0.0,0.0,0.0,303.0,1.0,0.0
1774268485.878,1774268485.8777251,safe,0.9902844431187895,0.9902844431187895,0.009715556881210546,NORMAL,Stress level is low (EMA=0.01),0.4582040011882782,0.5013144016265869,0.037998661398887634,0.0024828228633850813,1.0,0.0,0.0,0.0,303.0,1.0,0.0
1774268485.929,1774268485.9287853,safe,0.9934638019114146,0.9934638019114146,0.0065361980885854515,NORMAL,Stress level is low (EMA=0.01),0.35625022649765015,0.6165155172348022,0.025466948747634888,0.0017672083340585232,1.0,0.0,0.0,0.0,303.0,1.0,0.0
1774268485.978,1774268485.9781554,safe,0.995204307534528,0.995204307534528,0.0047956924654719455,NORMAL,Stress level is low (EMA=0.01),0.41312408447265625,0.5668937563896179,0.018203794956207275,0.001778255682438612,1.0,0.0,0.0,0.0,303.0,1.0,0.0
1774268486.029,1774268486.02854,safe,0.9947785871816703,0.9947785871816703,0.005221412818329718,NORMAL,Stress level is low (EMA=0.01),0.4145076274871826,0.5637363791465759,0.01846514642238617,0.0032907389104366302,1.0,0.0,0.0,0.0,303.0,1.0,0.0
1774268486.079,1774268486.0787513,safe,0.988651182590409,0.988651182590409,0.011348817409591101,NORMAL,Stress level is low (EMA=0.01),0.38507071137428284,0.5676424503326416,0.0443701446056366,0.0029165917076170444,1.0,0.0,0.0,0.0,303.0,1.0,0.0
1774268486.129,1774268486.1293657,safe,0.9841757100048424,0.9841757100048424,0.01582428999515758,NORMAL,Stress level is low (EMA=0.01),0.41039228439331055,0.5236731171607971,0.060724228620529175,0.005210310686379671,1.0,0.0,0.0,0.0,303.0,1.0,0.0
1774268486.179,1774268486.179235,safe,0.9846489435408516,0.9846489435408516,0.015351056459148416,NORMAL,Stress level is low (EMA=0.01),0.3960939049720764,0.539943277835846,0.05830298364162445,0.005659748334437609,1.0,0.0,0.0,0.0,303.0,1.0,0.0
1774268486.231,1774268486.2305126,safe,0.980490934865317,0.980490934865317,0.019509065134683017,NORMAL,Stress level is low (EMA=0.01),0.3104238510131836,0.6082882881164551,0.07562944293022156,0.005658323876559734,1.0,0.0,0.0,0.0,303.0,1.0,0.0
1774268486.281,1774268486.2812328,safe,0.9815739571370359,0.9815739571370359,0.01842604286296413,NORMAL,Stress level is low (EMA=0.02),0.264666885137558,0.6585578918457031,0.07133360952138901,0.005441566929221153,1.0,0.0,0.0,0.0,303.0,1.0,0.0
1774268486.332,1774268486.3315988,safe,0.9843990775491708,0.9843990775491708,0.015600922450829275,NORMAL,Stress level is low (EMA=0.02),0.19277653098106384,0.7422195672988892,0.0603911355137825,0.004612705670297146,1.0,0.0,0.0,0.0,303.0,1.0,0.0
1774268486.382,1774268486.3820143,safe,0.986231965300347,0.986231965300347,0.013768034699653032,NORMAL,Stress level is low (EMA=0.02),0.1488151252269745,0.7938179969787598,0.053142447024583817,0.004224361851811409,1.0,0.0,0.0,0.0,303.0,1.0,0.0
1774268486.432,1774268486.431669,safe,0.9743024543103521,0.9743024543103521,0.025697545689647924,NORMAL,Stress level is low (EMA=0.02),0.10488980263471603,0.7880370020866394,0.10390359163284302,0.0031695093493908644,1.0,0.0,0.0,0.0,303.0,1.0,0.0
1774268486.482,1774268486.4823916,safe,0.9565998399407224,0.9565998399407224,0.043400160059277555,NORMAL,Stress level is low (EMA=0.03),0.08974375575780869,0.7294221520423889,0.17831671237945557,0.0025172766763716936,1.0,0.0,0.0,0.0,303.0,1.0,0.0
1774268486.534,1774268486.5336878,safe,0.921174223071334,0.921174223071334,0.07882577692866596,NORMAL,Stress level is low (EMA=0.04),0.07149148732423782,0.6000677347183228,0.3251592814922333,0.0032814457081258297,1.0,0.0,0.0,0.0,303.0,1.0,0.0
1774268486.584,1774268486.583777,safe,0.9329641737694025,0.9329641737694025,0.06703582623059749,NORMAL,Stress level is low (EMA=0.05),0.07038399577140808,0.6503000259399414,0.27393245697021484,0.005383478477597237,1.0,0.0,0.0,0.0,303.0,1.0,0.0
1774268486.635,1774268486.6349082,safe,0.9347547540513423,0.9347547540513423,0.06524524594865765,NORMAL,Stress level is low (EMA=0.05),0.10030519962310791,0.6278395652770996,0.26510369777679443,0.006751485168933868,1.0,0.0,0.0,0.0,303.0,1.0,0.0
1774268486.687,1774268486.6865366,safe,0.9150912783869503,0.9150912783869503,0.08490872161304973,NORMAL,Stress level is low (EMA=0.06),0.10337632149457932,0.5428372621536255,0.3474442958831787,0.006342023611068726,1.0,0.0,0.0,0.0,303.0,1.0,0.0
1774268486.737,1774268486.7372758,safe,0.914609796776725,0.914609796776725,0.08539020322327494,NORMAL,Stress level is low (EMA=0.07),0.10710053145885468,0.5371068716049194,0.3503498136997223,0.005442677065730095,1.0,0.0,0.0,0.0,303.0,1.0,0.0
1774268486.789,1774268486.7885444,safe,0.9194488254471385,0.9194488254471385,0.0805511745528615,NORMAL,Stress level is low (EMA=0.07),0.2423916757106781,0.4219783544540405,0.3312240540981293,0.004405820742249489,1.0,0.0,0.0,0.0,299.0,1.0,0.0
1774268486.839,1774268486.8392384,safe,0.9208795238663121,0.9208795238663121,0.07912047613368794,NORMAL,Stress level is low (EMA=0.07),0.3356989920139313,0.3346322774887085,0.32569214701652527,0.003976483829319477,1.0,0.0,0.0,0.0,299.0,1.0,0.0
1774268486.889,1774268486.889127,safe,0.9208582089559432,0.9208582089559432,0.07914179104405679,NORMAL,Stress level is low (EMA=0.08),0.3390157222747803,0.33122676610946655,0.3254045844078064,0.00435286620631814,1.0,0.0,0.0,0.0,299.0,1.0,0.0
1774268486.939,1774268486.9389684,safe,0.9030815765628105,0.9030815765628105,0.09691842343718954,NORMAL,Stress level is low (EMA=0.08),0.29785895347595215,0.2983142137527466,0.39993202686309814,0.0038947155699133873,1.0,0.0,0.0,0.0,299.0,1.0,0.0
1774268486.990,1774268486.9900122,safe,0.900497312765392,0.900497312765392,0.09950268723460798,NORMAL,Stress level is low (EMA=0.09),0.32118889689445496,0.26421651244163513,0.4109094440937042,0.0036850660108029842,1.0,0.0,0.0,0.0,299.0,1.0,0.0
1774268487.043,1774268487.043298,safe,0.888198503750995,0.888198503750995,0.11180149624900507,NORMAL,Stress level is low (EMA=0.09),0.2951134145259857,0.23904696106910706,0.45989230275154114,0.005947242956608534,1.0,0.0,0.0,0.0,299.0,1.0,0.0
1774268487.093,1774268487.0926027,safe,0.8601588527603271,0.8601588527603271,0.1398411472396729,NORMAL,Stress level is low (EMA=0.11),0.2374715507030487,0.17985698580741882,0.5781809091567993,0.004490528721362352,1.0,0.0,0.0,0.0,299.0,1.0,0.0
1774268487.143,1774268487.143082,safe,0.8564678536477844,0.8564678536477844,0.1435321463522156,NORMAL,Stress level is low (EMA=0.12),0.22781100869178772,0.1741383671760559,0.5932992696762085,0.004751332104206085,1.0,0.0,0.0,0.0,299.0,1.0,0.0
1774268487.193,1774268487.1930869,safe,0.8584044618606848,0.8584044618606848,0.14159553813931525,NORMAL,Stress level is low (EMA=0.13),0.227341428399086,0.18267711997032166,0.5855020880699158,0.004479297436773777,1.0,0.0,0.0,0.0,299.0,1.0,0.0
1774268487.245,1774268487.2445185,safe,0.8561674061792981,0.8561674061792981,0.14383259382070188,NORMAL,Stress level is low (EMA=0.13),0.24190682172775269,0.1587906926870346,0.5922791361808777,0.007023331709206104,1.0,0.0,0.0,0.0,299.0,1.0,0.0
1774268487.294,1774268487.293724,safe,0.8310743279752032,0.8310743279752032,0.16892567202479677,NORMAL,Stress level is low (EMA=0.14),0.1817115992307663,0.11443142592906952,0.6987360715866089,0.005120889283716679,1.0,0.0,0.0,0.0,299.0,1.0,0.0
1774268487.344,1774268487.3444066,safe,0.8073990925524337,0.8073990925524337,0.1926009074475664,NORMAL,Stress level is low (EMA=0.16),0.11862000077962875,0.07887620478868484,0.7991458177566528,0.0033579508308321238,1.0,0.0,0.0,0.0,299.0,1.0,0.0
1774268487.394,1774268487.3939214,safe,0.7930175105532042,0.7930175105532042,0.20698248944679576,NORMAL,Stress level is low (EMA=0.17),0.08053094893693924,0.05704201012849808,0.8602300882339478,0.002196949440985918,1.0,0.0,0.0,0.0,299.0,1.0,0.0
1774268487.445,1774268487.4451637,safe,0.7847136085854238,0.7847136085854238,0.21528639141457623,NORMAL,Stress level is low (EMA=0.19),0.06047900393605232,0.04249434173107147,0.8955753445625305,0.0014512590132653713,1.0,0.0,0.0,0.0,299.0,1.0,0.0
1774268487.495,1774268487.4954162,safe,0.7770299716913229,0.7770299716913229,0.22297002830867704,NORMAL,Stress level is low (EMA=0.20),0.04097214341163635,0.029986035078763962,0.9280887842178345,0.0009529539383947849,1.0,0.0,0.0,0.0,299.0,1.0,0.0
1774268487.547,1774268487.5472932,safe,0.7719400347531262,0.7719400347531262,0.22805996524687383,NORMAL,Stress level is low (EMA=0.21),0.03021376021206379,0.019536377862095833,0.9494336843490601,0.0008161619189195335,1.0,0.0,0.0,0.0,299.0,1.0,0.0
1774268487.596,1774268487.5958612,safe,0.7751664832468144,0.7751664832468144,0.22483351675318564,NORMAL,Stress level is low (EMA=0.21),0.04774388670921326,0.015449793078005314,0.9302225112915039,0.006583807989954948,1.0,0.0,0.0,0.0,299.0,1.0,0.0
1774268487.647,1774268487.6468077,safe,0.7806663675872582,0.7806663675872582,0.21933363241274187,NORMAL,Stress level is low (EMA=0.21),0.07482325285673141,0.011286605149507523,0.9079241752624512,0.00596595136448741,1.0,0.0,0.0,0.0,299.0,1.0,0.0
1774268487.698,1774268487.697727,safe,0.784124328667898,0.784124328667898,0.21587567133210192,NORMAL,Stress level is low (EMA=0.21),0.09088289737701416,0.009635132737457752,0.8930184841156006,0.006463472731411457,1.0,0.0,0.0,0.0,299.0,1.0,0.0
1774268487.749,1774268487.749031,safe,0.7948662089497458,0.7948662089497458,0.2051337910502542,NORMAL,Stress level is low (EMA=0.21),0.13558891415596008,0.00968693196773529,0.8479605913162231,0.006763512268662453,1.0,0.0,0.0,0.0,294.0,1.0,0.0
1774268487.799,1774268487.7990217,safe,0.7901136039361693,0.7901136039361693,0.20988639606383083,NORMAL,Stress level is low (EMA=0.21),0.11749621480703354,0.00797712430357933,0.8662296533584595,0.008296985179185867,1.0,0.0,0.0,0.0,294.0,1.0,0.0
1774268487.849,1774268487.8491626,safe,0.7852593170888751,0.7852593170888751,0.21474068291112489,NORMAL,Stress level is low (EMA=0.21),0.0994696319103241,0.005777483806014061,0.884270429611206,0.010482370853424072,1.0,0.0,0.0,0.0,294.0,1.0,0.0
1774268487.899,1774268487.8986835,safe,0.7795060147324304,0.7795060147324304,0.22049398526756964,NORMAL,Stress level is low (EMA=0.21),0.07714827358722687,0.004126756452023983,0.910409688949585,0.008315211161971092,1.0,0.0,0.0,0.0,294.0,1.0,0.0
1774268487.950,1774268487.9496481,safe,0.7819638694170292,0.7819638694170292,0.21803613058297075,NORMAL,Stress level is low (EMA=0.22),0.08774131536483765,0.0037747942842543125,0.9007008075714111,0.007783054374158382,1.0,0.0,0.0,0.0,294.0,1.0,0.0
1774268488.001,1774268488.0006413,safe,0.7794465235552974,0.7794465235552974,0.22055347644470255,NORMAL,Stress level is low (EMA=0.22),0.07741143554449081,0.0036157267168164253,0.9108695387840271,0.008103256113827229,1.0,0.0,0.0,0.0,294.0,1.0,0.0
1774268488.050,1774268488.0504308,safe,0.7801230213390024,0.7801230213390024,0.21987697866099765,NORMAL,Stress level is low (EMA=0.22),0.07951018214225769,0.0043356893584132195,0.9063564538955688,0.009797561913728714,1.0,0.0,0.0,0.0,294.0,1.0,0.0
1774268488.100,1774268488.1003366,safe,0.7816580277163089,0.7816580277163089,0.21834197228369112,NORMAL,Stress level is low (EMA=0.22),0.08551893383264542,0.004722795449197292,0.89757239818573,0.012185756117105484,1.0,0.0,0.0,0.0,294.0,1.0,0.0
1774268488.151,1774268488.1505833,safe,0.7759143927212847,0.7759143927212847,0.22408560727871535,NORMAL,Stress level is low (EMA=0.22),0.06294304132461548,0.0033668996766209602,0.9233142137527466,0.010375780053436756,1.0,0.0,0.0,0.0,294.0,1.0,0.0
1774268488.203,1774268488.202787,safe,0.7831680557832494,0.7831680557832494,0.21683194421675056,NORMAL,Stress level is low (EMA=0.22),0.09085893630981445,0.005674608983099461,0.8941072821617126,0.009359127841889858,1.0,0.0,0.0,0.0,294.0,1.0,0.0
1774268488.253,1774268488.2528145,safe,0.7855250427001585,0.7855250427001585,0.21447495729984145,NORMAL,Stress level is low (EMA=0.22),0.09671460092067719,0.009639725089073181,0.8845583200454712,0.009087313897907734,1.0,0.0,0.0,0.0,294.0,1.0,0.0
1774268488.305,1774268488.3051593,safe,0.7874826586266188,0.7874826586266188,0.21251734137338119,NORMAL,Stress level is low (EMA=0.22),0.09976847469806671,0.014742586761713028,0.8770691156387329,0.00841978844255209,1.0,0.0,0.0,0.0,294.0,1.0,0.0
1774268488.355,1774268488.355144,safe,0.815337806416838,0.815337806416838,0.18466219358316208,NORMAL,Stress level is low (EMA=0.21),0.18943867087364197,0.04113548994064331,0.7592066526412964,0.010219126008450985,1.0,0.0,0.0,0.0,294.0,1.0,0.0
1774268488.406,1774268488.4055793,safe,0.809505781786581,0.809505781786581,0.19049421821341905,NORMAL,Stress level is low (EMA=0.20),0.1653028428554535,0.040971238166093826,0.7845256328582764,0.009200267493724823,1.0,0.0,0.0,0.0,294.0,1.0,0.0
1774268488.456,1774268488.4558904,safe,0.8259187848159846,0.8259187848159846,0.17408121518401543,NORMAL,Stress level is low (EMA=0.19),0.18079309165477753,0.09386847913265228,0.7132821679115295,0.012056203559041023,1.0,0.0,0.0,0.0,294.0,1.0,0.0
1774268488.508,1774268488.5076907,safe,0.8239471070084493,0.8239471070084493,0.17605289299155072,NORMAL,Stress level is low (EMA=0.19),0.1737038493156433,0.09274238348007202,0.724038302898407,0.009515381418168545,1.0,0.0,0.0,0.0,294.0,1.0,0.0
1774268488.557,1774268488.5572963,safe,0.8141266260359873,0.8141266260359873,0.18587337396401277,NORMAL,Stress level is low (EMA=0.19),0.1400623321533203,0.08546525239944458,0.7656413316726685,0.008831039071083069,1.0,0.0,0.0,0.0,294.0,1.0,0.0
1774268488.608,1774268488.6079528,safe,0.82738953337071,0.82738953337071,0.1726104666292901,NORMAL,Stress level is low (EMA=0.18),0.15271489322185516,0.1280747950077057,0.7117447257041931,0.00746552599593997,1.0,0.0,0.0,0.0,294.0,1.0,0.0
1774268488.660,1774268488.6597762,safe,0.8209187451415693,0.8209187451415693,0.17908125485843068,NORMAL,Stress level is low (EMA=0.18),0.14465995132923126,0.10916811227798462,0.7392479777336121,0.006923884153366089,1.0,0.0,0.0,0.0,294.0,1.0,0.0
1774268488.710,1774268488.7095933,safe,0.8384088327384618,0.8384088327384618,0.16159116726153822,NORMAL,Stress level is low (EMA=0.18),0.15367290377616882,0.1730305254459381,0.6664271950721741,0.006869307719171047,1.0,0.0,0.0,0.0,294.0,1.0,0.0
1774268488.762,1774268488.762056,safe,0.8293126002388949,0.8293126002388949,0.17068739976110514,NORMAL,Stress level is low (EMA=0.17),0.1562443971633911,0.13255804777145386,0.7054364681243896,0.005760989151895046,1.0,0.0,0.0,0.0,295.0,1.0,0.0
1774268488.811,1774268488.8113189,safe,0.8056291242036345,0.8056291242036345,0.19437087579636547,NORMAL,Stress level is low (EMA=0.18),0.10376548767089844,0.08635582774877548,0.8057689070701599,0.004109708592295647,1.0,0.0,0.0,0.0,295.0,1.0,0.0
1774268488.860,1774268488.8602042,safe,0.7907962232835231,0.7907962232835231,0.20920377671647694,NORMAL,Stress level is low (EMA=0.19),0.0707189068198204,0.05759863555431366,0.8667147159576416,0.004967627115547657,1.0,0.0,0.0,0.0,295.0,1.0,0.0
1774268488.910,1774268488.9104154,safe,0.789249627258632,0.789249627258632,0.210750372741368,NORMAL,Stress level is low (EMA=0.20),0.07851478457450867,0.04335862025618553,0.8712230920791626,0.006903414148837328,1.0,0.0,0.0,0.0,295.0,1.0,0.0
1774268488.960,1774268488.9602427,safe,0.810012085937747,0.810012085937747,0.18998791406225302,NORMAL,Stress level is low (EMA=0.19),0.14057810604572296,0.06780552864074707,0.7834248542785645,0.00819140300154686,1.0,0.0,0.0,0.0,295.0,1.0,0.0
1774268489.011,1774268489.0110843,safe,0.8335584796160868,0.8335584796160868,0.16644152038391322,NORMAL,Stress level is low (EMA=0.19),0.20119446516036987,0.10529914498329163,0.6867019534111023,0.00680434238165617,1.0,0.0,0.0,0.0,295.0,1.0,0.0
1774268489.061,1774268489.06148,safe,0.8667167506388938,0.8667167506388938,0.13328324936110622,NORMAL,Stress level is low (EMA=0.17),0.23838825523853302,0.20626482367515564,0.5507017374038696,0.004645110573619604,1.0,0.0,0.0,0.0,295.0,1.0,0.0
1774268489.112,1774268489.1120803,safe,0.9041240275381608,0.9041240275381608,0.09587597246183927,NORMAL,Stress level is low (EMA=0.15),0.1719573736190796,0.4285593330860138,0.3964062035083771,0.003076991531997919,1.0,0.0,0.0,0.0,295.0,1.0,0.0
1774268489.163,1774268489.1628985,safe,0.9117173755766208,0.9117173755766208,0.08828262442337925,NORMAL,Stress level is low (EMA=0.13),0.12404251098632812,0.5081131458282471,0.36581823229789734,0.0020260149613022804,1.0,0.0,0.0,0.0,295.0,1.0,0.0
1774268489.214,1774268489.213698,safe,0.9046768993523333,0.9046768993523333,0.09532310064766672,NORMAL,Stress level is low (EMA=0.12),0.1197710782289505,0.48304927349090576,0.3958287537097931,0.0013508128467947245,1.0,0.0,0.0,0.0,295.0,1.0,0.0
1774268489.264,1774268489.2640657,safe,0.8986498699705521,0.8986498699705521,0.101350130029448,NORMAL,Stress level is low (EMA=0.11),0.10196413844823837,0.4757436215877533,0.4213908314704895,0.0009013662929646671,1.0,0.0,0.0,0.0,295.0,1.0,0.0
1774268489.314,1774268489.314373,safe,0.8839070800387501,0.8839070800387501,0.11609291996124989,NORMAL,Stress level is low (EMA=0.11),0.14059527218341827,0.3756841719150543,0.4831112325191498,0.0006092443945817649,1.0,0.0,0.0,0.0,295.0,1.0,0.0
1774268489.365,1774268489.3650217,safe,0.8623424082552482,0.8623424082552482,0.13765759174475173,NORMAL,Stress level is low (EMA=0.12),0.14841093122959137,0.27801573276519775,0.5731339454650879,0.00043933402048423886,1.0,0.0,0.0,0.0,295.0,1.0,0.0
1774268489.416,1774268489.4155204,safe,0.8346109046507214,0.8346109046507214,0.1653890953492786,NORMAL,Stress level is low (EMA=0.13),0.10518435388803482,0.20569436252117157,0.6888251304626465,0.000296062818961218,1.0,0.0,0.0,0.0,295.0,1.0,0.0
1774268489.466,1774268489.4658844,safe,0.8408234331654769,0.8408234331654769,0.15917656683452305,NORMAL,Stress level is low (EMA=0.14),0.12754546105861664,0.20921877026557922,0.6630210876464844,0.0002145588950952515,1.0,0.0,0.0,0.0,295.0,1.0,0.0
1774268489.517,1774268489.5167558,safe,0.841323407320326,0.841323407320326,0.1586765926796741,NORMAL,Stress level is low (EMA=0.15),0.15481650829315186,0.18403099477291107,0.6609976291656494,0.00015482229355257004,1.0,0.0,0.0,0.0,295.0,1.0,0.0
1774268489.567,1774268489.5667295,safe,0.8502098365504356,0.8502098365504356,0.14979016344956445,NORMAL,Stress level is low (EMA=0.15),0.1839526891708374,0.19192159175872803,0.6239516735076904,0.0001739847648423165,1.0,0.0,0.0,0.0,295.0,1.0,0.0
1774268489.619,1774268489.6185162,safe,0.8699670792534787,0.8699670792534787,0.13003292074652126,NORMAL,Stress level is low (EMA=0.14),0.22439774870872498,0.23379838466644287,0.5416567325592041,0.000147089347592555,1.0,0.0,0.0,0.0,295.0,1.0,0.0
1774268489.669,1774268489.6688309,safe,0.8607026088934124,0.8607026088934124,0.13929739110658754,NORMAL,Stress level is low (EMA=0.14),0.24891576170921326,0.17067836225032806,0.5802297592163086,0.00017599444254301488,1.0,0.0,0.0,0.0,295.0,1.0,0.0
1774268489.720,1774268489.719859,safe,0.845522508146814,0.845522508146814,0.15447749185318607,NORMAL,Stress level is low (EMA=0.15),0.2049473524093628,0.15139636397361755,0.6435053944587708,0.000150779087562114,1.0,0.0,0.0,0.0,295.0,1.0,0.0
1774268489.770,1774268489.76991,safe,0.8517253203487054,0.8517253203487054,0.14827467965129457,NORMAL,Stress level is low (EMA=0.15),0.16025395691394806,0.22193479537963867,0.6176877617835999,0.0001233548391610384,1.0,0.0,0.0,0.0,292.0,1.0,0.0
1774268489.820,1774268489.8196568,safe,0.8285012703090536,0.8285012703090536,0.1714987296909464,NORMAL,Stress level is low (EMA=0.15),0.10576773434877396,0.17965413630008698,0.714409589767456,0.0001683838345343247,1.0,0.0,0.0,0.0,292.0,1.0,0.0
1774268489.873,1774268489.872508,safe,0.8077140395750019,0.8077140395750019,0.19228596042499813,NORMAL,Stress level is low (EMA=0.17),0.07359014451503754,0.12521828711032867,0.8009860515594482,0.00020538855460472405,1.0,0.0,0.0,0.0,292.0,1.0,0.0
1774268489.923,1774268489.9229703,safe,0.8466092692003306,0.8466092692003306,0.15339073079966936,NORMAL,Stress level is low (EMA=0.16),0.2328145056962967,0.12805739045143127,0.6389487981796265,0.00017921021208167076,1.0,0.0,0.0,0.0,292.0,1.0,0.0
1774268489.972,1774268489.9722714,safe,0.8771190483629878,0.8771190483629878,0.12288095163701214,NORMAL,Stress level is low (EMA=0.15),0.3853449821472168,0.10265099257230759,0.5118395686149597,0.00016436987789347768,1.0,0.0,0.0,0.0,292.0,1.0,0.0
1774268490.023,1774268490.0225344,safe,0.8831712344929903,0.8831712344929903,0.11682876550700974,NORMAL,Stress level is low (EMA=0.14),0.35509344935417175,0.15811994671821594,0.48660168051719666,0.00018480901781003922,1.0,0.0,0.0,0.0,292.0,1.0,0.0
1774268490.073,1774268490.0733416,safe,0.9031102117167293,0.9031102117167293,0.09688978828327062,NORMAL,Stress level is low (EMA=0.13),0.4351084232330322,0.16118401288986206,0.40353167057037354,0.00017574458615854383,1.0,0.0,0.0,0.0,292.0,1.0,0.0
1774268490.124,1774268490.123647,safe,0.9243867401127891,0.9243867401127891,0.07561325988721085,NORMAL,Stress level is low (EMA=0.11),0.5284934639930725,0.15645119547843933,0.314901739358902,0.0001534889597678557,1.0,0.0,0.0,0.0,292.0,1.0,0.0
1774268490.176,1774268490.1759417,safe,0.9384133630484479,0.9384133630484479,0.06158663695155209,NORMAL,Stress level is low (EMA=0.10),0.5471168756484985,0.196272075176239,0.25646135210990906,0.00014962392742745578,1.0,0.0,0.0,0.0,292.0,1.0,0.0
1774268490.227,1774268490.2271636,safe,0.9491104077661452,0.9491104077661452,0.05088959223385481,NORMAL,Stress level is low (EMA=0.08),0.5365110635757446,0.25144892930984497,0.21185076236724854,0.00018919951980933547,1.0,0.0,0.0,0.0,292.0,1.0,0.0
1774268490.276,1774268490.2755375,safe,0.9592843551629474,0.9592843551629474,0.040715644837052554,NORMAL,Stress level is low (EMA=0.07),0.512336254119873,0.3180151581764221,0.16947537660598755,0.00017313589341938496,1.0,0.0,0.0,0.0,292.0,1.0,0.0
1774268490.327,1774268490.3271961,safe,0.9671409537319932,0.9671409537319932,0.03285904626800682,NORMAL,Stress level is low (EMA=0.06),0.472383588552475,0.39070364832878113,0.13675792515277863,0.00015476133557967842,1.0,0.0,0.0,0.0,292.0,1.0,0.0
1774268490.377,1774268490.3768697,safe,0.9738677457020807,0.9738677457020807,0.026132254297919322,NORMAL,Stress level is low (EMA=0.05),0.36427605152130127,0.5268394947052002,0.10874347388744354,0.00014091476623434573,1.0,0.0,0.0,0.0,292.0,1.0,0.0
1774268490.428,1774268490.4283278,safe,0.9643978536677053,0.9643978536677053,0.0356021463322948,NORMAL,Stress level is low (EMA=0.05),0.3988599181175232,0.4527977705001831,0.14821290969848633,0.00012936326675117016,1.0,0.0,0.0,0.0,292.0,1.0,0.0
1774268490.478,1774268490.4782748,safe,0.9699516248555303,0.9699516248555303,0.030048375144469702,NORMAL,Stress level is low (EMA=0.04),0.31007108092308044,0.5647273063659668,0.12507054209709167,0.00013101697550155222,1.0,0.0,0.0,0.0,292.0,1.0,0.0
1774268490.529,1774268490.5287895,safe,0.9433848679074326,0.9433848679074326,0.056615132092567404,NORMAL,Stress level is low (EMA=0.05),0.33619561791419983,0.42790794372558594,0.23575237393379211,0.00014400077634491026,1.0,0.0,0.0,0.0,292.0,1.0,0.0
1774268490.579,1774268490.578893,safe,0.9245827177542972,0.9245827177542972,0.07541728224570275,NORMAL,Stress level is low (EMA=0.05),0.3849916458129883,0.3007696568965912,0.3141048550605774,0.00013381602184381336,1.0,0.0,0.0,0.0,292.0,1.0,0.0
1774268490.629,1774268490.629438,safe,0.9460066172814848,0.9460066172814848,0.05399338271851517,NORMAL,Stress level is low (EMA=0.05),0.46609193086624146,0.30893561244010925,0.22484102845191956,0.00013139506336301565,1.0,0.0,0.0,0.0,292.0,1.0,0.0
1774268490.679,1774268490.6791189,safe,0.9139678517443959,0.9139678517443959,0.08603214825560411,NORMAL,Stress level is low (EMA=0.06),0.42360711097717285,0.2179255485534668,0.3583390712738037,0.00012819776020478457,1.0,0.0,0.0,0.0,292.0,1.0,0.0
1774268490.731,1774268490.7313735,safe,0.9019201361716064,0.9019201361716064,0.09807986382839366,NORMAL,Stress level is low (EMA=0.07),0.4403723180294037,0.1509615182876587,0.4085509777069092,0.00011510065814945847,1.0,0.0,0.0,0.0,292.0,1.0,0.0
1774268490.782,1774268490.7823365,safe,0.897778612750647,0.897778612750647,0.10222138724935304,NORMAL,Stress level is low (EMA=0.08),0.4360217750072479,0.138055682182312,0.42580753564834595,0.0001148782903328538,1.0,0.0,0.0,0.0,290.0,1.0,0.0
1774268490.833,1774268490.8325086,safe,0.8867992515173889,0.8867992515173889,0.11320074848261112,NORMAL,Stress level is low (EMA=0.09),0.39562955498695374,0.132700577378273,0.47148463129997253,0.00018512156384531409,1.0,0.0,0.0,0.0,290.0,1.0,0.0
1774268490.882,1774268490.8824687,safe,0.8965464875800879,0.8965464875800879,0.10345351241991213,NORMAL,Stress level is low (EMA=0.10),0.45821288228034973,0.11073076725006104,0.4307946562767029,0.00026162847643718123,1.0,0.0,0.0,0.0,290.0,1.0,0.0
1774268490.934,1774268490.9341695,safe,0.9298918482481342,0.9298918482481342,0.0701081517518658,NORMAL,Stress level is low (EMA=0.09),0.3698066473007202,0.3380759656429291,0.29151105880737305,0.0006062214379198849,1.0,0.0,0.0,0.0,290.0,1.0,0.0
1774268490.984,1774268490.9836502,safe,0.9536845623135352,0.9536845623135352,0.04631543768646489,NORMAL,Stress level is low (EMA=0.08),0.31759190559387207,0.48942703008651733,0.1924438178539276,0.0005371628212742507,1.0,0.0,0.0,0.0,290.0,1.0,0.0
1774268491.034,1774268491.0337114,safe,0.9658270523498973,0.9658270523498973,0.034172947650102696,NORMAL,Stress level is low (EMA=0.06),0.2612607479095459,0.5963519215583801,0.14050951600074768,0.001877761329524219,1.0,0.0,0.0,0.0,290.0,1.0,0.0
1774268491.084,1774268491.0840237,safe,0.9047389864910812,0.9047389864910812,0.09526101350891877,NORMAL,Stress level is low (EMA=0.07),0.19907638430595398,0.40400266647338867,0.3701799213886261,0.026740949600934982,1.0,0.0,0.0,0.0,290.0,1.0,0.0
1774268491.135,1774268491.1347466,safe,0.9233552803108966,0.9233552803108966,0.07664471968910334,NORMAL,Stress level is low (EMA=0.07),0.14865706861019135,0.5319898724555969,0.26182785630226135,0.05752512812614441,1.0,0.0,0.0,0.0,290.0,1.0,0.0
1774268491.186,1774268491.185754,safe,0.9431583077688133,0.9431583077688133,0.05684169223118676,NORMAL,Stress level is low (EMA=0.07),0.14934472739696503,0.6138148307800293,0.1878865510225296,0.0489538237452507,1.0,0.0,0.0,0.0,290.0,1.0,0.0
1774268491.237,1774268491.2366755,safe,0.9621058537332794,0.9621058537332794,0.037894146266720635,NORMAL,Stress level is low (EMA=0.06),0.12981203198432922,0.712295651435852,0.1254073828458786,0.03248488903045654,1.0,0.0,0.0,0.0,290.0,1.0,0.0
1774268491.288,1774268491.2881463,safe,0.9749903476327392,0.9749903476327392,0.025009652367260833,NORMAL,Stress level is low (EMA=0.05),0.10736879706382751,0.7884242534637451,0.08263463526964188,0.02157224528491497,1.0,0.0,0.0,0.0,290.0,1.0,0.0
1774268491.340,1774268491.3401132,safe,0.9829473194290885,0.9829473194290885,0.01705268057091148,NORMAL,Stress level is low (EMA=0.04),0.09217492491006851,0.836772084236145,0.05629817023873329,0.014754658564925194,1.0,0.0,0.0,0.0,290.0,1.0,0.0
1774268491.388,1774268491.3878293,safe,0.9880174098843151,0.9880174098843151,0.011982590115684892,NORMAL,Stress level is low (EMA=0.03),0.08947186917066574,0.8606005907058716,0.03811770677566528,0.011809749528765678,1.0,0.0,0.0,0.0,290.0,1.0,0.0
1774268491.439,1774268491.4385664,safe,0.9910394474239127,0.9910394474239127,0.008960552576087294,NORMAL,Stress level is low (EMA=0.02),0.06314825266599655,0.8995160460472107,0.026059556752443314,0.01127607747912407,1.0,0.0,0.0,0.0,290.0,1.0,0.0
1774268491.489,1774268491.4886096,safe,0.9931699656490992,0.9931699656490992,0.006830034350900842,NORMAL,Stress level is low (EMA=0.02),0.058075178414583206,0.913466215133667,0.018441088497638702,0.010017385706305504,1.0,0.0,0.0,0.0,290.0,1.0,0.0
1774268491.539,1774268491.5389595,safe,0.9953587819199755,0.9953587819199755,0.004641218080024493,NORMAL,Stress level is low (EMA=0.01),0.0442148894071579,0.9364466071128845,0.012153533287346363,0.007184874266386032,1.0,0.0,0.0,0.0,290.0,1.0,0.0
1774268491.590,1774268491.5898547,safe,0.9965162726649229,0.9965162726649229,0.003483727335077038,NORMAL,Stress level is low (EMA=0.01),0.03832421079277992,0.9471601247787476,0.008731955662369728,0.005783573724329472,1.0,0.0,0.0,0.0,290.0,1.0,0.0
1774268491.640,1774268491.6398327,safe,0.9968287070496981,0.9968287070496981,0.003171292950301974,NORMAL,Stress level is low (EMA=0.01),0.04310039430856705,0.94368577003479,0.006703334394842386,0.006510385312139988,1.0,0.0,0.0,0.0,290.0,1.0,0.0
1774268491.692,1774268491.6918006,safe,0.997646435141757,0.997646435141757,0.0023535648582430654,NORMAL,Stress level is low (EMA=0.01),0.05489753186702728,0.9352958798408508,0.004632282070815563,0.00517423776909709,1.0,0.0,0.0,0.0,290.0,1.0,0.0
1774268491.743,1774268491.7433267,safe,0.9980795125025897,0.9980795125025897,0.0019204874974102241,NORMAL,Stress level is low (EMA=0.01),0.09718358516693115,0.8948143124580383,0.0035705009941011667,0.004431529901921749,1.0,0.0,0.0,0.0,292.0,1.0,0.0
1774268491.793,1774268491.793027,safe,0.9980658566573134,0.9980658566573134,0.0019341433426866097,NORMAL,Stress level is low (EMA=0.00),0.14636293053627014,0.8455780744552612,0.003012457862496376,0.005046472419053316,1.0,0.0,0.0,0.0,292.0,1.0,0.0
1774268491.842,1774268491.8415527,safe,0.9981121951560219,0.9981121951560219,0.001887804843978047,NORMAL,Stress level is low (EMA=0.00),0.09754457324743271,0.8945895433425903,0.002229922218248248,0.00563593115657568,1.0,0.0,0.0,0.0,292.0,1.0,0.0
1774268491.894,1774268491.8940756,safe,0.9971049633711596,0.9971049633711596,0.0028950366288403835,NORMAL,Stress level is low (EMA=0.00),0.06480932235717773,0.9231280088424683,0.0023094830103218555,0.009753169491887093,1.0,0.0,0.0,0.0,292.0,1.0,0.0
1774268491.944,1774268491.9438198,safe,0.9954128512227481,0.9954128512227481,0.004587148777251863,NORMAL,Stress level is low (EMA=0.00),0.06824307143688202,0.9126437902450562,0.011241128668189049,0.007871991023421288,1.0,0.0,0.0,0.0,292.0,1.0,0.0
1774268491.994,1774268491.9940333,safe,0.9962298641129809,0.9962298641129809,0.0037701358870191035,NORMAL,Stress level is low (EMA=0.00),0.04952172562479973,0.934769332408905,0.009703620336949825,0.006005278788506985,1.0,0.0,0.0,0.0,292.0,1.0,0.0
1774268492.045,1774268492.0452368,safe,0.9954723688266114,0.9954723688266114,0.004527631173388586,NORMAL,Stress level is low (EMA=0.00),0.04597888141870499,0.9351558685302734,0.012686794623732567,0.006178333889693022,1.0,0.0,0.0,0.0,292.0,1.0,0.0
1774268492.095,1774268492.095142,safe,0.9940558728823122,0.9940558728823122,0.00594412711768776,NORMAL,Stress level is low (EMA=0.00),0.07940249145030975,0.8958301544189453,0.019162602722644806,0.005604591220617294,1.0,0.0,0.0,0.0,292.0,1.0,0.0
1774268492.145,1774268492.144903,safe,0.9918442101873889,0.9918442101873889,0.00815578981261115,NORMAL,Stress level is low (EMA=0.01),0.1626676768064499,0.8033497333526611,0.02912379428744316,0.004858660511672497,1.0,0.0,0.0,0.0,292.0,1.0,0.0
1774268492.195,1774268492.194606,safe,0.9927331005164921,0.9927331005164921,0.007266899483507937,NORMAL,Stress level is low (EMA=0.01),0.19039011001586914,0.7793309688568115,0.026353007182478905,0.003925737459212542,1.0,0.0,0.0,0.0,292.0,1.0,0.0
1774268492.246,1774268492.246038,safe,0.9950551314151362,0.9950551314151362,0.00494486858486376,NORMAL,Stress level is low (EMA=0.01),0.18029826879501343,0.799098014831543,0.017877904698252678,0.00272571318782866,1.0,0.0,0.0,0.0,292.0,1.0,0.0
1774268492.297,1774268492.2970722,safe,0.9960121317539163,0.9960121317539163,0.0039878682460836035,NORMAL,Stress level is low (EMA=0.01),0.22527652978897095,0.7581073045730591,0.013836534693837166,0.002779582515358925,1.0,0.0,0.0,0.0,292.0,1.0,0.0
1774268492.347,1774268492.3466735,safe,0.9964753944819721,0.9964753944819721,0.003524605518027957,NORMAL,Stress level is low (EMA=0.00),0.190719336271286,0.7945947647094727,0.012496967799961567,0.00218888814561069,1.0,0.0,0.0,0.0,292.0,1.0,0.0
1774268492.396,1774268492.3957522,safe,0.9973015017089684,0.9973015017089684,0.0026984982910316802,NORMAL,Stress level is low (EMA=0.00),0.14026384055614471,0.8484923839569092,0.009609756991267204,0.0016339856665581465,1.0,0.0,0.0,0.0,292.0,1.0,0.0
1774268492.448,1774268492.4475586,safe,0.9981358151617936,0.9981358151617936,0.0018641848382063325,NORMAL,Stress level is low (EMA=0.00),0.09306702017784119,0.8991655111312866,0.0066523803398013115,0.0011150563368573785,1.0,0.0,0.0,0.0,292.0,1.0,0.0
1774268492.497,1774268492.4973621,safe,0.9985529123597805,0.9985529123597805,0.0014470876402194826,NORMAL,Stress level is low (EMA=0.00),0.061269648373126984,0.9327007532119751,0.00508543848991394,0.0009440931025892496,1.0,0.0,0.0,0.0,292.0,1.0,0.0
1774268492.547,1774268492.5473988,safe,0.9983339875928545,0.9983339875928545,0.0016660124071454898,NORMAL,Stress level is low (EMA=0.00),0.04989245533943176,0.9431657791137695,0.006115106400102377,0.0008266117656603456,1.0,0.0,0.0,0.0,292.0,1.0,0.0
1774268492.600,1774268492.6002371,safe,0.9982287656625395,0.9982287656625395,0.0017712343374604728,NORMAL,Stress level is low (EMA=0.00),0.06156478077173233,0.9310550689697266,0.0064019691199064255,0.0009781739208847284,1.0,0.0,0.0,0.0,292.0,1.0,0.0
1774268492.649,1774268492.6492054,safe,0.9986412912961746,0.9986412912961746,0.0013587087038253757,NORMAL,Stress level is low (EMA=0.00),0.05281202867627144,0.9415265917778015,0.004409210756421089,0.0012520751915872097,1.0,0.0,0.0,0.0,292.0,1.0,0.0
1774268492.700,1774268492.700323,safe,0.9988654460995844,0.9988654460995844,0.0011345539004156246,NORMAL,Stress level is low (EMA=0.00),0.05536739155650139,0.9399052262306213,0.0032717373687773943,0.00145557033829391,1.0,0.0,0.0,0.0,292.0,1.0,0.0
1774268492.752,1774268492.7518578,safe,0.9988922003407028,0.9988922003407028,0.0011077996592971679,NORMAL,Stress level is low (EMA=0.00),0.045922376215457916,0.9494616985321045,0.0031327782198786736,0.0014830534346401691,1.0,0.0,0.0,0.0,294.0,1.0,0.0
1774268492.802,1774268492.8015678,safe,0.9990938973087677,0.9990938973087677,0.0009061026912323295,NORMAL,Stress level is low (EMA=0.00),0.05141422152519226,0.9448102712631226,0.002424048725515604,0.0013513789745047688,1.0,0.0,0.0,0.0,294.0,1.0,0.0
1774268492.851,1774268492.8507526,safe,0.9992928598809193,0.9992928598809193,0.0007071401190807458,NORMAL,Stress level is low (EMA=0.00),0.0386182926595211,0.9584351778030396,0.0018779209349304438,0.001068496028892696,1.0,0.0,0.0,0.0,294.0,1.0,0.0
1774268492.902,1774268492.9022973,safe,0.9992584502819241,0.9992584502819241,0.0007415497180759532,NORMAL,Stress level is low (EMA=0.00),0.02950397878885269,0.967406153678894,0.0014717277372255921,0.001618062611669302,1.0,0.0,0.0,0.0,294.0,1.0,0.0
1774268492.952,1774268492.9524434,safe,0.9992951053372028,0.9992951053372028,0.0007048946627971958,NORMAL,Stress level is low (EMA=0.00),0.023428358137607574,0.9736346006393433,0.0012122772168368101,0.0017247839132323861,1.0,0.0,0.0,0.0,294.0,1.0,0.0
1774268493.003,1774268493.002883,safe,0.999132184788034,0.999132184788034,0.0008678152119660478,NORMAL,Stress level is low (EMA=0.00),0.01673061028122902,0.9796534776687622,0.0019145265687257051,0.0017013701144605875,1.0,0.0,0.0,0.0,294.0,1.0,0.0
1774268493.054,1774268493.054109,safe,0.9990074427755868,0.9990074427755868,0.0009925572244131855,NORMAL,Stress level is low (EMA=0.00),0.01455834973603487,0.9813059568405151,0.0021129848901182413,0.002022670116275549,1.0,0.0,0.0,0.0,294.0,1.0,0.0
1774268493.104,1774268493.1043718,safe,0.9991764896008688,0.9991764896008688,0.0008235103991312724,NORMAL,Stress level is low (EMA=0.00),0.013422563672065735,0.983146071434021,0.0017916554352268577,0.001639637746848166,1.0,0.0,0.0,0.0,294.0,1.0,0.0
1774268493.155,1774268493.1546683,safe,0.9987808244735163,0.9987808244735163,0.0012191755264836963,NORMAL,Stress level is low (EMA=0.00),0.01892044022679329,0.9759995937347412,0.003584102261811495,0.0014957955572754145,1.0,0.0,0.0,0.0,294.0,1.0,0.0
1774268493.206,1774268493.205901,safe,0.9988254629357024,0.9988254629357024,0.0011745370642976042,NORMAL,Stress level is low (EMA=0.00),0.01798047125339508,0.9771255850791931,0.0029714913107454777,0.001922413008287549,1.0,0.0,0.0,0.0,294.0,1.0,0.0
1774268493.256,1774268493.2564669,safe,0.9989311907781968,0.9989311907781968,0.001068809221803161,NORMAL,Stress level is low (EMA=0.00),0.01764996536076069,0.9778965711593628,0.0027463086880743504,0.0017070628236979246,1.0,0.0,0.0,0.0,294.0,1.0,0.0
1774268493.307,1774268493.3068497,safe,0.9989740411863968,0.9989740411863968,0.0010259588136031998,NORMAL,Stress level is low (EMA=0.00),0.03708544746041298,0.9586396217346191,0.00271214684471488,0.001562681281939149,1.0,0.0,0.0,0.0,294.0,1.0,0.0
1774268493.358,1774268493.3584566,safe,0.9991206678390209,0.9991206678390209,0.0008793321609791576,NORMAL,Stress level is low (EMA=0.00),0.02609965205192566,0.9702363610267639,0.001884373603388667,0.001779510173946619,1.0,0.0,0.0,0.0,294.0,1.0,0.0
1774268493.407,1774268493.4073572,safe,0.9992816346155291,0.9992816346155291,0.0007183653844709289,NORMAL,Stress level is low (EMA=0.00),0.02646356076002121,0.9705431461334229,0.0014653606340289116,0.001527828280813992,1.0,0.0,0.0,0.0,294.0,1.0,0.0
1774268493.459,1774268493.4586716,safe,0.9994311733739754,0.9994311733739754,0.0005688266260246709,NORMAL,Stress level is low (EMA=0.00),0.027833271771669388,0.9697965383529663,0.0011419154470786452,0.0012281953822821379,1.0,0.0,0.0,0.0,294.0,1.0,0.0
1774268493.508,1774268493.5079987,safe,0.9990021180850173,0.9990021180850173,0.000997881914982798,NORMAL,Stress level is low (EMA=0.00),0.030736807733774185,0.9651053547859192,0.0030581087339669466,0.001099732588045299,1.0,0.0,0.0,0.0,294.0,1.0,0.0
1774268493.560,1774268493.5597312,safe,0.9988821637452657,0.9988821637452657,0.0011178362547342557,NORMAL,Stress level is low (EMA=0.00),0.03101545013487339,0.9643268585205078,0.003689727745950222,0.0009679232025519013,1.0,0.0,0.0,0.0,294.0,1.0,0.0
1774268493.609,1774268493.6089692,safe,0.9931054375083631,0.9931054375083631,0.006894562491636904,NORMAL,Stress level is low (EMA=0.00),0.040275055915117264,0.9309975504875183,0.02426588535308838,0.00446145748719573,1.0,0.0,0.0,0.0,294.0,1.0,0.0
1774268493.660,1774268493.6599646,safe,0.994377902585087,0.994377902585087,0.005622097414913013,NORMAL,Stress level is low (EMA=0.00),0.06512247025966644,0.911452054977417,0.019155826419591904,0.004269578494131565,1.0,0.0,0.0,0.0,294.0,1.0,0.0
1774268493.711,1774268493.7108529,safe,0.9959443345675152,0.9959443345675152,0.004055665432484757,NORMAL,Stress level is low (EMA=0.00),0.05227327719330788,0.9308280944824219,0.013911955058574677,0.0029866506811231375,1.0,0.0,0.0,0.0,294.0,1.0,0.0
1774268493.765,1774268493.7651637,safe,0.9964936301573895,0.9964936301573895,0.00350636984261057,NORMAL,Stress level is low (EMA=0.00),0.05007003992795944,0.9353200197219849,0.012231415137648582,0.002378458622843027,1.0,0.0,0.0,0.0,290.0,1.0,0.0
1774268493.818,1774268493.8184469,safe,0.9969025134487595,0.9969025134487595,0.0030974865512405254,NORMAL,Stress level is low (EMA=0.00),0.05005708336830139,0.9370366334915161,0.011036298237740993,0.0018698950298130512,1.0,0.0,0.0,0.0,290.0,1.0,0.0
1774268493.866,1774268493.8658514,safe,0.9975123419282464,0.9975123419282464,0.002487658071753552,NORMAL,Stress level is low (EMA=0.00),0.05079297348856926,0.938841700553894,0.008605358190834522,0.0017598832491785288,1.0,0.0,0.0,0.0,290.0,1.0,0.0
1774268493.913,1774268493.9131835,safe,0.9982040290187562,0.9982040290187562,0.0017959709812438382,NORMAL,Stress level is low (EMA=0.00),0.03590554744005203,0.956611156463623,0.006142992060631514,0.001340219983831048,1.0,0.0,0.0,0.0,290.0,1.0,0.0
1774268493.961,1774268493.960734,safe,0.9986050737937787,0.9986050737937787,0.0013949262062213225,NORMAL,Stress level is low (EMA=0.00),0.031374070793390274,0.9628136157989502,0.004736673086881638,0.0010755190160125494,1.0,0.0,0.0,0.0,290.0,1.0,0.0
1774268494.011,1774268494.011141,safe,0.9989814089300469,0.9989814089300469,0.001018591069953077,NORMAL,Stress level is low (EMA=0.00),0.025372546166181564,0.9703831672668457,0.003438617568463087,0.0008055114885792136,1.0,0.0,0.0,0.0,290.0,1.0,0.0
1774268494.061,1774268494.0609882,safe,0.9991061784015511,0.9991061784015511,0.0008938215984488356,NORMAL,Stress level is low (EMA=0.00),0.0617094412446022,0.9345661401748657,0.0028883025515824556,0.0008359537459909916,1.0,0.0,0.0,0.0,290.0,1.0,0.0
1774268494.111,1774268494.1113746,safe,0.9989968496784315,0.9989968496784315,0.0010031503215685333,NORMAL,Stress level is low (EMA=0.00),0.05531890317797661,0.9405010938644409,0.003046529833227396,0.0011332626454532146,1.0,0.0,0.0,0.0,290.0,1.0,0.0
1774268494.162,1774268494.1618583,safe,0.9961123825047035,0.9961123825047035,0.003887617495296511,NORMAL,Stress level is low (EMA=0.00),0.07173676788806915,0.9120646715164185,0.014609445817768574,0.0015889588976278901,1.0,0.0,0.0,0.0,290.0,1.0,0.0
1774268494.212,1774268494.2122297,safe,0.991408413668541,0.991408413668541,0.008591586331458963,NORMAL,Stress level is low (EMA=0.00),0.06813512742519379,0.8960664868354797,0.03343408554792404,0.0023641884326934814,1.0,0.0,0.0,0.0,290.0,1.0,0.0
1774268494.263,1774268494.2633288,safe,0.9936489078729,0.9936489078729,0.006351092127100095,NORMAL,Stress level is low (EMA=0.00),0.09116315841674805,0.8823738098144531,0.024624984711408615,0.0018378967652097344,1.0,0.0,0.0,0.0,290.0,1.0,0.0
1774268494.312,1774268494.3122082,safe,0.9948672037603685,0.9948672037603685,0.005132796239631461,NORMAL,Stress level is low (EMA=0.00),0.08133842051029205,0.8972747921943665,0.019550591707229614,0.0018360575195401907,1.0,0.0,0.0,0.0,290.0,1.0,0.0
1774268494.363,1774268494.3627431,safe,0.9955346343987287,0.9955346343987287,0.004465365601271336,NORMAL,Stress level is low (EMA=0.00),0.0769629031419754,0.9044313430786133,0.016871344298124313,0.0017343449871987104,1.0,0.0,0.0,0.0,290.0,1.0,0.0
1774268494.414,1774268494.4135888,safe,0.996643425814575,0.996643425814575,0.0033565741854249664,NORMAL,Stress level is low (EMA=0.00),0.066686250269413,0.919327974319458,0.012513945810496807,0.0014717795420438051,1.0,0.0,0.0,0.0,290.0,1.0,0.0
1774268494.465,1774268494.4647748,safe,0.9972434458856503,0.9972434458856503,0.002756554114349767,NORMAL,Stress level is low (EMA=0.00),0.08555717021226883,0.9029571413993835,0.010216031223535538,0.0012696105986833572,1.0,0.0,0.0,0.0,290.0,1.0,0.0
1774268494.515,1774268494.5153365,safe,0.9977900333348548,0.9977900333348548,0.002209966665145215,NORMAL,Stress level is low (EMA=0.00),0.07839398086071014,0.9123977422714233,0.008097429759800434,0.0011107642203569412,1.0,0.0,0.0,0.0,290.0,1.0,0.0
1774268494.565,1774268494.5649667,safe,0.9981995705152342,0.9981995705152342,0.0018004294847657545,NORMAL,Stress level is low (EMA=0.00),0.09556835889816284,0.8969297409057617,0.006229768507182598,0.0012720205122604966,1.0,0.0,0.0,0.0,290.0,1.0,0.0
1774268494.616,1774268494.6157322,safe,0.9977966960858691,0.9977966960858691,0.0022033039141309274,NORMAL,Stress level is low (EMA=0.00),0.1211688220500946,0.8696506023406982,0.007833953946828842,0.0013464782387018204,1.0,0.0,0.0,0.0,290.0,1.0,0.0
1774268494.666,1774268494.6655195,safe,0.9978178003473211,0.9978178003473211,0.0021821996526788386,NORMAL,Stress level is low (EMA=0.00),0.15387694537639618,0.8370304107666016,0.007814683020114899,0.0012778147356584668,1.0,0.0,0.0,0.0,290.0,1.0,0.0
1774268494.716,1774268494.71626,safe,0.9962092766067635,0.9962092766067635,0.003790723393236474,NORMAL,Stress level is low (EMA=0.00),0.20202136039733887,0.7821838855743408,0.014230355620384216,0.001564324484206736,1.0,0.0,0.0,0.0,290.0,1.0,0.0
1774268494.768,1774268494.7676837,safe,0.9832626401101243,0.9832626401101243,0.016737359889875715,NORMAL,Stress level is low (EMA=0.01),0.21112364530563354,0.7191373109817505,0.06561728566884995,0.004121711943298578,1.0,0.0,0.0,0.0,289.0,1.0,0.0
1774268494.818,1774268494.8176553,safe,0.9503157787925314,0.9503157787925314,0.049684221207468654,NORMAL,Stress level is low (EMA=0.02),0.19549626111984253,0.5974860787391663,0.20147132873535156,0.005546249449253082,1.0,0.0,0.0,0.0,289.0,1.0,0.0
1774268494.867,1774268494.8671455,safe,0.9208706390642305,0.9208706390642305,0.07912936093576951,NORMAL,Stress level is low (EMA=0.04),0.17359894514083862,0.49669528007507324,0.3229939341545105,0.006711710710078478,1.0,0.0,0.0,0.0,289.0,1.0,0.0
1774268494.918,1774268494.9175322,safe,0.9365674823274734,0.9365674823274734,0.06343251767252661,NORMAL,Stress level is low (EMA=0.05),0.14594194293022156,0.5897557735443115,0.2586379945278168,0.005664138589054346,1.0,0.0,0.0,0.0,289.0,1.0,0.0
1774268494.969,1774268494.96873,safe,0.9062181440664495,0.9062181440664495,0.09378185593355054,NORMAL,Stress level is low (EMA=0.06),0.1454821527004242,0.46376001834869385,0.3835357427597046,0.007221960928291082,1.0,0.0,0.0,0.0,289.0,1.0,0.0
1774268495.019,1774268495.019283,safe,0.9076149952478322,0.9076149952478322,0.0923850047521678,NORMAL,Stress level is low (EMA=0.07),0.1398504227399826,0.4752119779586792,0.377122700214386,0.007814795710146427,1.0,0.0,0.0,0.0,289.0,1.0,0.0
1774268495.070,1774268495.0704396,safe,0.8912853352749825,0.8912853352749825,0.10871466472501748,NORMAL,Stress level is low (EMA=0.08),0.15008534491062164,0.39693683385849,0.44437137246131897,0.008606377989053726,1.0,0.0,0.0,0.0,289.0,1.0,0.0
1774268495.121,1774268495.121455,safe,0.9030655125755775,0.9030655125755775,0.0969344874244225,NORMAL,Stress level is low (EMA=0.09),0.13358883559703827,0.4625173807144165,0.3953561782836914,0.008537491783499718,1.0,0.0,0.0,0.0,289.0,1.0,0.0
1774268495.172,1774268495.172477,safe,0.9256975559604746,0.9256975559604746,0.07430244403952532,NORMAL,Stress level is low (EMA=0.08),0.11281135678291321,0.577595055103302,0.30217280983924866,0.007420690730214119,1.0,0.0,0.0,0.0,289.0,1.0,0.0
1774268495.221,1774268495.2212303,safe,0.9323923970149,0.9323923970149,0.06760760298510005,NORMAL,Stress level is low (EMA=0.08),0.11585459113121033,0.602446973323822,0.27266520261764526,0.009033124893903732,1.0,0.0,0.0,0.0,289.0,1.0,0.0
1774268495.273,1774268495.2728343,safe,0.9405791301052985,0.9405791301052985,0.05942086989470152,NORMAL,Stress level is low (EMA=0.07),0.14235973358154297,0.6100531816482544,0.235630065202713,0.011956870555877686,1.0,0.0,0.0,0.0,289.0,1.0,0.0
1774268495.323,1774268495.3226025,safe,0.9475841871755386,0.9475841871755386,0.05241581282446144,NORMAL,Stress level is low (EMA=0.07),0.1905071884393692,0.5910934805870056,0.20694305002689362,0.011456153355538845,1.0,0.0,0.0,0.0,289.0,1.0,0.0
1774268495.373,1774268495.372777,safe,0.9407594051888217,0.9407594051888217,0.05924059481117825,NORMAL,Stress level is low (EMA=0.06),0.2110288441181183,0.5421352386474609,0.23675507307052612,0.01008072029799223,1.0,0.0,0.0,0.0,289.0,1.0,0.0
1774268495.423,1774268495.4232814,safe,0.9495457037435157,0.9495457037435157,0.050454296256484336,NORMAL,Stress level is low (EMA=0.06),0.1838022768497467,0.6059713959693909,0.20035332441329956,0.00987289659678936,1.0,0.0,0.0,0.0,289.0,1.0,0.0
1774268495.475,1774268495.4753428,safe,0.9411748718162546,0.9411748718162546,0.058825128183745426,NORMAL,Stress level is low (EMA=0.06),0.15218615531921387,0.6027090549468994,0.23546791076660156,0.0096367746591568,1.0,0.0,0.0,0.0,289.0,1.0,0.0
1774268495.525,1774268495.5247507,safe,0.9321536983282727,0.9321536983282727,0.06784630167172732,NORMAL,Stress level is low (EMA=0.06),0.14166805148124695,0.5756389498710632,0.26854610443115234,0.014146803878247738,1.0,0.0,0.0,0.0,289.0,1.0,0.0
1774268495.576,1774268495.5755548,safe,0.9165172648517623,0.9165172648517623,0.08348273514823769,NORMAL,Stress level is low (EMA=0.07),0.11576684564352036,0.5363883376121521,0.33450573682785034,0.013338970020413399,1.0,0.0,0.0,0.0,289.0,1.0,0.0
1774268495.627,1774268495.6271155,safe,0.8908317307940541,0.8908317307940541,0.1091682692059459,NORMAL,Stress level is low (EMA=0.08),0.08172091841697693,0.46341121196746826,0.432699978351593,0.022167779505252838,1.0,0.0,0.0,0.0,289.0,1.0,0.0
1774268495.677,1774268495.676529,safe,0.9225223581754602,0.9225223581754602,0.07747764182453973,NORMAL,Stress level is low (EMA=0.08),0.06731386482715607,0.6098625659942627,0.30663827061653137,0.016185222193598747,1.0,0.0,0.0,0.0,289.0,1.0,0.0
1774268495.727,1774268495.7268581,safe,0.9046844748048053,0.9046844748048053,0.0953155251951947,NORMAL,Stress level is low (EMA=0.08),0.08881472051143646,0.5140371918678284,0.3839800953865051,0.013167905621230602,1.0,0.0,0.0,0.0,289.0,1.0,0.0
1774268495.779,1774268495.7785442,safe,0.9138596762014864,0.9138596762014864,0.08614032379851354,NORMAL,Stress level is low (EMA=0.08),0.09464457631111145,0.5464373230934143,0.34631669521331787,0.012601297348737717,1.0,0.0,0.0,0.0,292.0,1.0,0.0
1774268495.828,1774268495.828139,safe,0.9150584602011189,0.9150584602011189,0.0849415397988811,NORMAL,Stress level is low (EMA=0.08),0.07919074594974518,0.5668860673904419,0.3384270668029785,0.015495987609028816,1.0,0.0,0.0,0.0,292.0,1.0,0.0
1774268495.879,1774268495.8787851,safe,0.9260432264919572,0.9260432264919572,0.07395677350804279,NORMAL,Stress level is low (EMA=0.08),0.06318210810422897,0.6286646127700806,0.2893471419811249,0.01880606822669506,1.0,0.0,0.0,0.0,292.0,1.0,0.0
1774268495.929,1774268495.929034,safe,0.9307416937049778,0.9307416937049778,0.0692583062950222,NORMAL,Stress level is low (EMA=0.08),0.0959153026342392,0.6155083179473877,0.2686619758605957,0.019914278760552406,1.0,0.0,0.0,0.0,292.0,1.0,0.0
1774268495.980,1774268495.9799225,safe,0.9143820140608735,0.9143820140608735,0.08561798593912652,NORMAL,Stress level is low (EMA=0.08),0.11229656636714935,0.5309616923332214,0.3371686339378357,0.019572937861084938,1.0,0.0,0.0,0.0,292.0,1.0,0.0
1774268496.029,1774268496.0293353,safe,0.8770205835287225,0.8770205835287225,0.12297941647127754,NORMAL,Stress level is low (EMA=0.09),0.117074154317379,0.3705115020275116,0.49652788043022156,0.015886306762695312,1.0,0.0,0.0,0.0,292.0,1.0,0.0
1774268496.080,1774268496.080021,safe,0.8399681964800801,0.8399681964800801,0.1600318035199199,NORMAL,Stress level is low (EMA=0.11),0.08128505200147629,0.25191572308540344,0.6493804454803467,0.01741870678961277,1.0,0.0,0.0,0.0,292.0,1.0,0.0
1774268496.132,1774268496.1318316,safe,0.8620709287453845,0.8620709287453845,0.13792907125461557,NORMAL,Stress level is low (EMA=0.12),0.09323836117982864,0.33205708861351013,0.5621176958084106,0.012586722150444984,1.0,0.0,0.0,0.0,292.0,1.0,0.0
1774268496.182,1774268496.1818016,safe,0.8532032849605882,0.8532032849605882,0.14679671503941186,NORMAL,Stress level is low (EMA=0.13),0.07294868677854538,0.315398246049881,0.601747989654541,0.009904938749969006,1.0,0.0,0.0,0.0,292.0,1.0,0.0
1774268496.232,1774268496.2317991,safe,0.8949557232907822,0.8949557232907822,0.10504427670921779,NORMAL,Stress level is low (EMA=0.12),0.07489972561597824,0.4874156713485718,0.42844054102897644,0.009243903681635857,1.0,0.0,0.0,0.0,292.0,1.0,0.0
1774268496.282,1774268496.2823644,safe,0.9290270590934524,0.9290270590934524,0.07097294090654765,NORMAL,Stress level is low (EMA=0.11),0.07423020154237747,0.6300491094589233,0.28870245814323425,0.0070181069895625114,1.0,0.0,0.0,0.0,292.0,1.0,0.0
1774268496.332,1774268496.332285,safe,0.925860627190086,0.925860627190086,0.07413937280991405,NORMAL,Stress level is low (EMA=0.10),0.06073032319545746,0.6303555369377136,0.29846689105033875,0.010447142645716667,1.0,0.0,0.0,0.0,292.0,1.0,0.0
1774268496.383,1774268496.3826795,safe,0.9423820123109247,0.9423820123109247,0.057617987689075334,NORMAL,Stress level is low (EMA=0.08),0.06696943938732147,0.692955493927002,0.22568564116954803,0.014389287680387497,1.0,0.0,0.0,0.0,292.0,1.0,0.0
1774268496.432,1774268496.4324698,safe,0.9095757694146857,0.9095757694146857,0.09042423058531432,NORMAL,Stress level is low (EMA=0.09),0.07258342951536179,0.5506488680839539,0.3415624797344208,0.03520512580871582,1.0,0.0,0.0,0.0,292.0,1.0,0.0
1774268496.483,1774268496.4831111,safe,0.9294576826553268,0.9294576826553268,0.07054231734467319,NORMAL,Stress level is low (EMA=0.08),0.08896712958812714,0.6171064376831055,0.25528842210769653,0.03863787651062012,1.0,0.0,0.0,0.0,292.0,1.0,0.0
1774268496.535,1774268496.534585,safe,0.9331597682701769,0.9331597682701769,0.06684023172982308,NORMAL,Stress level is low (EMA=0.08),0.08411439508199692,0.6373845338821411,0.24673351645469666,0.031767427921295166,1.0,0.0,0.0,0.0,292.0,1.0,0.0
1774268496.584,1774268496.5836213,safe,0.9385834306584756,0.9385834306584756,0.061416569341524396,NORMAL,Stress level is low (EMA=0.07),0.06075325980782509,0.6833442449569702,0.2320326566696167,0.023869693279266357,1.0,0.0,0.0,0.0,292.0,1.0,0.0
1774268496.634,1774268496.6338267,safe,0.9554972339637926,0.9554972339637926,0.04450276603620745,NORMAL,Stress level is low (EMA=0.06),0.04382287338376045,0.7707488536834717,0.16949406266212463,0.015934119001030922,1.0,0.0,0.0,0.0,292.0,1.0,0.0
1774268496.685,1774268496.6847355,safe,0.9414208645600786,0.9414208645600786,0.05857913543992144,NORMAL,Stress level is low (EMA=0.06),0.03401494771242142,0.7219052910804749,0.23361830413341522,0.010461421683430672,1.0,0.0,0.0,0.0,292.0,1.0,0.0
1774268496.735,1774268496.7348237,safe,0.8998336464099712,0.8998336464099712,0.10016635359002882,NORMAL,Stress level is low (EMA=0.07),0.02677414007484913,0.555866003036499,0.4104655683040619,0.006894221529364586,1.0,0.0,0.0,0.0,292.0,1.0,0.0
1774268496.788,1774268496.7879395,safe,0.8619752533332301,0.8619752533332301,0.13802474666676987,NORMAL,Stress level is low (EMA=0.09),0.020215097814798355,0.4046817123889923,0.5705103874206543,0.004592682234942913,1.0,0.0,0.0,0.0,284.0,1.0,0.0
1774268496.839,1774268496.8388464,safe,0.8343108232080222,0.8343108232080222,0.16568917679197778,NORMAL,Stress level is low (EMA=0.11),0.016556788235902786,0.29307156801223755,0.6873210072517395,0.0030505105387419462,1.0,0.0,0.0,0.0,284.0,1.0,0.0
1774268496.890,1774268496.8897817,safe,0.812466583319823,0.812466583319823,0.18753341668017703,NORMAL,Stress level is low (EMA=0.14),0.016701065003871918,0.2019096463918686,0.7793847322463989,0.002004457637667656,1.0,0.0,0.0,0.0,284.0,1.0,0.0
1774268496.939,1774268496.9389725,safe,0.7945294645777622,0.7945294645777622,0.20547053542223787,NORMAL,Stress level is low (EMA=0.16),0.012121113017201424,0.1317516267299652,0.8547967672348022,0.001330432714894414,1.0,0.0,0.0,0.0,284.0,1.0,0.0
1774268496.990,1774268496.9903905,safe,0.782539271048548,0.782539271048548,0.217460728951452,NORMAL,Stress level is low (EMA=0.18),0.008023050613701344,0.08589053899049759,0.9051799774169922,0.0009063458419404924,1.0,0.0,0.0,0.0,284.0,1.0,0.0
1774268497.040,1774268497.0396101,safe,0.7768337946949304,0.7768337946949304,0.22316620530506964,NORMAL,Stress level is low (EMA=0.19),0.010741113685071468,0.05939964950084686,0.9291782379150391,0.0006808902253396809,1.0,0.0,0.0,0.0,284.0,1.0,0.0
1774268497.091,1774268497.0908275,safe,0.7813170355307409,0.7813170355307409,0.2186829644692591,NORMAL,Stress level is low (EMA=0.20),0.04264504835009575,0.04617587476968765,0.9107000231742859,0.0004789251834154129,1.0,0.0,0.0,0.0,284.0,1.0,0.0
1774268497.142,1774268497.1417108,safe,0.7926287341174352,0.7926287341174352,0.20737126588256483,NORMAL,Stress level is low (EMA=0.20),0.04840456694364548,0.08754841238260269,0.8631950616836548,0.0008517939131706953,1.0,0.0,0.0,0.0,284.0,1.0,0.0
1774268497.193,1774268497.1926165,safe,0.7831556958824771,0.7831556958824771,0.21684430411752292,NORMAL,Stress level is low (EMA=0.21),0.03472712263464928,0.061754874885082245,0.9022095203399658,0.001308332197368145,1.0,0.0,0.0,0.0,284.0,1.0,0.0
1774268497.242,1774268497.2417405,safe,0.7824253916360433,0.7824253916360433,0.21757460836395667,NORMAL,Stress level is low (EMA=0.21),0.02508588880300522,0.06835317611694336,0.9051886200904846,0.001372168306261301,1.0,0.0,0.0,0.0,284.0,1.0,0.0
1774268497.293,1774268497.2933168,safe,0.7754818513131768,0.7754818513131768,0.22451814868682318,NORMAL,Stress level is low (EMA=0.21),0.016718139871954918,0.047789499163627625,0.9343035221099854,0.0011886684224009514,1.0,0.0,0.0,0.0,284.0,1.0,0.0
1774268497.345,1774268497.3449843,safe,0.7711063909622373,0.7711063909622373,0.22889360903776274,NORMAL,Stress level is low (EMA=0.22),0.011462072841823101,0.034814488142728806,0.9527150392532349,0.0010082407388836145,1.0,0.0,0.0,0.0,284.0,1.0,0.0
1774268497.393,1774268497.3929138,safe,0.7696688979335381,0.7696688979335381,0.2303311020664619,NORMAL,Stress level is low (EMA=0.22),0.009605065919458866,0.030681956559419632,0.9583892822265625,0.001323572127148509,1.0,0.0,0.0,0.0,284.0,1.0,0.0
1774268497.445,1774268497.4444885,safe,0.7692767224954041,0.7692767224954041,0.23072327750459581,NORMAL,Stress level is low (EMA=0.22),0.006962992716580629,0.031689975410699844,0.9603331089019775,0.0010138230863958597,1.0,0.0,0.0,0.0,284.0,1.0,0.0
1774268497.495,1774268497.4947598,safe,0.7679968444044833,0.7679968444044833,0.2320031555955167,NORMAL,Stress level is low (EMA=0.23),0.006114545278251171,0.02720560133457184,0.9658516645431519,0.00082809739978984,1.0,0.0,0.0,0.0,284.0,1.0,0.0
1774268497.546,1774268497.5456994,safe,0.7703270507099916,0.7703270507099916,0.22967294929000837,NORMAL,Stress level is low (EMA=0.23),0.006031585857272148,0.036997780203819275,0.956244945526123,0.0007256604731082916,1.0,0.0,0.0,0.0,284.0,1.0,0.0
1774268497.596,1774268497.595771,safe,0.7692710574652211,0.7692710574652211,0.2307289425347789,NORMAL,Stress level is low (EMA=0.23),0.005282780155539513,0.033346597105264664,0.9606865644454956,0.0006839901325292885,1.0,0.0,0.0,0.0,284.0,1.0,0.0
1774268497.647,1774268497.6465678,safe,0.7720964968194263,0.7720964968194263,0.22790350318057376,NORMAL,Stress level is low (EMA=0.23),0.005059783812612295,0.045342251658439636,0.9490296840667725,0.0005682000191882253,1.0,0.0,0.0,0.0,284.0,1.0,0.0
1774268497.698,1774268497.6976993,safe,0.7711155228112285,0.7711155228112285,0.22888447718877147,NORMAL,Stress level is low (EMA=0.23),0.0037570237182080746,0.042557623237371445,0.9532068967819214,0.0004783828044310212,1.0,0.0,0.0,0.0,284.0,1.0,0.0
1774268497.749,1774268497.7490258,safe,0.77909652915513,0.77909652915513,0.22090347084487003,NORMAL,Stress level is low (EMA=0.23),0.004617265425622463,0.07495157420635223,0.9199347496032715,0.0004963396349921823,1.0,0.0,0.0,0.0,284.0,1.0,0.0
1774268497.799,1774268497.7989893,safe,0.7843389356314169,0.7843389356314169,0.21566106436858315,NORMAL,Stress level is low (EMA=0.22),0.00514435488730669,0.09626785665750504,0.8981232643127441,0.0004644801956601441,1.0,0.0,0.0,0.0,284.0,1.0,0.0
1774268497.848,1774268497.847861,safe,0.7872185924994579,0.7872185924994579,0.21278140750054209,NORMAL,Stress level is low (EMA=0.22),0.005910440348088741,0.1075003445148468,0.8858993053436279,0.0006898730061948299,1.0,0.0,0.0,0.0,284.0,1.0,0.0
1774268497.898,1774268497.8984005,safe,0.7875812396538393,0.7875812396538393,0.21241876034616075,NORMAL,Stress level is low (EMA=0.22),0.005667360499501228,0.10925443470478058,0.8841004967689514,0.0009776297956705093,1.0,0.0,0.0,0.0,284.0,1.0,0.0
1774268497.948,1774268497.9480233,safe,0.7858958769240885,0.7858958769240885,0.21410412307591153,NORMAL,Stress level is low (EMA=0.22),0.005091504659503698,0.10280793905258179,0.8913341760635376,0.0007662866846658289,1.0,0.0,0.0,0.0,284.0,1.0,0.0
1774268497.999,1774268497.9986863,safe,0.7820116452005325,0.7820116452005325,0.21798835479946754,NORMAL,Stress level is low (EMA=0.22),0.0061854650266468525,0.08552969992160797,0.907630205154419,0.0006545784999616444,1.0,0.0,0.0,0.0,284.0,1.0,0.0
1774268498.050,1774268498.0502942,safe,0.7784963104193874,0.7784963104193874,0.22150368958061262,NORMAL,Stress level is low (EMA=0.22),0.005214168690145016,0.07185377180576324,0.9223363399505615,0.0005956756649538875,1.0,0.0,0.0,0.0,284.0,1.0,0.0
1774268498.100,1774268498.0999756,safe,0.7839540655268733,0.7839540655268733,0.21604593447312667,NORMAL,Stress level is low (EMA=0.22),0.004713376052677631,0.0950951874256134,0.899551510810852,0.0006398324621841311,1.0,0.0,0.0,0.0,284.0,1.0,0.0
1774268498.152,1774268498.151895,safe,0.7900015131780718,0.7900015131780718,0.2099984868219282,NORMAL,Stress level is low (EMA=0.22),0.005851841066032648,0.1191544234752655,0.8740766048431396,0.0009170456323772669,1.0,0.0,0.0,0.0,284.0,1.0,0.0
1774268498.203,1774268498.2026665,safe,0.7854311107738651,0.7854311107738651,0.21456888922613493,NORMAL,Stress level is low (EMA=0.22),0.00957239419221878,0.0963904932141304,0.8932507038116455,0.0007862488273531199,1.0,0.0,0.0,0.0,284.0,1.0,0.0
1774268498.252,1774268498.252407,safe,0.7923546829958261,0.7923546829958261,0.20764531700417393,NORMAL,Stress level is low (EMA=0.21),0.022712863981723785,0.11209824681282043,0.8644093871116638,0.000779359950684011,1.0,0.0,0.0,0.0,284.0,1.0,0.0
1774268498.304,1774268498.303927,safe,0.7919274159766543,0.7919274159766543,0.2080725840233457,NORMAL,Stress level is low (EMA=0.21),0.032734278589487076,0.10029657185077667,0.8663251399993896,0.0006439064745791256,1.0,0.0,0.0,0.0,284.0,1.0,0.0
1774268498.355,1774268498.3551693,safe,0.7885707077162672,0.7885707077162672,0.21142929228373278,NORMAL,Stress level is low (EMA=0.21),0.042797841131687164,0.0762467235326767,0.8803187608718872,0.0006365666631609201,1.0,0.0,0.0,0.0,284.0,1.0,0.0
1774268498.406,1774268498.4055781,safe,0.7912592824633554,0.7912592824633554,0.2087407175366446,NORMAL,Stress level is low (EMA=0.21),0.06630878150463104,0.0639381930232048,0.8690707683563232,0.000682182377204299,1.0,0.0,0.0,0.0,284.0,1.0,0.0
1774268498.456,1774268498.4556215,safe,0.7869047585538022,0.7869047585538022,0.21309524144619785,NORMAL,Stress level is low (EMA=0.21),0.06276926398277283,0.04933386668562889,0.8873118162155151,0.0005849889712408185,1.0,0.0,0.0,0.0,284.0,1.0,0.0
1774268498.506,1774268498.5063307,safe,0.7785394242553773,0.7785394242553773,0.2214605757446228,NORMAL,Stress level is low (EMA=0.21),0.04318143427371979,0.03406612202525139,0.92232346534729,0.0004288780619390309,1.0,0.0,0.0,0.0,284.0,1.0,0.0
1774268498.556,1774268498.5564663,safe,0.7720722567330881,0.7720722567330881,0.2279277432669119,NORMAL,Stress level is low (EMA=0.22),0.028085878118872643,0.022215165197849274,0.9494102001190186,0.00028869518428109586,1.0,0.0,0.0,0.0,284.0,1.0,0.0
1774268498.607,1774268498.606945,safe,0.7678888970392409,0.7678888970392409,0.2321111029607591,NORMAL,Stress level is low (EMA=0.22),0.018343674018979073,0.014526708982884884,0.9669311046600342,0.0001984615228138864,1.0,0.0,0.0,0.0,284.0,1.0,0.0
1774268498.658,1774268498.658259,safe,0.7651321968563096,0.7651321968563096,0.23486780314369035,NORMAL,Stress level is low (EMA=0.23),0.01192763913422823,0.009456473402678967,0.9784849882125854,0.000130799860926345,1.0,0.0,0.0,0.0,284.0,1.0,0.0
1774268498.751,1774268498.750771,safe,0.7726804090312421,0.7726804090312421,0.2273195909687579,NORMAL,Stress level is low (EMA=0.23),0.017861180007457733,0.03497384116053581,0.9470717906951904,9.315000352216884e-05,1.0,0.0,0.0,0.0,284.0,1.0,0.0
1774268498.797,1774268498.7972248,safe,0.8164594541334876,0.8164594541334876,0.1835405458665124,NORMAL,Stress level is low (EMA=0.21),0.1045932024717331,0.1306544840335846,0.7646352052688599,0.00011703606287483126,1.0,0.0,0.0,0.0,284.0,1.0,0.0
1774268498.846,1774268498.8459585,safe,0.8741812193581423,0.8741812193581423,0.1258187806418577,NORMAL,Stress level is low (EMA=0.19),0.08846598118543625,0.38728904724121094,0.5241294503211975,0.00011544505105121061,1.0,0.0,0.0,0.0,284.0,1.0,0.0
1774268498.900,1774268498.8997383,safe,0.917936455865862,0.917936455865862,0.08206354413413793,NORMAL,Stress level is low (EMA=0.16),0.05841350555419922,0.599655032157898,0.3418515622615814,7.986430136952549e-05,1.0,0.0,0.0,0.0,284.0,1.0,0.0
1774268498.954,1774268498.9543195,safe,0.9463146759805773,0.9463146759805773,0.053685324019422734,NORMAL,Stress level is low (EMA=0.13),0.0395282618701458,0.7367828488349915,0.2236342877149582,5.455628706840798e-05,1.0,0.0,0.0,0.0,284.0,1.0,0.0
1774268499.000,1774268498.9998357,safe,0.8818910889060002,0.8818910889060002,0.1181089110939998,NORMAL,Stress level is low (EMA=0.12),0.02578859031200409,0.48209092020988464,0.4920807182788849,3.9733473386149853e-05,1.0,0.0,0.0,0.0,284.0,1.0,0.0
1774268499.047,1774268499.0471447,safe,0.8410696667110698,0.8410696667110698,0.1589303332889303,NORMAL,Stress level is low (EMA=0.13),0.016765497624874115,0.32102474570274353,0.6621836423873901,2.605681584100239e-05,1.0,0.0,0.0,0.0,284.0,1.0,0.0
1774268499.094,1774268499.0942304,safe,0.8686257706426352,0.8686257706426352,0.1313742293573647,NORMAL,Stress level is low (EMA=0.13),0.015950197353959084,0.4366571307182312,0.5471746921539307,0.00021790590835735202,1.0,0.0,0.0,0.0,284.0,1.0,0.0
1774268499.141,1774268499.1407614,safe,0.8404967453739971,0.8404967453739971,0.1595032546260029,NORMAL,Stress level is low (EMA=0.14),0.028825830668210983,0.306577205657959,0.6641460657119751,0.0004507825360633433,1.0,0.0,0.0,0.0,284.0,1.0,0.0
1774268499.187,1774268499.1867232,safe,0.8216063077976192,0.8216063077976192,0.17839369220238083,NORMAL,Stress level is low (EMA=0.15),0.0378582701086998,0.21883462369441986,0.7429530024528503,0.0003540038305800408,1.0,0.0,0.0,0.0,284.0,1.0,0.0
1774268499.232,1774268499.2317524,safe,0.8098680339024574,0.8098680339024574,0.19013196609754257,NORMAL,Stress level is low (EMA=0.16),0.0438268780708313,0.16395655274391174,0.791732907295227,0.00048357844934798777,1.0,0.0,0.0,0.0,284.0,1.0,0.0
1774268499.277,1774268499.277479,safe,0.8398035834261106,0.8398035834261106,0.16019641657388944,NORMAL,Stress level is low (EMA=0.16),0.1823333203792572,0.15018156170845032,0.6664780974388123,0.0010069389827549458,1.0,0.0,0.0,0.0,284.0,1.0,0.0
1774268499.323,1774268499.3229268,safe,0.8382060453379754,0.8382060453379754,0.16179395466202462,NORMAL,Stress level is low (EMA=0.16),0.18782135844230652,0.13803710043430328,0.6726020574569702,0.001539377262815833,1.0,0.0,0.0,0.0,284.0,1.0,0.0
1774268499.368,1774268499.368446,safe,0.881868742426243,0.881868742426243,0.118131257573757,NORMAL,Stress level is low (EMA=0.15),0.3124578297138214,0.19532853364944458,0.49098625779151917,0.0012272888561710715,1.0,0.0,0.0,0.0,284.0,1.0,0.0
1774268499.417,1774268499.4171796,safe,0.9089434851531306,0.9089434851531306,0.0910565148468694,NORMAL,Stress level is low (EMA=0.13),0.46337875723838806,0.1572190374135971,0.3785296082496643,0.0008725192165002227,1.0,0.0,0.0,0.0,284.0,1.0,0.0
1774268499.468,1774268499.467714,safe,0.8590749949103529,0.8590749949103529,0.1409250050896471,NORMAL,Stress level is low (EMA=0.13),0.30730316042900085,0.10550930351018906,0.5865803360939026,0.0006071770330891013,1.0,0.0,0.0,0.0,284.0,1.0,0.0
1774268499.518,1774268499.5180812,safe,0.8263033663692645,0.8263033663692645,0.1736966336307355,NORMAL,Stress level is low (EMA=0.15),0.20252421498298645,0.07373981922864914,0.7231159210205078,0.0006200583302415907,1.0,0.0,0.0,0.0,284.0,1.0,0.0
1774268499.568,1774268499.5681708,safe,0.8204057884390911,0.8204057884390911,0.179594211560909,NORMAL,Stress level is low (EMA=0.16),0.15368962287902832,0.0980011522769928,0.7455641031265259,0.002745103556662798,1.0,0.0,0.0,0.0,284.0,1.0,0.0
1774268499.619,1774268499.6192534,safe,0.8161903829978993,0.8161903829978993,0.18380961700210072,NORMAL,Stress level is low (EMA=0.16),0.11321676522493362,0.12090978026390076,0.761520504951477,0.004352856427431107,1.0,0.0,0.0,0.0,284.0,1.0,0.0
1774268499.671,1774268499.6705954,safe,0.8187968419908087,0.8187968419908087,0.18120315800919132,NORMAL,Stress level is low (EMA=0.17),0.08837772160768509,0.15660905838012695,0.7477065324783325,0.00730657484382391,1.0,0.0,0.0,0.0,284.0,1.0,0.0
1774268499.721,1774268499.7205987,safe,0.8038558383254779,0.8038558383254779,0.1961441616745221,NORMAL,Stress level is low (EMA=0.18),0.06757776439189911,0.11515485495328903,0.8119537234306335,0.005313578061759472,1.0,0.0,0.0,0.0,284.0,1.0,0.0
1774268499.774,1774268499.773724,safe,0.79612054095029,0.79612054095029,0.20387945904971008,NORMAL,Stress level is low (EMA=0.19),0.06220589578151703,0.0882963314652443,0.8451839089393616,0.004313809331506491,1.0,0.0,0.0,0.0,276.0,1.0,0.0
1774268499.823,1774268499.8228552,safe,0.8046678880174088,0.8046678880174088,0.19533211198259115,NORMAL,Stress level is low (EMA=0.19),0.05591295659542084,0.1302032172679901,0.8072018623352051,0.006681912578642368,1.0,0.0,0.0,0.0,276.0,1.0,0.0
1774268499.874,1774268499.8734846,safe,0.8015729557622755,0.8015729557622755,0.1984270442377245,NORMAL,Stress level is low (EMA=0.19),0.04204115271568298,0.13117948174476624,0.8209561705589294,0.005823166109621525,1.0,0.0,0.0,0.0,276.0,1.0,0.0
1774268499.925,1774268499.924632,safe,0.8016350397725502,0.8016350397725502,0.19836496022744976,NORMAL,Stress level is low (EMA=0.19),0.034278105944395065,0.13920119404792786,0.8214634656906128,0.005057170055806637,1.0,0.0,0.0,0.0,276.0,1.0,0.0
1774268499.977,1774268499.9774537,safe,0.8184507828291393,0.8184507828291393,0.1815492171708607,NORMAL,Stress level is low (EMA=0.19),0.04926963150501251,0.19427524507045746,0.7503368258476257,0.006118202582001686,1.0,0.0,0.0,0.0,276.0,1.0,0.0
1774268500.026,1774268500.0259259,safe,0.8579074165801419,0.8579074165801419,0.14209258341985803,NORMAL,Stress level is low (EMA=0.18),0.04569142311811447,0.36225607991218567,0.5841726064682007,0.007879788056015968,1.0,0.0,0.0,0.0,276.0,1.0,0.0
1774268500.075,1774268500.0754457,safe,0.8503734837332871,0.8503734837332871,0.1496265162667129,NORMAL,Stress level is low (EMA=0.17),0.05027635395526886,0.32627978920936584,0.6157024502754211,0.007741344161331654,1.0,0.0,0.0,0.0,276.0,1.0,0.0
1774268500.126,1774268500.1261067,safe,0.824380901337306,0.824380901337306,0.17561909866269396,NORMAL,Stress level is low (EMA=0.17),0.044149335473775864,0.2241043746471405,0.7215793132781982,0.0101668955758214,1.0,0.0,0.0,0.0,276.0,1.0,0.0
1774268500.178,1774268500.1783106,safe,0.8053533589203774,0.8053533589203774,0.1946466410796227,NORMAL,Stress level is low (EMA=0.18),0.03322233259677887,0.15574997663497925,0.8029727935791016,0.00805485900491476,1.0,0.0,0.0,0.0,276.0,1.0,0.0
1774268500.228,1774268500.2279983,safe,0.7945737935351493,0.7945737935351493,0.20542620646485066,NORMAL,Stress level is low (EMA=0.19),0.021903498098254204,0.12215393781661987,0.7957249879837036,0.06021749973297119,1.0,0.0,0.0,0.0,276.0,1.0,0.0
1774268500.277,1774268500.2770677,safe,0.7844408979735462,0.7844408979735462,0.21555910202645376,NORMAL,Stress level is low (EMA=0.19),0.015584426000714302,0.08625257760286331,0.8088428974151611,0.08931994438171387,1.0,0.0,0.0,0.0,276.0,1.0,0.0
1774268500.328,1774268500.3275616,safe,0.7763525451873372,0.7763525451873372,0.22364745481266277,NORMAL,Stress level is low (EMA=0.20),0.010621667839586735,0.05751385539770126,0.8470957279205322,0.08476856350898743,1.0,0.0,0.0,0.0,276.0,1.0,0.0
1774268500.378,1774268500.378071,safe,0.7717369898155662,0.7717369898155662,0.22826301018443385,NORMAL,Stress level is low (EMA=0.21),0.007631862536072731,0.04127219691872597,0.8358524441719055,0.1152433454990387,1.0,0.0,0.0,0.0,276.0,1.0,0.0
1774268500.428,1774268500.428487,safe,0.768474273006963,0.768474273006963,0.23152572699303697,NORMAL,Stress level is low (EMA=0.22),0.006303156726062298,0.029006265103816986,0.8045985102653503,0.16009195148944855,1.0,0.0,0.0,0.0,276.0,1.0,0.0
1774268500.478,1774268500.4778562,safe,0.7655198436488865,0.7655198436488865,0.23448015635111355,NORMAL,Stress level is low (EMA=0.22),0.004118015058338642,0.018881293013691902,0.8728979229927063,0.10410267114639282,1.0,0.0,0.0,0.0,276.0,1.0,0.0
1774268500.530,1774268500.530034,safe,0.7637400859907006,0.7637400859907006,0.2362599140092994,NORMAL,Stress level is low (EMA=0.23),0.003091573715209961,0.012492090463638306,0.9166650176048279,0.06775125116109848,1.0,0.0,0.0,0.0,276.0,1.0,0.0
1774268500.581,1774268500.580735,safe,0.7786929069067224,0.7786929069067224,0.2213070930932776,NORMAL,Stress level is low (EMA=0.22),0.01116968970745802,0.06671739369630814,0.8767154812812805,0.04539737105369568,1.0,0.0,0.0,0.0,276.0,1.0,0.0
1774268500.631,1774268500.6307902,safe,0.8363132628919313,0.8363132628919313,0.16368673710806872,NORMAL,Stress level is low (EMA=0.21),0.0805797129869461,0.23739218711853027,0.6519727110862732,0.030055340379476547,1.0,0.0,0.0,0.0,276.0,1.0,0.0
1774268500.682,1774268500.6815305,safe,0.8711678446747732,0.8711678446747732,0.1288321553252269,NORMAL,Stress level is low (EMA=0.18),0.06055191159248352,0.4026474058628082,0.5104153752326965,0.02638525515794754,1.0,0.0,0.0,0.0,276.0,1.0,0.0
1774268500.732,1774268500.7317371,safe,0.875268846365715,0.875268846365715,0.12473115363428496,NORMAL,Stress level is low (EMA=0.17),0.050714895129203796,0.42957189679145813,0.49824386835098267,0.0214692410081625,1.0,0.0,0.0,0.0,276.0,1.0,0.0
1774268500.782,1774268500.7822285,safe,0.9161456980160335,0.9161456980160335,0.08385430198396654,NORMAL,Stress level is low (EMA=0.14),0.037489280104637146,0.6131176948547363,0.3271535634994507,0.022239334881305695,1.0,0.0,0.0,0.0,275.0,1.0,0.0
1774268500.833,1774268500.832889,safe,0.9447765684817525,0.9447765684817525,0.05522343151824747,NORMAL,Stress level is low (EMA=0.12),0.030671413987874985,0.7392308712005615,0.21352078020572662,0.01657683774828911,1.0,0.0,0.0,0.0,275.0,1.0,0.0
1774268500.883,1774268500.8830085,safe,0.9622175536550978,0.9622175536550978,0.0377824463449022,NORMAL,Stress level is low (EMA=0.09),0.02514531835913658,0.8174277544021606,0.13942380249500275,0.018003050237894058,1.0,0.0,0.0,0.0,275.0,1.0,0.0
1774268500.933,1774268500.9331489,safe,0.9747805847994652,0.9747805847994652,0.025219415200534882,NORMAL,Stress level is low (EMA=0.07),0.017746344208717346,0.8771727085113525,0.09084581583738327,0.014235077425837517,1.0,0.0,0.0,0.0,275.0,1.0,0.0
1774268500.983,1774268500.9826171,safe,0.9831550882865285,0.9831550882865285,0.016844911713471515,NORMAL,Stress level is low (EMA=0.06),0.01712794043123722,0.9126848578453064,0.05954284593462944,0.010644283145666122,1.0,0.0,0.0,0.0,275.0,1.0,0.0
1774268501.033,1774268501.0327656,safe,0.9887236678374578,0.9887236678374578,0.011276332162542195,NORMAL,Stress level is low (EMA=0.04),0.014308427460491657,0.9387067556381226,0.03893527761101723,0.00804943684488535,1.0,0.0,0.0,0.0,275.0,1.0,0.0
1774268501.084,1774268501.0841858,safe,0.9922174437906219,0.9922174437906219,0.007782556209378046,NORMAL,Stress level is low (EMA=0.03),0.01363249123096466,0.9539400935173035,0.02565646916627884,0.00677084643393755,1.0,0.0,0.0,0.0,275.0,1.0,0.0
1774268501.135,1774268501.1346278,safe,0.9922823669087895,0.9922823669087895,0.007717633091210523,NORMAL,Stress level is low (EMA=0.02),0.01544271595776081,0.9524003863334656,0.022919505834579468,0.009237296879291534,1.0,0.0,0.0,0.0,275.0,1.0,0.0
1774268501.186,1774268501.1857007,safe,0.9902410319009942,0.9902410319009942,0.009758968099005779,NORMAL,Stress level is low (EMA=0.02),0.020177621394395828,0.9391599297523499,0.02319219708442688,0.017470167949795723,1.0,0.0,0.0,0.0,275.0,1.0,0.0
1774268501.235,1774268501.235149,safe,0.9326874836976167,0.9326874836976167,0.06731251630238333,NORMAL,Stress level is low (EMA=0.03),0.019846079871058464,0.6996850371360779,0.2550866901874542,0.025382114574313164,1.0,0.0,0.0,0.0,275.0,1.0,0.0
1774268501.286,1774268501.2864873,safe,0.9253701341218377,0.9253701341218377,0.07462986587816238,NORMAL,Stress level is low (EMA=0.05),0.016373267397284508,0.6726689338684082,0.29105573892593384,0.019902030006051064,1.0,0.0,0.0,0.0,275.0,1.0,0.0
1774268501.337,1774268501.3368409,safe,0.9492315024255319,0.9492315024255319,0.05076849757446812,NORMAL,Stress level is low (EMA=0.05),0.012219827622175217,0.7762446999549866,0.19768768548965454,0.013847711496055126,1.0,0.0,0.0,0.0,275.0,1.0,0.0
1774268501.388,1774268501.3882754,safe,0.9630535547534267,0.9630535547534267,0.036946445246573305,NORMAL,Stress level is low (EMA=0.04),0.008388389833271503,0.8376680612564087,0.14250177145004272,0.011441747657954693,1.0,0.0,0.0,0.0,275.0,1.0,0.0
1774268501.439,1774268501.4386787,safe,0.9706852701876953,0.9706852701876953,0.02931472981230467,NORMAL,Stress level is low (EMA=0.04),0.007119849324226379,0.8707354068756104,0.11306441575288773,0.00908028893172741,1.0,0.0,0.0,0.0,275.0,1.0,0.0
1774268501.490,1774268501.4898028,safe,0.9710522215065742,0.9710522215065742,0.028947778493425835,NORMAL,Stress level is low (EMA=0.04),0.005391042213886976,0.8739931583404541,0.11383739858865738,0.00677834078669548,1.0,0.0,0.0,0.0,275.0,1.0,0.0
1774268501.542,1774268501.5423074,safe,0.972380789284983,0.972380789284983,0.02761921071501712,NORMAL,Stress level is low (EMA=0.03),0.004112275782972574,0.8808075785636902,0.11060228943824768,0.004477747716009617,1.0,0.0,0.0,0.0,275.0,1.0,0.0
1774268501.592,1774268501.5919034,safe,0.8993112647643661,0.8993112647643661,0.10068873523563387,NORMAL,Stress level is low (EMA=0.05),0.0029066987335681915,0.577556848526001,0.41639983654022217,0.003136541461572051,1.0,0.0,0.0,0.0,275.0,1.0,0.0
1774268501.641,1774268501.6407247,safe,0.8811260487606858,0.8811260487606858,0.11887395123931421,NORMAL,Stress level is low (EMA=0.07),0.015275087207555771,0.4894167184829712,0.49317726492881775,0.0021308381110429764,1.0,0.0,0.0,0.0,275.0,1.0,0.0
1774268501.693,1774268501.692964,safe,0.8681713084520101,0.8681713084520101,0.1318286915479899,NORMAL,Stress level is low (EMA=0.09),0.017806250602006912,0.43290749192237854,0.5475080013275146,0.00177819246891886,1.0,0.0,0.0,0.0,275.0,1.0,0.0
1774268501.745,1774268501.7448888,safe,0.8956054296661926,0.8956054296661926,0.10439457033380733,NORMAL,Stress level is low (EMA=0.09),0.03136219456791878,0.5336604118347168,0.4326995611190796,0.0022778091952204704,1.0,0.0,0.0,0.0,279.0,1.0,0.0
1774268501.795,1774268501.7945805,safe,0.9016487787311442,0.9016487787311442,0.0983512212688558,NORMAL,Stress level is low (EMA=0.10),0.05281298980116844,0.5373902320861816,0.4072945713996887,0.002502176444977522,1.0,0.0,0.0,0.0,279.0,1.0,0.0
1774268501.844,1774268501.8443625,safe,0.895609509223569,0.895609509223569,0.10439049077643102,NORMAL,Stress level is low (EMA=0.10),0.08359241485595703,0.4814471900463104,0.43068236112594604,0.004278011154383421,1.0,0.0,0.0,0.0,279.0,1.0,0.0
1774268501.894,1774268501.8944514,safe,0.9192324825842556,0.9192324825842556,0.08076751741574442,NORMAL,Stress level is low (EMA=0.09),0.168941468000412,0.4945271611213684,0.33314648270606995,0.003384827636182308,1.0,0.0,0.0,0.0,279.0,1.0,0.0
1774268501.944,1774268501.94399,safe,0.9299632539847352,0.9299632539847352,0.07003674601526479,NORMAL,Stress level is low (EMA=0.09),0.24338744580745697,0.46479272842407227,0.2880347967147827,0.0037849675863981247,1.0,0.0,0.0,0.0,279.0,1.0,0.0
1774268501.995,1774268501.9950483,safe,0.9135808840173462,0.9135808840173462,0.08641911598265385,NORMAL,Stress level is low (EMA=0.09),0.17708329856395721,0.46283701062202454,0.3562539219856262,0.0038257166743278503,1.0,0.0,0.0,0.0,279.0,1.0,0.0
1774268502.046,1774268502.0457115,safe,0.9321179184079375,0.9321179184079375,0.06788208159206255,NORMAL,Stress level is low (EMA=0.08),0.15372084081172943,0.5634371042251587,0.2798549234867096,0.0029870732687413692,1.0,0.0,0.0,0.0,279.0,1.0,0.0
1774268502.096,1774268502.09595,safe,0.9276993190087803,0.9276993190087803,0.07230068099121965,NORMAL,Stress level is low (EMA=0.08),0.20503300428390503,0.4937140941619873,0.29910656809806824,0.002146255224943161,1.0,0.0,0.0,0.0,279.0,1.0,0.0
1774268502.146,1774268502.1462047,safe,0.9471576124633649,0.9471576124633649,0.05284238753663506,NORMAL,Stress level is low (EMA=0.07),0.40025728940963745,0.3795660138130188,0.21838729083538055,0.0017893114127218723,1.0,0.0,0.0,0.0,279.0,1.0,0.0
1774268502.197,1774268502.1974502,safe,0.9595387100499778,0.9595387100499778,0.040461289950022156,NORMAL,Stress level is low (EMA=0.06),0.38012826442718506,0.45128297805786133,0.1541343331336975,0.014454369433224201,1.0,0.0,0.0,0.0,279.0,1.0,0.0
1774268502.248,1774268502.2476454,safe,0.9628075904909189,0.9628075904909189,0.03719240950908107,NORMAL,Stress level is low (EMA=0.05),0.3063470721244812,0.5386844873428345,0.12917277216911316,0.025795593857765198,1.0,0.0,0.0,0.0,279.0,1.0,0.0
1774268502.298,1774268502.2981994,safe,0.9633689536235942,0.9633689536235942,0.036631046376405844,NORMAL,Stress level is low (EMA=0.05),0.2439701408147812,0.603400468826294,0.12167607247829437,0.030953284353017807,1.0,0.0,0.0,0.0,279.0,1.0,0.0
1774268502.349,1774268502.348951,safe,0.959587166015623,0.959587166015623,0.04041283398437706,NORMAL,Stress level is low (EMA=0.05),0.19334301352500916,0.6382701396942139,0.14535099267959595,0.023035811260342598,1.0,0.0,0.0,0.0,279.0,1.0,0.0
1774268502.399,1774268502.3992355,safe,0.9558120187301321,0.9558120187301321,0.04418798126986792,NORMAL,Stress level is low (EMA=0.05),0.2873353064060211,0.528548002243042,0.14800195395946503,0.03611462190747261,1.0,0.0,0.0,0.0,279.0,1.0,0.0
1774268502.450,1774268502.4497654,safe,0.9646767438581256,0.9646767438581256,0.03532325614187435,NORMAL,Stress level is low (EMA=0.04),0.3092174530029297,0.5436022281646729,0.12024632096290588,0.026933904737234116,1.0,0.0,0.0,0.0,279.0,1.0,0.0
1774268502.500,1774268502.5001862,safe,0.9742098503739727,0.9742098503739727,0.025790149626027322,NORMAL,Stress level is low (EMA=0.04),0.25732308626174927,0.6352178454399109,0.08876264095306396,0.018696308135986328,1.0,0.0,0.0,0.0,279.0,1.0,0.0
1774268502.550,1774268502.5503576,safe,0.9656358386069278,0.9656358386069278,0.0343641613930722,NORMAL,Stress level is low (EMA=0.04),0.24662546813488007,0.6101904511451721,0.11935670673847198,0.023827292025089264,1.0,0.0,0.0,0.0,279.0,1.0,0.0
1774268502.600,1774268502.6000466,safe,0.959044497601517,0.959044497601517,0.04095550239848303,NORMAL,Stress level is low (EMA=0.04),0.2066803276538849,0.6226716637611389,0.14751477539539337,0.023133141919970512,1.0,0.0,0.0,0.0,279.0,1.0,0.0
1774268502.651,1774268502.651423,safe,0.9350138569479176,0.9350138569479176,0.0649861430520824,NORMAL,Stress level is low (EMA=0.05),0.1920126974582672,0.5372116565704346,0.2028709501028061,0.06790463626384735,1.0,0.0,0.0,0.0,279.0,1.0,0.0
1774268502.703,1774268502.7032921,safe,0.9142536963718132,0.9142536963718132,0.08574630362818678,NORMAL,Stress level is low (EMA=0.06),0.24898172914981842,0.3937419354915619,0.2748633027076721,0.08241294324398041,1.0,0.0,0.0,0.0,279.0,1.0,0.0
1774268502.755,1774268502.7551243,safe,0.8871289458605489,0.8871289458605489,0.11287105413945107,NORMAL,Stress level is low (EMA=0.07),0.24147513508796692,0.28822872042655945,0.39375630021095276,0.07653972506523132,1.0,0.0,0.0,0.0,291.0,1.0,0.0
1774268502.805,1774268502.8052137,safe,0.8795495910978826,0.8795495910978826,0.12045040890211754,NORMAL,Stress level is low (EMA=0.09),0.2764762341976166,0.2216469943523407,0.4432866871356964,0.05858998745679855,1.0,0.0,0.0,0.0,291.0,1.0,0.0
1774268502.857,1774268502.8567965,safe,0.8451761614424071,0.8451761614424071,0.15482383855759285,NORMAL,Stress level is low (EMA=0.11),0.20495077967643738,0.1499498039484024,0.6030627489089966,0.042036522179841995,1.0,0.0,0.0,0.0,291.0,1.0,0.0
1774268502.907,1774268502.906604,safe,0.8603891766559584,0.8603891766559584,0.13961082334404168,NORMAL,Stress level is low (EMA=0.12),0.30829718708992004,0.10999095439910889,0.5481290817260742,0.03358263149857521,1.0,0.0,0.0,0.0,291.0,1.0,0.0
1774268502.958,1774268502.9577475,safe,0.8356609091094912,0.8356609091094912,0.16433909089050883,NORMAL,Stress level is low (EMA=0.13),0.23606477677822113,0.07918893545866013,0.6583104133605957,0.026435745880007744,1.0,0.0,0.0,0.0,291.0,1.0,0.0
1774268503.009,1774268503.008503,safe,0.8360390797239361,0.8360390797239361,0.16396092027606385,NORMAL,Stress level is low (EMA=0.14),0.25552037358283997,0.06130905821919441,0.6628887057304382,0.020281748846173286,1.0,0.0,0.0,0.0,291.0,1.0,0.0
1774268503.059,1774268503.0592964,safe,0.8325250608058492,0.8325250608058492,0.16747493919415088,NORMAL,Stress level is low (EMA=0.15),0.2590925693511963,0.04309513419866562,0.6816121339797974,0.016200076788663864,1.0,0.0,0.0,0.0,291.0,1.0,0.0
1774268503.109,1774268503.1091638,safe,0.8413138024172833,0.8413138024172833,0.1586861975827167,NORMAL,Stress level is low (EMA=0.15),0.3053491413593292,0.03345832601189613,0.6424530148506165,0.018739446997642517,1.0,0.0,0.0,0.0,291.0,1.0,0.0
1774268503.162,1774268503.1615887,safe,0.8313944373244789,0.8313944373244789,0.16860556267552107,NORMAL,Stress level is low (EMA=0.16),0.26476001739501953,0.032716765999794006,0.6819572448730469,0.020565904676914215,1.0,0.0,0.0,0.0,291.0,1.0,0.0
1774268503.212,1774268503.211578,safe,0.8285248954371901,0.8285248954371901,0.17147510456280995,NORMAL,Stress level is low (EMA=0.16),0.2541794776916504,0.03134090080857277,0.6884517073631287,0.026027880609035492,1.0,0.0,0.0,0.0,291.0,1.0,0.0
1774268503.262,1774268503.2616026,safe,0.8197938601824749,0.8197938601824749,0.1802061398175251,NORMAL,Stress level is low (EMA=0.17),0.20363053679466248,0.045510515570640564,0.7280927300453186,0.02276615984737873,1.0,0.0,0.0,0.0,291.0,1.0,0.0
1774268503.311,1774268503.3109431,safe,0.8043613064567604,0.8043613064567604,0.19563869354323957,NORMAL,Stress level is low (EMA=0.18),0.1471484899520874,0.03769026696681976,0.7969071865081787,0.01825401745736599,1.0,0.0,0.0,0.0,291.0,1.0,0.0
1774268503.361,1774268503.3607554,safe,0.7997257488794348,0.7997257488794348,0.20027425112056518,NORMAL,Stress level is low (EMA=0.18),0.1212446391582489,0.04427926242351532,0.8125176429748535,0.021958351135253906,1.0,0.0,0.0,0.0,291.0,1.0,0.0
1774268503.412,1774268503.4115486,safe,0.8045675646484398,0.8045675646484398,0.19543243535156013,NORMAL,Stress level is low (EMA=0.19),0.14689600467681885,0.038802098482847214,0.7864481210708618,0.02785361371934414,1.0,0.0,0.0,0.0,291.0,1.0,0.0
1774268503.462,1774268503.4615653,safe,0.8157763337861713,0.8157763337861713,0.18422366621382869,NORMAL,Stress level is low (EMA=0.19),0.19175706803798676,0.040644243359565735,0.7375150918960571,0.03008344955742359,1.0,0.0,0.0,0.0,291.0,1.0,0.0
1774268503.511,1774268503.5109453,safe,0.8169760926075691,0.8169760926075691,0.18302390739243085,NORMAL,Stress level is low (EMA=0.19),0.19692379236221313,0.0404764823615551,0.7308650016784668,0.03173451870679855,1.0,0.0,0.0,0.0,291.0,1.0,0.0
1774268503.563,1774268503.562708,safe,0.8094176993937409,0.8094176993937409,0.19058230060625916,NORMAL,Stress level is low (EMA=0.19),0.160884290933609,0.04502269625663757,0.7609687447547913,0.03312408924102783,1.0,0.0,0.0,0.0,291.0,1.0,0.0
1774268503.613,1774268503.6131814,safe,0.7922763929974896,0.7922763929974896,0.20772360700251033,NORMAL,Stress level is low (EMA=0.19),0.10481181740760803,0.029673080891370773,0.8438999652862549,0.021614985540509224,1.0,0.0,0.0,0.0,291.0,1.0,0.0
1774268503.665,1774268503.664769,safe,0.7809946384748699,0.7809946384748699,0.21900536152513012,NORMAL,Stress level is low (EMA=0.20),0.06816446036100388,0.01931312493979931,0.8984103798866272,0.014111869037151337,1.0,0.0,0.0,0.0,291.0,1.0,0.0
1774268503.713,1774268503.7134674,safe,0.7739702187302904,0.7739702187302904,0.2260297812697096,NORMAL,Stress level is low (EMA=0.21),0.04524766653776169,0.012961513362824917,0.932110071182251,0.00968059990555048,1.0,0.0,0.0,0.0,291.0,1.0,0.0
1774268503.767,1774268503.767064,safe,0.770791793241879,0.770791793241879,0.22920820675812106,NORMAL,Stress level is low (EMA=0.21),0.03395772725343704,0.011007994413375854,0.9464930295944214,0.008541053161025047,1.0,0.0,0.0,0.0,296.0,1.0,0.0
1774268503.818,1774268503.8179843,safe,0.769179507373246,0.769179507373246,0.230820492626754,NORMAL,Stress level is low (EMA=0.22),0.029263662174344063,0.00898424070328474,0.9534724950790405,0.008279496803879738,1.0,0.0,0.0,0.0,296.0,1.0,0.0
1774268503.865,1774268503.8647265,safe,0.7729083478029263,0.7729083478029263,0.22709165219707375,NORMAL,Stress level is low (EMA=0.22),0.045316822826862335,0.008467938750982285,0.9337986707687378,0.012416519224643707,1.0,0.0,0.0,0.0,296.0,1.0,0.0
1774268503.915,1774268503.914898,safe,0.7789283347832263,0.7789283347832263,0.22107166521677374,NORMAL,Stress level is low (EMA=0.22),0.0696500688791275,0.00921797938644886,0.9066288471221924,0.014503074809908867,1.0,0.0,0.0,0.0,296.0,1.0,0.0
1774268503.972,1774268503.9719718,safe,0.7823490318227323,0.7823490318227323,0.21765096817726776,NORMAL,Stress level is low (EMA=0.22),0.08283306658267975,0.010287873446941376,0.8937073349952698,0.013171668164432049,1.0,0.0,0.0,0.0,296.0,1.0,0.0
1774268504.025,1774268504.0250812,safe,0.7870634014770529,0.7870634014770529,0.21293659852294716,NORMAL,Stress level is low (EMA=0.22),0.0995597094297409,0.013204431161284447,0.8702974319458008,0.016938358545303345,1.0,0.0,0.0,0.0,296.0,1.0,0.0
1774268504.073,1774268504.0725274,safe,0.7881481775426216,0.7881481775426216,0.2118518224573784,NORMAL,Stress level is low (EMA=0.22),0.10040739923715591,0.016876637935638428,0.8639906644821167,0.01872522197663784,1.0,0.0,0.0,0.0,296.0,1.0,0.0
1774268504.123,1774268504.1226082,safe,0.7814429981407276,0.7814429981407276,0.21855700185927238,NORMAL,Stress level is low (EMA=0.22),0.07525870203971863,0.01408708468079567,0.8932949304580688,0.01735919713973999,1.0,0.0,0.0,0.0,296.0,1.0,0.0
1774268504.171,1774268504.1705644,safe,0.8122035989794235,0.8122035989794235,0.18779640102057654,NORMAL,Stress level is low (EMA=0.21),0.19274349510669708,0.02477147988975048,0.7501248121261597,0.032360173761844635,1.0,0.0,0.0,0.0,296.0,1.0,0.0
1774268504.221,1774268504.2205455,safe,0.8296401494415476,0.8296401494415476,0.17035985055845243,NORMAL,Stress level is low (EMA=0.20),0.1616884022951126,0.12847883999347687,0.6825237274169922,0.02730894833803177,1.0,0.0,0.0,0.0,296.0,1.0,0.0
1774268504.272,1774268504.2715461,safe,0.8382097196650629,0.8382097196650629,0.16179028033493725,NORMAL,Stress level is low (EMA=0.19),0.232052281498909,0.09382148832082748,0.6522249579429626,0.021901167929172516,1.0,0.0,0.0,0.0,296.0,1.0,0.0
1774268504.322,1774268504.3224168,safe,0.8522402341214249,0.8522402341214249,0.14775976587857514,NORMAL,Stress level is low (EMA=0.17),0.3083951771259308,0.07593907415866852,0.5930757522583008,0.022589905187487602,1.0,0.0,0.0,0.0,296.0,1.0,0.0
1774268504.373,1774268504.3726602,safe,0.8536641542869737,0.8536641542869737,0.14633584571302632,NORMAL,Stress level is low (EMA=0.17),0.319816529750824,0.07045074552297592,0.589806318283081,0.01992635242640972,1.0,0.0,0.0,0.0,296.0,1.0,0.0
1774268504.423,1774268504.4229946,safe,0.8736147228892797,0.8736147228892797,0.12638527711072034,NORMAL,Stress level is low (EMA=0.15),0.4245140552520752,0.04888060688972473,0.507681667804718,0.018923645839095116,1.0,0.0,0.0,0.0,296.0,1.0,0.0
1774268504.473,1774268504.473383,safe,0.9078121775423549,0.9078121775423549,0.09218782245764513,NORMAL,Stress level is low (EMA=0.14),0.5778099298477173,0.038074105978012085,0.36893507838249207,0.015180837363004684,1.0,0.0,0.0,0.0,296.0,1.0,0.0
1774268504.525,1774268504.5245624,safe,0.9289301798548801,0.9289301798548801,0.0710698201451199,NORMAL,Stress level is low (EMA=0.12),0.666567325592041,0.037308402359485626,0.2669300138950348,0.02919423207640648,1.0,0.0,0.0,0.0,296.0,1.0,0.0
1774268504.577,1774268504.5767412,safe,0.9472613716258416,0.9472613716258416,0.052738628374158485,NORMAL,Stress level is low (EMA=0.10),0.7155632376670837,0.06469244509935379,0.18555855751037598,0.03418572247028351,1.0,0.0,0.0,0.0,296.0,1.0,0.0
1774268504.627,1774268504.6266165,safe,0.9551771183660617,0.9551771183660617,0.04482288163393832,NORMAL,Stress level is low (EMA=0.08),0.4853549003601074,0.3278830349445343,0.1569318175315857,0.02983018197119236,1.0,0.0,0.0,0.0,296.0,1.0,0.0
1774268504.677,1774268504.676542,safe,0.9680402200967837,0.9680402200967837,0.03195977990321632,NORMAL,Stress level is low (EMA=0.07),0.3693624436855316,0.4974716901779175,0.11296742409467697,0.020198315382003784,1.0,0.0,0.0,0.0,296.0,1.0,0.0
1774268504.726,1774268504.7256513,safe,0.978016877927452,0.978016877927452,0.021983122072548045,NORMAL,Stress level is low (EMA=0.05),0.2902016341686249,0.6182019710540771,0.07699938118457794,0.014596957713365555,1.0,0.0,0.0,0.0,296.0,1.0,0.0
1774268504.777,1774268504.7773724,safe,0.9855612991379638,0.9855612991379638,0.014438700862036302,NORMAL,Stress level is low (EMA=0.04),0.24115298688411713,0.6986857056617737,0.050224386155605316,0.009936865419149399,1.0,0.0,0.0,0.0,300.0,1.0,0.0
1774268504.827,1774268504.8271053,safe,0.990338394849206,0.990338394849206,0.009661605150793999,NORMAL,Stress level is low (EMA=0.03),0.21305136382579803,0.746691882610321,0.03321150317788124,0.007045183330774307,1.0,0.0,0.0,0.0,300.0,1.0,0.0
1774268504.878,1774268504.8777754,safe,0.9933511826998418,0.9933511826998418,0.006648817300158165,NORMAL,Stress level is low (EMA=0.02),0.16879409551620483,0.8035024404525757,0.022009607404470444,0.005693797022104263,1.0,0.0,0.0,0.0,300.0,1.0,0.0
1774268504.928,1774268504.928272,safe,0.9953286345664765,0.9953286345664765,0.0046713654335235315,NORMAL,Stress level is low (EMA=0.02),0.17288947105407715,0.8076464533805847,0.014617531560361385,0.004846490453928709,1.0,0.0,0.0,0.0,300.0,1.0,0.0
1774268504.979,1774268504.9786274,safe,0.9966841675178283,0.9966841675178283,0.0033158324821716875,NORMAL,Stress level is low (EMA=0.01),0.16883419454097748,0.8173497915267944,0.009879783727228642,0.003936184570193291,1.0,0.0,0.0,0.0,300.0,1.0,0.0
1774268505.029,1774268505.0285723,safe,0.9976358655236444,0.9976358655236444,0.0023641344763556606,NORMAL,Stress level is low (EMA=0.01),0.13976459205150604,0.8503848314285278,0.006592079997062683,0.0032584802247583866,1.0,0.0,0.0,0.0,300.0,1.0,0.0
1774268505.079,1774268505.0790775,safe,0.9983848063413081,0.9983848063413081,0.0016151936586918506,NORMAL,Stress level is low (EMA=0.01),0.11002316325902939,0.8832468390464783,0.004359083715826273,0.002370889764279127,1.0,0.0,0.0,0.0,300.0,1.0,0.0
1774268505.129,1774268505.1294737,safe,0.9866605456172736,0.9866605456172736,0.013339454382726414,NORMAL,Stress level is low (EMA=0.01),0.12265880405902863,0.8217601180076599,0.019956957548856735,0.035624101758003235,1.0,0.0,0.0,0.0,300.0,1.0,0.0
1774268505.180,1774268505.1796873,safe,0.9901623795217808,0.9901623795217808,0.009837620478219252,NORMAL,Stress level is low (EMA=0.01),0.10323470085859299,0.8557751774787903,0.013840951025485992,0.027149133384227753,1.0,0.0,0.0,0.0,300.0,1.0,0.0
1774268505.231,1774268505.2309277,safe,0.9922464173373016,0.9922464173373016,0.007753582662698409,NORMAL,Stress level is low (EMA=0.01),0.17867392301559448,0.7890194058418274,0.012639069929718971,0.019667522981762886,1.0,0.0,0.0,0.0,300.0,1.0,0.0
1774268505.282,1774268505.28225,safe,0.9945432338581194,0.9945432338581194,0.0054567661418806635,NORMAL,Stress level is low (EMA=0.01),0.15164963901042938,0.8256137371063232,0.008644080720841885,0.014092443510890007,1.0,0.0,0.0,0.0,300.0,1.0,0.0
1774268505.332,1774268505.3316872,safe,0.9958730746419866,0.9958730746419866,0.004126925358013374,NORMAL,Stress level is low (EMA=0.01),0.18994125723838806,0.792863130569458,0.006733642425388098,0.010461878962814808,1.0,0.0,0.0,0.0,300.0,1.0,0.0
1774268505.382,1774268505.3822753,safe,0.9956986246858812,0.9956986246858812,0.0043013753141188365,NORMAL,Stress level is low (EMA=0.01),0.20350387692451477,0.7785736918449402,0.009223556146025658,0.008698840625584126,1.0,0.0,0.0,0.0,300.0,1.0,0.0
1774268505.433,1774268505.433284,safe,0.9933200932886922,0.9933200932886922,0.006679906711307855,NORMAL,Stress level is low (EMA=0.01),0.26510292291641235,0.7070640921592712,0.019552715122699738,0.008280228823423386,1.0,0.0,0.0,0.0,300.0,1.0,0.0
1774268505.483,1774268505.4831996,safe,0.989686455793291,0.989686455793291,0.010313544206708996,NORMAL,Stress level is low (EMA=0.01),0.2810983657836914,0.6759284734725952,0.03241443634033203,0.010558662936091423,1.0,0.0,0.0,0.0,300.0,1.0,0.0
1774268505.535,1774268505.534871,safe,0.9837545901872531,0.9837545901872531,0.016245409812746876,NORMAL,Stress level is low (EMA=0.01),0.4289977550506592,0.5033129453659058,0.05816511809825897,0.009524085558950901,1.0,0.0,0.0,0.0,300.0,1.0,0.0
1774268505.586,1774268505.5861342,safe,0.9815134261082328,0.9815134261082328,0.018486573891767246,NORMAL,Stress level is low (EMA=0.01),0.38923752307891846,0.5337350368499756,0.0668802559375763,0.01014713291078806,1.0,0.0,0.0,0.0,300.0,1.0,0.0
1774268505.639,1774268505.6390352,safe,0.964298122574027,0.964298122574027,0.03570187742597302,NORMAL,Stress level is low (EMA=0.02),0.40913909673690796,0.44210296869277954,0.13533523678779602,0.01342257484793663,1.0,0.0,0.0,0.0,300.0,1.0,0.0
1774268505.689,1774268505.6888485,safe,0.9533669517956865,0.9533669517956865,0.046633048204313465,NORMAL,Stress level is low (EMA=0.03),0.4271831810474396,0.37851235270500183,0.17561575770378113,0.018688596785068512,1.0,0.0,0.0,0.0,300.0,1.0,0.0
1774268505.740,1774268505.740082,safe,0.952492456189681,0.952492456189681,0.04750754381031896,NORMAL,Stress level is low (EMA=0.03),0.4139440059661865,0.3881077766418457,0.17915740609169006,0.018790677189826965,1.0,0.0,0.0,0.0,305.0,1.0,0.0
1774268505.792,1774268505.7922666,safe,0.9641981133004861,0.9641981133004861,0.03580188669951386,NORMAL,Stress level is low (EMA=0.03),0.36554664373397827,0.48527875542640686,0.13195499777793884,0.01721952296793461,1.0,0.0,0.0,0.0,305.0,1.0,0.0
1774268505.839,1774268505.8391924,safe,0.9542262311167369,0.9542262311167369,0.045773768883263156,NORMAL,Stress level is low (EMA=0.04),0.44142061471939087,0.3678552806377411,0.1777665913105011,0.012957436963915825,1.0,0.0,0.0,0.0,305.0,1.0,0.0
1774268505.890,1774268505.890259,safe,0.9642395511203602,0.9642395511203602,0.035760448879639806,NORMAL,Stress level is low (EMA=0.04),0.35777711868286133,0.4932209253311157,0.13854381442070007,0.01045804750174284,1.0,0.0,0.0,0.0,305.0,1.0,0.0
1774268505.942,1774268505.941617,safe,0.9663756902787608,0.9663756902787608,0.03362430972123921,NORMAL,Stress level is low (EMA=0.04),0.27684780955314636,0.5830508470535278,0.1309037059545517,0.009197579696774483,1.0,0.0,0.0,0.0,305.0,1.0,0.0
1774268505.991,1774268505.9914172,safe,0.9743951596092854,0.9743951596092854,0.025604840390714673,NORMAL,Stress level is low (EMA=0.03),0.21382127702236176,0.6794918775558472,0.09618613123893738,0.010500703006982803,1.0,0.0,0.0,0.0,305.0,1.0,0.0
1774268506.041,1774268506.0414658,safe,0.9749518126141641,0.9749518126141641,0.025048187385835936,NORMAL,Stress level is low (EMA=0.03),0.28198039531707764,0.6136521100997925,0.09581337869167328,0.008554065600037575,1.0,0.0,0.0,0.0,305.0,1.0,0.0
1774268506.092,1774268506.0923991,safe,0.9830659857840555,0.9830659857840555,0.016934014215944548,NORMAL,Stress level is low (EMA=0.03),0.20077058672904968,0.7286709547042847,0.06455042958259583,0.006007960066199303,1.0,0.0,0.0,0.0,305.0,1.0,0.0
1774268506.143,1774268506.142669,safe,0.9382144621815616,0.9382144621815616,0.06178553781843848,NORMAL,Stress level is low (EMA=0.04),0.19557170569896698,0.5469884872436523,0.2013031542301178,0.05613657459616661,1.0,0.0,0.0,0.0,305.0,1.0,0.0
1774268506.193,1774268506.1925418,safe,0.8780352703822352,0.8780352703822352,0.12196472961776482,NORMAL,Stress level is low (EMA=0.06),0.1289648860692978,0.362848699092865,0.3056080937385559,0.20257826149463654,1.0,0.0,0.0,0.0,305.0,1.0,0.0
1774268506.244,1774268506.243754,safe,0.8419224282084489,0.8419224282084489,0.15807757179155119,NORMAL,Stress level is low (EMA=0.09),0.08403263241052628,0.25731077790260315,0.5156259536743164,0.1430305689573288,1.0,0.0,0.0,0.0,305.0,1.0,0.0
1774268506.293,1774268506.2928126,safe,0.8161117607566406,0.8161117607566406,0.1838882392433594,NORMAL,Stress level is low (EMA=0.12),0.05759390816092491,0.17620506882667542,0.6161397695541382,0.1500612050294876,1.0,0.0,0.0,0.0,305.0,1.0,0.0
1774268506.342,1774268506.3418095,safe,0.8786310573571514,0.8786310573571514,0.12136894264284868,NORMAL,Stress level is low (EMA=0.12),0.050775088369846344,0.4435209631919861,0.40716850757598877,0.09853541105985641,1.0,0.0,0.0,0.0,305.0,1.0,0.0
1774268506.394,1774268506.3940063,safe,0.9180566348942666,0.9180566348942666,0.08194336510573341,NORMAL,Stress level is low (EMA=0.11),0.1278933584690094,0.5306759476661682,0.27697813510894775,0.06445255130529404,1.0,0.0,0.0,0.0,305.0,1.0,0.0
1774268506.444,1774268506.444084,safe,0.9188045845849757,0.9188045845849757,0.08119541541502434,NORMAL,Stress level is low (EMA=0.10),0.09829273074865341,0.5633929967880249,0.2437102198600769,0.0946040004491806,1.0,0.0,0.0,0.0,305.0,1.0,0.0
1774268506.495,1774268506.4945693,safe,0.9422761909990651,0.9422761909990651,0.05772380900093485,NORMAL,Stress level is low (EMA=0.09),0.06595373153686523,0.6935303211212158,0.17002549767494202,0.07049036026000977,1.0,0.0,0.0,0.0,305.0,1.0,0.0
1774268506.544,1774268506.544336,safe,0.9619378563359635,0.9619378563359635,0.038062143664036534,NORMAL,Stress level is low (EMA=0.07),0.050102680921554565,0.7913049459457397,0.11170761287212372,0.04688464105129242,1.0,0.0,0.0,0.0,305.0,1.0,0.0
1774268506.595,1774268506.5953789,safe,0.9750863547669482,0.9750863547669482,0.02491364523305182,NORMAL,Stress level is low (EMA=0.06),0.04212811961770058,0.85406494140625,0.07298643887042999,0.030820410698652267,1.0,0.0,0.0,0.0,305.0,1.0,0.0
1774268506.646,1774268506.6456218,safe,0.9830939502443585,0.9830939502443585,0.016906049755641462,NORMAL,Stress level is low (EMA=0.05),0.04368765652179718,0.8858703374862671,0.04986463859677315,0.02057722955942154,1.0,0.0,0.0,0.0,305.0,1.0,0.0
1774268506.695,1774268506.6951637,safe,0.9835706843934001,0.9835706843934001,0.016429315606599902,NORMAL,Stress level is low (EMA=0.04),0.06946105509996414,0.8620833158493042,0.054493680596351624,0.013961794786155224,1.0,0.0,0.0,0.0,305.0,1.0,0.0
1774268506.746,1774268506.7464676,safe,0.9776816338568471,0.9776816338568471,0.0223183661431529,NORMAL,Stress level is low (EMA=0.03),0.07033134996891022,0.8366752862930298,0.07780694961547852,0.015186232514679432,1.0,0.0,0.0,0.0,305.0,1.0,0.0
1774268506.797,1774268506.797108,safe,0.9845336577248762,0.9845336577248762,0.015466342275123819,NORMAL,Stress level is low (EMA=0.03),0.08802907168865204,0.8475277423858643,0.05367327854037285,0.010769810527563095,1.0,0.0,0.0,0.0,305.0,1.0,0.0
1774268506.845,1774268506.8449981,safe,0.9897533291123062,0.9897533291123062,0.010246670887693904,NORMAL,Stress level is low (EMA=0.02),0.06782381981611252,0.8894816637039185,0.03534167632460594,0.007352784276008606,1.0,0.0,0.0,0.0,305.0,1.0,0.0
1774268506.896,1774268506.896173,safe,0.9927899796072522,0.9927899796072522,0.007210020392747721,NORMAL,Stress level is low (EMA=0.02),0.06698565930128098,0.9029725790023804,0.024734539911150932,0.0053072115406394005,1.0,0.0,0.0,0.0,305.0,1.0,0.0
1774268506.947,1774268506.946523,safe,0.9943792476273849,0.9943792476273849,0.00562075237261501,NORMAL,Stress level is low (EMA=0.01),0.07888263463973999,0.8976975679397583,0.019238006323575974,0.004181795287877321,1.0,0.0,0.0,0.0,305.0,1.0,0.0
1774268506.997,1774268506.996859,safe,0.9928543834573441,0.9928543834573441,0.007145616542655876,NORMAL,Stress level is low (EMA=0.01),0.11865497380495071,0.8515715599060059,0.026289384812116623,0.0034840162843465805,1.0,0.0,0.0,0.0,305.0,1.0,0.0
1774268507.047,1774268507.0472722,safe,0.9950032869841778,0.9950032869841778,0.004996713015822159,NORMAL,Stress level is low (EMA=0.01),0.08819981664419174,0.8909804821014404,0.01815084181725979,0.0026687949430197477,1.0,0.0,0.0,0.0,305.0,1.0,0.0
1774268507.098,1774268507.09762,safe,0.9963577862418127,0.9963577862418127,0.003642213758187281,NORMAL,Stress level is low (EMA=0.01),0.07068094611167908,0.9141430854797363,0.013262488879263401,0.0019134010653942823,1.0,0.0,0.0,0.0,305.0,1.0,0.0
1774268507.148,1774268507.1478796,safe,0.9970232265958767,0.9970232265958767,0.0029767734041232304,NORMAL,Stress level is low (EMA=0.01),0.056571803987026215,0.9310249090194702,0.010889990255236626,0.0015132317785173655,1.0,0.0,0.0,0.0,305.0,1.0,0.0
1774268507.200,1774268507.199695,safe,0.9970624539546223,0.9970624539546223,0.002937546045377666,NORMAL,Stress level is low (EMA=0.01),0.06086261570453644,0.9268975257873535,0.010961242951452732,0.001278531621210277,1.0,0.0,0.0,0.0,305.0,1.0,0.0
1774268507.251,1774268507.2506258,safe,0.9971312286928484,0.9971312286928484,0.002868771307151541,NORMAL,Stress level is low (EMA=0.00),0.10782898217439651,0.8802177309989929,0.01058514229953289,0.0013680709525942802,1.0,0.0,0.0,0.0,305.0,1.0,0.0
1774268507.299,1774268507.2993357,safe,0.9975460964745286,0.9975460964745286,0.002453903525471363,NORMAL,Stress level is low (EMA=0.00),0.08323580026626587,0.9065395593643188,0.009166115894913673,0.0010584818664938211,1.0,0.0,0.0,0.0,305.0,1.0,0.0
1774268507.352,1774268507.3517191,safe,0.9969865089831582,0.9969865089831582,0.0030134910168418474,NORMAL,Stress level is low (EMA=0.00),0.06920233368873596,0.9182413816452026,0.010555198416113853,0.002001013606786728,1.0,0.0,0.0,0.0,305.0,1.0,0.0
1774268507.403,1774268507.4025285,safe,0.9894372692235404,0.9894372692235404,0.01056273077645965,NORMAL,Stress level is low (EMA=0.01),0.1482309103012085,0.8077576756477356,0.04011085256934166,0.0039005246944725513,1.0,0.0,0.0,0.0,305.0,1.0,0.0
1774268507.454,1774268507.4536865,safe,0.9856916275066425,0.9856916275066425,0.014308372493357478,NORMAL,Stress level is low (EMA=0.01),0.14885176718235016,0.7915299534797668,0.05341672897338867,0.006201487500220537,1.0,0.0,0.0,0.0,305.0,1.0,0.0
1774268507.504,1774268507.5039227,safe,0.9905137991785932,0.9905137991785932,0.009486200821406852,NORMAL,Stress level is low (EMA=0.01),0.11575189232826233,0.8447222113609314,0.03538791835308075,0.004137916956096888,1.0,0.0,0.0,0.0,305.0,1.0,0.0
1774268507.553,1774268507.552649,safe,0.9890424472426301,0.9890424472426301,0.010957552757369829,NORMAL,Stress level is low (EMA=0.01),0.0931524932384491,0.861190915107727,0.04116731882095337,0.004489147569984198,1.0,0.0,0.0,0.0,305.0,1.0,0.0
1774268507.604,1774268507.603778,safe,0.9925761498204704,0.9925761498204704,0.0074238501795296456,NORMAL,Stress level is low (EMA=0.01),0.08350808918476105,0.8855591416358948,0.027914052829146385,0.003018655115738511,1.0,0.0,0.0,0.0,305.0,1.0,0.0
1774268507.655,1774268507.6552641,safe,0.9916757456157324,0.9916757456157324,0.008324254384267616,NORMAL,Stress level is low (EMA=0.01),0.1168881505727768,0.848427414894104,0.032234080135822296,0.002450312254950404,1.0,0.0,0.0,0.0,305.0,1.0,0.0
1774268507.706,1774268507.7057936,safe,0.9944164013946479,0.9944164013946479,0.005583598605352081,NORMAL,Stress level is low (EMA=0.01),0.0908391997218132,0.8858957290649414,0.02149229682981968,0.0017726962687447667,1.0,0.0,0.0,0.0,305.0,1.0,0.0
1774268507.757,1774268507.7571921,safe,0.9960217188741467,0.9960217188741467,0.003978281125853292,NORMAL,Stress level is low (EMA=0.01),0.09258609265089035,0.8908376693725586,0.0143903698772192,0.00218580081127584,1.0,0.0,0.0,0.0,309.0,1.0,0.0
1774268507.807,1774268507.8067331,safe,0.9151027875020114,0.9151027875020114,0.08489721249798864,NORMAL,Stress level is low (EMA=0.03),0.06087244302034378,0.5853890776634216,0.2805722653865814,0.07316609472036362,1.0,0.0,0.0,0.0,309.0,1.0,0.0
1774268507.858,1774268507.858307,safe,0.934817563673008,0.934817563673008,0.06518243632699207,NORMAL,Stress level is low (EMA=0.04),0.03972257301211357,0.6886838674545288,0.21651840209960938,0.05507506802678108,1.0,0.0,0.0,0.0,309.0,1.0,0.0
1774268507.909,1774268507.9085581,safe,0.9526883753269081,0.9526883753269081,0.04731162467309187,NORMAL,Stress level is low (EMA=0.04),0.04451752454042435,0.7583506107330322,0.15516269207000732,0.04196906462311745,1.0,0.0,0.0,0.0,309.0,1.0,0.0
1774268507.958,1774268507.9584756,safe,0.9348085091770962,0.9348085091770962,0.06519149082290378,NORMAL,Stress level is low (EMA=0.05),0.08260682225227356,0.6457618474960327,0.22039881348609924,0.05123237520456314,1.0,0.0,0.0,0.0,309.0,1.0,0.0
1774268508.009,1774268508.0086498,safe,0.9509671361291913,0.9509671361291913,0.049032863870808775,NORMAL,Stress level is low (EMA=0.05),0.0832671970129013,0.7124290466308594,0.16945454478263855,0.03484903275966644,1.0,0.0,0.0,0.0,309.0,1.0,0.0
1774268508.059,1774268508.0592055,safe,0.9672564387561926,0.9672564387561926,0.03274356124380737,NORMAL,Stress level is low (EMA=0.04),0.08443930745124817,0.7791290283203125,0.11299114674329758,0.023440344259142876,1.0,0.0,0.0,0.0,309.0,1.0,0.0
1774268508.110,1774268508.1099055,safe,0.9781380937158475,0.9781380937158475,0.021861906284152566,NORMAL,Stress level is low (EMA=0.04),0.0748719573020935,0.8340365886688232,0.07522415369749069,0.015867112204432487,1.0,0.0,0.0,0.0,309.0,1.0,0.0
1774268508.160,1774268508.1600811,safe,0.9800313978162442,0.9800313978162442,0.01996860218375585,NORMAL,Stress level is low (EMA=0.03),0.1196218729019165,0.797175407409668,0.06607722491025925,0.017125273123383522,1.0,0.0,0.0,0.0,309.0,1.0,0.0
1774268508.210,1774268508.21015,safe,0.9830866390202015,0.9830866390202015,0.016913360979798422,NORMAL,Stress level is low (EMA=0.03),0.16659709811210632,0.7629303932189941,0.05882936716079712,0.01164296269416809,1.0,0.0,0.0,0.0,309.0,1.0,0.0
1774268508.260,1774268508.2600071,safe,0.9858732573960544,0.9858732573960544,0.014126742603945691,NORMAL,Stress level is low (EMA=0.02),0.14472584426403046,0.7964125871658325,0.04980037361383438,0.009061048738658428,1.0,0.0,0.0,0.0,309.0,1.0,0.0
1774268508.311,1774268508.3108685,safe,0.9883350471217321,0.9883350471217321,0.011664952878267828,NORMAL,Stress level is low (EMA=0.02),0.1340188980102539,0.8173770308494568,0.04214749112725258,0.006456476170569658,1.0,0.0,0.0,0.0,309.0,1.0,0.0
1774268508.363,1774268508.3628151,safe,0.9867044291069922,0.9867044291069922,0.013295570893007862,NORMAL,Stress level is low (EMA=0.02),0.23558668792247772,0.7090150117874146,0.05076029524207115,0.004637913778424263,1.0,0.0,0.0,0.0,309.0,1.0,0.0
1774268508.411,1774268508.4111729,safe,0.990725906091903,0.990725906091903,0.009274093908096968,NORMAL,Stress level is low (EMA=0.02),0.1661897897720337,0.7951681017875671,0.03514374420046806,0.0034983125515282154,1.0,0.0,0.0,0.0,309.0,1.0,0.0
1774268508.462,1774268508.4615448,safe,0.9904634869596466,0.9904634869596466,0.009536513040353458,NORMAL,Stress level is low (EMA=0.01),0.1719430536031723,0.7883213758468628,0.03678169101476669,0.0029537775553762913,1.0,0.0,0.0,0.0,309.0,1.0,0.0
1774268508.512,1774268508.5116491,safe,0.9902706066812271,0.9902706066812271,0.009729393318772862,NORMAL,Stress level is low (EMA=0.01),0.17332208156585693,0.786138653755188,0.038166556507349014,0.0023725791834294796,1.0,0.0,0.0,0.0,309.0,1.0,0.0
1774268508.563,1774268508.5629978,safe,0.9928954048632886,0.9928954048632886,0.007104595136711334,NORMAL,Stress level is low (EMA=0.01),0.14462590217590332,0.8257715106010437,0.02776230312883854,0.001840174663811922,1.0,0.0,0.0,0.0,309.0,1.0,0.0
1774268508.614,1774268508.6140156,safe,0.9941366390618381,0.9941366390618381,0.005863360938161831,NORMAL,Stress level is low (EMA=0.01),0.12672333419322968,0.848845899105072,0.022729380056262016,0.001701289089396596,1.0,0.0,0.0,0.0,309.0,1.0,0.0
1774268508.663,1774268508.663011,safe,0.995324900391815,0.995324900391815,0.004675099608185066,NORMAL,Stress level is low (EMA=0.01),0.1077464371919632,0.8727738857269287,0.017723390832543373,0.0017561897402629256,1.0,0.0,0.0,0.0,309.0,1.0,0.0
1774268508.713,1774268508.713066,safe,0.994997660732615,0.994997660732615,0.005002339267384987,NORMAL,Stress level is low (EMA=0.01),0.09295038133859634,0.8862063884735107,0.019325803965330124,0.0015172744169831276,1.0,0.0,0.0,0.0,309.0,1.0,0.0
1774268508.764,1774268508.7643914,safe,0.9953672691063855,0.9953672691063855,0.004632730893614525,NORMAL,Stress level is low (EMA=0.01),0.10724900662899017,0.873447835445404,0.017917415127158165,0.0013856289442628622,1.0,0.0,0.0,0.0,307.0,1.0,0.0
1774268508.815,1774268508.8145242,safe,0.9854570174123047,0.9854570174123047,0.014542982587695222,NORMAL,Stress level is low (EMA=0.01),0.11679179221391678,0.8226124048233032,0.056535858660936356,0.004059900529682636,1.0,0.0,0.0,0.0,307.0,1.0,0.0
1774268508.865,1774268508.8653853,safe,0.9857570844219375,0.9857570844219375,0.014242915578062466,NORMAL,Stress level is low (EMA=0.01),0.11608516424894333,0.8245693445205688,0.05561874061822891,0.003726740600541234,1.0,0.0,0.0,0.0,307.0,1.0,0.0
1774268508.915,1774268508.9149685,safe,0.9897694204611794,0.9897694204611794,0.010230579538820611,NORMAL,Stress level is low (EMA=0.01),0.11879181116819382,0.8385807275772095,0.039961159229278564,0.0026662542950361967,1.0,0.0,0.0,0.0,307.0,1.0,0.0
1774268508.966,1774268508.9657183,safe,0.9921118885809387,0.9921118885809387,0.007888111419061351,NORMAL,Stress level is low (EMA=0.01),0.11937206983566284,0.8477607369422913,0.03081003949046135,0.0020570901688188314,1.0,0.0,0.0,0.0,307.0,1.0,0.0
1774268509.016,1774268509.0155656,safe,0.9857588652473419,0.9857588652473419,0.01424113475265814,NORMAL,Stress level is low (EMA=0.01),0.13928014039993286,0.8013817071914673,0.05636845529079437,0.002969602821394801,1.0,0.0,0.0,0.0,307.0,1.0,0.0
1774268509.066,1774268509.066478,safe,0.9888396997685717,0.9888396997685717,0.011160300231428336,NORMAL,Stress level is low (EMA=0.01),0.11029252409934998,0.8432061672210693,0.04417900741100311,0.002322241896763444,1.0,0.0,0.0,0.0,307.0,1.0,0.0
1774268509.117,1774268509.1169925,safe,0.9911467304187878,0.9911467304187878,0.008853269581212197,NORMAL,Stress level is low (EMA=0.01),0.1129269003868103,0.850184440612793,0.03509299084544182,0.0017956316005438566,1.0,0.0,0.0,0.0,307.0,1.0,0.0
1774268509.169,1774268509.1691563,safe,0.9675124916059825,0.9675124916059825,0.03248750839401753,NORMAL,Stress level is low (EMA=0.02),0.13684594631195068,0.7277894020080566,0.12627729773521423,0.009087317623198032,1.0,0.0,0.0,0.0,307.0,1.0,0.0
1774268509.219,1774268509.2193527,safe,0.9763727603211839,0.9763727603211839,0.023627239678816116,NORMAL,Stress level is low (EMA=0.02),0.18523576855659485,0.716317355632782,0.09164469689130783,0.006802132353186607,1.0,0.0,0.0,0.0,307.0,1.0,0.0
1774268509.270,1774268509.27032,safe,0.9807841157041027,0.9807841157041027,0.019215884295897254,NORMAL,Stress level is low (EMA=0.02),0.21071338653564453,0.7092204093933105,0.07421256601810455,0.005853617563843727,1.0,0.0,0.0,0.0,307.0,1.0,0.0
1774268509.321,1774268509.321221,safe,0.9869977176081108,0.9869977176081108,0.01300228239188914,NORMAL,Stress level is low (EMA=0.02),0.17495717108249664,0.7708666324615479,0.04996857792139053,0.00420759804546833,1.0,0.0,0.0,0.0,307.0,1.0,0.0
1774268509.372,1774268509.371868,safe,0.9900510027449405,0.9900510027449405,0.009948997255059442,NORMAL,Stress level is low (EMA=0.02),0.1673930287361145,0.7911527156829834,0.03680357709527016,0.004650575574487448,1.0,0.0,0.0,0.0,307.0,1.0,0.0
1774268509.422,1774268509.4222546,safe,0.9933332977294909,0.9933332977294909,0.006666702270509086,NORMAL,Stress level is low (EMA=0.01),0.1261555403470993,0.8460664749145508,0.02466433309018612,0.00311359204351902,1.0,0.0,0.0,0.0,307.0,1.0,0.0
1774268509.473,1774268509.4725156,safe,0.9954059681786182,0.9954059681786182,0.004594031821381836,NORMAL,Stress level is low (EMA=0.01),0.09499738365411758,0.8858607411384583,0.01647377945482731,0.0026680189184844494,1.0,0.0,0.0,0.0,307.0,1.0,0.0
1774268509.523,1774268509.5234308,safe,0.9967834138835455,0.9967834138835455,0.0032165861164544732,NORMAL,Stress level is low (EMA=0.01),0.08059754967689514,0.9059999585151672,0.011186711490154266,0.00221573025919497,1.0,0.0,0.0,0.0,307.0,1.0,0.0
1774268509.576,1774268509.5756385,safe,0.9974389876011152,0.9974389876011152,0.0025610123988848207,NORMAL,Stress level is low (EMA=0.01),0.06669110059738159,0.922637939453125,0.008359781466424465,0.002311103045940399,1.0,0.0,0.0,0.0,307.0,1.0,0.0
1774268509.626,1774268509.625812,safe,0.9956695747309298,0.9956695747309298,0.004330425269070263,NORMAL,Stress level is low (EMA=0.01),0.06818423420190811,0.9137722253799438,0.012890075333416462,0.005153362173587084,1.0,0.0,0.0,0.0,307.0,1.0,0.0
1774268509.677,1774268509.6772642,safe,0.9940402732828673,0.9940402732828673,0.005959726717132781,NORMAL,Stress level is low (EMA=0.01),0.07599624246358871,0.8991714715957642,0.019961141049861908,0.004871052224189043,1.0,0.0,0.0,0.0,307.0,1.0,0.0
1774268509.727,1774268509.7266924,safe,0.9941311659734642,0.9941311659734642,0.0058688340265358125,NORMAL,Stress level is low (EMA=0.01),0.07397721707820892,0.9015692472457886,0.018589232116937637,0.0058642420917749405,1.0,0.0,0.0,0.0,307.0,1.0,0.0
1774268509.780,1774268509.7797518,safe,0.9954532240047569,0.9954532240047569,0.004546775995243126,NORMAL,Stress level is low (EMA=0.01),0.05888780206441879,0.9221673011779785,0.013704725541174412,0.005240174476057291,1.0,0.0,0.0,0.0,311.0,1.0,0.0
1774268509.828,1774268509.8283648,safe,0.9934553783304512,0.9934553783304512,0.006544621669548785,NORMAL,Stress level is low (EMA=0.01),0.04496318846940994,0.9277675151824951,0.016195738688111305,0.011073517613112926,1.0,0.0,0.0,0.0,311.0,1.0,0.0
1774268509.879,1774268509.8787372,safe,0.9859982030413703,0.9859982030413703,0.014001796958629657,NORMAL,Stress level is low (EMA=0.01),0.03735440596938133,0.9043047428131104,0.04721126705408096,0.011129552498459816,1.0,0.0,0.0,0.0,311.0,1.0,0.0
1774268509.928,1774268509.9279563,safe,0.9830381528601275,0.9830381528601275,0.016961847139872515,NORMAL,Stress level is low (EMA=0.01),0.029804730787873268,0.8995208740234375,0.04158993065357208,0.029084431007504463,1.0,0.0,0.0,0.0,311.0,1.0,0.0
1774268509.980,1774268509.9801464,safe,0.9775966146991897,0.9775966146991897,0.02240338530081033,NORMAL,Stress level is low (EMA=0.01),0.03717830777168274,0.8694741725921631,0.06842267513275146,0.024924758821725845,1.0,0.0,0.0,0.0,311.0,1.0,0.0
1774268510.030,1774268510.0295544,safe,0.9800008901656351,0.9800008901656351,0.019999109834364953,NORMAL,Stress level is low (EMA=0.02),0.08682655543088913,0.8298436999320984,0.06499993056058884,0.018329687416553497,1.0,0.0,0.0,0.0,311.0,1.0,0.0
1774268510.080,1774268510.07986,safe,0.9822956535031291,0.9822956535031291,0.017704346496870877,NORMAL,Stress level is low (EMA=0.02),0.06228460744023323,0.8639471530914307,0.060334376990795135,0.01343372743576765,1.0,0.0,0.0,0.0,311.0,1.0,0.0
1774268510.131,1774268510.1309853,safe,0.9875085804476444,0.9875085804476444,0.01249141955235551,NORMAL,Stress level is low (EMA=0.02),0.05003434419631958,0.8979179859161377,0.04206853732466698,0.009979041293263435,1.0,0.0,0.0,0.0,311.0,1.0,0.0
1774268510.182,1774268510.1815236,safe,0.9905206464495463,0.9905206464495463,0.009479353550453689,NORMAL,Stress level is low (EMA=0.01),0.0685059204697609,0.8919966816902161,0.03171168267726898,0.00778562156483531,1.0,0.0,0.0,0.0,311.0,1.0,0.0
1774268510.232,1774268510.231928,safe,0.9936825099780697,0.9936825099780697,0.006317490021930276,NORMAL,Stress level is low (EMA=0.01),0.04889560118317604,0.9247814416885376,0.021079687401652336,0.0052431863732635975,1.0,0.0,0.0,0.0,311.0,1.0,0.0
1774268510.282,1774268510.2823634,safe,0.9916932819661093,0.9916932819661093,0.008306718033890747,NORMAL,Stress level is low (EMA=0.01),0.03396788612008095,0.9314206838607788,0.030333612114191055,0.0042777108028531075,1.0,0.0,0.0,0.0,311.0,1.0,0.0
1774268510.334,1774268510.3335278,safe,0.9903667859695828,0.9903667859695828,0.009633214030417168,NORMAL,Stress level is low (EMA=0.01),0.02895032986998558,0.9309111833572388,0.03355572372674942,0.0065826657228171825,1.0,0.0,0.0,0.0,311.0,1.0,0.0
1774268510.383,1774268510.3824992,safe,0.993154916475353,0.993154916475353,0.006845083524646922,NORMAL,Stress level is low (EMA=0.01),0.06801631301641464,0.9034624099731445,0.023450279608368874,0.0050709000788629055,1.0,0.0,0.0,0.0,311.0,1.0,0.0
1774268510.434,1774268510.4337392,safe,0.9951122876919212,0.9951122876919212,0.004887712308078816,NORMAL,Stress level is low (EMA=0.01),0.07690051943063736,0.9027339220046997,0.01684892363846302,0.0035165431909263134,1.0,0.0,0.0,0.0,311.0,1.0,0.0
1774268510.484,1774268510.4844508,safe,0.9943035342060378,0.9943035342060378,0.005696465793962198,NORMAL,Stress level is low (EMA=0.01),0.054029710590839386,0.9222350120544434,0.020881621167063713,0.0028536529280245304,1.0,0.0,0.0,0.0,311.0,1.0,0.0
1774268510.536,1774268510.5356731,safe,0.9951606829540913,0.9951606829540913,0.00483931704590863,NORMAL,Stress level is low (EMA=0.01),0.05482856184244156,0.9250075817108154,0.017917100340127945,0.002246720250695944,1.0,0.0,0.0,0.0,311.0,1.0,0.0
1774268510.588,1774268510.587695,safe,0.9856974538913063,0.9856974538913063,0.014302546108693729,NORMAL,Stress level is low (EMA=0.01),0.12695147097110748,0.8134545087814331,0.05476959049701691,0.004824348725378513,1.0,0.0,0.0,0.0,311.0,1.0,0.0
1774268510.637,1774268510.6371963,safe,0.9518902630105555,0.9518902630105555,0.04810973698944457,NORMAL,Stress level is low (EMA=0.02),0.09842047840356827,0.7011222243309021,0.1935754269361496,0.0068818023428320885,1.0,0.0,0.0,0.0,311.0,1.0,0.0
1774268510.686,1774268510.6858528,safe,0.9622194246722465,0.9622194246722465,0.03778057532775342,NORMAL,Stress level is low (EMA=0.03),0.16359589993953705,0.6789849400520325,0.15023761987686157,0.0071814339607954025,1.0,0.0,0.0,0.0,311.0,1.0,0.0
1774268510.737,1774268510.7365294,safe,0.9736235082176424,0.9736235082176424,0.02637649178235756,NORMAL,Stress level is low (EMA=0.03),0.24783623218536377,0.6422616243362427,0.10481126606464386,0.005090776365250349,1.0,0.0,0.0,0.0,311.0,1.0,0.0
1774268510.788,1774268510.7883377,safe,0.9740480555893505,0.9740480555893505,0.025951944410649592,NORMAL,Stress level is low (EMA=0.03),0.2100389301776886,0.6818279027938843,0.10365939140319824,0.004473705776035786,1.0,0.0,0.0,0.0,324.0,1.0,0.0
1774268510.839,1774268510.838659,safe,0.9733851717425507,0.9733851717425507,0.02661482825744931,NORMAL,Stress level is low (EMA=0.03),0.17833101749420166,0.7107738256454468,0.10631684958934784,0.0045782653614878654,1.0,0.0,0.0,0.0,324.0,1.0,0.0
1774268510.890,1774268510.889574,safe,0.9747384355986508,0.9747384355986508,0.02526156440134919,NORMAL,Stress level is low (EMA=0.03),0.35862913727760315,0.5361142754554749,0.09845297038555145,0.00680354330688715,1.0,0.0,0.0,0.0,324.0,1.0,0.0
1774268510.941,1774268510.9407454,safe,0.9596175912686162,0.9596175912686162,0.04038240873138374,NORMAL,Stress level is low (EMA=0.03),0.4637952446937561,0.3679446578025818,0.15889912843704224,0.009360901080071926,1.0,0.0,0.0,0.0,324.0,1.0,0.0
1774268510.991,1774268510.9913225,safe,0.9532416338965379,0.9532416338965379,0.04675836610346207,NORMAL,Stress level is low (EMA=0.04),0.37326616048812866,0.4319072663784027,0.181578129529953,0.013248389586806297,1.0,0.0,0.0,0.0,324.0,1.0,0.0
1774268511.043,1774268511.043283,safe,0.9392098642401117,0.9392098642401117,0.06079013575988839,NORMAL,Stress level is low (EMA=0.04),0.38759565353393555,0.35911205410957336,0.21800723671913147,0.03528498485684395,1.0,0.0,0.0,0.0,324.0,1.0,0.0
1774268511.093,1774268511.0931072,safe,0.9325391253296444,0.9325391253296444,0.06746087467035557,NORMAL,Stress level is low (EMA=0.05),0.44316837191581726,0.27574455738067627,0.24775099754333496,0.033335961401462555,1.0,0.0,0.0,0.0,324.0,1.0,0.0
1774268511.144,1774268511.1437027,safe,0.9471255099413247,0.9471255099413247,0.052874490058675276,NORMAL,Stress level is low (EMA=0.05),0.4959281086921692,0.2837614417076111,0.19405661523342133,0.026253748685121536,1.0,0.0,0.0,0.0,324.0,1.0,0.0
1774268511.194,1774268511.1941073,safe,0.9398688805862786,0.9398688805862786,0.06013111941372145,NORMAL,Stress level is low (EMA=0.05),0.45640355348587036,0.29305005073547363,0.2301282286643982,0.020418090745806694,1.0,0.0,0.0,0.0,324.0,1.0,0.0
1774268511.245,1774268511.2453728,safe,0.9581422827186521,0.9581422827186521,0.041857717281347906,NORMAL,Stress level is low (EMA=0.05),0.6041596531867981,0.2214331030845642,0.1607160121202469,0.013691132888197899,1.0,0.0,0.0,0.0,324.0,1.0,0.0
1774268511.296,1774268511.2957816,safe,0.9677278363661777,0.9677278363661777,0.03227216363382241,NORMAL,Stress level is low (EMA=0.04),0.4937590956687927,0.37177348136901855,0.12437383830547333,0.010093503631651402,1.0,0.0,0.0,0.0,324.0,1.0,0.0
1774268511.345,1774268511.3448598,safe,0.9613583049870833,0.9613583049870833,0.0386416950129167,NORMAL,Stress level is low (EMA=0.04),0.36256325244903564,0.47642964124679565,0.153018057346344,0.007989000529050827,1.0,0.0,0.0,0.0,324.0,1.0,0.0
1774268511.395,1774268511.3946552,safe,0.9097707400615652,0.9097707400615652,0.09022925993843484,NORMAL,Stress level is low (EMA=0.06),0.2955953776836395,0.3284493386745453,0.3662547767162323,0.009700463153421879,1.0,0.0,0.0,0.0,324.0,1.0,0.0
1774268511.445,1774268511.4449143,safe,0.9307546107715725,0.9307546107715725,0.06924538922842746,NORMAL,Stress level is low (EMA=0.06),0.2507026493549347,0.46077483892440796,0.28158482909202576,0.0069376141764223576,1.0,0.0,0.0,0.0,324.0,1.0,0.0
1774268511.495,1774268511.4953663,safe,0.9495936332288764,0.9495936332288764,0.05040636677112366,NORMAL,Stress level is low (EMA=0.06),0.18375086784362793,0.6062225103378296,0.20439636707305908,0.005630147643387318,1.0,0.0,0.0,0.0,324.0,1.0,0.0
1774268511.546,1774268511.546057,safe,0.9618368114430549,0.9618368114430549,0.03816318855694512,NORMAL,Stress level is low (EMA=0.05),0.13742440938949585,0.7035622000694275,0.1546069234609604,0.004406351130455732,1.0,0.0,0.0,0.0,324.0,1.0,0.0
1774268511.596,1774268511.5963998,safe,0.9654060940507418,0.9654060940507418,0.034593905949258145,NORMAL,Stress level is low (EMA=0.05),0.12184862792491913,0.7340099811553955,0.14075258374214172,0.003388680052012205,1.0,0.0,0.0,0.0,324.0,1.0,0.0
1774268511.646,1774268511.6459956,safe,0.971040630757094,0.971040630757094,0.028959369242905982,NORMAL,Stress level is low (EMA=0.04),0.09904113411903381,0.7802947163581848,0.11817143857479095,0.0024925912730395794,1.0,0.0,0.0,0.0,324.0,1.0,0.0
1774268511.696,1774268511.6959724,safe,0.9622328240448975,0.9622328240448975,0.03776717595510251,NORMAL,Stress level is low (EMA=0.04),0.07308635860681534,0.7695503234863281,0.15397194027900696,0.00339128402993083,1.0,0.0,0.0,0.0,324.0,1.0,0.0
1774268511.748,1774268511.748092,safe,0.9581313281243278,0.9581313281243278,0.04186867187567224,NORMAL,Stress level is low (EMA=0.04),0.06606559455394745,0.7594815492630005,0.17112331092357635,0.003329481929540634,1.0,0.0,0.0,0.0,306.0,1.0,0.0
1774268511.798,1774268511.7982192,safe,0.9634643288500457,0.9634643288500457,0.03653567114995428,NORMAL,Stress level is low (EMA=0.04),0.07693377137184143,0.77083420753479,0.14950349926948547,0.0027284580282866955,1.0,0.0,0.0,0.0,306.0,1.0,0.0
1774268511.848,1774268511.8481364,safe,0.9626869136817996,0.9626869136817996,0.03731308631820038,NORMAL,Stress level is low (EMA=0.04),0.05545242130756378,0.7890763282775879,0.15301616489887238,0.0024550221860408783,1.0,0.0,0.0,0.0,306.0,1.0,0.0
1774268511.899,1774268511.8993964,safe,0.957155173795354,0.957155173795354,0.04284482620464599,NORMAL,Stress level is low (EMA=0.04),0.09596338123083115,0.7255164384841919,0.1758289933204651,0.0026911073364317417,1.0,0.0,0.0,0.0,306.0,1.0,0.0
1774268511.949,1774268511.9487846,safe,0.9570892763297116,0.9570892763297116,0.042910723670288364,NORMAL,Stress level is low (EMA=0.04),0.11933917552232742,0.7018660306930542,0.17658942937850952,0.0022052391432225704,1.0,0.0,0.0,0.0,306.0,1.0,0.0
1774268511.998,1774268511.9984128,safe,0.9456502229954228,0.9456502229954228,0.05434977700457719,NORMAL,Stress level is low (EMA=0.04),0.1346733570098877,0.6388691663742065,0.22441023588180542,0.0020471569150686264,1.0,0.0,0.0,0.0,306.0,1.0,0.0
1774268512.049,1774268512.0485315,safe,0.9275819997826669,0.9275819997826669,0.07241800021733318,NORMAL,Stress level is low (EMA=0.05),0.15724867582321167,0.5410096049308777,0.2992390990257263,0.002502557123079896,1.0,0.0,0.0,0.0,306.0,1.0,0.0
1774268512.099,1774268512.0989435,safe,0.9136330434466966,0.9136330434466966,0.08636695655330334,NORMAL,Stress level is low (EMA=0.06),0.18270017206668854,0.4574374556541443,0.357440710067749,0.002421594224870205,1.0,0.0,0.0,0.0,306.0,1.0,0.0
1774268512.149,1774268512.1494417,safe,0.9183220634931911,0.9183220634931911,0.08167793650680888,NORMAL,Stress level is low (EMA=0.07),0.1549391895532608,0.5047360062599182,0.3382447063922882,0.0020800114143639803,1.0,0.0,0.0,0.0,306.0,1.0,0.0
1774268512.201,1774268512.200739,safe,0.9335984890238431,0.9335984890238431,0.06640151097615685,NORMAL,Stress level is low (EMA=0.07),0.1068982407450676,0.6164287328720093,0.2750362753868103,0.0016366742784157395,1.0,0.0,0.0,0.0,306.0,1.0,0.0
1774268512.250,1774268512.2501435,safe,0.9114938101352081,0.9114938101352081,0.08850618986479189,NORMAL,Stress level is low (EMA=0.07),0.07618021219968796,0.5550439357757568,0.3673967719078064,0.0013790018856525421,1.0,0.0,0.0,0.0,306.0,1.0,0.0
1774268512.301,1774268512.3009157,safe,0.8693610966808079,0.8693610966808079,0.13063890331919223,NORMAL,Stress level is low (EMA=0.09),0.05137651041150093,0.4042946696281433,0.5420886278152466,0.0022401087917387486,1.0,0.0,0.0,0.0,306.0,1.0,0.0
1774268512.351,1774268512.3511708,safe,0.8618863746590123,0.8618863746590123,0.13811362534098776,NORMAL,Stress level is low (EMA=0.11),0.03634060174226761,0.38818591833114624,0.5727169513702393,0.0027564659249037504,1.0,0.0,0.0,0.0,306.0,1.0,0.0
1774268512.402,1774268512.4021387,safe,0.8555382862491293,0.8555382862491293,0.14446171375087072,NORMAL,Stress level is low (EMA=0.12),0.026922034099698067,0.3711540997028351,0.5973909497261047,0.004532824270427227,1.0,0.0,0.0,0.0,306.0,1.0,0.0
1774268512.453,1774268512.453201,safe,0.8608811622376094,0.8608811622376094,0.1391188377623907,NORMAL,Stress level is low (EMA=0.12),0.03930000960826874,0.3810381293296814,0.5752683281898499,0.004393476061522961,1.0,0.0,0.0,0.0,306.0,1.0,0.0
1774268512.506,1774268512.5064766,safe,0.8782463334171653,0.8782463334171653,0.12175366658283471,NORMAL,Stress level is low (EMA=0.12),0.04047179967164993,0.45222121477127075,0.5033413767814636,0.003965549170970917,1.0,0.0,0.0,0.0,306.0,1.0,0.0
1774268512.557,1774268512.5569537,safe,0.8837671842880663,0.8837671842880663,0.11623281571193363,NORMAL,Stress level is low (EMA=0.12),0.09378689527511597,0.4219096899032593,0.48140016198158264,0.00290323025546968,1.0,0.0,0.0,0.0,306.0,1.0,0.0
1774268512.606,1774268512.6061742,safe,0.9048564984147365,0.9048564984147365,0.09514350158526354,NORMAL,Stress level is low (EMA=0.11),0.08296790719032288,0.5206007957458496,0.394351601600647,0.002079642377793789,1.0,0.0,0.0,0.0,306.0,1.0,0.0
1774268512.656,1774268512.6556818,safe,0.9087465766412197,0.9087465766412197,0.09125342335878028,NORMAL,Stress level is low (EMA=0.11),0.11712421476840973,0.5026531219482422,0.3780566155910492,0.002165962243452668,1.0,0.0,0.0,0.0,306.0,1.0,0.0
1774268512.706,1774268512.706381,safe,0.9064931463419719,0.9064931463419719,0.09350685365802816,NORMAL,Stress level is low (EMA=0.10),0.12216489017009735,0.488223135471344,0.38780882954597473,0.0018030350329354405,1.0,0.0,0.0,0.0,306.0,1.0,0.0
1774268512.758,1774268512.7584205,safe,0.8893062824744149,0.8893062824744149,0.11069371752558506,NORMAL,Stress level is low (EMA=0.11),0.18207553029060364,0.3567005693912506,0.45950016379356384,0.001723629655316472,1.0,0.0,0.0,0.0,314.0,1.0,0.0
1774268512.811,1774268512.8110182,safe,0.8766322173674049,0.8766322173674049,0.12336778263259507,NORMAL,Stress level is low (EMA=0.11),0.17441312968730927,0.3115543723106384,0.5127763748168945,0.0012560214381664991,1.0,0.0,0.0,0.0,314.0,1.0,0.0
1774268512.860,1774268512.8595378,safe,0.8359241577191582,0.8359241577191582,0.16407584228084182,NORMAL,Stress level is low (EMA=0.13),0.11382374912500381,0.20252686738967896,0.6824398636817932,0.0012094508856534958,1.0,0.0,0.0,0.0,314.0,1.0,0.0
1774268512.910,1774268512.9104307,safe,0.8094010544626692,0.8094010544626692,0.1905989455373308,NORMAL,Stress level is low (EMA=0.15),0.07417772710323334,0.13165998458862305,0.7918206453323364,0.002341613871976733,1.0,0.0,0.0,0.0,314.0,1.0,0.0
1774268512.961,1774268512.9605498,safe,0.7921384547624477,0.7921384547624477,0.20786154523755226,NORMAL,Stress level is low (EMA=0.16),0.04832204431295395,0.08558816462755203,0.8630220890045166,0.0030676620081067085,1.0,0.0,0.0,0.0,314.0,1.0,0.0
1774268513.013,1774268513.0133173,safe,0.7809425670997664,0.7809425670997664,0.2190574329002336,NORMAL,Stress level is low (EMA=0.18),0.03162074089050293,0.05563994124531746,0.9103463888168335,0.0023928978480398655,1.0,0.0,0.0,0.0,314.0,1.0,0.0
1774268513.061,1774268513.0610802,safe,0.7736228145717488,0.7736228145717488,0.22637718542825122,NORMAL,Stress level is low (EMA=0.19),0.020595557987689972,0.03616613149642944,0.9411334991455078,0.002104724058881402,1.0,0.0,0.0,0.0,314.0,1.0,0.0
1774268513.112,1774268513.1115727,safe,0.7690110514333461,0.7690110514333461,0.23098894856665383,NORMAL,Stress level is low (EMA=0.21),0.01403221394866705,0.02351382188498974,0.9595546722412109,0.002899263985455036,1.0,0.0,0.0,0.0,314.0,1.0,0.0
1774268513.163,1774268513.162573,safe,0.7665076287716488,0.7665076287716488,0.2334923712283512,NORMAL,Stress level is low (EMA=0.21),0.01181804109364748,0.01529706735163927,0.9701473116874695,0.0027375523932278156,1.0,0.0,0.0,0.0,314.0,1.0,0.0
1774268513.213,1774268513.2127476,safe,0.7676236907798264,0.7676236907798264,0.23237630922017358,NORMAL,Stress level is low (EMA=0.22),0.021621013060212135,0.010144349187612534,0.9654713869094849,0.0027632126584649086,1.0,0.0,0.0,0.0,314.0,1.0,0.0
1774268513.263,1774268513.2628927,safe,0.7658519029148265,0.7658519029148265,0.23414809708517345,NORMAL,Stress level is low (EMA=0.22),0.01777539774775505,0.006607487332075834,0.9732030630111694,0.0024139464367181063,1.0,0.0,0.0,0.0,314.0,1.0,0.0
1774268513.315,1774268513.3145957,safe,0.7641239344973226,0.7641239344973226,0.23587606550267737,NORMAL,Stress level is low (EMA=0.23),0.012867366895079613,0.004315648227930069,0.9806592464447021,0.002157628070563078,1.0,0.0,0.0,0.0,314.0,1.0,0.0
1774268513.364,1774268513.364256,safe,0.764258654125238,0.764258654125238,0.23574134587476203,NORMAL,Stress level is low (EMA=0.23),0.014909544959664345,0.002834813669323921,0.9803385734558105,0.0019169861916452646,1.0,0.0,0.0,0.0,314.0,1.0,0.0
1774268513.415,1774268513.4147491,safe,0.763237469153424,0.763237469153424,0.23676253084657595,NORMAL,Stress level is low (EMA=0.23),0.011626580730080605,0.0018628290854394436,0.984877347946167,0.0016331319930031896,1.0,0.0,0.0,0.0,314.0,1.0,0.0
1774268513.465,1774268513.4646976,safe,0.7625481002140643,0.7625481002140643,0.23745189978593575,NORMAL,Stress level is low (EMA=0.23),0.009379352442920208,0.001237698714248836,0.9876254796981812,0.0017573877703398466,1.0,0.0,0.0,0.0,314.0,1.0,0.0
1774268513.515,1774268513.5148246,safe,0.7620445673382376,0.7620445673382376,0.2379554326617625,NORMAL,Stress level is low (EMA=0.23),0.007668239995837212,0.000850773649290204,0.9899615049362183,0.0015194396255537868,1.0,0.0,0.0,0.0,314.0,1.0,0.0
1774268513.566,1774268513.5656111,safe,0.761583916816785,0.761583916816785,0.23841608318321506,NORMAL,Stress level is low (EMA=0.24),0.00602714903652668,0.0005724739166907966,0.9919756650924683,0.0014246365753933787,1.0,0.0,0.0,0.0,314.0,1.0,0.0
1774268513.616,1774268513.615719,safe,0.7616783678698192,0.7616783678698192,0.2383216321301807,NORMAL,Stress level is low (EMA=0.24),0.006552517414093018,0.00044065984548069537,0.9913347959518433,0.0016719718696549535,1.0,0.0,0.0,0.0,314.0,1.0,0.0
1774268513.666,1774268513.666146,safe,0.762309149562016,0.762309149562016,0.23769085043798405,NORMAL,Stress level is low (EMA=0.24),0.009284713305532932,0.0003367007593624294,0.9884085655212402,0.0019699158146977425,1.0,0.0,0.0,0.0,314.0,1.0,0.0
1774268513.717,1774268513.7172081,safe,0.7622746894341682,0.7622746894341682,0.23772531056583174,NORMAL,Stress level is low (EMA=0.24),0.009192169643938541,0.0002856845676433295,0.9884235858917236,0.0020985144656151533,1.0,0.0,0.0,0.0,314.0,1.0,0.0
1774268513.769,1774268513.7692246,safe,0.7617800711159841,0.7617800711159841,0.23821992888401589,NORMAL,Stress level is low (EMA=0.24),0.007196439895778894,0.0002205067139584571,0.9902510643005371,0.0023319486062973738,1.0,0.0,0.0,0.0,302.0,1.0,0.0
1774268513.818,1774268513.8175132,safe,0.7615103094336765,0.7615103094336765,0.23848969056632352,NORMAL,Stress level is low (EMA=0.24),0.006065996829420328,0.00022695411462336779,0.9900327920913696,0.0036742445081472397,1.0,0.0,0.0,0.0,302.0,1.0,0.0
1774268513.869,1774268513.8688645,safe,0.7614917628585094,0.7614917628585094,0.2385082371414906,NORMAL,Stress level is low (EMA=0.24),0.005968454293906689,0.0002472240012139082,0.9897005558013916,0.004083765204995871,1.0,0.0,0.0,0.0,302.0,1.0,0.0
1774268513.919,1774268513.9191375,safe,0.7612817743853748,0.7612817743853748,0.23871822561462516,NORMAL,Stress level is low (EMA=0.24),0.00512420991435647,0.0002165149780921638,0.9912105798721313,0.0034486909862607718,1.0,0.0,0.0,0.0,302.0,1.0,0.0
1774268513.971,1774268513.9711335,safe,0.7611870151093175,0.7611870151093175,0.2388129848906825,NORMAL,Stress level is low (EMA=0.24),0.004744332283735275,0.00020154511730652303,0.9921553134918213,0.002898762235417962,1.0,0.0,0.0,0.0,302.0,1.0,0.0
1774268514.022,1774268514.0217898,safe,0.7613581900001805,0.7613581900001805,0.23864180999981952,NORMAL,Stress level is low (EMA=0.24),0.005324202589690685,0.0003348856989759952,0.990062415599823,0.004278405103832483,1.0,0.0,0.0,0.0,302.0,1.0,0.0
1774268514.081,1774268514.0805376,safe,0.7614381647804502,0.7614381647804502,0.23856183521954977,NORMAL,Stress level is low (EMA=0.24),0.00521864602342248,0.0007736721308901906,0.9837185740470886,0.010289020836353302,1.0,0.0,0.0,0.0,302.0,1.0,0.0
1774268514.139,1774268514.1389482,safe,0.7611566883812086,0.7611566883812086,0.23884331161879133,NORMAL,Stress level is low (EMA=0.24),0.0040349457412958145,0.0007845641812309623,0.9829514026641846,0.01222902536392212,1.0,0.0,0.0,0.0,302.0,1.0,0.0
1774268514.196,1774268514.1955082,safe,0.7611500485260567,0.7611500485260567,0.2388499514739434,NORMAL,Stress level is low (EMA=0.24),0.0038527713622897863,0.0009391012717969716,0.9766561985015869,0.018551938235759735,1.0,0.0,0.0,0.0,302.0,1.0,0.0
1774268514.247,1774268514.247271,safe,0.7614914022645421,0.7614914022645421,0.23850859773545785,NORMAL,Stress level is low (EMA=0.24),0.004316277801990509,0.0018978798761963844,0.9650681018829346,0.02871769480407238,1.0,0.0,0.0,0.0,302.0,1.0,0.0
1774268514.294,1774268514.294132,safe,0.7616994984605083,0.7616994984605083,0.23830050153949167,NORMAL,Stress level is low (EMA=0.24),0.004591803997755051,0.002489403821527958,0.9587891101837158,0.03412959352135658,1.0,0.0,0.0,0.0,302.0,1.0,0.0
1774268514.342,1774268514.342225,safe,0.7626235772662305,0.7626235772662305,0.23737642273376947,NORMAL,Stress level is low (EMA=0.24),0.007437734864652157,0.00349380262196064,0.9575197100639343,0.03154866769909859,1.0,0.0,0.0,0.0,302.0,1.0,0.0
1774268514.390,1774268514.3896167,safe,0.7651829001691016,0.7651829001691016,0.23481709983089832,NORMAL,Stress level is low (EMA=0.24),0.01304548978805542,0.008549884893000126,0.9440498352050781,0.03435468673706055,1.0,0.0,0.0,0.0,302.0,1.0,0.0
1774268514.434,1774268514.4343724,safe,0.7646269440005162,0.7646269440005162,0.23537305599948377,NORMAL,Stress level is low (EMA=0.24),0.011636034585535526,0.007642870768904686,0.9471269845962524,0.0335940420627594,1.0,0.0,0.0,0.0,302.0,1.0,0.0
1774268514.481,1774268514.4804993,safe,0.7645388063217677,0.7645388063217677,0.23546119367823226,NORMAL,Stress level is low (EMA=0.24),0.01269884966313839,0.006212824955582619,0.9513550400733948,0.029733240604400635,1.0,0.0,0.0,0.0,302.0,1.0,0.0
1774268514.529,1774268514.5286064,safe,0.7646103679108454,0.7646103679108454,0.23538963208915462,NORMAL,Stress level is low (EMA=0.24),0.013719381764531136,0.005490472074598074,0.9553537368774414,0.02543637901544571,1.0,0.0,0.0,0.0,302.0,1.0,0.0
1774268514.577,1774268514.5770519,safe,0.7633764658574146,0.7633764658574146,0.2366235341425854,NORMAL,Stress level is low (EMA=0.24),0.010269176214933395,0.0037994254380464554,0.9639643430709839,0.02196704037487507,1.0,0.0,0.0,0.0,302.0,1.0,0.0
1774268514.627,1774268514.627157,safe,0.7623839772178537,0.7623839772178537,0.23761602278214636,NORMAL,Stress level is low (EMA=0.24),0.00731869600713253,0.0026145153678953648,0.9718151092529297,0.018251612782478333,1.0,0.0,0.0,0.0,302.0,1.0,0.0
1774268514.678,1774268514.677619,safe,0.7617322819976494,0.7617322819976494,0.23826771800235058,NORMAL,Stress level is low (EMA=0.24),0.0053636678494513035,0.0018541311146691442,0.97492915391922,0.017852941527962685,1.0,0.0,0.0,0.0,302.0,1.0,0.0
1774268514.729,1774268514.7289565,safe,0.7615138760974327,0.7615138760974327,0.23848612390256735,NORMAL,Stress level is low (EMA=0.24),0.005042925477027893,0.0012648733099922538,0.9808905124664307,0.012801643460988998,1.0,0.0,0.0,0.0,302.0,1.0,0.0
1774268514.779,1774268514.7791061,safe,0.7613141463778206,0.7613141463778206,0.23868585362217948,NORMAL,Stress level is low (EMA=0.24),0.004616157151758671,0.0008594290702603757,0.9852727651596069,0.009251589886844158,1.0,0.0,0.0,0.0,302.0,1.0,0.0
1774268514.828,1774268514.827704,safe,0.7628595286102692,0.7628595286102692,0.23714047138973077,NORMAL,Stress level is low (EMA=0.24),0.01096557080745697,0.0009491262608207762,0.9771314859390259,0.010953803546726704,1.0,0.0,0.0,0.0,302.0,1.0,0.0
1774268514.879,1774268514.87871,safe,0.7701434231395872,0.7701434231395872,0.22985657686041283,NORMAL,Stress level is low (EMA=0.24),0.04085948318243027,0.0014047626173123717,0.9476863741874695,0.010049339383840561,1.0,0.0,0.0,0.0,302.0,1.0,0.0
1774268514.929,1774268514.9293525,safe,0.768500248909822,0.768500248909822,0.23149975109017792,NORMAL,Stress level is low (EMA=0.23),0.03426903486251831,0.0011486390139907598,0.954505980014801,0.01007627509534359,1.0,0.0,0.0,0.0,302.0,1.0,0.0
1774268514.979,1774268514.9792657,safe,0.7712035688898101,0.7712035688898101,0.22879643111018988,NORMAL,Stress level is low (EMA=0.23),0.045190274715423584,0.001491222414188087,0.9426116943359375,0.010706715285778046,1.0,0.0,0.0,0.0,302.0,1.0,0.0
1774268515.031,1774268515.0312712,safe,0.7693580721536185,0.7693580721536185,0.2306419278463815,NORMAL,Stress level is low (EMA=0.23),0.03783797100186348,0.0011539710685610771,0.9481478333473206,0.012860164977610111,1.0,0.0,0.0,0.0,302.0,1.0,0.0
1774268515.081,1774268515.0809338,safe,0.7686907325733116,0.7686907325733116,0.23130926742668845,NORMAL,Stress level is low (EMA=0.23),0.03516297787427902,0.0010483544319868088,0.9484903812408447,0.015298159793019295,1.0,0.0,0.0,0.0,302.0,1.0,0.0
1774268515.132,1774268515.1324027,safe,0.7713253998266235,0.7713253998266235,0.22867460017337643,NORMAL,Stress level is low (EMA=0.23),0.045925695449113846,0.0012634259182959795,0.9380769729614258,0.01473380159586668,1.0,0.0,0.0,0.0,302.0,1.0,0.0
1774268515.182,1774268515.1821008,safe,0.7787157457080995,0.7787157457080995,0.22128425429190052,NORMAL,Stress level is low (EMA=0.23),0.07626821100711823,0.0017140326090157032,0.9077075719833374,0.01431011687964201,1.0,0.0,0.0,0.0,302.0,1.0,0.0
1774268515.233,1774268515.2331195,safe,0.7726391331934714,0.7726391331934714,0.22736086680652856,NORMAL,Stress level is low (EMA=0.23),0.05150463059544563,0.001158397295512259,0.9370760917663574,0.010260817594826221,1.0,0.0,0.0,0.0,302.0,1.0,0.0
1774268515.283,1774268515.2829645,safe,0.7683445377494749,0.7683445377494749,0.23165546225052513,NORMAL,Stress level is low (EMA=0.23),0.03399002179503441,0.0007788529619574547,0.9551084041595459,0.010122643783688545,1.0,0.0,0.0,0.0,302.0,1.0,0.0
1774268515.334,1774268515.3335752,safe,0.765768176275041,0.765768176275041,0.234231823724959,NORMAL,Stress level is low (EMA=0.23),0.02349177747964859,0.0005422579124569893,0.9669896364212036,0.00897624995559454,1.0,0.0,0.0,0.0,302.0,1.0,0.0
1774268515.384,1774268515.3836575,safe,0.7661594578557788,0.7661594578557788,0.23384054214422123,NORMAL,Stress level is low (EMA=0.23),0.018912330269813538,0.006752043031156063,0.9652088284492493,0.009126715362071991,1.0,0.0,0.0,0.0,302.0,1.0,0.0
1774268515.434,1774268515.4340806,safe,0.7662749877239153,0.7662749877239153,0.23372501227608466,NORMAL,Stress level is low (EMA=0.23),0.01718706265091896,0.008958693593740463,0.9630270600318909,0.010827121324837208,1.0,0.0,0.0,0.0,302.0,1.0,0.0
1774268515.485,1774268515.4852803,safe,0.7652879704879454,0.7652879704879454,0.23471202951205458,NORMAL,Stress level is low (EMA=0.23),0.015649063512682915,0.006384126842021942,0.9685362577438354,0.009430503472685814,1.0,0.0,0.0,0.0,302.0,1.0,0.0
1774268515.535,1774268515.5354779,safe,0.7656462742113609,0.7656462742113609,0.2343537257886391,NORMAL,Stress level is low (EMA=0.23),0.01753407157957554,0.005992046091705561,0.966601550579071,0.009872271679341793,1.0,0.0,0.0,0.0,302.0,1.0,0.0
1774268515.587,1774268515.5871677,safe,0.7671811345191463,0.7671811345191463,0.2328188654808538,NORMAL,Stress level is low (EMA=0.23),0.02281091921031475,0.007110453210771084,0.9586491584777832,0.011429417878389359,1.0,0.0,0.0,0.0,302.0,1.0,0.0
1774268515.638,1774268515.6375194,safe,0.7660307434024601,0.7660307434024601,0.23396925659753992,NORMAL,Stress level is low (EMA=0.23),0.020059484988451004,0.005068603437393904,0.9659991264343262,0.008872763253748417,1.0,0.0,0.0,0.0,302.0,1.0,0.0
1774268515.692,1774268515.6922715,safe,0.7690628135194492,0.7690628135194492,0.23093718648055084,NORMAL,Stress level is low (EMA=0.23),0.033943116664886475,0.0038185901939868927,0.9551529884338379,0.007085266523063183,1.0,0.0,0.0,0.0,302.0,1.0,0.0
1774268515.743,1774268515.7425907,safe,0.7674716492683774,0.7674716492683774,0.2325283507316226,NORMAL,Stress level is low (EMA=0.23),0.0281166210770607,0.0030152357649058104,0.9630017280578613,0.005866379011422396,1.0,0.0,0.0,0.0,303.0,1.0,0.0
1774268515.791,1774268515.7906473,safe,0.7677309953117352,0.7677309953117352,0.23226900468826486,NORMAL,Stress level is low (EMA=0.23),0.028238218277692795,0.003974239341914654,0.962913990020752,0.004873497877269983,1.0,0.0,0.0,0.0,303.0,1.0,0.0
1774268515.840,1774268515.8398328,safe,0.7685232939122965,0.7685232939122965,0.23147670608770357,NORMAL,Stress level is low (EMA=0.23),0.03200953081250191,0.003504164982587099,0.9601168036460876,0.004369432106614113,1.0,0.0,0.0,0.0,303.0,1.0,0.0
1774268515.892,1774268515.8922343,safe,0.7662832490321467,0.7662832490321467,0.23371675096785333,NORMAL,Stress level is low (EMA=0.23),0.0234474316239357,0.0027327414136379957,0.9696243405342102,0.0041954112239181995,1.0,0.0,0.0,0.0,303.0,1.0,0.0
1774268515.942,1774268515.9417775,safe,0.7648761117799341,0.7648761117799341,0.23512388822006589,NORMAL,Stress level is low (EMA=0.23),0.018115179613232613,0.0022019301541149616,0.9760793447494507,0.00360349053516984,1.0,0.0,0.0,0.0,303.0,1.0,0.0
1774268515.992,1774268515.9924357,safe,0.7674112118878695,0.7674112118878695,0.23258878811213046,NORMAL,Stress level is low (EMA=0.23),0.026721641421318054,0.004158355295658112,0.9653979539871216,0.003721923101693392,1.0,0.0,0.0,0.0,303.0,1.0,0.0
1774268516.044,1774268516.043743,safe,0.767110352491302,0.767110352491302,0.23288964750869806,NORMAL,Stress level is low (EMA=0.23),0.025387972593307495,0.004238462075591087,0.9660055637359619,0.004367920104414225,1.0,0.0,0.0,0.0,303.0,1.0,0.0
1774268516.094,1774268516.093632,safe,0.766286355899819,0.766286355899819,0.23371364410018108,NORMAL,Stress level is low (EMA=0.23),0.02151726372539997,0.004675843752920628,0.9699090123176575,0.0038977789226919413,1.0,0.0,0.0,0.0,303.0,1.0,0.0
1774268516.145,1774268516.1451867,safe,0.7654034447991513,0.7654034447991513,0.23459655520084877,NORMAL,Stress level is low (EMA=0.23),0.018288210034370422,0.004226120188832283,0.9742915630340576,0.0031940508633852005,1.0,0.0,0.0,0.0,303.0,1.0,0.0
1774268516.195,1774268516.1949184,safe,0.7639162597757894,0.7639162597757894,0.23608374022421064,NORMAL,Stress level is low (EMA=0.23),0.013127284124493599,0.003190447576344013,0.9807202219963074,0.00296200392767787,1.0,0.0,0.0,0.0,303.0,1.0,0.0
1774268516.245,1774268516.245454,safe,0.7781173287059244,0.7781173287059244,0.22188267129407555,NORMAL,Stress level is low (EMA=0.23),0.051405422389507294,0.024083398282527924,0.9191933870315552,0.005317682400345802,1.0,0.0,0.0,0.0,303.0,1.0,0.0
1774268516.297,1774268516.2970622,safe,0.7731684453012719,0.7731684453012719,0.22683155469872804,NORMAL,Stress level is low (EMA=0.23),0.03358415514230728,0.021284354850649834,0.9350787401199341,0.010052721947431564,1.0,0.0,0.0,0.0,303.0,1.0,0.0
1774268516.348,1774268516.3476217,safe,0.7800961100942654,0.7800961100942654,0.21990388990573462,NORMAL,Stress level is low (EMA=0.23),0.02221638336777687,0.0615173801779747,0.8504289388656616,0.06583723425865173,1.0,0.0,0.0,0.0,303.0,1.0,0.0
1774268516.396,1774268516.3962069,safe,0.7740416276158291,0.7740416276158291,0.2259583723841709,NORMAL,Stress level is low (EMA=0.23),0.014517011120915413,0.04398975521326065,0.8927197456359863,0.04877345263957977,1.0,0.0,0.0,0.0,303.0,1.0,0.0
1774268516.447,1774268516.4467738,safe,0.7694143984477352,0.7694143984477352,0.23058560155226482,NORMAL,Stress level is low (EMA=0.23),0.009633233770728111,0.02959337830543518,0.9256783723831177,0.03509490191936493,1.0,0.0,0.0,0.0,303.0,1.0,0.0
1774268516.497,1774268516.4972324,safe,0.7680051844881925,0.7680051844881925,0.23199481551180742,NORMAL,Stress level is low (EMA=0.23),0.0067467959597706795,0.026608113199472427,0.935093104839325,0.03155192360281944,1.0,0.0,0.0,0.0,303.0,1.0,0.0
1774268516.548,1774268516.5479245,safe,0.7653556015199062,0.7653556015199062,0.23464439848009383,NORMAL,Stress level is low (EMA=0.23),0.004415783099830151,0.017899205908179283,0.9561855792999268,0.02149938978254795,1.0,0.0,0.0,0.0,303.0,1.0,0.0
1774268516.599,1774268516.5984814,safe,0.7636516867507632,0.7636516867507632,0.23634831324923683,NORMAL,Stress level is low (EMA=0.23),0.002991184825077653,0.012224150821566582,0.9677717685699463,0.017012832686305046,1.0,0.0,0.0,0.0,303.0,1.0,0.0
1774268516.649,1774268516.6491551,safe,0.7625856994761631,0.7625856994761631,0.237414300523837,NORMAL,Stress level is low (EMA=0.23),0.002079252153635025,0.008694482035934925,0.9764143228530884,0.012811909429728985,1.0,0.0,0.0,0.0,303.0,1.0,0.0
1774268516.699,1774268516.6990936,safe,0.7619667782669249,0.7619667782669249,0.23803322173307506,NORMAL,Stress level is low (EMA=0.24),0.0014851582236588001,0.006709742359817028,0.9825032949447632,0.009301782585680485,1.0,0.0,0.0,0.0,303.0,1.0,0.0
1774268516.750,1774268516.7500596,safe,0.761885192701306,0.761885192701306,0.23811480729869403,NORMAL,Stress level is low (EMA=0.24),0.001361392205581069,0.006493567489087582,0.9776204228401184,0.014524593017995358,1.0,0.0,0.0,0.0,285.0,1.0,0.0
1774268516.800,1774268516.7999134,safe,0.7615494910526452,0.7615494910526452,0.23845050894735476,NORMAL,Stress level is low (EMA=0.24),0.0010690090712159872,0.0053871870040893555,0.9820802211761475,0.01146354153752327,1.0,0.0,0.0,0.0,285.0,1.0,0.0
1774268516.850,1774268516.850394,safe,0.761363440689532,0.761363440689532,0.23863655931046807,NORMAL,Stress level is low (EMA=0.24),0.0007779161678627133,0.004903074353933334,0.9829919338226318,0.011327045038342476,1.0,0.0,0.0,0.0,285.0,1.0,0.0
1774268516.901,1774268516.9007978,safe,0.8068822333393428,0.8068822333393428,0.19311776666065716,NORMAL,Stress level is low (EMA=0.22),0.001171146985143423,0.1941714733839035,0.7505133748054504,0.05414396896958351,1.0,0.0,0.0,0.0,285.0,1.0,0.0
1774268516.952,1774268516.9517105,safe,0.7962322310333579,0.7962322310333579,0.20376776896664206,NORMAL,Stress level is low (EMA=0.22),0.0012504637707024813,0.14971716701984406,0.8003623485565186,0.048670023679733276,1.0,0.0,0.0,0.0,285.0,1.0,0.0
1774268517.004,1774268517.0038435,safe,0.7843929108109035,0.7843929108109035,0.21560708918909655,NORMAL,Stress level is low (EMA=0.22),0.0009253885946236551,0.10071173310279846,0.8653318881988525,0.033030975610017776,1.0,0.0,0.0,0.0,285.0,1.0,0.0
1774268517.055,1774268517.0552273,safe,0.7909128609765205,0.7909128609765205,0.20908713902347947,NORMAL,Stress level is low (EMA=0.21),0.0006511001847684383,0.1281524896621704,0.813101053237915,0.05809536203742027,1.0,0.0,0.0,0.0,285.0,1.0,0.0
1774268517.109,1774268517.1091218,safe,0.7801734354306956,0.7801734354306956,0.21982656456930433,NORMAL,Stress level is low (EMA=0.22),0.00044689481728710234,0.08360908180475235,0.875461220741272,0.040482793003320694,1.0,0.0,0.0,0.0,285.0,1.0,0.0
1774268517.157,1774268517.15712,safe,0.7741120709066467,0.7741120709066467,0.22588792909335328,NORMAL,Stress level is low (EMA=0.22),0.000499411195050925,0.05830087885260582,0.9124410152435303,0.028758682310581207,1.0,0.0,0.0,0.0,285.0,1.0,0.0
1774268517.209,1774268517.2088609,safe,0.7782871180303625,0.7782871180303625,0.22171288196963745,NORMAL,Stress level is low (EMA=0.22),0.0003758292587008327,0.07582049071788788,0.9027667045593262,0.021036963909864426,1.0,0.0,0.0,0.0,285.0,1.0,0.0
1774268517.259,1774268517.2586572,safe,0.7723364912082618,0.7723364912082618,0.22766350879173822,NORMAL,Stress level is low (EMA=0.22),0.0003638741618487984,0.051038146018981934,0.933165431022644,0.015432487241923809,1.0,0.0,0.0,0.0,285.0,1.0,0.0
1774268517.313,1774268517.3127613,safe,0.7694321659195077,0.7694321659195077,0.2305678340804923,NORMAL,Stress level is low (EMA=0.22),0.00034523213980719447,0.03895542770624161,0.9490969181060791,0.01160234771668911,1.0,0.0,0.0,0.0,285.0,1.0,0.0
1774268517.360,1774268517.3599946,safe,0.7691069449150874,0.7691069449150874,0.23089305508491262,NORMAL,Stress level is low (EMA=0.23),0.00037836970295757055,0.03756720945239067,0.9529366493225098,0.009117713198065758,1.0,0.0,0.0,0.0,285.0,1.0,0.0
1774268517.411,1774268517.411179,safe,0.7662130385557236,0.7662130385557236,0.23378696144427635,NORMAL,Stress level is low (EMA=0.23),0.00032201234716922045,0.025565611198544502,0.9654743671417236,0.008637920022010803,1.0,0.0,0.0,0.0,285.0,1.0,0.0
1774268517.461,1774268517.4611137,safe,0.7646123156374383,0.7646123156374383,0.23538768436256174,NORMAL,Stress level is low (EMA=0.23),0.00024653534637764096,0.018971391022205353,0.9740030765533447,0.006778862327337265,1.0,0.0,0.0,0.0,285.0,1.0,0.0
1774268517.512,1774268517.5117536,safe,0.789002292021476,0.789002292021476,0.21099770797852402,NORMAL,Stress level is low (EMA=0.22),0.00035085942363366485,0.12049198150634766,0.8702624440193176,0.00889462511986494,1.0,0.0,0.0,0.0,285.0,1.0,0.0
1774268517.562,1774268517.562149,safe,0.7928653290689391,0.7928653290689391,0.20713467093106086,NORMAL,Stress level is low (EMA=0.22),0.0004213858919683844,0.13651742041110992,0.8525136113166809,0.010547447949647903,1.0,0.0,0.0,0.0,285.0,1.0,0.0
1774268517.612,1774268517.612056,safe,0.8065726431338422,0.8065726431338422,0.19342735686615775,NORMAL,Stress level is low (EMA=0.21),0.0003210739232599735,0.19373154640197754,0.7966522574424744,0.009295007213950157,1.0,0.0,0.0,0.0,285.0,1.0,0.0
1774268517.663,1774268517.663344,safe,0.7963465280228956,0.7963465280228956,0.20365347197710443,NORMAL,Stress level is low (EMA=0.21),0.0002427817089483142,0.1512010246515274,0.841090977191925,0.007465093396604061,1.0,0.0,0.0,0.0,285.0,1.0,0.0
1774268517.713,1774268517.7127922,safe,0.8021796271645092,0.8021796271645092,0.19782037283549078,NORMAL,Stress level is low (EMA=0.21),0.00060100550763309,0.1751473844051361,0.8105043172836304,0.013747180812060833,1.0,0.0,0.0,0.0,285.0,1.0,0.0
1774268517.765,1774268517.7647688,safe,0.8168837307161321,0.8168837307161321,0.18311626928386793,NORMAL,Stress level is low (EMA=0.20),0.000874132034368813,0.2361413687467575,0.7479233145713806,0.015061103738844395,1.0,0.0,0.0,0.0,301.0,1.0,0.0
1774268517.814,1774268517.8136911,safe,0.8095099591826717,0.8095099591826717,0.19049004081732832,NORMAL,Stress level is low (EMA=0.20),0.0011636156123131514,0.20512782037258148,0.7793064117431641,0.014402036555111408,1.0,0.0,0.0,0.0,301.0,1.0,0.0
1774268517.865,1774268517.8647895,safe,0.8336297376630607,0.8336297376630607,0.1663702623369393,NORMAL,Stress level is low (EMA=0.19),0.0015869057970121503,0.3052035868167877,0.67734295129776,0.015866417437791824,1.0,0.0,0.0,0.0,301.0,1.0,0.0
1774268517.915,1774268517.9152079,safe,0.8167307033976398,0.8167307033976398,0.18326929660236022,NORMAL,Stress level is low (EMA=0.19),0.0012274172622710466,0.23515044152736664,0.7376700043678284,0.02595200389623642,1.0,0.0,0.0,0.0,301.0,1.0,0.0
1774268517.965,1774268517.9647832,safe,0.814240502118062,0.814240502118062,0.18575949788193805,NORMAL,Stress level is low (EMA=0.19),0.0009817006066441536,0.22502031922340393,0.7510610818862915,0.022936763241887093,1.0,0.0,0.0,0.0,301.0,1.0,0.0
1774268518.015,1774268518.0148342,safe,0.7971246844241077,0.7971246844241077,0.20287531557589233,NORMAL,Stress level is low (EMA=0.19),0.001092652091756463,0.1535934954881668,0.8006864786148071,0.044627297669649124,1.0,0.0,0.0,0.0,301.0,1.0,0.0
1774268518.065,1774268518.065188,safe,0.8163836020599163,0.8163836020599163,0.18361639794008364,NORMAL,Stress level is low (EMA=0.19),0.0007847101660445333,0.23414692282676697,0.7331218719482422,0.031946416944265366,1.0,0.0,0.0,0.0,301.0,1.0,0.0
1774268518.116,1774268518.115894,safe,0.802928598922531,0.802928598922531,0.1970714010774691,NORMAL,Stress level is low (EMA=0.19),0.0006907725473865867,0.1781783401966095,0.7316099405288696,0.08952084928750992,1.0,0.0,0.0,0.0,301.0,1.0,0.0
1774268518.167,1774268518.167089,safe,0.8078386165125668,0.8078386165125668,0.19216138348743317,NORMAL,Stress level is low (EMA=0.19),0.0008408106514252722,0.19848674535751343,0.7359665632247925,0.06470585614442825,1.0,0.0,0.0,0.0,301.0,1.0,0.0
1774268518.217,1774268518.2167196,safe,0.8073555357466606,0.8073555357466606,0.19264446425333945,NORMAL,Stress level is low (EMA=0.19),0.0009229612187482417,0.1963917315006256,0.7398384809494019,0.06284675002098083,1.0,0.0,0.0,0.0,301.0,1.0,0.0
1774268518.268,1774268518.267602,safe,0.7980136746514269,0.7980136746514269,0.20198632534857308,NORMAL,Stress level is low (EMA=0.19),0.0008828675490804017,0.15750740468502045,0.7947964072227478,0.0468132421374321,1.0,0.0,0.0,0.0,301.0,1.0,0.0
1774268518.317,1774268518.3172877,safe,0.7880734731732595,0.7880734731732595,0.2119265268267405,NORMAL,Stress level is low (EMA=0.20),0.0006388119072653353,0.11633395403623581,0.8500997424125671,0.03292740881443024,1.0,0.0,0.0,0.0,301.0,1.0,0.0
1774268518.368,1774268518.367687,safe,0.789611409953673,0.789611409953673,0.21038859004632704,NORMAL,Stress level is low (EMA=0.20),0.0005351346917450428,0.12284569442272186,0.8521445393562317,0.024474535137414932,1.0,0.0,0.0,0.0,301.0,1.0,0.0
1774268518.419,1774268518.4190109,safe,0.7830432549885686,0.7830432549885686,0.21695674501143136,NORMAL,Stress level is low (EMA=0.21),0.0004149326996412128,0.09559859335422516,0.885023832321167,0.018962562084197998,1.0,0.0,0.0,0.0,301.0,1.0,0.0
1774268518.470,1774268518.4697602,safe,0.7830624021694148,0.7830624021694148,0.21693759783058517,NORMAL,Stress level is low (EMA=0.21),0.00030774701735936105,0.09578557312488556,0.8891501426696777,0.014756488613784313,1.0,0.0,0.0,0.0,301.0,1.0,0.0
1774268518.521,1774268518.5210748,safe,0.8013922316228622,0.8013922316228622,0.19860776837713787,NORMAL,Stress level is low (EMA=0.21),0.0002447781735099852,0.1722228229045868,0.8119711875915527,0.015561150386929512,1.0,0.0,0.0,0.0,301.0,1.0,0.0
1774268518.571,1774268518.5709174,safe,0.7974681804380946,0.7974681804380946,0.20253181956190536,NORMAL,Stress level is low (EMA=0.21),0.00022040348267182708,0.15589697659015656,0.8223628997802734,0.02151964232325554,1.0,0.0,0.0,0.0,301.0,1.0,0.0
1774268518.622,1774268518.622289,safe,0.7904288581518222,0.7904288581518222,0.20957114184817788,NORMAL,Stress level is low (EMA=0.21),0.00015431649808306247,0.12663257122039795,0.8512330055236816,0.021980062127113342,1.0,0.0,0.0,0.0,301.0,1.0,0.0
1774268518.673,1774268518.6731036,safe,0.7949420935076125,0.7949420935076125,0.20505790649238756,NORMAL,Stress level is low (EMA=0.21),0.0001433582219760865,0.14544866979122162,0.832302451133728,0.022105462849140167,1.0,0.0,0.0,0.0,301.0,1.0,0.0
1774268518.722,1774268518.7218964,safe,0.7874449950707837,0.7874449950707837,0.2125550049292163,NORMAL,Stress level is low (EMA=0.21),0.00012569714454002678,0.11422839760780334,0.8668617606163025,0.018784034997224808,1.0,0.0,0.0,0.0,301.0,1.0,0.0
1774268518.774,1774268518.7739148,safe,0.8114669984081619,0.8114669984081619,0.18853300159183806,NORMAL,Stress level is low (EMA=0.20),0.00013576851051766425,0.21430999040603638,0.7656404972076416,0.01991361565887928,1.0,0.0,0.0,0.0,310.0,1.0,0.0
1774268518.824,1774268518.824223,safe,0.8332964042948171,0.8332964042948171,0.1667035957051829,NORMAL,Stress level is low (EMA=0.19),0.00014705622743349522,0.30525457859039307,0.6684459447860718,0.026152335107326508,1.0,0.0,0.0,0.0,310.0,1.0,0.0
1774268518.874,1774268518.873719,safe,0.8370386230022615,0.8370386230022615,0.16296137699773852,NORMAL,Stress level is low (EMA=0.18),0.00019672283087857068,0.32079750299453735,0.6107842922210693,0.06822142004966736,1.0,0.0,0.0,0.0,310.0,1.0,0.0
1774268518.927,1774268518.927026,safe,0.8418359606011411,0.8418359606011411,0.15816403939885895,NORMAL,Stress level is low (EMA=0.18),0.0005233966512605548,0.34045976400375366,0.5919547080993652,0.06706211715936661,1.0,0.0,0.0,0.0,310.0,1.0,0.0
1774268518.975,1774268518.9751313,safe,0.833801546945006,0.833801546945006,0.16619845305499412,NORMAL,Stress level is low (EMA=0.17),0.0005579168209806085,0.3069485127925873,0.6400847434997559,0.05240879952907562,1.0,0.0,0.0,0.0,310.0,1.0,0.0
1774268519.027,1774268519.0266037,safe,0.8412430115260007,0.8412430115260007,0.1587569884739993,NORMAL,Stress level is low (EMA=0.17),0.001729517593048513,0.3367829918861389,0.6198145151138306,0.04167291149497032,1.0,0.0,0.0,0.0,310.0,1.0,0.0
1774268519.076,1774268519.076363,safe,0.8374391371400607,0.8374391371400607,0.16256086285993937,NORMAL,Stress level is low (EMA=0.17),0.002141289645805955,0.320521742105484,0.6449583768844604,0.03237852454185486,1.0,0.0,0.0,0.0,310.0,1.0,0.0
1774268519.128,1774268519.1276248,safe,0.8237025985692512,0.8237025985692512,0.17629740143074882,NORMAL,Stress level is low (EMA=0.17),0.002347397617995739,0.26308006048202515,0.7100492715835571,0.024523206055164337,1.0,0.0,0.0,0.0,310.0,1.0,0.0
1774268519.177,1774268519.1767027,safe,0.8161854491290428,0.8161854491290428,0.18381455087095724,NORMAL,Stress level is low (EMA=0.17),0.003255157731473446,0.23085084557533264,0.7469576597213745,0.018936272710561752,1.0,0.0,0.0,0.0,310.0,1.0,0.0
1774268519.228,1774268519.228443,safe,0.8179082512611264,0.8179082512611264,0.18209174873887357,NORMAL,Stress level is low (EMA=0.18),0.0026815959718078375,0.23860274255275726,0.6953577995300293,0.06335778534412384,1.0,0.0,0.0,0.0,310.0,1.0,0.0
1774268519.285,1774268519.2854154,safe,0.8130848338357975,0.8130848338357975,0.18691516616420245,NORMAL,Stress level is low (EMA=0.18),0.002328116912394762,0.21885862946510315,0.7131646871566772,0.06564845144748688,1.0,0.0,0.0,0.0,310.0,1.0,0.0
1774268519.340,1774268519.339909,safe,0.8091803999870258,0.8091803999870258,0.1908196000129742,NORMAL,Stress level is low (EMA=0.18),0.0016670019831508398,0.20325128734111786,0.7450763583183289,0.050005268305540085,1.0,0.0,0.0,0.0,310.0,1.0,0.0
1774268519.387,1774268519.3871074,safe,0.7976684925142129,0.7976684925142129,0.2023315074857871,NORMAL,Stress level is low (EMA=0.19),0.0016774525865912437,0.15527454018592834,0.806438684463501,0.03660920262336731,1.0,0.0,0.0,0.0,310.0,1.0,0.0
1774268519.434,1774268519.4342728,safe,0.7949369681162282,0.7949369681162282,0.2050630318837719,NORMAL,Stress level is low (EMA=0.19),0.004599690902978182,0.14097094535827637,0.8276430368423462,0.02678619511425495,1.0,0.0,0.0,0.0,310.0,1.0,0.0
1774268519.480,1774268519.4800074,safe,0.7957250292173095,0.7957250292173095,0.2042749707826905,NORMAL,Stress level is low (EMA=0.20),0.0058663832023739815,0.14298784732818604,0.8288193941116333,0.022326257079839706,1.0,0.0,0.0,0.0,310.0,1.0,0.0
1774268519.531,1774268519.5311806,safe,0.8024195434123151,0.8024195434123151,0.19758045658768486,NORMAL,Stress level is low (EMA=0.20),0.006373131647706032,0.17037491500377655,0.8055065870285034,0.01774526573717594,1.0,0.0,0.0,0.0,310.0,1.0,0.0
1774268519.582,1774268519.5818563,safe,0.8224161053827819,0.8224161053827819,0.17758389461721813,NORMAL,Stress level is low (EMA=0.19),0.006349054630845785,0.25371798872947693,0.7257679104804993,0.014164933934807777,1.0,0.0,0.0,0.0,310.0,1.0,0.0
1774268519.632,1774268519.632099,safe,0.8433354760326157,0.8433354760326157,0.15666452396738428,NORMAL,Stress level is low (EMA=0.18),0.005304024089127779,0.34192705154418945,0.6383090019226074,0.014459799975156784,1.0,0.0,0.0,0.0,310.0,1.0,0.0
1774268519.683,1774268519.6825879,safe,0.861924462547608,0.861924462547608,0.13807553745239198,NORMAL,Stress level is low (EMA=0.17),0.0038385861553251743,0.4208465814590454,0.5614142417907715,0.013900448568165302,1.0,0.0,0.0,0.0,310.0,1.0,0.0
1774268519.734,1774268519.7341053,safe,0.8580459452786547,0.8580459452786547,0.14195405472134523,NORMAL,Stress level is low (EMA=0.16),0.003077778033912182,0.4054468870162964,0.581658661365509,0.009816507808864117,1.0,0.0,0.0,0.0,310.0,1.0,0.0
1774268519.787,1774268519.7867506,safe,0.8397628034837203,0.8397628034837203,0.16023719651627974,NORMAL,Stress level is low (EMA=0.16),0.004200384020805359,0.32814452052116394,0.6602718234062195,0.007383088581264019,1.0,0.0,0.0,0.0,276.0,1.0,0.0
1774268519.836,1774268519.8355079,safe,0.8809038978530246,0.8809038978530246,0.11909610214697537,NORMAL,Stress level is low (EMA=0.15),0.004444638732820749,0.49932146072387695,0.4906909763813019,0.0055427225306630135,1.0,0.0,0.0,0.0,276.0,1.0,0.0
1774268519.885,1774268519.8852687,safe,0.8585291997056788,0.8585291997056788,0.14147080029432124,NORMAL,Stress level is low (EMA=0.15),0.004867045674473047,0.4056711494922638,0.5840342044830322,0.005427388474345207,1.0,0.0,0.0,0.0,276.0,1.0,0.0
1774268519.935,1774268519.9349573,safe,0.861900779508727,0.861900779508727,0.13809922049127304,NORMAL,Stress level is low (EMA=0.14),0.006334721110761166,0.41825175285339355,0.5699380040168762,0.005475358106195927,1.0,0.0,0.0,0.0,276.0,1.0,0.0
1774268519.986,1774268519.985682,safe,0.8363636118529171,0.8363636118529171,0.16363638814708298,NORMAL,Stress level is low (EMA=0.15),0.005209935363382101,0.31297168135643005,0.6729360222816467,0.008882192894816399,1.0,0.0,0.0,0.0,276.0,1.0,0.0
1774268520.037,1774268520.0366797,safe,0.8222828613008702,0.8222828613008702,0.1777171386991298,NORMAL,Stress level is low (EMA=0.16),0.005753109697252512,0.2537587583065033,0.7298003435134888,0.010687691159546375,1.0,0.0,0.0,0.0,276.0,1.0,0.0
1774268520.089,1774268520.0886023,safe,0.8060517225341967,0.8060517225341967,0.19394827746580331,NORMAL,Stress level is low (EMA=0.17),0.004727122373878956,0.18715500831604004,0.7984181046485901,0.00969967432320118,1.0,0.0,0.0,0.0,276.0,1.0,0.0
1774268520.139,1774268520.13938,safe,0.7983413884473499,0.7983413884473499,0.20165861155265008,NORMAL,Stress level is low (EMA=0.18),0.003491611685603857,0.15626411139965057,0.8311882019042969,0.009055949747562408,1.0,0.0,0.0,0.0,276.0,1.0,0.0
1774268520.190,1774268520.190222,safe,0.8103461189748837,0.8103461189748837,0.18965388102511632,NORMAL,Stress level is low (EMA=0.18),0.004946945235133171,0.20482848584651947,0.7773669958114624,0.012857450172305107,1.0,0.0,0.0,0.0,276.0,1.0,0.0
1774268520.239,1774268520.23948,safe,0.803706471653141,0.803706471653141,0.19629352834685898,NORMAL,Stress level is low (EMA=0.19),0.00366352591663599,0.17844673991203308,0.8069139719009399,0.010975698009133339,1.0,0.0,0.0,0.0,276.0,1.0,0.0
1774268520.290,1774268520.289783,safe,0.8417844503946263,0.8417844503946263,0.15821554960537373,NORMAL,Stress level is low (EMA=0.18),0.0031042941845953465,0.3376642167568207,0.6469054222106934,0.012326013296842575,1.0,0.0,0.0,0.0,276.0,1.0,0.0
1774268520.340,1774268520.3397555,safe,0.8743962336310067,0.8743962336310067,0.1256037663689933,NORMAL,Stress level is low (EMA=0.16),0.005602850578725338,0.4710480570793152,0.5119067430496216,0.011442253366112709,1.0,0.0,0.0,0.0,276.0,1.0,0.0
1774268520.390,1774268520.3902683,safe,0.9007826853947691,0.9007826853947691,0.09921731460523092,NORMAL,Stress level is low (EMA=0.14),0.004516805522143841,0.5820776224136353,0.4018154740333557,0.01158997230231762,1.0,0.0,0.0,0.0,276.0,1.0,0.0
1774268520.440,1774268520.440444,safe,0.9014461029674876,0.9014461029674876,0.09855389703251236,NORMAL,Stress level is low (EMA=0.13),0.004517057910561562,0.5848416090011597,0.3977696895599365,0.0128715168684721,1.0,0.0,0.0,0.0,276.0,1.0,0.0
1774268520.492,1774268520.4924293,safe,0.8689476447307953,0.8689476447307953,0.13105235526920464,NORMAL,Stress level is low (EMA=0.13),0.004274704959243536,0.44967377185821533,0.531224250793457,0.01482720859348774,1.0,0.0,0.0,0.0,276.0,1.0,0.0
1774268520.541,1774268520.5412226,safe,0.8409974653992663,0.8409974653992663,0.15900253460073363,NORMAL,Stress level is low (EMA=0.14),0.003518373239785433,0.3339710235595703,0.6448452472686768,0.017665285617113113,1.0,0.0,0.0,0.0,276.0,1.0,0.0
1774268520.592,1774268520.5918922,safe,0.8255507331050226,0.8255507331050226,0.17444926689497747,NORMAL,Stress level is low (EMA=0.15),0.003452303120866418,0.26967573165893555,0.7039077281951904,0.022964201867580414,1.0,0.0,0.0,0.0,276.0,1.0,0.0
1774268520.643,1774268520.6428728,safe,0.8159831817543332,0.8159831817543332,0.18401681824566687,NORMAL,Stress level is low (EMA=0.16),0.006445481441915035,0.22681772708892822,0.7490047216415405,0.017731979489326477,1.0,0.0,0.0,0.0,276.0,1.0,0.0
1774268520.693,1774268520.6929073,safe,0.7996036904970554,0.7996036904970554,0.20039630950294463,NORMAL,Stress level is low (EMA=0.17),0.004771223291754723,0.1602441370487213,0.8177562355995178,0.017228370532393456,1.0,0.0,0.0,0.0,276.0,1.0,0.0
1774268520.743,1774268520.7424734,safe,0.792300815965944,0.792300815965944,0.20769918403405596,NORMAL,Stress level is low (EMA=0.18),0.004022736102342606,0.13056395947933197,0.8487210273742676,0.01669219881296158,1.0,0.0,0.0,0.0,262.0,1.0,0.0
1774268520.794,1774268520.7942395,safe,0.8087078099801396,0.8087078099801396,0.19129219001986042,NORMAL,Stress level is low (EMA=0.19),0.0033664219081401825,0.19958274066448212,0.7801926136016846,0.016858136281371117,1.0,0.0,0.0,0.0,262.0,1.0,0.0
1774268520.843,1774268520.843211,safe,0.7946195950151822,0.7946195950151822,0.2053804049848178,NORMAL,Stress level is low (EMA=0.19),0.0022084026131778955,0.14203988015651703,0.8434361815452576,0.012315474450588226,1.0,0.0,0.0,0.0,262.0,1.0,0.0
1774268520.894,1774268520.894219,safe,0.8143654798140398,0.8143654798140398,0.18563452018596016,NORMAL,Stress level is low (EMA=0.19),0.00157131627202034,0.22495147585868835,0.7633854150772095,0.010091717354953289,1.0,0.0,0.0,0.0,262.0,1.0,0.0
1774268520.945,1774268520.9451807,safe,0.8167230996914112,0.8167230996914112,0.18327690030858879,NORMAL,Stress level is low (EMA=0.19),0.00106714922003448,0.23527905344963074,0.7517299652099609,0.011923747137188911,1.0,0.0,0.0,0.0,262.0,1.0,0.0
1774268520.995,1774268520.9954326,safe,0.8314447694200049,0.8314447694200049,0.16855523057999508,NORMAL,Stress level is low (EMA=0.18),0.0007571596652269363,0.2969292998313904,0.6907548904418945,0.011558512225747108,1.0,0.0,0.0,0.0,262.0,1.0,0.0
1774268521.046,1774268521.0458446,safe,0.8809772043003438,0.8809772043003438,0.11902279569965628,NORMAL,Stress level is low (EMA=0.16),0.0005681636976078153,0.5035034418106079,0.4854094088077545,0.010518873110413551,1.0,0.0,0.0,0.0,262.0,1.0,0.0
1774268521.096,1774268521.0957181,safe,0.8641083079739915,0.8641083079739915,0.13589169202600843,NORMAL,Stress level is low (EMA=0.15),0.00041138625238090754,0.4333731532096863,0.5448079705238342,0.021407373249530792,1.0,0.0,0.0,0.0,262.0,1.0,0.0
1774268521.146,1774268521.1460485,safe,0.8717998669875129,0.8717998669875129,0.1282001330124871,NORMAL,Stress level is low (EMA=0.15),0.00034138106275349855,0.4654913544654846,0.5149413347244263,0.019225865602493286,1.0,0.0,0.0,0.0,262.0,1.0,0.0
1774268521.199,1774268521.1986647,safe,0.9104393237973035,0.9104393237973035,0.08956067620269648,NORMAL,Stress level is low (EMA=0.13),0.0003301810356788337,0.6265002489089966,0.35895201563835144,0.014217443764209747,1.0,0.0,0.0,0.0,262.0,1.0,0.0
1774268521.248,1774268521.2478757,safe,0.9252898651383111,0.9252898651383111,0.07471013486168886,NORMAL,Stress level is low (EMA=0.11),0.0002762824879027903,0.6884313821792603,0.29858681559562683,0.012705388478934765,1.0,0.0,0.0,0.0,262.0,1.0,0.0
1774268521.300,1774268521.299924,safe,0.9454239576735639,0.9454239576735639,0.054576042326436126,NORMAL,Stress level is low (EMA=0.10),0.0003093316627200693,0.7722904086112976,0.21845513582229614,0.008945027366280556,1.0,0.0,0.0,0.0,262.0,1.0,0.0
1774268521.348,1774268521.3478882,safe,0.9609069347256444,0.9609069347256444,0.03909306527435569,NORMAL,Stress level is low (EMA=0.08),0.00027103658067062497,0.8368411064147949,0.15610641241073608,0.00678135035559535,1.0,0.0,0.0,0.0,262.0,1.0,0.0
1774268521.398,1774268521.397695,safe,0.9718511181666343,0.9718511181666343,0.028148881833365676,NORMAL,Stress level is low (EMA=0.06),0.0002472516498528421,0.882465660572052,0.11160144954919815,0.0056855520233511925,1.0,0.0,0.0,0.0,262.0,1.0,0.0
1774268521.448,1774268521.4483938,safe,0.9566776627565323,0.9566776627565323,0.04332233724346769,NORMAL,Stress level is low (EMA=0.06),0.0002281464694533497,0.8192620277404785,0.17546604573726654,0.005043682176619768,1.0,0.0,0.0,0.0,262.0,1.0,0.0
1774268521.500,1774268521.4995315,safe,0.9051662925076125,0.9051662925076125,0.09483370749238758,NORMAL,Stress level is low (EMA=0.07),0.00017782942450139672,0.6046816110610962,0.38721489906311035,0.007925514131784439,1.0,0.0,0.0,0.0,262.0,1.0,0.0
1774268521.550,1774268521.5503585,safe,0.8915428884717193,0.8915428884717193,0.10845711152828079,NORMAL,Stress level is low (EMA=0.08),0.0001740302686812356,0.5479212403297424,0.4388054609298706,0.013099133968353271,1.0,0.0,0.0,0.0,262.0,1.0,0.0
1774268521.601,1774268521.6008804,safe,0.9198141709082609,0.9198141709082609,0.08018582909173916,NORMAL,Stress level is low (EMA=0.08),0.0001902871299535036,0.6657019853591919,0.32328861951828003,0.010818975046277046,1.0,0.0,0.0,0.0,262.0,1.0,0.0
1774268521.650,1774268521.650027,safe,0.9114224403846365,0.9114224403846365,0.08857755961536348,NORMAL,Stress level is low (EMA=0.08),0.00015439940034411848,0.6307723522186279,0.34812015295028687,0.020952988415956497,1.0,0.0,0.0,0.0,262.0,1.0,0.0
1774268521.700,1774268521.7001748,safe,0.9258905090791127,0.9258905090791127,0.07410949092088727,NORMAL,Stress level is low (EMA=0.08),0.00027190649416297674,0.6909385323524475,0.2834436893463135,0.025345852598547935,1.0,0.0,0.0,0.0,262.0,1.0,0.0
1774268521.752,1774268521.752477,safe,0.9347699664561129,0.9347699664561129,0.06523003354388719,NORMAL,Stress level is low (EMA=0.08),0.00030207616509869695,0.7279061079025269,0.25032058358192444,0.02147122099995613,1.0,0.0,0.0,0.0,258.0,1.0,0.0
1774268521.802,1774268521.8015497,safe,0.9432868640611187,0.9432868640611187,0.05671313593888125,NORMAL,Stress level is low (EMA=0.07),0.00032608379842713475,0.7633691430091858,0.21600985527038574,0.02029487118124962,1.0,0.0,0.0,0.0,258.0,1.0,0.0
1774268521.851,1774268521.8513694,safe,0.9545643714112855,0.9545643714112855,0.04543562858871457,NORMAL,Stress level is low (EMA=0.06),0.00027705542743206024,0.8104077577590942,0.16936859488487244,0.019946515560150146,1.0,0.0,0.0,0.0,258.0,1.0,0.0
1774268521.902,1774268521.9017382,safe,0.9654633274623907,0.9654633274623907,0.03453667253760933,NORMAL,Stress level is low (EMA=0.05),0.0002326999237993732,0.855864405632019,0.12848369777202606,0.015419095754623413,1.0,0.0,0.0,0.0,258.0,1.0,0.0
1774268521.953,1774268521.9533412,safe,0.9626277234046334,0.9626277234046334,0.037372276595366564,NORMAL,Stress level is low (EMA=0.05),0.00023385084932669997,0.8440482020378113,0.14158675074577332,0.01413105521351099,1.0,0.0,0.0,0.0,258.0,1.0,0.0
1774268522.003,1774268522.003217,safe,0.9150961660675108,0.9150961660675108,0.08490383393248924,NORMAL,Stress level is low (EMA=0.06),0.00020052582840435207,0.6460334062576294,0.3138381540775299,0.03992779552936554,1.0,0.0,0.0,0.0,258.0,1.0,0.0
1774268522.054,1774268522.054301,safe,0.8917092667319817,0.8917092667319817,0.10829073326801825,NORMAL,Stress level is low (EMA=0.07),0.00018701437511481345,0.548601508140564,0.4075918197631836,0.043619535863399506,1.0,0.0,0.0,0.0,258.0,1.0,0.0
1774268522.105,1774268522.1053796,safe,0.8656536794535885,0.8656536794535885,0.1343463205464115,NORMAL,Stress level is low (EMA=0.09),0.00015258992789313197,0.4400709867477417,0.49506914615631104,0.06470714509487152,1.0,0.0,0.0,0.0,258.0,1.0,0.0
1774268522.154,1774268522.1540067,safe,0.8355684702787193,0.8355684702787193,0.16443152972128072,NORMAL,Stress level is low (EMA=0.11),0.00011720124166458845,0.31475135684013367,0.6106305122375488,0.07450081408023834,1.0,0.0,0.0,0.0,258.0,1.0,0.0
1774268522.205,1774268522.2050624,safe,0.8200590702626379,0.8200590702626379,0.1799409297373621,NORMAL,Stress level is low (EMA=0.13),0.00010449659021105617,0.25014156103134155,0.6536006927490234,0.096153125166893,1.0,0.0,0.0,0.0,258.0,1.0,0.0
1774268522.255,1774268522.2554407,safe,0.8270162480873055,0.8270162480873055,0.1729837519126946,NORMAL,Stress level is low (EMA=0.15),0.00015518206055276096,0.2790791392326355,0.6236609220504761,0.09710467606782913,1.0,0.0,0.0,0.0,258.0,1.0,0.0
1774268522.305,1774268522.3051076,safe,0.8683404190050464,0.8683404190050464,0.13165958099495353,NORMAL,Stress level is low (EMA=0.14),0.00017067039152607322,0.4512476921081543,0.4460354745388031,0.1025460883975029,1.0,0.0,0.0,0.0,258.0,1.0,0.0
1774268522.356,1774268522.35558,safe,0.8956927802735553,0.8956927802735553,0.10430721972644469,NORMAL,Stress level is low (EMA=0.13),0.00018481735605746508,0.5652016997337341,0.35063573718070984,0.08397765457630157,1.0,0.0,0.0,0.0,258.0,1.0,0.0
1774268522.405,1774268522.4053688,safe,0.8823806942721418,0.8823806942721418,0.11761930572785821,NORMAL,Stress level is low (EMA=0.13),0.00025144885876215994,0.5096680521965027,0.3986774682998657,0.09140294790267944,1.0,0.0,0.0,0.0,258.0,1.0,0.0
1774268522.461,1774268522.4608064,safe,0.9147385027277942,0.9147385027277942,0.08526149727220583,NORMAL,Stress level is low (EMA=0.11),0.0002206760982517153,0.644523024559021,0.2702459990978241,0.08501022309064865,1.0,0.0,0.0,0.0,258.0,1.0,0.0
1774268522.509,1774268522.5093093,safe,0.9376492860138137,0.9376492860138137,0.06235071398618628,NORMAL,Stress level is low (EMA=0.10),0.00023993614013306797,0.7399653196334839,0.18228326737880707,0.07751135528087616,1.0,0.0,0.0,0.0,258.0,1.0,0.0
1774268522.558,1774268522.558207,safe,0.9533876740702014,0.9533876740702014,0.04661232592979863,NORMAL,Stress level is low (EMA=0.08),0.0002060139668174088,0.8055758476257324,0.12128779292106628,0.0729302167892456,1.0,0.0,0.0,0.0,258.0,1.0,0.0
1774268522.610,1774268522.609885,safe,0.9679950600951981,0.9679950600951981,0.03200493990480195,NORMAL,Stress level is low (EMA=0.07),0.00014902079419698566,0.8664969205856323,0.07942359149456024,0.053930312395095825,1.0,0.0,0.0,0.0,258.0,1.0,0.0
1774268522.660,1774268522.6600676,safe,0.9769472089918331,0.9769472089918331,0.023052791008166897,NORMAL,Stress level is low (EMA=0.05),0.00012325067655183375,0.9038233757019043,0.05233025923371315,0.043723031878471375,1.0,0.0,0.0,0.0,258.0,1.0,0.0
1774268522.712,1774268522.7121108,safe,0.9814406953933326,0.9814406953933326,0.01855930460666749,NORMAL,Stress level is low (EMA=0.04),0.00011298237950541079,0.9225565195083618,0.04551452398300171,0.03181590884923935,1.0,0.0,0.0,0.0,258.0,1.0,0.0
1774268522.762,1774268522.7622705,safe,0.9787841170435718,0.9787841170435718,0.021215882956428168,NORMAL,Stress level is low (EMA=0.04),9.704638068797067e-05,0.9115033149719238,0.06385868787765503,0.024540817365050316,1.0,0.0,0.0,0.0,258.0,1.0,0.0
1774268522.811,1774268522.8110294,safe,0.9793995442084441,0.9793995442084441,0.020600455791555908,NORMAL,Stress level is low (EMA=0.03),8.375372999580577e-05,0.9140808582305908,0.05478639528155327,0.03104882873594761,1.0,0.0,0.0,0.0,258.0,1.0,0.0
1774268522.862,1774268522.8615644,safe,0.9848624618020168,0.9848624618020168,0.015137538197983247,NORMAL,Stress level is low (EMA=0.03),7.000035111559555e-05,0.936856746673584,0.03912410885095596,0.02394896000623703,1.0,0.0,0.0,0.0,258.0,1.0,0.0
1774268522.912,1774268522.9121652,safe,0.9853519667845261,0.9853519667845261,0.014648033215473897,NORMAL,Stress level is low (EMA=0.02),6.4449108322151e-05,0.9389019012451172,0.03148074075579643,0.029552724212408066,1.0,0.0,0.0,0.0,258.0,1.0,0.0
1774268522.963,1774268522.9627264,safe,0.9848970574165842,0.9848970574165842,0.015102942583415819,NORMAL,Stress level is low (EMA=0.02),7.943347736727446e-05,0.9369915127754211,0.03421613574028015,0.028712786734104156,1.0,0.0,0.0,0.0,258.0,1.0,0.0
1774268523.012,1774268523.0120327,safe,0.9778028540179545,0.9778028540179545,0.022197145982045516,NORMAL,Stress level is low (EMA=0.02),0.0001604768622200936,0.9073512554168701,0.036881085485219955,0.055607013404369354,1.0,0.0,0.0,0.0,258.0,1.0,0.0
1774268523.062,1774268523.062443,safe,0.9715891141797062,0.9715891141797062,0.0284108858202938,NORMAL,Stress level is low (EMA=0.02),0.00021145332721062005,0.881409764289856,0.04060814529657364,0.07777053862810135,1.0,0.0,0.0,0.0,258.0,1.0,0.0
1774268523.113,1774268523.11321,safe,0.9707727237181225,0.9707727237181225,0.029227276281877497,NORMAL,Stress level is low (EMA=0.03),0.00017068369197659194,0.8780488967895508,0.03209097310900688,0.08968933671712875,1.0,0.0,0.0,0.0,258.0,1.0,0.0
1774268523.164,1774268523.1640108,safe,0.9706906608756707,0.9706906608756707,0.02930933912432932,NORMAL,Stress level is low (EMA=0.03),0.0002051116753136739,0.877672553062439,0.041036996990442276,0.08108524233102798,1.0,0.0,0.0,0.0,258.0,1.0,0.0
1774268523.214,1774268523.2144628,safe,0.9644028229902523,0.9644028229902523,0.03559717700974771,NORMAL,Stress level is low (EMA=0.03),0.0002579689316917211,0.8514204025268555,0.05046963319182396,0.09785193204879761,1.0,0.0,0.0,0.0,258.0,1.0,0.0
1774268523.266,1774268523.2656271,safe,0.9526202851676713,0.9526202851676713,0.047379714832328765,NORMAL,Stress level is low (EMA=0.03),0.00029068905860185623,0.8022937774658203,0.10757651925086975,0.08983895182609558,1.0,0.0,0.0,0.0,258.0,1.0,0.0
1774268523.315,1774268523.3149617,safe,0.9478250826152657,0.9478250826152657,0.05217491738473434,NORMAL,Stress level is low (EMA=0.04),0.0002993087691720575,0.782305121421814,0.1470775008201599,0.07031797617673874,1.0,0.0,0.0,0.0,258.0,1.0,0.0
1774268523.366,1774268523.3655982,safe,0.9423552446366252,0.9423552446366252,0.057644755363374746,NORMAL,Stress level is low (EMA=0.05),0.0003079322923440486,0.7595055103302002,0.16716088354587555,0.07302558422088623,1.0,0.0,0.0,0.0,258.0,1.0,0.0
1774268523.416,1774268523.4158506,safe,0.9386211319176245,0.9386211319176245,0.061378868082375415,NORMAL,Stress level is low (EMA=0.05),0.0004070493159815669,0.7438476085662842,0.20005542039871216,0.05568985268473625,1.0,0.0,0.0,0.0,258.0,1.0,0.0
1774268523.466,1774268523.4655294,safe,0.9437536669662773,0.9437536669662773,0.05624633303372278,NORMAL,Stress level is low (EMA=0.05),0.0003603542281780392,0.7652798891067505,0.19236670434474945,0.04199301078915596,1.0,0.0,0.0,0.0,258.0,1.0,0.0
1774268523.516,1774268523.5161195,safe,0.9464179406913937,0.9464179406913937,0.05358205930860621,NORMAL,Stress level is low (EMA=0.05),0.00029238584102131426,0.7764489650726318,0.1869741678237915,0.03628440201282501,1.0,0.0,0.0,0.0,258.0,1.0,0.0
1774268523.567,1774268523.566518,safe,0.9510932511184604,0.9510932511184604,0.04890674888153963,NORMAL,Stress level is low (EMA=0.05),0.0003279534284956753,0.7958937883377075,0.17360693216323853,0.030171168968081474,1.0,0.0,0.0,0.0,258.0,1.0,0.0
1774268523.618,1774268523.6176362,safe,0.9440525069342506,0.9440525069342506,0.05594749306574942,NORMAL,Stress level is low (EMA=0.05),0.0003021102165803313,0.7665832042694092,0.19333472847938538,0.03977980464696884,1.0,0.0,0.0,0.0,258.0,1.0,0.0
1774268523.668,1774268523.6675556,safe,0.9402933824854739,0.9402933824854739,0.059706617514526064,NORMAL,Stress level is low (EMA=0.05),0.0003005682083312422,0.7509217262268066,0.2114057093858719,0.037371840327978134,1.0,0.0,0.0,0.0,258.0,1.0,0.0
1774268523.717,1774268523.7172565,safe,0.8944789685218841,0.8944789685218841,0.10552103147811581,NORMAL,Stress level is low (EMA=0.07),0.0002403298713034019,0.5600886344909668,0.38587433099746704,0.05379660800099373,1.0,0.0,0.0,0.0,258.0,1.0,0.0
1774268523.770,1774268523.7704113,safe,0.9012052767084121,0.9012052767084121,0.0987947232915879,NORMAL,Stress level is low (EMA=0.08),0.0002562061999924481,0.5880990624427795,0.3756786584854126,0.03596600517630577,1.0,0.0,0.0,0.0,252.0,1.0,0.0
1774268523.820,1774268523.8194876,safe,0.9025253950761317,0.9025253950761317,0.09747460492386828,NORMAL,Stress level is low (EMA=0.08),0.00020613399101421237,0.5936496257781982,0.3807201087474823,0.025424061343073845,1.0,0.0,0.0,0.0,252.0,1.0,0.0
1774268523.869,1774268523.8690867,safe,0.9217915178941947,0.9217915178941947,0.07820848210580528,NORMAL,Stress level is low (EMA=0.08),0.0001568533043609932,0.6739743947982788,0.30849120020866394,0.0173774566501379,1.0,0.0,0.0,0.0,252.0,1.0,0.0
1774268523.920,1774268523.9195347,safe,0.9338022654112412,0.9338022654112412,0.06619773458875881,NORMAL,Stress level is low (EMA=0.08),0.00012853526277467608,0.7240475416183472,0.2615314722061157,0.014292416162788868,1.0,0.0,0.0,0.0,252.0,1.0,0.0
1774268523.971,1774268523.9707255,safe,0.9485379030748871,0.9485379030748871,0.05146209692511299,NORMAL,Stress level is low (EMA=0.07),0.00011158124107168987,0.7854629755020142,0.20306432247161865,0.011361075565218925,1.0,0.0,0.0,0.0,252.0,1.0,0.0
1774268524.021,1774268524.0204911,safe,0.9314288551564012,0.9314288551564012,0.06857114484359883,NORMAL,Stress level is low (EMA=0.07),0.00013738128473050892,0.7141494750976562,0.2638181149959564,0.02189498022198677,1.0,0.0,0.0,0.0,252.0,1.0,0.0
1774268524.072,1774268524.0722225,safe,0.9214800425649576,0.9214800425649576,0.07851995743504242,NORMAL,Stress level is low (EMA=0.07),0.000174056418472901,0.6726593971252441,0.2971687316894531,0.029997743666172028,1.0,0.0,0.0,0.0,252.0,1.0,0.0
1774268524.123,1774268524.1226745,safe,0.8833089602163458,0.8833089602163458,0.1166910397836542,NORMAL,Stress level is low (EMA=0.09),0.0001731054508127272,0.5136141777038574,0.4441060423851013,0.04210660234093666,1.0,0.0,0.0,0.0,252.0,1.0,0.0
1774268524.174,1774268524.1735597,safe,0.8501666187275346,0.8501666187275346,0.14983338127246534,NORMAL,Stress level is low (EMA=0.10),0.0002445243881084025,0.37544965744018555,0.5850679874420166,0.03923773020505905,1.0,0.0,0.0,0.0,252.0,1.0,0.0
1774268524.223,1774268524.2229795,safe,0.8304773275031124,0.8304773275031124,0.16952267249688757,NORMAL,Stress level is low (EMA=0.12),0.0003208592825103551,0.29333460330963135,0.6638962030410767,0.04244821518659592,1.0,0.0,0.0,0.0,252.0,1.0,0.0
1774268524.275,1774268524.275239,safe,0.8447988168289378,0.8447988168289378,0.1552011831710622,NORMAL,Stress level is low (EMA=0.13),0.0033674342557787895,0.34996089339256287,0.6117199063301086,0.03495164215564728,1.0,0.0,0.0,0.0,252.0,1.0,0.0
1774268524.324,1774268524.3244367,safe,0.8659556782143396,0.8659556782143396,0.13404432178566034,NORMAL,Stress level is low (EMA=0.13),0.0028566126711666584,0.438625305891037,0.5240752100944519,0.03444276005029678,1.0,0.0,0.0,0.0,252.0,1.0,0.0
1774268524.382,1774268524.381645,safe,0.8611333664926538,0.8611333664926538,0.13886663350734618,NORMAL,Stress level is low (EMA=0.14),0.009934359230101109,0.41145458817481995,0.5467835664749146,0.03182736411690712,1.0,0.0,0.0,0.0,252.0,1.0,0.0
1774268524.436,1774268524.436226,safe,0.8714878329330802,0.8714878329330802,0.12851216706691976,NORMAL,Stress level is low (EMA=0.13),0.008192303590476513,0.4563402533531189,0.5053898692131042,0.030077455565333366,1.0,0.0,0.0,0.0,252.0,1.0,0.0
1774268524.485,1774268524.4852717,safe,0.8705174524390851,0.8705174524390851,0.1294825475609149,NORMAL,Stress level is low (EMA=0.13),0.01495396438986063,0.4455353319644928,0.5113620758056641,0.02814849652349949,1.0,0.0,0.0,0.0,252.0,1.0,0.0
1774268524.538,1774268524.5378675,safe,0.8723683016654028,0.8723683016654028,0.1276316983345972,NORMAL,Stress level is low (EMA=0.13),0.015859270468354225,0.4523419141769409,0.5043084621429443,0.027490247040987015,1.0,0.0,0.0,0.0,252.0,1.0,0.0
1774268524.586,1774268524.5859823,safe,0.8781810580057852,0.8781810580057852,0.12181894199421484,NORMAL,Stress level is low (EMA=0.13),0.020356178283691406,0.4720647931098938,0.47899970412254333,0.02857917547225952,1.0,0.0,0.0,0.0,252.0,1.0,0.0
1774268524.632,1774268524.6322873,safe,0.8699164693710264,0.8699164693710264,0.13008353062897357,NORMAL,Stress level is low (EMA=0.13),0.020250730216503143,0.4377344846725464,0.5119819641113281,0.03003271110355854,1.0,0.0,0.0,0.0,252.0,1.0,0.0
1774268524.679,1774268524.6794147,safe,0.85194262285173,0.85194262285173,0.14805737714827003,NORMAL,Stress level is low (EMA=0.13),0.02472750097513199,0.3583666682243347,0.5866119861602783,0.030293697491288185,1.0,0.0,0.0,0.0,252.0,1.0,0.0
1774268524.730,1774268524.7297828,safe,0.8708552709799267,0.8708552709799267,0.12914472902007335,NORMAL,Stress level is low (EMA=0.13),0.018618613481521606,0.4432782530784607,0.49529144167900085,0.042811550199985504,1.0,0.0,0.0,0.0,252.0,1.0,0.0
1774268524.781,1774268524.780694,safe,0.8484733900422183,0.8484733900422183,0.15152660995778164,NORMAL,Stress level is low (EMA=0.14),0.016443781554698944,0.35219529271125793,0.5907683372497559,0.040592506527900696,1.0,0.0,0.0,0.0,250.0,1.0,0.0
1774268524.832,1774268524.8318727,safe,0.844440919284968,0.844440919284968,0.155559080715032,NORMAL,Stress level is low (EMA=0.14),0.016094377264380455,0.3357427716255188,0.6031439304351807,0.04501889646053314,1.0,0.0,0.0,0.0,250.0,1.0,0.0
1774268524.882,1774268524.8821394,safe,0.8552138725722714,0.8552138725722714,0.14478612742772853,NORMAL,Stress level is low (EMA=0.14),0.013013596646487713,0.3837108314037323,0.5580275654792786,0.045247942209243774,1.0,0.0,0.0,0.0,250.0,1.0,0.0
1774268524.932,1774268524.9321468,safe,0.8798919583581017,0.8798919583581017,0.12010804164189824,NORMAL,Stress level is low (EMA=0.14),0.009386979974806309,0.49016278982162476,0.45285698771476746,0.04759316146373749,1.0,0.0,0.0,0.0,250.0,1.0,0.0
1774268524.982,1774268524.9824758,safe,0.8863174757786106,0.8863174757786106,0.1136825242213894,NORMAL,Stress level is low (EMA=0.13),0.013812849298119545,0.5125098824501038,0.4261470437049866,0.04753010720014572,1.0,0.0,0.0,0.0,250.0,1.0,0.0
1774268525.033,1774268525.0331936,safe,0.8944441362470099,0.8944441362470099,0.10555586375299007,NORMAL,Stress level is low (EMA=0.12),0.010975979268550873,0.5492078065872192,0.3791094720363617,0.06070658564567566,1.0,0.0,0.0,0.0,250.0,1.0,0.0
1774268525.083,1774268525.0833266,safe,0.8705461444115787,0.8705461444115787,0.12945385558842135,NORMAL,Stress level is low (EMA=0.12),0.013896745629608631,0.44671207666397095,0.48913276195526123,0.050258249044418335,1.0,0.0,0.0,0.0,250.0,1.0,0.0
1774268525.134,1774268525.1341403,safe,0.8677607784677861,0.8677607784677861,0.13223922153221387,NORMAL,Stress level is low (EMA=0.13),0.020914923399686813,0.4280882179737091,0.4955616891384125,0.05543501675128937,1.0,0.0,0.0,0.0,250.0,1.0,0.0
1774268525.186,1774268525.1856358,safe,0.8767759390859317,0.8767759390859317,0.12322406091406836,NORMAL,Stress level is low (EMA=0.13),0.01838018000125885,0.4681861400604248,0.4392547011375427,0.07417884469032288,1.0,0.0,0.0,0.0,250.0,1.0,0.0
1774268525.236,1774268525.2362876,safe,0.8767588931653987,0.8767588931653987,0.12324110683460127,NORMAL,Stress level is low (EMA=0.13),0.014470858499407768,0.47202444076538086,0.4057096242904663,0.10779494792222977,1.0,0.0,0.0,0.0,250.0,1.0,0.0
1774268525.287,1774268525.2873778,safe,0.8583236722829442,0.8583236722829442,0.14167632771705585,NORMAL,Stress level is low (EMA=0.13),0.01304071769118309,0.39664119482040405,0.5070074200630188,0.0833105817437172,1.0,0.0,0.0,0.0,250.0,1.0,0.0
1774268525.339,1774268525.3389285,safe,0.8526744050481673,0.8526744050481673,0.14732559495183273,NORMAL,Stress level is low (EMA=0.14),0.011211027391254902,0.37493225932121277,0.5520232319831848,0.061833374202251434,1.0,0.0,0.0,0.0,250.0,1.0,0.0
1774268525.389,1774268525.3893473,safe,0.8565612357738646,0.8565612357738646,0.14343876422613547,NORMAL,Stress level is low (EMA=0.14),0.01428215391933918,0.3880562484264374,0.5470707416534424,0.05059073120355606,1.0,0.0,0.0,0.0,250.0,1.0,0.0
1774268525.439,1774268525.438617,safe,0.8544650276637651,0.8544650276637651,0.14553497233623486,NORMAL,Stress level is low (EMA=0.14),0.011581365019083023,0.3820228576660156,0.5617218017578125,0.04467388242483139,1.0,0.0,0.0,0.0,250.0,1.0,0.0
1774268525.490,1774268525.4898841,safe,0.8820194038043895,0.8820194038043895,0.11798059619561056,NORMAL,Stress level is low (EMA=0.13),0.015816599130630493,0.4925975203514099,0.4578555226325989,0.033730268478393555,1.0,0.0,0.0,0.0,250.0,1.0,0.0
1774268525.540,1774268525.540173,safe,0.8790307090634877,0.8790307090634877,0.12096929093651237,NORMAL,Stress level is low (EMA=0.13),0.016982469707727432,0.4789787530899048,0.4766145944595337,0.02742408961057663,1.0,0.0,0.0,0.0,250.0,1.0,0.0
1774268525.591,1774268525.5913334,safe,0.8887322574512768,0.8887322574512768,0.11126774254872317,NORMAL,Stress level is low (EMA=0.12),0.017254343256354332,0.5191299915313721,0.4403330087661743,0.023282557725906372,1.0,0.0,0.0,0.0,250.0,1.0,0.0
1774268525.642,1774268525.6417267,safe,0.848652284717453,0.848652284717453,0.151347715282547,NORMAL,Stress level is low (EMA=0.13),0.01254471205174923,0.35683974623680115,0.6116953492164612,0.018920093774795532,1.0,0.0,0.0,0.0,250.0,1.0,0.0
1774268525.693,1774268525.692928,safe,0.8476257562427679,0.8476257562427679,0.15237424375723208,NORMAL,Stress level is low (EMA=0.14),0.016477227210998535,0.34863004088401794,0.6170306205749512,0.01786203123629093,1.0,0.0,0.0,0.0,250.0,1.0,0.0
1774268525.744,1774268525.7437956,safe,0.8221468858880508,0.8221468858880508,0.17785311411194915,NORMAL,Stress level is low (EMA=0.15),0.019395869225263596,0.2395494431257248,0.7246688008308411,0.01638580486178398,1.0,0.0,0.0,0.0,255.0,1.0,0.0
1774268525.795,1774268525.7949615,safe,0.8019061115342025,0.8019061115342025,0.1980938884657975,NORMAL,Stress level is low (EMA=0.16),0.015448495745658875,0.15916027128696442,0.8099856376647949,0.015405533835291862,1.0,0.0,0.0,0.0,255.0,1.0,0.0
1774268525.844,1774268525.8438437,safe,0.7903461403436378,0.7903461403436378,0.20965385965636216,NORMAL,Stress level is low (EMA=0.18),0.016999147832393646,0.1094430610537529,0.8548868298530579,0.01867087185382843,1.0,0.0,0.0,0.0,255.0,1.0,0.0
1774268525.894,1774268525.893781,safe,0.7851276157059582,0.7851276157059582,0.21487238429404176,NORMAL,Stress level is low (EMA=0.19),0.020045267418026924,0.0846530869603157,0.8807463049888611,0.014555244706571102,1.0,0.0,0.0,0.0,255.0,1.0,0.0
1774268525.945,1774268525.9449725,safe,0.7830722650923045,0.7830722650923045,0.21692773490769543,NORMAL,Stress level is low (EMA=0.20),0.030973076820373535,0.0651613175868988,0.8913241624832153,0.012541348114609718,1.0,0.0,0.0,0.0,255.0,1.0,0.0
1774268525.995,1774268525.994865,safe,0.7842810442582795,0.7842810442582795,0.21571895574172056,NORMAL,Stress level is low (EMA=0.20),0.0320340096950531,0.06913695484399796,0.8805491924285889,0.018279727548360825,1.0,0.0,0.0,0.0,255.0,1.0,0.0
1774268526.047,1774268526.0473344,safe,0.8053713378931734,0.8053713378931734,0.1946286621068266,NORMAL,Stress level is low (EMA=0.20),0.02526819333434105,0.16377899050712585,0.7913798689842224,0.01957283541560173,1.0,0.0,0.0,0.0,255.0,1.0,0.0
1774268526.095,1774268526.0954309,safe,0.8244604364219761,0.8244604364219761,0.17553956357802394,NORMAL,Stress level is low (EMA=0.19),0.021536530926823616,0.24704857170581818,0.7134637236595154,0.017951086163520813,1.0,0.0,0.0,0.0,255.0,1.0,0.0
1774268526.146,1774268526.1456788,safe,0.8361470524860214,0.8361470524860214,0.16385294751397858,NORMAL,Stress level is low (EMA=0.18),0.019387124106287956,0.2978922128677368,0.6655778884887695,0.01714269258081913,1.0,0.0,0.0,0.0,255.0,1.0,0.0
1774268526.196,1774268526.1963873,safe,0.8196729107317478,0.8196729107317478,0.18032708926825228,NORMAL,Stress level is low (EMA=0.18),0.020888395607471466,0.22774869203567505,0.7375530004501343,0.013809838332235813,1.0,0.0,0.0,0.0,255.0,1.0,0.0
1774268526.246,1774268526.2463388,safe,0.8017772546638758,0.8017772546638758,0.19822274533612413,NORMAL,Stress level is low (EMA=0.19),0.018222391605377197,0.15584945678710938,0.8140907883644104,0.011837271973490715,1.0,0.0,0.0,0.0,255.0,1.0,0.0
1774268526.296,1774268526.2963436,safe,0.7888042440128943,0.7888042440128943,0.21119575598710572,NORMAL,Stress level is low (EMA=0.19),0.014916965737938881,0.10510070621967316,0.8707557916641235,0.009226512163877487,1.0,0.0,0.0,0.0,255.0,1.0,0.0
1774268526.346,1774268526.3459413,safe,0.7802461969838366,0.7802461969838366,0.2197538030161634,NORMAL,Stress level is low (EMA=0.20),0.010012790560722351,0.07434633374214172,0.9072232246398926,0.00841758493334055,1.0,0.0,0.0,0.0,255.0,1.0,0.0
1774268526.396,1774268526.395904,safe,0.7750578935829824,0.7750578935829824,0.2249421064170176,NORMAL,Stress level is low (EMA=0.21),0.007080657407641411,0.05566054955124855,0.9286081790924072,0.008650576695799828,1.0,0.0,0.0,0.0,255.0,1.0,0.0
1774268526.447,1774268526.4474137,safe,0.7725016910010877,0.7725016910010877,0.22749830899891227,NORMAL,Stress level is low (EMA=0.21),0.0049961465410888195,0.0470941960811615,0.940812349319458,0.007097223307937384,1.0,0.0,0.0,0.0,255.0,1.0,0.0
1774268526.497,1774268526.4972649,safe,0.7768237073121289,0.7768237073121289,0.22317629268787115,NORMAL,Stress level is low (EMA=0.22),0.004523929674178362,0.06557479500770569,0.9190018177032471,0.010899331420660019,1.0,0.0,0.0,0.0,255.0,1.0,0.0
1774268526.548,1774268526.5478163,safe,0.7773751523999393,0.7773751523999393,0.2226248476000607,NORMAL,Stress level is low (EMA=0.22),0.003844604827463627,0.06855180114507675,0.9128836989402771,0.014719754457473755,1.0,0.0,0.0,0.0,255.0,1.0,0.0
1774268526.599,1774268526.5985613,safe,0.7861889394777397,0.7861889394777397,0.21381106052226026,NORMAL,Stress level is low (EMA=0.22),0.003412805963307619,0.10570771992206573,0.8737075328826904,0.017171822488307953,1.0,0.0,0.0,0.0,255.0,1.0,0.0
1774268526.648,1774268526.648287,safe,0.8066572144288017,0.8066572144288017,0.19334278557119836,NORMAL,Stress level is low (EMA=0.21),0.017030538991093636,0.1773744821548462,0.7928826212882996,0.012712282128632069,1.0,0.0,0.0,0.0,255.0,1.0,0.0
1774268526.700,1774268526.699922,safe,0.8410188290044864,0.8410188290044864,0.15898117099551357,NORMAL,Stress level is low (EMA=0.19),0.2174411565065384,0.12013726681470871,0.6515366435050964,0.01088488195091486,1.0,0.0,0.0,0.0,255.0,1.0,0.0
1774268526.752,1774268526.7518651,safe,0.8129709861201593,0.8129709861201593,0.18702901387984072,NORMAL,Stress level is low (EMA=0.19),0.14209948480129242,0.07861293852329254,0.7693328857421875,0.009954655542969704,1.0,0.0,0.0,0.0,260.0,1.0,0.0
1774268526.800,1774268526.800405,safe,0.8275664201265441,0.8275664201265441,0.1724335798734559,NORMAL,Stress level is low (EMA=0.19),0.16911789774894714,0.11240880191326141,0.7074340581893921,0.01103915274143219,1.0,0.0,0.0,0.0,260.0,1.0,0.0
1774268526.851,1774268526.8513904,safe,0.8082461351946674,0.8082461351946674,0.19175386480533263,NORMAL,Stress level is low (EMA=0.19),0.11392950266599655,0.08709601312875748,0.7843604683876038,0.0146139245480299,1.0,0.0,0.0,0.0,260.0,1.0,0.0
1774268526.902,1774268526.9019434,safe,0.7937900861191506,0.7937900861191506,0.2062099138808495,NORMAL,Stress level is low (EMA=0.19),0.07425037026405334,0.06654160469770432,0.8268036842346191,0.03240423649549484,1.0,0.0,0.0,0.0,260.0,1.0,0.0
1774268526.953,1774268526.9532306,safe,0.7820931196347967,0.7820931196347967,0.2179068803652034,NORMAL,Stress level is low (EMA=0.20),0.04833633080124855,0.04371829703450203,0.884116530418396,0.023828759789466858,1.0,0.0,0.0,0.0,260.0,1.0,0.0
1774268527.003,1774268527.0028687,safe,0.7782658165889637,0.7782658165889637,0.22173418341103637,NORMAL,Stress level is low (EMA=0.21),0.031589969992637634,0.04451756924390793,0.8365739583969116,0.08731843531131744,1.0,0.0,0.0,0.0,260.0,1.0,0.0
1774268527.055,1774268527.0547562,safe,0.7915028637589049,0.7915028637589049,0.20849713624109517,NORMAL,Stress level is low (EMA=0.21),0.07063209265470505,0.06062981113791466,0.8114135265350342,0.05732451006770134,1.0,0.0,0.0,0.0,260.0,1.0,0.0
1774268527.107,1774268527.1068094,safe,0.7813557384024146,0.7813557384024146,0.21864426159758543,NORMAL,Stress level is low (EMA=0.21),0.04619920253753662,0.04278300702571869,0.8704739212989807,0.04054379463195801,1.0,0.0,0.0,0.0,260.0,1.0,0.0
1774268527.157,1774268527.1568756,safe,0.7780609429439432,0.7780609429439432,0.2219390570560568,NORMAL,Stress level is low (EMA=0.21),0.047155484557151794,0.02809842862188816,0.897787868976593,0.026958182454109192,1.0,0.0,0.0,0.0,260.0,1.0,0.0
1774268527.206,1774268527.2064571,safe,0.7894963543208141,0.7894963543208141,0.2105036456791859,NORMAL,Stress level is low (EMA=0.21),0.055115051567554474,0.06778638064861298,0.8506375551223755,0.0264609195291996,1.0,0.0,0.0,0.0,260.0,1.0,0.0
1774268527.256,1774268527.2562282,safe,0.785786640125929,0.785786640125929,0.21421335987407095,NORMAL,Stress level is low (EMA=0.21),0.05561637878417969,0.051827918738126755,0.8491636514663696,0.04339197278022766,1.0,0.0,0.0,0.0,260.0,1.0,0.0
1774268527.308,1774268527.308279,safe,0.7852531019725053,0.7852531019725053,0.21474689802749466,NORMAL,Stress level is low (EMA=0.21),0.04243352636694908,0.06278768181800842,0.8619888424873352,0.032789841294288635,1.0,0.0,0.0,0.0,260.0,1.0,0.0
1774268527.358,1774268527.3578773,safe,0.7820459811958776,0.7820459811958776,0.21795401880412235,NORMAL,Stress level is low (EMA=0.22),0.039886005222797394,0.051972195506095886,0.8755319118499756,0.03260976821184158,1.0,0.0,0.0,0.0,260.0,1.0,0.0
1774268527.409,1774268527.4093766,safe,0.795384455733568,0.795384455733568,0.20461554426643205,NORMAL,Stress level is low (EMA=0.21),0.03538265451788902,0.1120525449514389,0.8241369724273682,0.028427761048078537,1.0,0.0,0.0,0.0,260.0,1.0,0.0
1774268527.460,1774268527.4599843,safe,0.8046268716753089,0.8046268716753089,0.19537312832469114,NORMAL,Stress level is low (EMA=0.21),0.02562909759581089,0.16031615436077118,0.7774016261100769,0.036653030663728714,1.0,0.0,0.0,0.0,260.0,1.0,0.0
1774268527.510,1774268527.5104756,safe,0.8123799273722354,0.8123799273722354,0.1876200726277646,NORMAL,Stress level is low (EMA=0.20),0.023871732875704765,0.19437791407108307,0.7456684708595276,0.03608178719878197,1.0,0.0,0.0,0.0,260.0,1.0,0.0
1774268527.561,1774268527.5608523,safe,0.8032676534617477,0.8032676534617477,0.19673234653825233,NORMAL,Stress level is low (EMA=0.20),0.04547756537795067,0.13480427861213684,0.7883427143096924,0.031375352293252945,1.0,0.0,0.0,0.0,260.0,1.0,0.0
1774268527.611,1774268527.6110601,safe,0.8497557331090784,0.8497557331090784,0.15024426689092163,NORMAL,Stress level is low (EMA=0.18),0.2787995934486389,0.09518256038427353,0.6035918593406677,0.022425878793001175,1.0,0.0,0.0,0.0,260.0,1.0,0.0
1774268527.662,1774268527.6619763,safe,0.8219363336525358,0.8219363336525358,0.17806366634746415,NORMAL,Stress level is low (EMA=0.18),0.18850654363632202,0.0695614367723465,0.7252457141876221,0.01668616756796837,1.0,0.0,0.0,0.0,260.0,1.0,0.0
1774268527.712,1774268527.7116454,safe,0.8050030029901916,0.8050030029901916,0.19499699700980844,NORMAL,Stress level is low (EMA=0.19),0.14081871509552002,0.04669375345110893,0.801424503326416,0.011062942445278168,1.0,0.0,0.0,0.0,260.0,1.0,0.0
1774268527.763,1774268527.7634194,safe,0.7953633625867667,0.7953633625867667,0.20463663741323332,NORMAL,Stress level is low (EMA=0.19),0.11498381942510605,0.032363466918468475,0.8423658609390259,0.010286734439432621,1.0,0.0,0.0,0.0,256.0,1.0,0.0
1774268527.814,1774268527.814367,safe,0.7840236939179596,0.7840236939179596,0.21597630608204052,NORMAL,Stress level is low (EMA=0.20),0.07867976278066635,0.02141892910003662,0.8927047848701477,0.007196452002972364,1.0,0.0,0.0,0.0,256.0,1.0,0.0
1774268527.863,1774268527.862704,safe,0.7877675998279271,0.7877675998279271,0.21223240017207295,NORMAL,Stress level is low (EMA=0.20),0.0636741891503334,0.05202409625053406,0.8633729219436646,0.02092869207262993,1.0,0.0,0.0,0.0,256.0,1.0,0.0
1774268527.914,1774268527.9139118,safe,0.8076096999427136,0.8076096999427136,0.1923903000572864,NORMAL,Stress level is low (EMA=0.20),0.05345823988318443,0.14491546154022217,0.6113235354423523,0.19030267000198364,1.0,0.0,0.0,0.0,256.0,1.0,0.0
1774268527.965,1774268527.9654586,safe,0.8496077036577013,0.8496077036577013,0.15039229634229873,NORMAL,Stress level is low (EMA=0.19),0.13216827809810638,0.24119707942008972,0.46688681840896606,0.15974770486354828,1.0,0.0,0.0,0.0,256.0,1.0,0.0
1774268528.014,1774268528.014333,safe,0.8762162618991516,0.8762162618991516,0.12378373810084844,NORMAL,Stress level is low (EMA=0.17),0.09576183557510376,0.3884725272655487,0.38704654574394226,0.1287190020084381,1.0,0.0,0.0,0.0,256.0,1.0,0.0
1774268528.065,1774268528.064751,safe,0.8885614141602272,0.8885614141602272,0.11143858583977279,NORMAL,Stress level is low (EMA=0.15),0.06907715648412704,0.466595321893692,0.3661511540412903,0.0981762558221817,1.0,0.0,0.0,0.0,256.0,1.0,0.0
1774268528.115,1774268528.115456,safe,0.891954280770046,0.891954280770046,0.10804571922995393,NORMAL,Stress level is low (EMA=0.14),0.055978212505578995,0.49383121728897095,0.35639744997024536,0.09379301965236664,1.0,0.0,0.0,0.0,256.0,1.0,0.0
1774268528.166,1774268528.1661508,safe,0.8528474527179941,0.8528474527179941,0.14715254728200589,NORMAL,Stress level is low (EMA=0.14),0.03884395584464073,0.34802040457725525,0.5373028516769409,0.07583274692296982,1.0,0.0,0.0,0.0,256.0,1.0,0.0
1774268528.217,1774268528.2170312,safe,0.8772936945786267,0.8772936945786267,0.12270630542137329,NORMAL,Stress level is low (EMA=0.14),0.030116233974695206,0.4586074650287628,0.42810970544815063,0.08316655457019806,1.0,0.0,0.0,0.0,256.0,1.0,0.0
1774268528.266,1774268528.2662508,safe,0.8948983321399764,0.8948983321399764,0.10510166786002369,NORMAL,Stress level is low (EMA=0.13),0.02719668298959732,0.5348796844482422,0.35412171483039856,0.08380189538002014,1.0,0.0,0.0,0.0,256.0,1.0,0.0
1774268528.316,1774268528.3163855,safe,0.8788458309408462,0.8788458309408462,0.12115416905915372,NORMAL,Stress level is low (EMA=0.12),0.03947237879037857,0.4557185471057892,0.42187362909317017,0.0829353928565979,1.0,0.0,0.0,0.0,256.0,1.0,0.0
1774268528.367,1774268528.367293,safe,0.8669347041917215,0.8669347041917215,0.1330652958082785,NORMAL,Stress level is low (EMA=0.13),0.06894389539957047,0.37661734223365784,0.4940234422683716,0.060415275394916534,1.0,0.0,0.0,0.0,256.0,1.0,0.0
1774268528.418,1774268528.417583,safe,0.8388830065848912,0.8388830065848912,0.1611169934151088,NORMAL,Stress level is low (EMA=0.14),0.07130444794893265,0.25737470388412476,0.625045657157898,0.046275120228528976,1.0,0.0,0.0,0.0,256.0,1.0,0.0
1774268528.468,1774268528.4678874,safe,0.8153412697155383,0.8153412697155383,0.18465873028446167,NORMAL,Stress level is low (EMA=0.15),0.0496196523308754,0.18096892535686493,0.7337653636932373,0.035645972937345505,1.0,0.0,0.0,0.0,256.0,1.0,0.0
1774268528.518,1774268528.5183537,safe,0.8083697412734019,0.8083697412734019,0.19163025872659806,NORMAL,Stress level is low (EMA=0.16),0.03820060193538666,0.16333995759487152,0.7682465314865112,0.030212853103876114,1.0,0.0,0.0,0.0,256.0,1.0,0.0
1774268528.571,1774268528.5709984,safe,0.8322171022133436,0.8322171022133436,0.16778289778665645,NORMAL,Stress level is low (EMA=0.16),0.028314590454101562,0.2725899815559387,0.6681836247444153,0.030911767855286598,1.0,0.0,0.0,0.0,256.0,1.0,0.0
1774268528.620,1774268528.6203725,safe,0.8211304702007588,0.8211304702007588,0.17886952979924126,NORMAL,Stress level is low (EMA=0.17),0.022157972678542137,0.23255228996276855,0.7166706323623657,0.028619050979614258,1.0,0.0,0.0,0.0,256.0,1.0,0.0
1774268528.672,1774268528.6720083,safe,0.8165235261020305,0.8165235261020305,0.18347647389796956,NORMAL,Stress level is low (EMA=0.17),0.02555016800761223,0.20996449887752533,0.7393776178359985,0.025107668712735176,1.0,0.0,0.0,0.0,256.0,1.0,0.0
1774268528.724,1774268528.7241528,safe,0.8183910660342965,0.8183910660342965,0.18160893396570357,NORMAL,Stress level is low (EMA=0.18),0.023468144237995148,0.21982795000076294,0.7317550182342529,0.024948861449956894,1.0,0.0,0.0,0.0,256.0,1.0,0.0
1774268528.775,1774268528.7746649,safe,0.8246878612785477,0.8246878612785477,0.1753121387214524,NORMAL,Stress level is low (EMA=0.18),0.025917338207364082,0.24361538887023926,0.696584939956665,0.03388228267431259,1.0,0.0,0.0,0.0,219.0,1.0,0.0
1774268528.825,1774268528.8246317,safe,0.8060283203272404,0.8060283203272404,0.19397167967275963,NORMAL,Stress level is low (EMA=0.18),0.02019692212343216,0.17158770561218262,0.7754515409469604,0.032763753086328506,1.0,0.0,0.0,0.0,219.0,1.0,0.0
1774268528.874,1774268528.8741643,safe,0.7980654314655921,0.7980654314655921,0.20193456853440797,NORMAL,Stress level is low (EMA=0.19),0.020824361592531204,0.13778156042099,0.8080363273620605,0.033357664942741394,1.0,0.0,0.0,0.0,219.0,1.0,0.0
1774268528.925,1774268528.9248364,safe,0.7893983908218585,0.7893983908218585,0.21060160917814152,NORMAL,Stress level is low (EMA=0.19),0.020781395956873894,0.10171188414096832,0.8384935855865479,0.039013102650642395,1.0,0.0,0.0,0.0,219.0,1.0,0.0
1774268528.975,1774268528.9745545,safe,0.7811581222745184,0.7811581222745184,0.21884187772548158,NORMAL,Stress level is low (EMA=0.20),0.015696443617343903,0.07246238738298416,0.8775731325149536,0.034268010407686234,1.0,0.0,0.0,0.0,219.0,1.0,0.0
1774268529.025,1774268529.025146,safe,0.7794803320501323,0.7794803320501323,0.22051966794986766,NORMAL,Stress level is low (EMA=0.21),0.01968388631939888,0.06148415803909302,0.8926752805709839,0.02615666203200817,1.0,0.0,0.0,0.0,219.0,1.0,0.0
1774268529.077,1774268529.0769014,safe,0.7763833426607213,0.7763833426607213,0.22361665733927874,NORMAL,Stress level is low (EMA=0.21),0.022272340953350067,0.04599159583449364,0.9117410182952881,0.01999506540596485,1.0,0.0,0.0,0.0,219.0,1.0,0.0
1774268529.126,1774268529.126093,safe,0.7749990327004116,0.7749990327004116,0.2250009672995884,NORMAL,Stress level is low (EMA=0.22),0.016171926632523537,0.046324025839567184,0.9228460788726807,0.014657929539680481,1.0,0.0,0.0,0.0,219.0,1.0,0.0
1774268529.177,1774268529.1770463,safe,0.7712869042903185,0.7712869042903185,0.2287130957096815,NORMAL,Stress level is low (EMA=0.22),0.01117356400936842,0.03585520386695862,0.9429258108139038,0.010045421309769154,1.0,0.0,0.0,0.0,219.0,1.0,0.0
1774268529.229,1774268529.2287016,safe,0.7681434724490529,0.7681434724490529,0.23185652755094716,NORMAL,Stress level is low (EMA=0.22),0.0076143015176057816,0.0263168066740036,0.9590902924537659,0.0069785350933671,1.0,0.0,0.0,0.0,219.0,1.0,0.0
1774268529.278,1774268529.278377,safe,0.7682157043865178,0.7682157043865178,0.23178429561348224,NORMAL,Stress level is low (EMA=0.23),0.007123928517103195,0.027108142152428627,0.9605035781860352,0.005264277569949627,1.0,0.0,0.0,0.0,219.0,1.0,0.0
1774268529.329,1774268529.328692,safe,0.7713709887475036,0.7713709887475036,0.2286290112524964,NORMAL,Stress level is low (EMA=0.23),0.0066570742055773735,0.04072202742099762,0.9470369815826416,0.00558387441560626,1.0,0.0,0.0,0.0,219.0,1.0,0.0
1774268529.379,1774268529.378924,safe,0.7870358537437119,0.7870358537437119,0.21296414625628812,NORMAL,Stress level is low (EMA=0.22),0.03712483495473862,0.07552452385425568,0.88043212890625,0.00691844429820776,1.0,0.0,0.0,0.0,219.0,1.0,0.0
1774268529.430,1774268529.4297762,safe,0.8067996310335283,0.8067996310335283,0.19320036896647175,NORMAL,Stress level is low (EMA=0.21),0.04271133989095688,0.152287095785141,0.7956340312957764,0.009367480874061584,1.0,0.0,0.0,0.0,219.0,1.0,0.0
1774268529.486,1774268529.4864125,safe,0.8291732936937494,0.8291732936937494,0.1708267063062507,NORMAL,Stress level is low (EMA=0.20),0.043139755725860596,0.24508225917816162,0.701205849647522,0.010572061873972416,1.0,0.0,0.0,0.0,219.0,1.0,0.0
1774268529.544,1774268529.5435324,safe,0.834312094493751,0.834312094493751,0.16568790550624904,NORMAL,Stress level is low (EMA=0.19),0.03924361988902092,0.2703900635242462,0.6746801137924194,0.01568612828850746,1.0,0.0,0.0,0.0,219.0,1.0,0.0
1774268529.599,1774268529.598983,safe,0.8657627443842973,0.8657627443842973,0.1342372556157027,NORMAL,Stress level is low (EMA=0.17),0.0372062586247921,0.40347182750701904,0.5452389717102051,0.014082918874919415,1.0,0.0,0.0,0.0,219.0,1.0,0.0
1774268529.650,1774268529.6501973,safe,0.8935493145967566,0.8935493145967566,0.10645068540324343,NORMAL,Stress level is low (EMA=0.15),0.03220229968428612,0.5242531299591064,0.42887771129608154,0.014666793867945671,1.0,0.0,0.0,0.0,219.0,1.0,0.0
1774268529.696,1774268529.6962075,safe,0.8578652838836294,0.8578652838836294,0.14213471611637066,NORMAL,Stress level is low (EMA=0.15),0.0228359866887331,0.38493600487709045,0.5805079340934753,0.011720036156475544,1.0,0.0,0.0,0.0,219.0,1.0,0.0
1774268529.744,1774268529.743967,safe,0.8404527266889502,0.8404527266889502,0.1595472733110498,NORMAL,Stress level is low (EMA=0.15),0.016033576801419258,0.31918609142303467,0.6541503667831421,0.010629921220242977,1.0,0.0,0.0,0.0,243.0,1.0,0.0
1774268529.791,1774268529.7909515,safe,0.8221814631035597,0.8221814631035597,0.17781853689644034,NORMAL,Stress level is low (EMA=0.16),0.013073967769742012,0.24601542949676514,0.7331770658493042,0.007733478676527739,1.0,0.0,0.0,0.0,243.0,1.0,0.0
1774268529.839,1774268529.8389883,safe,0.8448234385345955,0.8448234385345955,0.15517656146540448,NORMAL,Stress level is low (EMA=0.16),0.013016887940466404,0.34041404724121094,0.6337014436721802,0.012867525219917297,1.0,0.0,0.0,0.0,243.0,1.0,0.0
1774268529.887,1774268529.8870823,safe,0.850262195416675,0.850262195416675,0.14973780458332492,NORMAL,Stress level is low (EMA=0.16),0.014043024741113186,0.362049400806427,0.6113600134849548,0.01254747249186039,1.0,0.0,0.0,0.0,243.0,1.0,0.0
1774268529.934,1774268529.9342494,safe,0.8214366370699844,0.8214366370699844,0.17856336293001565,NORMAL,Stress level is low (EMA=0.16),0.010549874044954777,0.24543602764606476,0.7292073965072632,0.01480654627084732,1.0,0.0,0.0,0.0,243.0,1.0,0.0
1774268529.986,1774268529.9855201,safe,0.8012806504143613,0.8012806504143613,0.19871934958563875,NORMAL,Stress level is low (EMA=0.17),0.007681365590542555,0.16432128846645355,0.8181542158126831,0.009843018837273121,1.0,0.0,0.0,0.0,243.0,1.0,0.0
1774268530.035,1774268530.0348873,safe,0.7903746387609722,0.7903746387609722,0.20962536123902772,NORMAL,Stress level is low (EMA=0.18),0.008035560138523579,0.11852537840604782,0.8617074489593506,0.011731494218111038,1.0,0.0,0.0,0.0,243.0,1.0,0.0
1774268530.086,1774268530.0859804,safe,0.840146235892715,0.840146235892715,0.15985376410728505,NORMAL,Stress level is low (EMA=0.18),0.020347587764263153,0.3135949969291687,0.6531956791877747,0.012861628085374832,1.0,0.0,0.0,0.0,243.0,1.0,0.0
1774268530.138,1774268530.1379452,safe,0.8323859678468817,0.8323859678468817,0.16761403215311835,NORMAL,Stress level is low (EMA=0.17),0.01803344115614891,0.2835746705532074,0.6826543807983398,0.01573735661804676,1.0,0.0,0.0,0.0,243.0,1.0,0.0
1774268530.188,1774268530.188449,safe,0.8275078849298907,0.8275078849298907,0.1724921150701093,NORMAL,Stress level is low (EMA=0.17),0.03245382383465767,0.2488289177417755,0.6993927955627441,0.01932426542043686,1.0,0.0,0.0,0.0,243.0,1.0,0.0
1774268530.239,1774268530.2387426,safe,0.8188273296582967,0.8188273296582967,0.18117267034170326,NORMAL,Stress level is low (EMA=0.18),0.022237515076994896,0.22287628054618835,0.7409828901290894,0.013903171755373478,1.0,0.0,0.0,0.0,243.0,1.0,0.0
1774268530.289,1774268530.2891839,safe,0.8109690975670365,0.8109690975670365,0.18903090243296344,NORMAL,Stress level is low (EMA=0.18),0.024511195719242096,0.18785998225212097,0.7760450839996338,0.011583620682358742,1.0,0.0,0.0,0.0,243.0,1.0,0.0
1774268530.340,1774268530.3398247,safe,0.8296561680262365,0.8296561680262365,0.17034383197376343,NORMAL,Stress level is low (EMA=0.18),0.027285192161798477,0.26294875144958496,0.6968830227851868,0.012882877141237259,1.0,0.0,0.0,0.0,243.0,1.0,0.0
1774268530.392,1774268530.39223,safe,0.8158819926003957,0.8158819926003957,0.1841180073996042,NORMAL,Stress level is low (EMA=0.18),0.028519103303551674,0.2043224722146988,0.7535038590431213,0.013654453679919243,1.0,0.0,0.0,0.0,243.0,1.0,0.0
1774268530.442,1774268530.4424622,safe,0.7981135102649817,0.7981135102649817,0.20188648973501838,NORMAL,Stress level is low (EMA=0.19),0.02091950736939907,0.13788673281669617,0.8310775756835938,0.010116077959537506,1.0,0.0,0.0,0.0,243.0,1.0,0.0
1774268530.493,1774268530.4929388,safe,0.7954706039577074,0.7954706039577074,0.2045293960422926,NORMAL,Stress level is low (EMA=0.19),0.016630716621875763,0.13116341829299927,0.8414937853813171,0.010711980983614922,1.0,0.0,0.0,0.0,243.0,1.0,0.0
1774268530.544,1774268530.5436196,safe,0.7914819509807521,0.7914819509807521,0.20851804901924786,NORMAL,Stress level is low (EMA=0.20),0.0125654898583889,0.1186092421412468,0.8570663928985596,0.011758741922676563,1.0,0.0,0.0,0.0,243.0,1.0,0.0
1774268530.594,1774268530.5938616,safe,0.7931583533605017,0.7931583533605017,0.20684164663949836,NORMAL,Stress level is low (EMA=0.20),0.011059695854783058,0.12710005044937134,0.8518507480621338,0.009989382699131966,1.0,0.0,0.0,0.0,243.0,1.0,0.0
1774268530.644,1774268530.6440089,safe,0.8328122555717566,0.8328122555717566,0.1671877444282434,NORMAL,Stress level is low (EMA=0.19),0.05684591084718704,0.2465384304523468,0.6896013021469116,0.0070142587646842,1.0,0.0,0.0,0.0,243.0,1.0,0.0
1774268530.697,1774268530.6973152,safe,0.8192456804508468,0.8192456804508468,0.18075431954915322,NORMAL,Stress level is low (EMA=0.19),0.04049075394868851,0.20636621117591858,0.7471779584884644,0.005965009331703186,1.0,0.0,0.0,0.0,243.0,1.0,0.0
1774268530.747,1774268530.7470574,safe,0.8020924321311328,0.8020924321311328,0.19790756786886723,NORMAL,Stress level is low (EMA=0.19),0.027690377086400986,0.14769470691680908,0.8198200464248657,0.0047947708517313,1.0,0.0,0.0,0.0,213.0,1.0,0.0
1774268530.796,1774268530.7959404,safe,0.8125396938031277,0.8125396938031277,0.18746030619687226,NORMAL,Stress level is low (EMA=0.19),0.0408339649438858,0.17808139324188232,0.7760459184646606,0.005038661882281303,1.0,0.0,0.0,0.0,213.0,1.0,0.0
1774268530.847,1774268530.8465016,safe,0.799684341752921,0.799684341752921,0.200315658247079,NORMAL,Stress level is low (EMA=0.19),0.031596068292856216,0.13375532627105713,0.831235408782959,0.003413137746974826,1.0,0.0,0.0,0.0,213.0,1.0,0.0
1774268530.896,1774268530.8956063,safe,0.7860182943525206,0.7860182943525206,0.21398170564747945,NORMAL,Stress level is low (EMA=0.20),0.020720703527331352,0.08768881112337112,0.8893299698829651,0.002260418375954032,1.0,0.0,0.0,0.0,213.0,1.0,0.0
1774268530.947,1774268530.9468613,safe,0.777143703743058,0.777143703743058,0.22285629625694203,NORMAL,Stress level is low (EMA=0.21),0.0138216782361269,0.05761038511991501,0.9270923733711243,0.0014754829462617636,1.0,0.0,0.0,0.0,213.0,1.0,0.0
1774268530.996,1774268530.9961965,safe,0.7713549157787281,0.7713549157787281,0.228645084221272,NORMAL,Stress level is low (EMA=0.21),0.009436525404453278,0.03787558153271675,0.9517028331756592,0.0009849615162238479,1.0,0.0,0.0,0.0,213.0,1.0,0.0
1774268531.047,1774268531.0470252,safe,0.7763423138750534,0.7763423138750534,0.2236576861249466,NORMAL,Stress level is low (EMA=0.22),0.008022916503250599,0.06007000803947449,0.9309084415435791,0.0009985206415876746,1.0,0.0,0.0,0.0,213.0,1.0,0.0
1774268531.098,1774268531.0981424,safe,0.773293223423503,0.773293223423503,0.22670677657649696,NORMAL,Stress level is low (EMA=0.22),0.005345632787793875,0.05004274100065231,0.9438406825065613,0.0007708118064329028,1.0,0.0,0.0,0.0,213.0,1.0,0.0
1774268531.149,1774268531.1488461,safe,0.8417707607112968,0.8417707607112968,0.15822923928870325,NORMAL,Stress level is low (EMA=0.20),0.008748574182391167,0.33196282386779785,0.6574157476425171,0.001872680732049048,1.0,0.0,0.0,0.0,213.0,1.0,0.0
1774268531.200,1774268531.1999369,safe,0.8203010210106455,0.8203010210106455,0.1796989789893545,NORMAL,Stress level is low (EMA=0.19),0.006491055712103844,0.2447631061077118,0.7473405599594116,0.0014051104662939906,1.0,0.0,0.0,0.0,213.0,1.0,0.0
1774268531.250,1774268531.2495852,safe,0.8000466287167345,0.8000466287167345,0.1999533712832655,NORMAL,Stress level is low (EMA=0.20),0.0051924921572208405,0.16166840493679047,0.8320124745368958,0.0011265166103839874,1.0,0.0,0.0,0.0,213.0,1.0,0.0
1774268531.300,1774268531.3000267,safe,0.7884754179807236,0.7884754179807236,0.21152458201927637,NORMAL,Stress level is low (EMA=0.20),0.0041512358002364635,0.11449629068374634,0.8801846504211426,0.0011677203001454473,1.0,0.0,0.0,0.0,213.0,1.0,0.0
1774268531.351,1774268531.3510942,safe,0.7856511916881199,0.7856511916881199,0.21434880831188008,NORMAL,Stress level is low (EMA=0.20),0.0030096732079982758,0.10387025028467178,0.8921568393707275,0.0009631469147279859,1.0,0.0,0.0,0.0,213.0,1.0,0.0
1774268531.401,1774268531.4014425,safe,0.78089682127638,0.78089682127638,0.21910317872361995,NORMAL,Stress level is low (EMA=0.21),0.0025950928684324026,0.08447498083114624,0.9116636514663696,0.0012662417721003294,1.0,0.0,0.0,0.0,213.0,1.0,0.0
1774268531.452,1774268531.4520464,safe,0.7799596653716863,0.7799596653716863,0.2200403346283138,NORMAL,Stress level is low (EMA=0.21),0.002338424790650606,0.0808267891407013,0.862900972366333,0.05393368378281593,1.0,0.0,0.0,0.0,213.0,1.0,0.0
1774268531.505,1774268531.5045266,safe,0.8214308088327978,0.8214308088327978,0.17856919116720213,NORMAL,Stress level is low (EMA=0.20),0.005337323993444443,0.25062429904937744,0.7066422700881958,0.037395961582660675,1.0,0.0,0.0,0.0,213.0,1.0,0.0
1774268531.554,1774268531.5537913,safe,0.8000420984387882,0.8000420984387882,0.19995790156121188,NORMAL,Stress level is low (EMA=0.20),0.003561328863725066,0.1632806658744812,0.8088212609291077,0.02433658018708229,1.0,0.0,0.0,0.0,213.0,1.0,0.0
1774268531.604,1774268531.604374,safe,0.7862100004310095,0.7862100004310095,0.21378999956899045,NORMAL,Stress level is low (EMA=0.21),0.002656311262398958,0.10655198246240616,0.874961256980896,0.01583036035299301,1.0,0.0,0.0,0.0,213.0,1.0,0.0
1774268531.654,1774268531.654262,safe,0.777318611301304,0.777318611301304,0.22268138869869603,NORMAL,Stress level is low (EMA=0.21),0.0019391325768083334,0.07022172957658768,0.9175260066986084,0.010313089936971664,1.0,0.0,0.0,0.0,213.0,1.0,0.0
1774268531.706,1774268531.705824,safe,0.7714808899995292,0.7714808899995292,0.2285191100004707,NORMAL,Stress level is low (EMA=0.22),0.0016216153744608164,0.04621538147330284,0.9454299211502075,0.006732977461069822,1.0,0.0,0.0,0.0,213.0,1.0,0.0
1774268531.758,1774268531.7584095,safe,0.7704683395386176,0.7704683395386176,0.2295316604613824,NORMAL,Stress level is low (EMA=0.22),0.005736741237342358,0.03788132965564728,0.9519100189208984,0.0044718855060637,1.0,0.0,0.0,0.0,209.0,1.0,0.0
1774268531.807,1774268531.807039,safe,0.7680368888255673,0.7680368888255673,0.23196311117443275,NORMAL,Stress level is low (EMA=0.22),0.004170290194451809,0.029316745698451996,0.9635164737701416,0.0029964882414788008,1.0,0.0,0.0,0.0,209.0,1.0,0.0
1774268531.859,1774268531.859328,safe,0.7665546009359137,0.7665546009359137,0.2334453990640864,NORMAL,Stress level is low (EMA=0.23),0.0032092260662466288,0.024101579561829567,0.9706615209579468,0.0020275975111871958,1.0,0.0,0.0,0.0,209.0,1.0,0.0
1774268531.911,1774268531.9109313,safe,0.7665812836963548,0.7665812836963548,0.2334187163036452,NORMAL,Stress level is low (EMA=0.23),0.0023345528170466423,0.02508740872144699,0.9711575508117676,0.0014203583123162389,1.0,0.0,0.0,0.0,209.0,1.0,0.0
1774268531.959,1774268531.9589427,safe,0.766402297091227,0.766402297091227,0.233597702908773,NORMAL,Stress level is low (EMA=0.23),0.0017348441760987043,0.024941336363554,0.9722903966903687,0.0010332849342375994,1.0,0.0,0.0,0.0,209.0,1.0,0.0
1774268532.010,1774268532.0102136,safe,0.7659212108991739,0.7659212108991739,0.23407878910082613,NORMAL,Stress level is low (EMA=0.23),0.001415448496118188,0.0232562106102705,0.9745104312896729,0.0008177818963304162,1.0,0.0,0.0,0.0,209.0,1.0,0.0
1774268532.060,1774268532.0600586,safe,0.764744244111806,0.764744244111806,0.23525575588819408,NORMAL,Stress level is low (EMA=0.23),0.0010863394709303975,0.018681291490793228,0.9795267581939697,0.0007054825546219945,1.0,0.0,0.0,0.0,209.0,1.0,0.0
1774268532.112,1774268532.1118677,safe,0.7639294442922616,0.7639294442922616,0.23607055570773844,NORMAL,Stress level is low (EMA=0.23),0.0008930375333875418,0.015479568392038345,0.9828805923461914,0.0007466098759323359,1.0,0.0,0.0,0.0,209.0,1.0,0.0
1774268532.160,1774268532.1604748,safe,0.7636620002703951,0.7636620002703951,0.23633799972960495,NORMAL,Stress level is low (EMA=0.23),0.0008163770544342697,0.01444191113114357,0.983934760093689,0.0008068386232480407,1.0,0.0,0.0,0.0,209.0,1.0,0.0
1774268532.210,1774268532.2104607,safe,0.7635603139254064,0.7635603139254064,0.2364396860745937,NORMAL,Stress level is low (EMA=0.24),0.0014582788571715355,0.013376325368881226,0.9840505719184875,0.001114733051508665,1.0,0.0,0.0,0.0,209.0,1.0,0.0
1774268532.261,1774268532.260537,safe,0.763180110767071,0.763180110767071,0.23681988923292902,NORMAL,Stress level is low (EMA=0.24),0.0021666972897946835,0.011083722114562988,0.985794186592102,0.000955290743149817,1.0,0.0,0.0,0.0,209.0,1.0,0.0
1774268532.312,1774268532.3116221,safe,0.7644277602432372,0.7644277602432372,0.23557223975676275,NORMAL,Stress level is low (EMA=0.24),0.002307531191036105,0.016141436994075775,0.9802749156951904,0.0012760362587869167,1.0,0.0,0.0,0.0,209.0,1.0,0.0
1774268532.361,1774268532.3614075,safe,0.7656969864533549,0.7656969864533549,0.23430301354664504,NORMAL,Stress level is low (EMA=0.24),0.0029603480361402035,0.02077704295516014,0.9745378494262695,0.001724632689729333,1.0,0.0,0.0,0.0,209.0,1.0,0.0
1774268532.413,1774268532.4125187,safe,0.7643998873740707,0.7643998873740707,0.23560011262592925,NORMAL,Stress level is low (EMA=0.24),0.003504268592223525,0.014828534796833992,0.9800175428390503,0.0016495061572641134,1.0,0.0,0.0,0.0,209.0,1.0,0.0
1774268532.462,1774268532.462395,safe,0.7636039166878508,0.7636039166878508,0.23639608331214929,NORMAL,Stress level is low (EMA=0.24),0.004430011380463839,0.010586285963654518,0.9835785031318665,0.0014051452744752169,1.0,0.0,0.0,0.0,209.0,1.0,0.0
1774268532.513,1774268532.5130336,safe,0.7714393103770334,0.7714393103770334,0.22856068962296666,NORMAL,Stress level is low (EMA=0.23),0.015881575644016266,0.031782157719135284,0.9509245157241821,0.0014116112142801285,1.0,0.0,0.0,0.0,209.0,1.0,0.0
1774268532.565,1774268532.5650253,safe,0.7746908051866906,0.7746908051866906,0.22530919481330935,NORMAL,Stress level is low (EMA=0.23),0.01609286479651928,0.0451187789440155,0.9358812570571899,0.002906997222453356,1.0,0.0,0.0,0.0,209.0,1.0,0.0
1774268532.614,1774268532.6144543,safe,0.7743304271950536,0.7743304271950536,0.22566957280494643,NORMAL,Stress level is low (EMA=0.23),0.02376188337802887,0.03594818711280823,0.9376122951507568,0.002677536103874445,1.0,0.0,0.0,0.0,209.0,1.0,0.0
1774268532.665,1774268532.6648347,safe,0.774318383717541,0.774318383717541,0.225681616282459,NORMAL,Stress level is low (EMA=0.23),0.030158841982483864,0.029501045122742653,0.9382563829421997,0.002083626575767994,1.0,0.0,0.0,0.0,209.0,1.0,0.0
1774268532.715,1774268532.7154565,safe,0.7907575739867646,0.7907575739867646,0.20924242601323548,NORMAL,Stress level is low (EMA=0.22),0.04448302090167999,0.08367349207401276,0.8675187826156616,0.004324609413743019,1.0,0.0,0.0,0.0,209.0,1.0,0.0
1774268532.768,1774268532.7679048,safe,0.7840158720532521,0.7840158720532521,0.21598412794674798,NORMAL,Stress level is low (EMA=0.22),0.031820058822631836,0.068246029317379,0.8945726752281189,0.0053611379116773605,1.0,0.0,0.0,0.0,238.0,1.0,0.0
1774268532.817,1774268532.8168042,safe,0.7815938147188835,0.7815938147188835,0.21840618528111655,NORMAL,Stress level is low (EMA=0.22),0.026004163548350334,0.06397002935409546,0.9055185317993164,0.0045071979984641075,1.0,0.0,0.0,0.0,238.0,1.0,0.0
1774268532.867,1774268532.867252,safe,0.7894926099329324,0.7894926099329324,0.2105073900670676,NORMAL,Stress level is low (EMA=0.22),0.023095473647117615,0.09979037195444107,0.8724530935287476,0.0046609994024038315,1.0,0.0,0.0,0.0,238.0,1.0,0.0
1774268532.918,1774268532.9180853,safe,0.8194528236086146,0.8194528236086146,0.18054717639138546,NORMAL,Stress level is low (EMA=0.21),0.026544176042079926,0.2211759090423584,0.7442011833190918,0.00807870738208294,1.0,0.0,0.0,0.0,238.0,1.0,0.0
1774268532.968,1774268532.9680781,safe,0.8537252088022488,0.8537252088022488,0.14627479119775116,NORMAL,Stress level is low (EMA=0.19),0.05270608514547348,0.3378155827522278,0.5872849225997925,0.02219335362315178,1.0,0.0,0.0,0.0,238.0,1.0,0.0
1774268533.018,1774268533.0179086,safe,0.845580702704003,0.845580702704003,0.15441929729599696,NORMAL,Stress level is low (EMA=0.18),0.04038417339324951,0.3162020146846771,0.6282470226287842,0.015166670083999634,1.0,0.0,0.0,0.0,238.0,1.0,0.0
1774268533.069,1774268533.068569,safe,0.8271198678427986,0.8271198678427986,0.17288013215720144,NORMAL,Stress level is low (EMA=0.18),0.028086552396416664,0.25157949328422546,0.7102853059768677,0.010048524476587772,1.0,0.0,0.0,0.0,238.0,1.0,0.0
1774268533.119,1774268533.1190572,safe,0.8079203679606085,0.8079203679606085,0.19207963203939155,NORMAL,Stress level is low (EMA=0.18),0.018481208011507988,0.1811869591474533,0.7937443256378174,0.0065874443389475346,1.0,0.0,0.0,0.0,238.0,1.0,0.0
1774268533.170,1774268533.1697576,safe,0.7970123120078656,0.7970123120078656,0.20298768799213437,NORMAL,Stress level is low (EMA=0.19),0.015726221725344658,0.138491690158844,0.8414658308029175,0.004316146019846201,1.0,0.0,0.0,0.0,238.0,1.0,0.0
1774268533.221,1774268533.2210352,safe,0.7903357361365957,0.7903357361365957,0.20966426386340428,NORMAL,Stress level is low (EMA=0.19),0.011961202137172222,0.11443763971328735,0.8707385063171387,0.002862528432160616,1.0,0.0,0.0,0.0,238.0,1.0,0.0
1774268533.272,1774268533.272407,safe,0.7799536777289194,0.7799536777289194,0.22004632227108056,NORMAL,Stress level is low (EMA=0.20),0.008015316911041737,0.07512496411800385,0.9149877429008484,0.001871880842372775,1.0,0.0,0.0,0.0,238.0,1.0,0.0
1774268533.324,1774268533.323809,safe,0.7733793703142142,0.7733793703142142,0.22662062968578578,NORMAL,Stress level is low (EMA=0.21),0.005592077970504761,0.05015525221824646,0.9429926872253418,0.0012598761823028326,1.0,0.0,0.0,0.0,238.0,1.0,0.0
1774268533.374,1774268533.3735423,safe,0.7687021085430167,0.7687021085430167,0.23129789145698332,NORMAL,Stress level is low (EMA=0.22),0.003641472663730383,0.03261726722121239,0.9629108905792236,0.0008302611531689763,1.0,0.0,0.0,0.0,238.0,1.0,0.0
1774268533.424,1774268533.4236915,safe,0.7656640470994157,0.7656640470994157,0.23433595290058432,NORMAL,Stress level is low (EMA=0.22),0.0023729815147817135,0.02122715301811695,0.9755310416221619,0.0008686748333275318,1.0,0.0,0.0,0.0,238.0,1.0,0.0
1774268533.475,1774268533.4747024,safe,0.76470233683455,0.76470233683455,0.23529766316545003,NORMAL,Stress level is low (EMA=0.23),0.0017653467366471887,0.017827685922384262,0.9797148704528809,0.0006920058513060212,1.0,0.0,0.0,0.0,238.0,1.0,0.0
1774268533.524,1774268533.5240862,safe,0.799235759982015,0.799235759982015,0.20076424001798504,NORMAL,Stress level is low (EMA=0.22),0.0013101976364850998,0.1621720790863037,0.8358997106552124,0.0006178991170600057,1.0,0.0,0.0,0.0,238.0,1.0,0.0
1774268533.575,1774268533.575461,safe,0.7944961434834963,0.7944961434834963,0.20550385651650369,NORMAL,Stress level is low (EMA=0.21),0.0009089380619116127,0.1428249180316925,0.8557581901550293,0.0005077993264421821,1.0,0.0,0.0,0.0,238.0,1.0,0.0
1774268533.626,1774268533.62597,safe,0.8080804936673567,0.8080804936673567,0.19191950633264332,NORMAL,Stress level is low (EMA=0.21),0.005276330281049013,0.19505897164344788,0.7989704608917236,0.0006940673338249326,1.0,0.0,0.0,0.0,238.0,1.0,0.0
1774268533.677,1774268533.6766021,safe,0.8183507560370069,0.8183507560370069,0.18164924396299315,NORMAL,Stress level is low (EMA=0.20),0.00777819799259305,0.2353498935699463,0.7560370564460754,0.000834744656458497,1.0,0.0,0.0,0.0,238.0,1.0,0.0
1774268533.727,1774268533.7272282,safe,0.808397025444392,0.808397025444392,0.191602974555608,NORMAL,Stress level is low (EMA=0.20),0.007446207571774721,0.194208025932312,0.7971498966217041,0.0011957946699112654,1.0,0.0,0.0,0.0,238.0,1.0,0.0
1774268533.778,1774268533.7775981,safe,0.7942953086015226,0.7942953086015226,0.20570469139847739,NORMAL,Stress level is low (EMA=0.20),0.0060339197516441345,0.13686314225196838,0.8561097383499146,0.0009930819505825639,1.0,0.0,0.0,0.0,237.0,1.0,0.0
1774268533.828,1774268533.8275118,safe,0.8250364761448677,0.8250364761448677,0.17496352385513222,NORMAL,Stress level is low (EMA=0.19),0.006237016059458256,0.264748215675354,0.7281282544136047,0.000886361813172698,1.0,0.0,0.0,0.0,237.0,1.0,0.0
1774268533.878,1774268533.878159,safe,0.8619683254804134,0.8619683254804134,0.13803167451958662,NORMAL,Stress level is low (EMA=0.18),0.004945026710629463,0.4199228882789612,0.5743150115013123,0.0008169088396243751,1.0,0.0,0.0,0.0,237.0,1.0,0.0
1774268533.930,1774268533.9301703,safe,0.8272993411204599,0.8272993411204599,0.17270065887954014,NORMAL,Stress level is low (EMA=0.18),0.003257439471781254,0.27715641260147095,0.718987226486206,0.0005987995536997914,1.0,0.0,0.0,0.0,237.0,1.0,0.0
1774268533.979,1774268533.9792368,safe,0.8038050062898591,0.8038050062898591,0.19619499371014096,NORMAL,Stress level is low (EMA=0.18),0.0021362018305808306,0.18038462102413177,0.8169515132904053,0.0005275918520055711,1.0,0.0,0.0,0.0,237.0,1.0,0.0
1774268534.029,1774268534.0290568,safe,0.7885218602872828,0.7885218602872828,0.2114781397127172,NORMAL,Stress level is low (EMA=0.19),0.0014416795456781983,0.11739937216043472,0.8807278871536255,0.0004309914947953075,1.0,0.0,0.0,0.0,237.0,1.0,0.0
1774268534.079,1774268534.0790231,safe,0.7840653306716369,0.7840653306716369,0.21593466932836314,NORMAL,Stress level is low (EMA=0.20),0.008644637651741505,0.09162753820419312,0.8988316059112549,0.0008961415733210742,1.0,0.0,0.0,0.0,237.0,1.0,0.0
1774268534.131,1774268534.1307385,safe,0.8142096013462526,0.8142096013462526,0.18579039865374736,NORMAL,Stress level is low (EMA=0.19),0.009122049435973167,0.21675123274326324,0.7731893658638,0.0009372459608130157,1.0,0.0,0.0,0.0,237.0,1.0,0.0
1774268534.179,1774268534.1792202,safe,0.8543224677461418,0.8543224677461418,0.14567753225385813,NORMAL,Stress level is low (EMA=0.18),0.013984804973006248,0.3790254294872284,0.6059058308601379,0.0010838594753295183,1.0,0.0,0.0,0.0,237.0,1.0,0.0
1774268534.230,1774268534.2302103,safe,0.8213185525450055,0.8213185525450055,0.17868144745499448,NORMAL,Stress level is low (EMA=0.18),0.009092405438423157,0.24640148878097534,0.741330623626709,0.003175347112119198,1.0,0.0,0.0,0.0,237.0,1.0,0.0
1774268534.280,1774268534.2799923,safe,0.7998575770611782,0.7998575770611782,0.20014242293882178,NORMAL,Stress level is low (EMA=0.19),0.005910129752010107,0.16016307473182678,0.828402042388916,0.00552468653768301,1.0,0.0,0.0,0.0,237.0,1.0,0.0
1774268534.332,1774268534.3322778,safe,0.7859608356615203,0.7859608356615203,0.21403916433847978,NORMAL,Stress level is low (EMA=0.19),0.003842674195766449,0.10432747006416321,0.8810051679611206,0.010824678465723991,1.0,0.0,0.0,0.0,237.0,1.0,0.0
1774268534.382,1774268534.3815463,safe,0.777035294019409,0.777035294019409,0.22296470598059104,NORMAL,Stress level is low (EMA=0.20),0.0025104794185608625,0.06846991181373596,0.8372879028320312,0.09173170477151871,1.0,0.0,0.0,0.0,237.0,1.0,0.0
1774268534.432,1774268534.4324403,safe,0.7712555187691461,0.7712555187691461,0.2287444812308539,NORMAL,Stress level is low (EMA=0.21),0.0016980641521513462,0.045199915766716,0.8753998279571533,0.07770215719938278,1.0,0.0,0.0,0.0,237.0,1.0,0.0
1774268534.482,1774268534.482089,safe,0.7686905684356253,0.7686905684356253,0.23130943156437464,NORMAL,Stress level is low (EMA=0.22),0.0014366868417710066,0.03477398306131363,0.9130068421363831,0.05078241229057312,1.0,0.0,0.0,0.0,237.0,1.0,0.0
1774268534.532,1774268534.5318081,safe,0.7685459730179987,0.7685459730179987,0.23145402698200135,NORMAL,Stress level is low (EMA=0.22),0.0024179129395633936,0.033190272748470306,0.9310197830200195,0.0333719477057457,1.0,0.0,0.0,0.0,237.0,1.0,0.0
1774268534.583,1774268534.582492,safe,0.7766880977993014,0.7766880977993014,0.2233119022006986,NORMAL,Stress level is low (EMA=0.22),0.002273328136652708,0.06726037710905075,0.9069741368293762,0.023492077365517616,1.0,0.0,0.0,0.0,237.0,1.0,0.0
1774268534.634,1774268534.6339316,safe,0.7721366435206483,0.7721366435206483,0.22786335647935171,NORMAL,Stress level is low (EMA=0.22),0.0017415976617485285,0.048827726393938065,0.933729887008667,0.01570073328912258,1.0,0.0,0.0,0.0,237.0,1.0,0.0
1774268534.692,1774268534.691533,safe,0.772246125591482,0.772246125591482,0.22775387440851805,NORMAL,Stress level is low (EMA=0.22),0.003638679627329111,0.047386810183525085,0.9381709694862366,0.01080346293747425,1.0,0.0,0.0,0.0,237.0,1.0,0.0
1774268534.747,1774268534.7468905,safe,0.7831775441334059,0.7831775441334059,0.21682245586659407,NORMAL,Stress level is low (EMA=0.22),0.005638429895043373,0.0909346416592598,0.8950952291488647,0.00833163596689701,1.0,0.0,0.0,0.0,264.0,1.0,0.0
1774268534.794,1774268534.7941225,safe,0.7939042682934933,0.7939042682934933,0.2060957317065067,NORMAL,Stress level is low (EMA=0.22),0.0048911552876234055,0.13637660443782806,0.8523715734481812,0.006360615603625774,1.0,0.0,0.0,0.0,264.0,1.0,0.0
1774268534.842,1774268534.842326,safe,0.7907458442347173,0.7907458442347173,0.2092541557652827,NORMAL,Stress level is low (EMA=0.22),0.003955781925469637,0.12415188550949097,0.8674569725990295,0.00443532457575202,1.0,0.0,0.0,0.0,264.0,1.0,0.0
1774268534.890,1774268534.8899279,safe,0.7961895120273814,0.7961895120273814,0.20381048797261864,NORMAL,Stress level is low (EMA=0.21),0.004183923825621605,0.14660567045211792,0.84559166431427,0.0036186615470796824,1.0,0.0,0.0,0.0,264.0,1.0,0.0
1774268534.941,1774268534.941328,safe,0.8003968944946068,0.8003968944946068,0.19960310550539317,NORMAL,Stress level is low (EMA=0.21),0.003392695914953947,0.1649276614189148,0.8286852836608887,0.002994286362081766,1.0,0.0,0.0,0.0,264.0,1.0,0.0
1774268534.989,1774268534.988718,safe,0.8134695306498335,0.8134695306498335,0.18653046935016648,NORMAL,Stress level is low (EMA=0.20),0.003036811947822571,0.21975284814834595,0.773837149143219,0.0033730953000485897,1.0,0.0,0.0,0.0,264.0,1.0,0.0
1774268535.039,1774268535.0386562,safe,0.8057163574340569,0.8057163574340569,0.19428364256594308,NORMAL,Stress level is low (EMA=0.20),0.002607401693239808,0.187877357006073,0.8062484860420227,0.0032666309271007776,1.0,0.0,0.0,0.0,264.0,1.0,0.0
1774268535.089,1774268535.0888095,safe,0.812826153628826,0.812826153628826,0.18717384637117396,NORMAL,Stress level is low (EMA=0.20),0.0023921916726976633,0.21771672368049622,0.7760938405990601,0.0037971348501741886,1.0,0.0,0.0,0.0,264.0,1.0,0.0
1774268535.139,1774268535.1387463,safe,0.8321195266863823,0.8321195266863823,0.16788047331361763,NORMAL,Stress level is low (EMA=0.19),0.0029512839391827583,0.2975466847419739,0.6928088068962097,0.0066931224428117275,1.0,0.0,0.0,0.0,264.0,1.0,0.0
1774268535.190,1774268535.1901073,safe,0.8589916022738853,0.8589916022738853,0.14100839772611473,NORMAL,Stress level is low (EMA=0.17),0.002556344261392951,0.40990859270095825,0.576346755027771,0.011188196018338203,1.0,0.0,0.0,0.0,264.0,1.0,0.0
1774268535.241,1774268535.2407055,safe,0.828641438014636,0.828641438014636,0.17135856198536403,NORMAL,Stress level is low (EMA=0.17),0.0062345783226192,0.2797713577747345,0.7031320929527283,0.010861873626708984,1.0,0.0,0.0,0.0,264.0,1.0,0.0
1774268535.292,1774268535.2921772,safe,0.806913849940881,0.806913849940881,0.19308615005911897,NORMAL,Stress level is low (EMA=0.18),0.004292808938771486,0.19118152558803558,0.7973614931106567,0.0071640945971012115,1.0,0.0,0.0,0.0,264.0,1.0,0.0
1774268535.343,1774268535.343398,safe,0.8196900949472996,0.8196900949472996,0.18030990505270045,NORMAL,Stress level is low (EMA=0.18),0.0035337014123797417,0.24517500400543213,0.7442377209663391,0.007053530775010586,1.0,0.0,0.0,0.0,264.0,1.0,0.0
1774268535.393,1774268535.3932106,safe,0.8290898843373559,0.8290898843373559,0.17091011566264416,NORMAL,Stress level is low (EMA=0.18),0.00253463676199317,0.2853398621082306,0.7060967683792114,0.0060286992229521275,1.0,0.0,0.0,0.0,264.0,1.0,0.0
1774268535.443,1774268535.44343,safe,0.8715311417984437,0.8715311417984437,0.12846885820155624,NORMAL,Stress level is low (EMA=0.16),0.002466117963194847,0.46224698424339294,0.5290311574935913,0.006255757063627243,1.0,0.0,0.0,0.0,264.0,1.0,0.0
1774268535.494,1774268535.4939847,safe,0.9033496523144036,0.9033496523144036,0.0966503476855964,NORMAL,Stress level is low (EMA=0.14),0.004454207606613636,0.5928360223770142,0.3958929777145386,0.006816808134317398,1.0,0.0,0.0,0.0,264.0,1.0,0.0
1774268535.543,1774268535.5433023,safe,0.8651313051306839,0.8651313051306839,0.13486869486931613,NORMAL,Stress level is low (EMA=0.14),0.0048814453184604645,0.43316563963890076,0.5084617137908936,0.053491171449422836,1.0,0.0,0.0,0.0,264.0,1.0,0.0
1774268535.594,1774268535.5938122,safe,0.8464070044710483,0.8464070044710483,0.15359299552895173,NORMAL,Stress level is low (EMA=0.14),0.012345901690423489,0.34768325090408325,0.5947636365890503,0.04520715773105621,1.0,0.0,0.0,0.0,264.0,1.0,0.0
1774268535.644,1774268535.6443484,safe,0.8354937464326456,0.8354937464326456,0.16450625356735438,NORMAL,Stress level is low (EMA=0.15),0.01934959553182125,0.2952076494693756,0.6511604189872742,0.03428228199481964,1.0,0.0,0.0,0.0,264.0,1.0,0.0
1774268535.695,1774268535.6945326,safe,0.8167326886245234,0.8167326886245234,0.18326731137547664,NORMAL,Stress level is low (EMA=0.16),0.019222185015678406,0.21716396510601044,0.7290873527526855,0.03452640026807785,1.0,0.0,0.0,0.0,264.0,1.0,0.0
1774268535.746,1774268535.7457385,safe,0.8235302950529886,0.8235302950529886,0.17646970494701142,NORMAL,Stress level is low (EMA=0.17),0.02313457801938057,0.2415749430656433,0.7050166130065918,0.030273791402578354,1.0,0.0,0.0,0.0,281.0,1.0,0.0
1774268535.796,1774268535.7964191,safe,0.8453571991696989,0.8453571991696989,0.1546428008303011,NORMAL,Stress level is low (EMA=0.16),0.03277096897363663,0.3228839635848999,0.6202875971794128,0.02405736595392227,1.0,0.0,0.0,0.0,281.0,1.0,0.0
1774268535.846,1774268535.8459601,safe,0.8416949769127205,0.8416949769127205,0.15830502308727945,NORMAL,Stress level is low (EMA=0.16),0.07245366275310516,0.26794201135635376,0.6274070143699646,0.03219720721244812,1.0,0.0,0.0,0.0,281.0,1.0,0.0
1774268535.897,1774268535.8974407,safe,0.8391342984240642,0.8391342984240642,0.16086570157593585,NORMAL,Stress level is low (EMA=0.16),0.05040033906698227,0.27932581305503845,0.6254696846008301,0.044804010540246964,1.0,0.0,0.0,0.0,281.0,1.0,0.0
1774268535.947,1774268535.9474797,safe,0.8366348079194537,0.8366348079194537,0.1633651920805463,NORMAL,Stress level is low (EMA=0.16),0.033700648695230484,0.28561097383499146,0.4816071391105652,0.19908110797405243,1.0,0.0,0.0,0.0,281.0,1.0,0.0
1774268535.999,1774268535.9991143,safe,0.8262060257617156,0.8262060257617156,0.17379397423828435,NORMAL,Stress level is low (EMA=0.17),0.02199283428490162,0.2538655400276184,0.33554962277412415,0.3885918855667114,1.0,0.0,0.0,0.0,281.0,1.0,0.0
1774268536.048,1774268536.0483832,safe,0.8450656141915365,0.8450656141915365,0.15493438580846355,NORMAL,Stress level is low (EMA=0.16),0.01466730423271656,0.33977270126342773,0.32009467482566833,0.32546523213386536,1.0,0.0,0.0,0.0,281.0,1.0,0.0
1774268536.098,1774268536.0983539,safe,0.8214311977730298,0.8214311977730298,0.1785688022269702,NORMAL,Stress level is low (EMA=0.17),0.011995525099337101,0.24396774172782898,0.5043144822120667,0.2397221475839615,1.0,0.0,0.0,0.0,281.0,1.0,0.0
1774268536.149,1774268536.1487925,safe,0.8511120279692651,0.8511120279692651,0.14888797203073487,NORMAL,Stress level is low (EMA=0.16),0.008117756806313992,0.3715156316757202,0.38347887992858887,0.2368876338005066,1.0,0.0,0.0,0.0,281.0,1.0,0.0
1774268536.200,1774268536.1998997,safe,0.8298021340058378,0.8298021340058378,0.17019786599416223,NORMAL,Stress level is low (EMA=0.16),0.006721691228449345,0.28412050008773804,0.5022939443588257,0.20686380565166473,1.0,0.0,0.0,0.0,281.0,1.0,0.0
1774268536.251,1774268536.2508073,safe,0.8633190580694248,0.8633190580694248,0.1366809419305752,NORMAL,Stress level is low (EMA=0.16),0.009355303831398487,0.42114073038101196,0.41638055443763733,0.15312334895133972,1.0,0.0,0.0,0.0,281.0,1.0,0.0
1774268536.301,1774268536.3013613,safe,0.9082873274377703,0.9082873274377703,0.09171267256222973,NORMAL,Stress level is low (EMA=0.14),0.018335826694965363,0.5995280146598816,0.27516451478004456,0.1069716140627861,1.0,0.0,0.0,0.0,281.0,1.0,0.0
1774268536.352,1774268536.3520486,safe,0.9227518936270446,0.9227518936270446,0.07724810637295543,NORMAL,Stress level is low (EMA=0.12),0.027042409405112267,0.6510904431343079,0.23900768160820007,0.08285941928625107,1.0,0.0,0.0,0.0,281.0,1.0,0.0
1774268536.403,1774268536.402675,safe,0.9496016736385768,0.9496016736385768,0.050398326361423135,NORMAL,Stress level is low (EMA=0.10),0.017799129709601402,0.7722077965736389,0.1554468870162964,0.05454613268375397,1.0,0.0,0.0,0.0,281.0,1.0,0.0
1774268536.453,1774268536.4534128,safe,0.9630459976938467,0.9630459976938467,0.036954002306153366,NORMAL,Stress level is low (EMA=0.08),0.011893917806446552,0.8341310024261475,0.1047278642654419,0.0492471382021904,1.0,0.0,0.0,0.0,281.0,1.0,0.0
1774268536.504,1774268536.5040052,safe,0.9198737551068584,0.9198737551068584,0.08012624489314157,NORMAL,Stress level is low (EMA=0.08),0.007969769649207592,0.6581708192825317,0.12673057615756989,0.20712876319885254,1.0,0.0,0.0,0.0,281.0,1.0,0.0
1774268536.554,1774268536.55442,safe,0.8903598881889236,0.8903598881889236,0.10964011181107639,NORMAL,Stress level is low (EMA=0.09),0.012962151318788528,0.5302039980888367,0.1853264570236206,0.2715073227882385,1.0,0.0,0.0,0.0,281.0,1.0,0.0
1774268536.606,1774268536.6057327,safe,0.882075149051406,0.882075149051406,0.11792485094859395,NORMAL,Stress level is low (EMA=0.10),0.008524678647518158,0.5001217126846313,0.12105948477983475,0.3702940344810486,1.0,0.0,0.0,0.0,281.0,1.0,0.0
1774268536.656,1774268536.6555495,safe,0.8562856216532027,0.8562856216532027,0.14371437834679732,NORMAL,Stress level is low (EMA=0.11),0.005714025814086199,0.3954760432243347,0.08060187101364136,0.5182080268859863,1.0,0.0,0.0,0.0,281.0,1.0,0.0
1774268536.706,1774268536.7058299,safe,0.8773050080735174,0.8773050080735174,0.12269499192648255,NORMAL,Stress level is low (EMA=0.11),0.006508746184408665,0.4822620749473572,0.1094362884759903,0.40179282426834106,1.0,0.0,0.0,0.0,281.0,1.0,0.0
1774268536.758,1774268536.7575846,safe,0.9196159428014704,0.9196159428014704,0.08038405719852959,NORMAL,Stress level is low (EMA=0.10),0.004673071205615997,0.660393238067627,0.07282497733831406,0.26210856437683105,1.0,0.0,0.0,0.0,291.0,1.0,0.0
1774268536.809,1774268536.8085895,safe,0.9214304811349388,0.9214304811349388,0.07856951886506125,NORMAL,Stress level is low (EMA=0.10),0.010537546128034592,0.6620893478393555,0.1102665364742279,0.217106431722641,1.0,0.0,0.0,0.0,291.0,1.0,0.0
1774268536.859,1774268536.858752,safe,0.900160345743201,0.900160345743201,0.09983965425679903,NORMAL,Stress level is low (EMA=0.10),0.10496434569358826,0.47903701663017273,0.2303895801305771,0.18560895323753357,1.0,0.0,0.0,0.0,291.0,1.0,0.0
1774268536.910,1774268536.909631,safe,0.8778746987944267,0.8778746987944267,0.12212530120557331,NORMAL,Stress level is low (EMA=0.10),0.10015740245580673,0.3909870982170105,0.23197196424007416,0.27688342332839966,1.0,0.0,0.0,0.0,291.0,1.0,0.0
1774268536.961,1774268536.9605742,safe,0.8448884866912908,0.8448884866912908,0.1551115133087092,NORMAL,Stress level is low (EMA=0.12),0.0767044872045517,0.27699747681617737,0.3127901554107666,0.333507776260376,1.0,0.0,0.0,0.0,291.0,1.0,0.0
1774268537.011,1774268537.0113056,safe,0.8707702139708591,0.8707702139708591,0.1292297860291409,NORMAL,Stress level is low (EMA=0.12),0.05613717436790466,0.40540528297424316,0.23295831680297852,0.3054990768432617,1.0,0.0,0.0,0.0,291.0,1.0,0.0
1774268537.037,1774268537.0368905,safe,0.8707702139708591,0.8707702139708591,0.1292297860291409,NORMAL,Stress level is low (EMA=0.12),0.05613717436790466,0.40540528297424316,0.23295831680297852,0.3054990768432617,1.0,0.0,0.0,0.0,291.0,1.0,0.0
1774268537.116,1774268537.1162205,safe,0.9156816202004031,0.9156816202004031,0.08431837979959687,NORMAL,Stress level is low (EMA=0.11),0.039061445742845535,0.6096118688583374,0.15243202447891235,0.19889453053474426,1.0,0.0,0.0,0.0,291.0,1.0,0.0
1774268537.184,1774268537.1835344,safe,0.9423415462229348,0.9423415462229348,0.0576584537770653,NORMAL,Stress level is low (EMA=0.10),0.027609162032604218,0.732147216796875,0.10505688935518265,0.13518665730953217,1.0,0.0,0.0,0.0,291.0,1.0,0.0
1774268537.233,1774268537.232831,safe,0.962424022344007,0.962424022344007,0.03757597765599299,NORMAL,Stress level is low (EMA=0.08),0.019436515867710114,0.8239967823028564,0.06854170560836792,0.08802485466003418,1.0,0.0,0.0,0.0,291.0,1.0,0.0
1774268537.280,1774268537.2802773,safe,0.9738338045137525,0.9738338045137525,0.026166195486247563,NORMAL,Stress level is low (EMA=0.06),0.030862657353281975,0.8601113557815552,0.0496668703854084,0.059358932077884674,1.0,0.0,0.0,0.0,291.0,1.0,0.0
1774268537.331,1774268537.3308396,safe,0.9818410656006431,0.9818410656006431,0.018158934399356907,NORMAL,Stress level is low (EMA=0.05),0.03157000243663788,0.8927676677703857,0.03478129208087921,0.04088092967867851,1.0,0.0,0.0,0.0,291.0,1.0,0.0
1774268537.379,1774268537.3793426,safe,0.9820859547691689,0.9820859547691689,0.017914045230831045,NORMAL,Stress level is low (EMA=0.04),0.10361655056476593,0.82174152135849,0.044344186782836914,0.030297664925456047,1.0,0.0,0.0,0.0,291.0,1.0,0.0
1774268537.427,1774268537.427374,safe,0.9382203667490305,0.9382203667490305,0.061779633250969426,NORMAL,Stress level is low (EMA=0.05),0.11213546246290207,0.6304492950439453,0.2327626347541809,0.02465248480439186,1.0,0.0,0.0,0.0,291.0,1.0,0.0
1774268537.477,1774268537.4768727,safe,0.9583535372193452,0.9583535372193452,0.041646462780654814,NORMAL,Stress level is low (EMA=0.05),0.07709237188100815,0.7493806481361389,0.15665704011917114,0.016869882121682167,1.0,0.0,0.0,0.0,291.0,1.0,0.0
1774268537.526,1774268537.525854,safe,0.9728852083182159,0.9728852083182159,0.027114791681784087,NORMAL,Stress level is low (EMA=0.04),0.05194541811943054,0.8350762128829956,0.10190076380968094,0.01107752975076437,1.0,0.0,0.0,0.0,291.0,1.0,0.0
1774268537.573,1774268537.5732942,safe,0.9806809663602719,0.9806809663602719,0.01931903363972815,NORMAL,Stress level is low (EMA=0.03),0.11493146419525146,0.8045724630355835,0.07141870260238647,0.009077265858650208,1.0,0.0,0.0,0.0,291.0,1.0,0.0
1774268537.622,1774268537.6220603,safe,0.9725787204854125,0.9725787204854125,0.02742127951458751,NORMAL,Stress level is low (EMA=0.03),0.19125257432460785,0.694491982460022,0.10646013170480728,0.007795191369950771,1.0,0.0,0.0,0.0,291.0,1.0,0.0
1774268537.645,1774268537.644864,safe,0.9725787204854125,0.9725787204854125,0.02742127951458751,NORMAL,Stress level is low (EMA=0.03),0.19125257432460785,0.694491982460022,0.10646013170480728,0.007795191369950771,1.0,0.0,0.0,0.0,291.0,1.0,0.0
1774268537.689,1774268537.6893952,safe,0.9725787204854125,0.9725787204854125,0.02742127951458751,NORMAL,Stress level is low (EMA=0.03),0.19125257432460785,0.694491982460022,0.10646013170480728,0.007795191369950771,1.0,0.0,0.0,0.0,291.0,1.0,0.0
1774268537.748,1774268537.7481966,safe,0.9725787204854125,0.9725787204854125,0.02742127951458751,NORMAL,Stress level is low (EMA=0.03),0.19125257432460785,0.694491982460022,0.10646013170480728,0.007795191369950771,1.0,0.0,0.0,0.0,271.0,1.0,0.0
1774268537.790,1774268537.7896326,safe,0.9725787204854125,0.9725787204854125,0.02742127951458751,NORMAL,Stress level is low (EMA=0.03),0.19125257432460785,0.694491982460022,0.10646013170480728,0.007795191369950771,1.0,0.0,0.0,0.0,271.0,1.0,0.0
1774268537.841,1774268537.8407075,safe,0.9725787204854125,0.9725787204854125,0.02742127951458751,NORMAL,Stress level is low (EMA=0.03),0.19125257432460785,0.694491982460022,0.10646013170480728,0.007795191369950771,1.0,0.0,0.0,0.0,271.0,1.0,0.0
1774268537.891,1774268537.891292,safe,0.9725787204854125,0.9725787204854125,0.02742127951458751,NORMAL,Stress level is low (EMA=0.03),0.19125257432460785,0.694491982460022,0.10646013170480728,0.007795191369950771,1.0,0.0,0.0,0.0,271.0,1.0,0.0
1774268537.942,1774268537.9421022,safe,0.9725787204854125,0.9725787204854125,0.02742127951458751,NORMAL,Stress level is low (EMA=0.03),0.19125257432460785,0.694491982460022,0.10646013170480728,0.007795191369950771,1.0,0.0,0.0,0.0,271.0,1.0,0.0
1774268537.993,1774268537.9933574,safe,0.9725787204854125,0.9725787204854125,0.02742127951458751,NORMAL,Stress level is low (EMA=0.03),0.19125257432460785,0.694491982460022,0.10646013170480728,0.007795191369950771,1.0,0.0,0.0,0.0,271.0,1.0,0.0
1774268538.043,1774268538.0428886,safe,0.9725787204854125,0.9725787204854125,0.02742127951458751,NORMAL,Stress level is low (EMA=0.03),0.19125257432460785,0.694491982460022,0.10646013170480728,0.007795191369950771,1.0,0.0,0.0,0.0,271.0,1.0,0.0
1774268538.093,1774268538.0931144,safe,0.9725787204854125,0.9725787204854125,0.02742127951458751,NORMAL,Stress level is low (EMA=0.03),0.19125257432460785,0.694491982460022,0.10646013170480728,0.007795191369950771,1.0,0.0,0.0,0.0,271.0,1.0,0.0
1774268538.144,1774268538.1435244,safe,0.9725787204854125,0.9725787204854125,0.02742127951458751,NORMAL,Stress level is low (EMA=0.03),0.19125257432460785,0.694491982460022,0.10646013170480728,0.007795191369950771,1.0,0.0,0.0,0.0,271.0,1.0,0.0
1774268538.194,1774268538.19419,safe,0.9725787204854125,0.9725787204854125,0.02742127951458751,NORMAL,Stress level is low (EMA=0.03),0.19125257432460785,0.694491982460022,0.10646013170480728,0.007795191369950771,1.0,0.0,0.0,0.0,271.0,1.0,0.0
1774268538.245,1774268538.2450943,safe,0.9725787204854125,0.9725787204854125,0.02742127951458751,NORMAL,Stress level is low (EMA=0.03),0.19125257432460785,0.694491982460022,0.10646013170480728,0.007795191369950771,1.0,0.0,0.0,0.0,271.0,1.0,0.0
1774268538.294,1774268538.294354,safe,0.9725787204854125,0.9725787204854125,0.02742127951458751,NORMAL,Stress level is low (EMA=0.03),0.19125257432460785,0.694491982460022,0.10646013170480728,0.007795191369950771,1.0,0.0,0.0,0.0,271.0,1.0,0.0
1774268538.346,1774268538.3459687,safe,0.9725787204854125,0.9725787204854125,0.02742127951458751,NORMAL,Stress level is low (EMA=0.03),0.19125257432460785,0.694491982460022,0.10646013170480728,0.007795191369950771,1.0,0.0,0.0,0.0,271.0,1.0,0.0
1774268538.427,1774268538.4270113,safe,0.9071167980524187,0.9071167980524187,0.09288320194758129,NORMAL,Stress level is low (EMA=0.05),0.12808074057102203,0.48490583896636963,0.37928882241249084,0.007724495138972998,1.0,0.0,0.0,0.0,271.0,1.0,0.0
1774268538.500,1774268538.4995847,safe,0.9306227762142819,0.9306227762142819,0.06937722378571805,NORMAL,Stress level is low (EMA=0.05),0.38894081115722656,0.3219873607158661,0.2791236639022827,0.00994808878749609,1.0,0.0,0.0,0.0,271.0,1.0,0.0
1774268538.548,1774268538.5477629,safe,0.9548181579961932,0.9548181579961932,0.04518184200380681,NORMAL,Stress level is low (EMA=0.05),0.6023404598236084,0.20940175652503967,0.18161451816558838,0.006643143016844988,1.0,0.0,0.0,0.0,271.0,1.0,0.0
1774268538.569,1774268538.5690088,safe,0.9548181579961932,0.9548181579961932,0.04518184200380681,NORMAL,Stress level is low (EMA=0.05),0.6023404598236084,0.20940175652503967,0.18161451816558838,0.006643143016844988,1.0,0.0,0.0,0.0,271.0,1.0,0.0
1774268538.631,1774268538.6308644,safe,0.9643115280629319,0.9643115280629319,0.03568847193706811,NORMAL,Stress level is low (EMA=0.05),0.7092388868331909,0.1420591026544571,0.13046635687351227,0.01823560521006584,1.0,0.0,0.0,0.0,271.0,1.0,0.0
1774268538.698,1774268538.6979601,safe,0.9713008598736159,0.9713008598736159,0.028699140126384082,NORMAL,Stress level is low (EMA=0.04),0.5295584797859192,0.35086172819137573,0.1060466393828392,0.013533107936382294,1.0,0.0,0.0,0.0,271.0,1.0,0.0
1774268538.748,1774268538.748037,safe,0.9800583992325914,0.9800583992325914,0.01994160076740864,NORMAL,Stress level is low (EMA=0.03),0.6741182804107666,0.24279165267944336,0.07328251749277115,0.009807482361793518,1.0,0.0,0.0,0.0,305.0,1.0,0.0
1774268538.796,1774268538.7958999,safe,0.9755871923876617,0.9755871923876617,0.024412807612338373,NORMAL,Stress level is low (EMA=0.03),0.5977001786231995,0.3005797266960144,0.08974108099937439,0.01197894662618637,1.0,0.0,0.0,0.0,305.0,1.0,0.0
1774268538.844,1774268538.8434901,safe,0.9561826920929866,0.9561826920929866,0.04381730790701338,NORMAL,Stress level is low (EMA=0.04),0.49993765354156494,0.3174901306629181,0.14964234828948975,0.03292975574731827,1.0,0.0,0.0,0.0,305.0,1.0,0.0
1774268538.890,1774268538.8899107,safe,0.9573112743361908,0.9573112743361908,0.042688725663809234,NORMAL,Stress level is low (EMA=0.04),0.41555261611938477,0.40657758712768555,0.1460886299610138,0.03178104758262634,1.0,0.0,0.0,0.0,305.0,1.0,0.0
1774268538.940,1774268538.940016,safe,0.9718471805318548,0.9718471805318548,0.028152819468145136,NORMAL,Stress level is low (EMA=0.03),0.6005949974060059,0.28210151195526123,0.09649568796157837,0.020807720720767975,1.0,0.0,0.0,0.0,305.0,1.0,0.0
1774268538.991,1774268538.9905362,safe,0.959146251493787,0.959146251493787,0.040853748506212983,NORMAL,Stress level is low (EMA=0.04),0.6099730730056763,0.2198028862476349,0.15165956318378448,0.01856437884271145,1.0,0.0,0.0,0.0,305.0,1.0,0.0
1774268539.038,1774268539.0384402,safe,0.971034610583615,0.971034610583615,0.028965389416385007,NORMAL,Stress level is low (EMA=0.03),0.7119908928871155,0.1673198938369751,0.1083655059337616,0.012323609553277493,1.0,0.0,0.0,0.0,305.0,1.0,0.0
1774268539.084,1774268539.084383,safe,0.9697915953485022,0.9697915953485022,0.03020840465149779,NORMAL,Stress level is low (EMA=0.03),0.49395596981048584,0.3801755905151367,0.11550462245941162,0.010363723151385784,1.0,0.0,0.0,0.0,305.0,1.0,0.0
1774268539.131,1774268539.1313686,safe,0.9803052182776201,0.9803052182776201,0.01969478172237988,NORMAL,Stress level is low (EMA=0.03),0.5834654569625854,0.3344728648662567,0.07529275864362717,0.006768827326595783,1.0,0.0,0.0,0.0,305.0,1.0,0.0
1774268539.183,1774268539.1824996,safe,0.9865651401849698,0.9865651401849698,0.013434859815030238,NORMAL,Stress level is low (EMA=0.02),0.402267187833786,0.5417541265487671,0.05151607096195221,0.0044625080190598965,1.0,0.0,0.0,0.0,305.0,1.0,0.0
1774268539.231,1774268539.2313364,safe,0.9589952417476717,0.9589952417476717,0.041004758252328286,NORMAL,Stress level is low (EMA=0.03),0.35093560814857483,0.4782111346721649,0.16522307693958282,0.005630071274936199,1.0,0.0,0.0,0.0,305.0,1.0,0.0
1774268539.283,1774268539.2825673,safe,0.9733075329489507,0.9733075329489507,0.026692467051049336,NORMAL,Stress level is low (EMA=0.03),0.5611224174499512,0.32765883207321167,0.107511967420578,0.0037066354416310787,1.0,0.0,0.0,0.0,305.0,1.0,0.0
1774268539.332,1774268539.331833,safe,0.9786790862152894,0.9786790862152894,0.021320913784710557,NORMAL,Stress level is low (EMA=0.03),0.6215279698371887,0.2896347641944885,0.08617232739925385,0.0026648063212633133,1.0,0.0,0.0,0.0,305.0,1.0,0.0
1774268539.383,1774268539.383018,safe,0.9861207704412418,0.9861207704412418,0.01387922955875817,NORMAL,Stress level is low (EMA=0.02),0.7411701679229736,0.20099958777427673,0.056060370057821274,0.0017697487492114305,1.0,0.0,0.0,0.0,305.0,1.0,0.0
1774268539.434,1774268539.4337773,safe,0.9909697700876774,0.9909697700876774,0.009030229912322595,NORMAL,Stress level is low (EMA=0.02),0.813126802444458,0.1492471694946289,0.03644933924078941,0.001176617108285427,1.0,0.0,0.0,0.0,305.0,1.0,0.0
1774268539.484,1774268539.4841208,safe,0.9941193259378274,0.9941193259378274,0.00588067406217261,NORMAL,Stress level is low (EMA=0.01),0.8692440986633301,0.1062529981136322,0.023700440302491188,0.0008023668779060245,1.0,0.0,0.0,0.0,305.0,1.0,0.0
1774268539.534,1774268539.5341668,safe,0.9961752472139639,0.9961752472139639,0.0038247527860361197,NORMAL,Stress level is low (EMA=0.01),0.8863147497177124,0.09774869680404663,0.0154121657833457,0.0005243033519946039,1.0,0.0,0.0,0.0,305.0,1.0,0.0
1774268539.585,1774268539.5846922,safe,0.9975124858818964,0.9975124858818964,0.002487514118103553,NORMAL,Stress level is low (EMA=0.01),0.897840142250061,0.0917951837182045,0.010019433684647083,0.00034520827466621995,1.0,0.0,0.0,0.0,305.0,1.0,0.0
1774268539.634,1774268539.6340652,safe,0.9983708125396679,0.9983708125396679,0.0016291874603321093,NORMAL,Stress level is low (EMA=0.01),0.9273867607116699,0.06582492589950562,0.0065515837632119656,0.0002366971893934533,1.0,0.0,0.0,0.0,305.0,1.0,0.0
1774268539.685,1774268539.6853743,safe,0.9989041637239549,0.9989041637239549,0.0010958362760451386,NORMAL,Stress level is low (EMA=0.00),0.9359623193740845,0.059471603482961655,0.004378669895231724,0.00018731433374341577,1.0,0.0,0.0,0.0,305.0,1.0,0.0
1774268539.736,1774268539.7355366,safe,0.9451385921096044,0.9451385921096044,0.054861407890395654,NORMAL,Stress level is low (EMA=0.02),0.6958884596824646,0.07552222907543182,0.22163508832454681,0.006954093463718891,1.0,0.0,0.0,0.0,305.0,1.0,0.0
1774268539.796,1774268539.7956786,safe,0.8811599828287126,0.8811599828287126,0.11884001717128748,NORMAL,Stress level is low (EMA=0.05),0.45350176095962524,0.051331404596567154,0.4878951907157898,0.0072715068235993385,1.0,0.0,0.0,0.0,344.0,1.0,0.0
1774268539.852,1774268539.852347,safe,0.9227066017812408,0.9227066017812408,0.07729339821875927,NORMAL,Stress level is low (EMA=0.06),0.6443632245063782,0.033580854535102844,0.31724634766578674,0.00480945548042655,1.0,0.0,0.0,0.0,344.0,1.0,0.0
1774268539.905,1774268539.905365,safe,0.8687365763710608,0.8687365763710608,0.13126342362893917,NORMAL,Stress level is low (EMA=0.08),0.4210081100463867,0.03206091374158859,0.5406392216682434,0.006291688419878483,1.0,0.0,0.0,0.0,344.0,1.0,0.0
1774268539.957,1774268539.9572558,safe,0.8612978861916102,0.8612978861916102,0.13870211380838987,NORMAL,Stress level is low (EMA=0.10),0.31721022725105286,0.10486426204442978,0.56447434425354,0.013451110571622849,1.0,0.0,0.0,0.0,344.0,1.0,0.0
1774268540.008,1774268540.007561,safe,0.8945278277993376,0.8945278277993376,0.10547217220066239,NORMAL,Stress level is low (EMA=0.10),0.21317052841186523,0.34736204147338867,0.429665744304657,0.009801623411476612,1.0,0.0,0.0,0.0,344.0,1.0,0.0
1774268540.058,1774268540.0575888,safe,0.8582488785921032,0.8582488785921032,0.1417511214078968,NORMAL,Stress level is low (EMA=0.11),0.14349734783172607,0.26587292551994324,0.5806543827056885,0.009975260123610497,1.0,0.0,0.0,0.0,344.0,1.0,0.0
1774268540.104,1774268540.1042688,safe,0.8338196137030689,0.8338196137030689,0.1661803862969312,NORMAL,Stress level is low (EMA=0.13),0.10593307018280029,0.20164860785007477,0.6698382496833801,0.022579994052648544,1.0,0.0,0.0,0.0,344.0,1.0,0.0
1774268540.149,1774268540.1492493,safe,0.8740282503410164,0.8740282503410164,0.12597174965898356,NORMAL,Stress level is low (EMA=0.13),0.15042954683303833,0.3246881067752838,0.49569159746170044,0.02919066697359085,1.0,0.0,0.0,0.0,344.0,1.0,0.0
1774268540.196,1774268540.1963038,safe,0.91098058073925,0.91098058073925,0.08901941926074994,NORMAL,Stress level is low (EMA=0.12),0.09976090490818024,0.5293247699737549,0.35000163316726685,0.020912591367959976,1.0,0.0,0.0,0.0,344.0,1.0,0.0
1774268540.244,1774268540.244164,safe,0.9413815667423975,0.9413815667423975,0.0586184332576025,NORMAL,Stress level is low (EMA=0.10),0.06499069184064865,0.6907657384872437,0.23062750697135925,0.013615948148071766,1.0,0.0,0.0,0.0,344.0,1.0,0.0
1774268540.293,1774268540.2931058,safe,0.8839791179939136,0.8839791179939136,0.11602088200608639,NORMAL,Stress level is low (EMA=0.10),0.04273432493209839,0.4738452434539795,0.4645479917526245,0.01887231320142746,1.0,0.0,0.0,0.0,344.0,1.0,0.0
1774268540.344,1774268540.343999,safe,0.8461570195740487,0.8461570195740487,0.15384298042595135,NORMAL,Stress level is low (EMA=0.12),0.038889285176992416,0.32009825110435486,0.6278574466705322,0.013154943473637104,1.0,0.0,0.0,0.0,344.0,1.0,0.0
1774268540.395,1774268540.3945794,safe,0.8594317547682517,0.8594317547682517,0.1405682452317483,NORMAL,Stress level is low (EMA=0.13),0.0665302649140358,0.3477686643600464,0.5769002437591553,0.008800751529633999,1.0,0.0,0.0,0.0,344.0,1.0,0.0
1774268540.445,1774268540.4447877,safe,0.8534639756218586,0.8534639756218586,0.14653602437814142,NORMAL,Stress level is low (EMA=0.13),0.07005474716424942,0.31937843561172485,0.6040089726448059,0.006557767279446125,1.0,0.0,0.0,0.0,344.0,1.0,0.0
1774268540.495,1774268540.4951775,safe,0.9036625054634084,0.9036625054634084,0.09633749453659156,NORMAL,Stress level is low (EMA=0.12),0.28188538551330566,0.31670835614204407,0.3959985673427582,0.005407650023698807,1.0,0.0,0.0,0.0,344.0,1.0,0.0
1774268540.545,1774268540.5449598,safe,0.8555646652980744,0.8555646652980744,0.14443533470192557,NORMAL,Stress level is low (EMA=0.13),0.1848476082086563,0.2133384495973587,0.5407097935676575,0.061104074120521545,1.0,0.0,0.0,0.0,344.0,1.0,0.0
1774268540.595,1774268540.5948532,safe,0.8904912924561093,0.8904912924561093,0.10950870754389071,NORMAL,Stress level is low (EMA=0.12),0.33303821086883545,0.210675448179245,0.4148005247116089,0.0414857342839241,1.0,0.0,0.0,0.0,344.0,1.0,0.0
1774268540.646,1774268540.645546,safe,0.9286714149897,0.9286714149897,0.0713285850103,NORMAL,Stress level is low (EMA=0.11),0.56406569480896,0.13873173296451569,0.27016982436180115,0.027032583951950073,1.0,0.0,0.0,0.0,344.0,1.0,0.0
1774268540.696,1774268540.6961167,safe,0.8988733526877628,0.8988733526877628,0.10112664731223722,NORMAL,Stress level is low (EMA=0.11),0.3775613605976105,0.20107750594615936,0.386244535446167,0.03511646017432213,1.0,0.0,0.0,0.0,344.0,1.0,0.0
1774268540.747,1774268540.7472706,safe,0.9246895575039281,0.9246895575039281,0.07531044249607188,NORMAL,Stress level is low (EMA=0.10),0.4637290835380554,0.22247731685638428,0.2886560261249542,0.025137463584542274,1.0,0.0,0.0,0.0,674.0,1.0,0.0
1774268540.797,1774268540.797257,safe,0.9053508006073502,0.9053508006073502,0.09464919939264979,NORMAL,Stress level is low (EMA=0.10),0.36750495433807373,0.2381233274936676,0.3499999940395355,0.044371653348207474,1.0,0.0,0.0,0.0,674.0,1.0,0.0
1774268540.847,1774268540.8472972,safe,0.9029506382854181,0.9029506382854181,0.09704936171458187,NORMAL,Stress level is low (EMA=0.10),0.3424854874610901,0.2531421184539795,0.37141287326812744,0.03295945003628731,1.0,0.0,0.0,0.0,674.0,1.0,0.0
1774268540.899,1774268540.8989277,safe,0.9230006172284898,0.9230006172284898,0.07699938277151024,NORMAL,Stress level is low (EMA=0.09),0.3020997941493988,0.377069354057312,0.29040682315826416,0.03042391687631607,1.0,0.0,0.0,0.0,674.0,1.0,0.0
1774268540.950,1774268540.9496508,safe,0.9488124720913345,0.9488124720913345,0.05118752790866557,NORMAL,Stress level is low (EMA=0.08),0.19924648106098175,0.5874720811843872,0.18936333060264587,0.023918025195598602,1.0,0.0,0.0,0.0,674.0,1.0,0.0
1774268540.976,1774268540.9756327,safe,0.9488124720913345,0.9488124720913345,0.05118752790866557,NORMAL,Stress level is low (EMA=0.07),0.19924648106098175,0.5874720811843872,0.18936333060264587,0.023918025195598602,1.0,0.0,0.0,0.0,674.0,1.0,0.0
1774268541.056,1774268541.0562232,safe,0.9474585481114801,0.9474585481114801,0.052541451888519934,NORMAL,Stress level is low (EMA=0.07),0.398404598236084,0.38267260789871216,0.19642503559589386,0.022497668862342834,1.0,0.0,0.0,0.0,674.0,1.0,0.0
1774268541.131,1774268541.1307373,safe,0.9563681670620264,0.9563681670620264,0.04363183293797353,NORMAL,Stress level is low (EMA=0.06),0.28566765785217285,0.5325329303741455,0.16388611495494843,0.017913175746798515,1.0,0.0,0.0,0.0,674.0,1.0,0.0
1774268541.183,1774268541.182713,safe,0.9667248609875311,0.9667248609875311,0.03327513901246891,NORMAL,Stress level is low (EMA=0.05),0.19544684886932373,0.6659066677093506,0.12652254104614258,0.012123865075409412,1.0,0.0,0.0,0.0,674.0,1.0,0.0
1774268541.233,1774268541.2329905,safe,0.9299895796768365,0.9299895796768365,0.07001042032316353,NORMAL,Stress level is low (EMA=0.06),0.1393808275461197,0.5689089894294739,0.26032504439353943,0.031385019421577454,1.0,0.0,0.0,0.0,674.0,1.0,0.0
1774268541.286,1774268541.285777,safe,0.9502470536728813,0.9502470536728813,0.04975294632711873,NORMAL,Stress level is low (EMA=0.05),0.25314611196517944,0.5395498275756836,0.17888137698173523,0.02842254936695099,1.0,0.0,0.0,0.0,674.0,1.0,0.0
1774268541.338,1774268541.3378983,safe,0.909938908752502,0.909938908752502,0.09006109124749792,NORMAL,Stress level is low (EMA=0.07),0.21441413462162018,0.41033124923706055,0.3389309048652649,0.03632362186908722,1.0,0.0,0.0,0.0,674.0,1.0,0.0
1774268541.390,1774268541.3901534,safe,0.9391909628482997,0.9391909628482997,0.06080903715170025,NORMAL,Stress level is low (EMA=0.06),0.2491542547941208,0.49747470021247864,0.22414395213127136,0.02922702580690384,1.0,0.0,0.0,0.0,674.0,1.0,0.0
1774268541.442,1774268541.442297,safe,0.9071377489819511,0.9071377489819511,0.09286225101804889,NORMAL,Stress level is low (EMA=0.07),0.18114504218101501,0.4319288432598114,0.35662123560905457,0.030304789543151855,1.0,0.0,0.0,0.0,674.0,1.0,0.0
1774268541.491,1774268541.4911315,safe,0.8868579172403166,0.8868579172403166,0.11314208275968346,NORMAL,Stress level is low (EMA=0.08),0.18467183411121368,0.34390273690223694,0.4476708173751831,0.02375449426472187,1.0,0.0,0.0,0.0,674.0,1.0,0.0
1774268541.540,1774268541.5400965,safe,0.9191028086858377,0.9191028086858377,0.08089719131416234,NORMAL,Stress level is low (EMA=0.08),0.42784735560417175,0.23508097231388092,0.31087541580200195,0.026196204125881195,1.0,0.0,0.0,0.0,674.0,1.0,0.0
1774268541.591,1774268541.5906684,safe,0.94718679111599,0.94718679111599,0.05281320888400998,NORMAL,Stress level is low (EMA=0.07),0.5585577487945557,0.22138714790344238,0.20301461219787598,0.017040414735674858,1.0,0.0,0.0,0.0,674.0,1.0,0.0
1774268541.641,1774268541.641239,safe,0.9656305503120504,0.9656305503120504,0.03436944968794966,NORMAL,Stress level is low (EMA=0.06),0.5329463481903076,0.32384753227233887,0.13212797045707703,0.01107806246727705,1.0,0.0,0.0,0.0,674.0,1.0,0.0
1774268541.693,1774268541.6932116,safe,0.9776447347863895,0.9776447347863895,0.022355265213610503,NORMAL,Stress level is low (EMA=0.05),0.6905321478843689,0.21632084250450134,0.08594419807195663,0.007202736102044582,1.0,0.0,0.0,0.0,674.0,1.0,0.0
1774268541.746,1774268541.7460423,safe,0.9852948731126658,0.9852948731126658,0.014705126887334195,NORMAL,Stress level is low (EMA=0.04),0.7630385160446167,0.17569008469581604,0.0560799278318882,0.005191432777792215,1.0,0.0,0.0,0.0,676.0,1.0,0.0
1774268541.795,1774268541.794923,safe,0.9902416984845724,0.9902416984845724,0.009758301515427555,NORMAL,Stress level is low (EMA=0.03),0.8372483253479004,0.12209206819534302,0.037272389978170395,0.0033871992491185665,1.0,0.0,0.0,0.0,676.0,1.0,0.0
1774268541.843,1774268541.8432605,safe,0.9920779373710613,0.9920779373710613,0.007922062628938678,NORMAL,Stress level is low (EMA=0.02),0.7827180624008179,0.18427333235740662,0.0283989068120718,0.004609687253832817,1.0,0.0,0.0,0.0,676.0,1.0,0.0
1774268541.890,1774268541.8899152,safe,0.994672968417635,0.994672968417635,0.005327031582365029,NORMAL,Stress level is low (EMA=0.02),0.8528351783752441,0.12496879696846008,0.01909410022199154,0.0031018638983368874,1.0,0.0,0.0,0.0,676.0,1.0,0.0
                                                                                                                                                                                                                                                                                                                                                                                                                                                                                                                                                                                                                                                                                                                                                                                                                                                                                                                                                                                                                                                                                                                                                                                                                                                                                                                                                                                                                                                                                                                                                                                                                                                                                                                                                                                                                                                                                                                                                                                                                                                                                                                                                                                                                                                                                                                                                                                                                                                                                                                                                                                                                                                                                                                                                                                                                                                                                                                                                                                                                                                                                                                                                                                                                                                                                                                                                                                                                                                                                                                                                                                                                                                                                                 