ts_iso,ts_unix,red,ir,bpm,rmssd_raw_s,rmssd_ema_s,rr_count_30s,gsr,gsr_mean_5s,gsr_slope_1s,gsr_peak_10s,bio_arousal,bio_conf,ppgQ,finger_on,gsr_fresh,note
2026-05-06 00:46:44,1777996004.084,82094,82085,,,,0,,,0.00,0,0.000,0.000,0.000,1,0,LOW_PPG_Q
2026-05-06 00:46:45,1777996005.084,157997,219571,,,,0,,,0.00,0,0.000,0.000,0.000,1,0,LOW_PPG_Q
2026-05-06 00:46:46,1777996006.084,158334,221094,,,,0,495.00,495.57,-3.33,0,0.000,0.000,0.000,1,1,LOW_PPG_Q
2026-05-06 00:46:47,1777996007.084,158488,221906,97.83,,,2,496.00,495.54,1.09,0,0.345,0.000,0.000,1,1,LOW_PPG_Q
2026-05-06 00:46:48,1777996008.084,158537,222499,97.83,,,2,497.00,495.87,1.04,0,0.344,0.000,0.000,1,1,LOW_PPG_Q
2026-05-06 00:46:49,1777996009.084,158641,223222,97.83,,,2,508.00,496.22,8.70,3,0.582,0.000,0.000,1,1,LOW_PPG_Q
2026-05-06 00:46:50,1777996010.084,158890,224580,97.83,,,2,494.00,495.89,5.21,5,0.618,0.000,0.000,1,1,LOW_PPG_Q
2026-05-06 00:46:51,1777996011.084,158455,223714,97.83,,,2,496.00,495.90,5.43,6,0.621,0.000,0.000,1,1,LOW_PPG_Q
2026-05-06 00:46:52,1777996012.084,157991,222863,97.83,,,2,496.00,495.89,3.06,7,0.587,0.000,0.000,1,1,LOW_PPG_Q
2026-05-06 00:46:53,1777996013.084,157410,221650,97.83,,,2,493.00,495.59,-3.12,11,0.544,0.000,0.000,1,1,LOW_PPG_Q
2026-05-06 00:46:54,1777996014.084,157074,220744,97.83,,,2,495.00,495.20,1.02,12,0.558,0.000,0.000,1,1,LOW_PPG_Q
2026-05-06 00:46:55,1777996015.084,156524,219359,97.83,,,2,491.00,495.11,-4.17,15,0.544,0.000,0.000,1,1,LOW_PPG_Q
2026-05-06 00:46:56,1777996016.084,156360,218849,97.83,,,2,495.00,494.98,-5.10,18,0.544,0.000,0.000,1,1,LOW_PPG_Q
2026-05-06 00:46:57,1777996017.084,156105,218090,94.33,,,3,490.00,494.68,-5.21,18,0.517,0.000,0.000,1,1,LOW_PPG_Q
2026-05-06 00:46:58,1777996018.084,156267,218526,90.14,,,4,492.00,494.45,-5.10,18,0.485,0.000,0.000,1,1,LOW_PPG_Q
2026-05-06 00:46:59,1777996019.084,156208,218320,89.00,,,6,489.00,494.05,-3.13,14,0.476,1.000,1.000,1,1,
2026-05-06 00:47:00,1777996020.084,156408,218845,90.65,,,7,493.00,493.76,2.04,13,0.518,1.000,0.954,1,1,
2026-05-06 00:47:01,1777996021.084,156291,218562,91.15,,,9,487.00,493.20,-6.12,12,0.492,1.000,0.958,1,1,
2026-05-06 00:47:02,1777996022.084,156186,218068,91.15,,,9,496.00,492.98,5.10,11,0.565,1.000,0.958,1,1,
2026-05-06 00:47:03,1777996023.084,155914,217085,91.15,,,9,488.00,492.74,-6.52,7,0.492,1.000,0.958,1,1,
2026-05-06 00:47:04,1777996024.084,155299,214827,91.15,,,9,495.00,492.76,6.12,8,0.580,1.000,0.958,1,1,
2026-05-06 00:47:05,1777996025.084,155090,213181,91.15,,,9,492.00,492.57,-3.26,4,0.450,1.000,0.958,1,1,
2026-05-06 00:47:06,1777996026.084,155345,213478,91.15,,,9,488.00,491.94,-5.10,2,0.364,1.000,0.958,1,1,
2026-05-06 00:47:07,1777996027.084,156098,215295,86.40,,,10,487.00,490.68,-1.09,2,0.327,1.000,0.894,1,1,
2026-05-06 00:47:08,1777996028.084,156106,215118,88.70,0.0606,0.0606,12,481.00,489.07,0.00,2,0.404,1.000,0.895,1,1,
2026-05-06 00:47:09,1777996029.084,156364,215870,86.65,0.0592,0.0604,13,481.00,486.93,2.17,2,0.415,1.000,0.877,1,1,
2026-05-06 00:47:10,1777996030.084,156486,216208,86.65,0.0592,0.0602,13,482.00,485.15,-6.12,5,0.484,1.000,0.877,1,1,
2026-05-06 00:47:11,1777996031.084,156710,216951,86.65,0.0592,0.0600,13,484.00,483.94,2.04,5,0.504,1.000,0.877,1,1,
2026-05-06 00:47:12,1777996032.084,156758,217113,89.12,0.0610,0.0602,14,484.00,483.29,2.08,5,0.518,1.000,0.826,1,1,
2026-05-06 00:47:13,1777996033.084,156770,217207,89.12,0.0610,0.0603,14,484.00,482.96,7.61,5,0.573,1.000,0.826,1,1,
2026-05-06 00:47:14,1777996034.084,156255,215890,89.12,0.0610,0.0604,14,480.00,483.15,-2.08,3,0.436,1.000,0.826,1,1,
2026-05-06 00:47:15,1777996035.084,156082,215522,89.12,0.0610,0.0605,14,484.00,483.22,4.08,3,0.477,1.000,0.826,1,1,
2026-05-06 00:47:16,1777996036.084,156053,215228,89.12,0.0610,0.0606,14,486.00,483.26,2.08,3,0.457,1.000,0.826,1,1,
2026-05-06 00:47:17,1777996037.084,156358,215906,89.12,0.0610,0.0606,14,480.00,483.08,-6.12,3,0.436,1.000,0.826,1,1,
2026-05-06 00:47:18,1777996038.084,156391,215892,85.55,0.0630,0.0610,14,486.00,483.03,4.17,6,0.517,1.000,0.912,1,1,
2026-05-06 00:47:19,1777996039.084,156737,216876,88.40,0.0644,0.0615,15,479.00,482.86,-6.52,6,0.489,1.000,0.868,1,1,
2026-05-06 00:47:20,1777996040.084,156770,216829,84.82,0.0783,0.0641,17,484.00,482.58,3.26,3,0.436,0.957,0.774,1,1,
2026-05-06 00:47:21,1777996041.084,156897,217283,84.25,0.0765,0.0660,18,484.00,482.37,5.23,3,0.447,1.000,0.801,1,1,
2026-05-06 00:47:22,1777996042.084,156728,216774,87.55,0.0767,0.0676,19,481.00,482.03,6.52,3,0.473,0.997,0.798,1,1,
2026-05-06 00:47:23,1777996043.084,156516,216171,87.55,0.0767,0.0690,19,482.00,481.88,2.08,3,0.425,0.997,0.798,1,1,
2026-05-06 00:47:24,1777996044.084,155974,214349,87.55,0.0767,0.0702,19,477.00,481.44,-3.27,6,0.461,0.997,0.798,1,1,
2026-05-06 00:47:25,1777996045.084,156327,215236,87.55,0.0767,0.0712,19,474.00,480.54,-12.25,7,0.458,0.997,0.798,1,1,
2026-05-06 00:47:26,1777996046.084,156749,216515,87.80,0.0752,0.0718,20,467.00,478.87,-13.06,9,0.458,1.000,0.820,1,1,
2026-05-06 00:47:27,1777996047.084,156956,217398,89.86,0.0739,0.0721,21,465.00,476.65,-10.20,8,0.468,1.000,0.817,1,1,
2026-05-06 00:47:28,1777996048.084,157212,218515,87.38,0.0755,0.0727,21,464.00,473.73,1.09,6,0.464,1.000,0.817,1,1,
2026-05-06 00:47:29,1777996049.084,157522,219827,87.40,0.0801,0.0738,21,466.00,471.11,-6.12,6,0.450,0.991,0.795,1,1,
2026-05-06 00:47:30,1777996050.084,157647,220666,87.40,0.0801,0.0748,21,465.00,469.07,-1.09,6,0.448,0.991,0.795,1,1,
2026-05-06 00:47:31,1777996051.084,157445,220396,87.40,0.0801,0.0756,21,469.00,468.09,2.04,6,0.466,0.991,0.795,1,1,
2026-05-06 00:47:32,1777996052.084,157101,219819,87.40,0.0801,0.0763,21,467.00,467.60,-2.08,6,0.444,0.991,0.795,1,1,
2026-05-06 00:47:33,1777996053.084,156568,218519,87.40,0.0801,0.0769,21,468.00,467.92,-2.04,6,0.442,0.991,0.795,1,1,
2026-05-06 00:47:34,1777996054.084,156322,217788,87.40,0.0801,0.0774,21,474.00,468.96,9.57,2,0.446,0.991,0.795,1,1,
2026-05-06 00:47:35,1777996055.084,156243,217309,87.40,0.0801,0.0778,21,477.00,470.62,2.04,1,0.340,0.991,0.795,1,1,
2026-05-06 00:47:36,1777996056.084,156335,217426,87.40,0.0801,0.0781,21,477.00,472.06,0.00,0,0.289,0.991,0.795,1,1,
2026-05-06 00:47:37,1777996057.084,156626,218008,87.71,0.0781,0.0781,17,473.00,473.45,2.04,0,0.311,1.000,0.824,1,1,
2026-05-06 00:47:38,1777996058.084,156947,218979,87.90,0.0774,0.0780,17,471.00,474.63,-1.09,0,0.292,1.000,0.831,1,1,
2026-05-06 00:47:39,1777996059.084,157135,219609,88.02,0.0766,0.0778,16,473.00,475.14,-8.16,1,0.323,0.000,0.000,1,1,LOW_PPG_Q
2026-05-06 00:47:40,1777996060.085,157096,219690,88.02,0.0766,0.0776,16,478.00,474.82,7.61,1,0.400,0.000,0.000,1,1,LOW_PPG_Q
2026-05-06 00:47:41,1777996061.084,156823,218929,88.02,0.0766,0.0774,16,474.00,474.34,-2.04,1,0.324,0.000,0.000,1,1,LOW_PPG_Q
2026-05-06 00:47:42,1777996062.084,156449,217792,88.02,0.0766,0.0773,16,473.00,473.99,-1.02,1,0.324,0.000,0.000,1,1,LOW_PPG_Q
2026-05-06 00:47:43,1777996063.084,155738,215076,88.02,0.0766,0.0772,16,472.00,473.92,-7.15,1,0.325,0.000,0.000,1,1,LOW_PPG_Q
2026-05-06 00:47:44,1777996064.084,155751,213863,88.02,0.0766,0.0771,16,475.00,473.58,6.52,2,0.420,0.000,0.000,1,1,LOW_PPG_Q
2026-05-06 00:47:45,1777996065.084,155808,213300,88.02,0.0766,0.0770,16,475.00,473.51,6.25,3,0.448,0.000,0.000,1,1,LOW_PPG_Q
2026-05-06 00:47:46,1777996066.084,156050,213544,86.23,0.0744,0.0766,16,471.00,473.55,-4.08,3,0.376,1.000,1.000,1,1,
2026-05-06 00:47:47,1777996067.084,156538,214990,85.13,0.0721,0.0759,17,470.00,473.37,-6.26,6,0.432,1.000,0.989,1,1,
2026-05-06 00:47:48,1777996068.084,156755,215453,87.68,0.0726,0.0754,18,473.00,473.19,3.26,5,0.480,1.000,0.912,1,1,
2026-05-06 00:47:49,1777996069.084,157011,216333,86.02,0.0632,0.0735,17,474.00,473.15,6.52,7,0.509,1.000,0.925,1,1,
2026-05-06 00:47:50,1777996070.084,157005,216474,86.02,0.0632,0.0719,17,471.00,472.94,3.13,7,0.479,1.000,0.925,1,1,
2026-05-06 00:47:51,1777996071.084,156776,216062,86.02,0.0632,0.0706,17,475.00,473.11,-5.43,11,0.452,1.000,0.925,1,1,
2026-05-06 00:47:52,1777996072.084,156133,213964,86.02,0.0632,0.0695,17,473.00,473.34,2.08,11,0.476,1.000,0.925,1,1,
2026-05-06 00:47:53,1777996073.084,156185,213835,86.02,0.0632,0.0685,17,476.00,473.56,-3.26,14,0.457,1.000,0.925,1,1,
2026-05-06 00:47:54,1777996074.084,156334,213757,86.02,0.0632,0.0677,17,474.00,473.64,-1.04,13,0.460,1.000,0.925,1,1,
2026-05-06 00:47:55,1777996075.084,156637,214382,86.83,0.0566,0.0660,14,474.00,473.70,7.61,14,0.545,1.000,0.925,1,1,
2026-05-06 00:47:56,1777996076.084,157071,215788,86.83,0.0566,0.0645,14,472.00,473.30,-4.08,14,0.473,1.000,0.925,1,1,
2026-05-06 00:47:57,1777996077.084,157372,216811,83.69,0.0598,0.0638,14,475.00,473.11,3.13,11,0.489,1.000,0.881,1,1,
2026-05-06 00:47:58,1777996078.084,157611,217572,85.33,0.0611,0.0634,13,472.00,472.67,-3.06,13,0.468,1.000,0.858,1,1,
2026-05-06 00:47:59,1777996079.084,157562,217607,85.33,0.0611,0.0630,13,475.00,472.31,7.61,11,0.545,1.000,0.858,1,1,
2026-05-06 00:48:00,1777996080.084,157785,218652,85.33,0.0611,0.0627,13,471.00,472.13,4.08,10,0.510,1.000,0.858,1,1,
2026-05-06 00:48:01,1777996081.084,157492,218060,85.33,0.0611,0.0625,13,474.00,472.24,5.43,7,0.525,1.000,0.858,1,1,
2026-05-06 00:48:02,1777996082.084,156977,216751,85.33,0.0611,0.0623,13,471.00,472.07,4.08,7,0.512,1.000,0.858,1,1,
2026-05-06 00:48:03,1777996083.084,157094,217502,85.33,0.0611,0.0621,13,469.00,472.08,-2.04,4,0.441,1.000,0.858,1,1,
2026-05-06 00:48:04,1777996084.084,157113,217451,85.33,0.0611,0.0619,13,471.00,471.93,-4.09,4,0.442,1.000,0.858,1,1,
2026-05-06 00:48:05,1777996085.084,157063,217228,85.33,0.0611,0.0618,13,468.00,471.50,-3.12,3,0.412,1.000,0.858,1,1,
2026-05-06 00:48:06,1777996086.084,157141,217741,85.33,0.0611,0.0617,13,469.00,470.67,-3.06,4,0.442,1.000,0.858,1,1,
2026-05-06 00:48:07,1777996087.084,157021,217357,84.51,,0.0617,11,465.00,469.69,-5.31,4,0.438,0.000,0.000,1,1,LOW_PPG_Q
2026-05-06 00:48:08,1777996088.084,157113,217911,84.12,,0.0617,11,464.00,468.66,-9.18,3,0.406,0.000,0.000,1,1,LOW_PPG_Q
2026-05-06 00:48:09,1777996089.086,157274,218767,80.28,0.0583,0.0603,12,468.00,467.61,4.35,4,0.462,0.000,0.000,1,1,LOW_PPG_Q
2026-05-06 00:48:10,1777996090.084,157208,218696,85.74,0.0637,0.0609,13,464.00,466.80,1.02,5,0.487,0.991,0.794,1,1,
2026-05-06 00:48:11,1777996091.086,157241,219100,85.74,0.0637,0.0613,13,464.00,466.15,1.09,7,0.486,0.991,0.794,1,1,
2026-05-06 00:48:12,1777996092.084,156990,218500,85.74,0.0637,0.0617,13,467.00,466.11,-5.10,8,0.475,0.991,0.794,1,1,
2026-05-06 00:48:13,1777996093.084,156781,218127,85.74,0.0637,0.0620,13,469.00,466.16,2.04,8,0.494,0.991,0.794,1,1,
2026-05-06 00:48:14,1777996094.084,156666,217802,85.74,0.0637,0.0623,13,468.00,466.21,8.34,10,0.556,0.991,0.794,1,1,
2026-05-06 00:48:15,1777996095.084,156856,218326,85.74,0.0637,0.0625,13,467.00,466.55,-4.35,9,0.472,0.991,0.794,1,1,
2026-05-06 00:48:16,1777996096.084,157191,219261,86.65,0.0622,0.0624,14,468.00,466.82,5.10,9,0.528,1.000,0.814,1,1,
2026-05-06 00:48:17,1777996097.084,157243,219320,81.84,0.0706,0.0637,14,468.00,466.92,6.52,9,0.513,0.974,0.784,1,1,
2026-05-06 00:48:18,1777996098.084,157349,219575,82.41,0.0734,0.0652,13,468.00,466.91,3.12,8,0.478,0.922,0.753,1,1,
2026-05-06 00:48:19,1777996099.084,157555,220214,79.34,0.0734,0.0665,13,466.00,467.07,-2.04,7,0.427,0.926,0.756,1,1,
2026-05-06 00:48:20,1777996100.084,157449,219958,79.34,0.0734,0.0675,13,468.00,466.78,6.52,6,0.489,0.926,0.756,1,1,
2026-05-06 00:48:21,1777996101.084,157724,220847,79.34,0.0734,0.0684,13,467.00,466.55,5.21,4,0.444,0.926,0.756,1,1,
2026-05-06 00:48:22,1777996102.084,158098,222126,82.74,0.0808,0.0703,13,466.00,466.13,6.52,5,0.500,0.949,0.769,1,1,
2026-05-06 00:48:23,1777996103.084,158204,222644,87.87,0.0756,0.0711,15,468.00,465.84,3.13,5,0.492,0.932,0.759,1,1,
2026-05-06 00:48:24,1777996104.084,158252,222996,87.87,0.0756,0.0718,15,464.00,465.30,6.52,4,0.494,0.932,0.759,1,1,
2026-05-06 00:48:25,1777996105.084,157969,222502,87.87,0.0756,0.0724,15,467.00,465.28,-2.08,4,0.427,0.932,0.759,1,1,
2026-05-06 00:48:26,1777996106.084,157464,221243,87.87,0.0756,0.0729,15,464.00,465.07,5.45,4,0.480,0.932,0.759,1,1,
2026-05-06 00:48:27,1777996107.084,156663,218968,87.87,0.0756,0.0733,15,466.00,465.28,-3.12,4,0.424,0.932,0.759,1,1,
2026-05-06 00:48:28,1777996108.086,156302,217935,87.87,0.0756,0.0737,15,468.00,465.30,2.17,4,0.445,0.932,0.759,1,1,
2026-05-06 00:48:29,1777996109.084,156492,218470,87.87,0.0756,0.0740,15,464.00,465.63,1.02,4,0.433,0.932,0.759,1,1,
2026-05-06 00:48:30,1777996110.084,157058,220153,87.87,0.0756,0.0742,15,468.00,465.58,6.52,4,0.487,0.932,0.759,1,1,
2026-05-06 00:48:31,1777996111.085,157509,221668,91.87,0.0748,0.0743,13,466.00,465.71,0.00,4,0.443,1.000,0.903,1,1,
2026-05-06 00:48:32,1777996112.084,157823,222822,90.54,0.0752,0.0744,14,463.00,465.67,-3.12,2,0.376,1.000,0.916,1,1,
2026-05-06 00:48:33,1777996113.084,158096,223925,90.54,0.0752,0.0746,14,466.00,465.72,-3.06,2,0.375,1.000,0.916,1,1,
2026-05-06 00:48:34,1777996114.084,158147,224398,90.54,0.0752,0.0747,14,467.00,465.60,1.02,1,0.355,1.000,0.916,1,1,
2026-05-06 00:48:35,1777996115.084,158173,224879,90.54,0.0752,0.0747,14,466.00,465.44,5.10,2,0.426,1.000,0.916,1,1,
2026-05-06 00:48:36,1777996116.084,158071,225047,90.54,0.0752,0.0748,14,466.00,465.34,6.38,1,0.408,1.000,0.916,1,1,
2026-05-06 00:48:37,1777996117.084,157953,225094,90.54,0.0752,0.0749,14,467.00,465.12,5.10,1,0.395,1.000,0.916,1,1,
2026-05-06 00:48:38,1777996118.084,157481,224118,90.54,0.0752,0.0749,14,462.00,464.86,-5.10,1,0.344,1.000,0.916,1,1,
2026-05-06 00:48:39,1777996119.084,157183,223329,90.54,0.0752,0.0750,14,465.00,464.78,-4.08,2,0.374,1.000,0.916,1,1,
2026-05-06 00:48:40,1777996120.085,157005,222298,90.54,0.0752,0.0750,14,461.00,464.69,-4.35,2,0.374,1.000,0.916,1,1,
2026-05-06 00:48:41,1777996121.084,156929,221268,90.54,0.0752,0.0750,14,464.00,464.63,1.02,3,0.414,1.000,0.916,1,1,
2026-05-06 00:48:42,1777996122.084,156880,220168,90.54,0.0752,0.0751,14,463.00,464.48,-2.18,3,0.404,1.000,0.916,1,1,
2026-05-06 00:48:43,1777996123.084,156763,219120,90.54,0.0752,0.0751,14,465.00,464.45,1.02,3,0.414,1.000,0.916,1,1,
2026-05-06 00:48:44,1777996124.084,156805,218753,88.74,,0.0751,10,466.00,464.24,1.02,3,0.404,0.000,0.000,1,1,LOW_PPG_Q
2026-05-06 00:48:45,1777996125.084,156643,217850,82.95,0.0782,0.0760,12,466.00,464.16,5.21,2,0.383,0.000,0.000,1,1,LOW_PPG_Q
2026-05-06 00:48:46,1777996126.084,156644,217739,83.10,0.0734,0.0756,12,464.00,464.18,-5.43,2,0.332,1.000,0.819,1,1,
2026-05-06 00:48:47,1777996127.084,156755,217770,81.45,0.0704,0.0748,12,462.00,464.15,3.13,3,0.387,1.000,0.843,1,1,
2026-05-06 00:48:48,1777996128.084,156493,216706,80.89,0.0654,0.0733,13,463.00,463.91,2.17,3,0.378,1.000,0.882,1,1,
2026-05-06 00:48:49,1777996129.088,156655,216796,83.57,0.0595,0.0712,13,462.00,464.07,-9.33,2,0.347,1.000,0.874,1,1,
2026-05-06 00:48:50,1777996130.084,156303,215259,83.48,0.0582,0.0692,14,463.00,464.07,1.03,2,0.362,1.000,0.889,1,1,
2026-05-06 00:48:51,1777996131.084,156396,214944,83.48,0.0582,0.0675,14,463.00,464.08,-8.33,1,0.326,1.000,0.889,1,1,
2026-05-06 00:48:52,1777996132.084,156167,213649,83.48,0.0582,0.0661,14,469.00,464.32,6.12,1,0.392,1.000,0.889,1,1,
2026-05-06 00:48:53,1777996133.084,156189,212817,83.48,0.0582,0.0649,14,463.00,464.60,2.17,1,0.355,1.000,0.889,1,1,
2026-05-06 00:48:54,1777996134.084,156858,214124,79.97,0.0655,0.0650,12,467.00,464.63,0.00,1,0.315,1.000,0.865,1,1,
2026-05-06 00:48:55,1777996135.084,156874,214094,80.34,0.0652,0.0650,14,463.00,464.66,5.43,2,0.401,1.000,0.915,1,1,
2026-05-06 00:48:56,1777996136.084,157318,215592,81.48,0.0637,0.0648,15,467.00,464.74,-1.04,2,0.353,1.000,0.915,1,1,
2026-05-06 00:48:57,1777996137.085,157616,216671,81.48,0.0637,0.0646,15,466.00,464.61,7.61,2,0.430,1.000,0.915,1,1,
2026-05-06 00:48:58,1777996138.085,157649,216756,82.19,0.0615,0.0642,16,464.00,464.56,-1.02,2,0.359,1.000,0.907,1,1,
2026-05-06 00:48:59,1777996139.084,157651,216994,82.19,0.0615,0.0638,16,461.00,464.42,-3.13,2,0.360,1.000,0.907,1,1,
2026-05-06 00:49:00,1777996140.084,157689,217257,82.19,0.0615,0.0634,16,465.00,464.52,-3.06,2,0.361,1.000,0.907,1,1,
2026-05-06 00:49:01,1777996141.084,157461,216524,82.19,0.0615,0.0631,16,463.00,464.54,-2.08,2,0.361,1.000,0.907,1,1,
2026-05-06 00:49:02,1777996142.084,157561,216481,82.19,0.0615,0.0629,16,464.00,464.79,-7.14,2,0.362,1.000,0.907,1,1,
2026-05-06 00:49:03,1777996143.084,157387,215560,82.19,0.0615,0.0627,16,469.00,465.07,-1.09,3,0.393,1.000,0.907,1,1,
2026-05-06 00:49:04,1777996144.084,156460,212357,82.19,0.0615,0.0625,16,465.00,465.32,0.00,3,0.393,1.000,0.907,1,1,
2026-05-06 00:49:06,1777996145.405,156121,262143,82.19,0.0615,0.0623,16,453.00,465.58,0.00,4,0.424,1.000,0.907,1,1,
2026-05-06 00:49:06,1777996146.630,156758,212813,82.19,0.0615,0.0622,16,453.00,465.60,0.00,3,0.394,1.000,0.907,1,1,
2026-05-06 00:49:08,1777996148.998,208687,208687,82.19,0.0615,0.0620,16,453.00,463.80,0.00,3,0.395,1.000,0.907,1,1,
2026-05-06 00:49:08,1777996148.999,208687,208687,82.19,0.0615,0.0620,16,453.00,463.80,0.00,3,0.395,1.000,0.907,1,1,
2026-05-06 00:49:09,1777996149.108,208687,208687,82.19,0.0615,0.0620,16,451.00,461.50,-86.89,3,0.395,1.000,0.907,1,1,
2026-05-06 00:49:10,1777996150.084,208687,208687,82.19,0.0615,0.0619,16,448.00,452.20,-5.39,3,0.395,1.000,0.907,1,1,
2026-05-06 00:49:11,1777996151.144,208687,208687,82.19,0.0615,0.0618,16,451.00,452.07,0.00,3,0.395,1.000,0.907,1,1,
2026-05-06 00:49:12,1777996152.374,208687,208687,82.19,0.0615,0.0618,16,451.00,452.12,0.00,2,0.365,1.000,0.907,1,1,
2026-05-06 00:49:14,1777996154.107,208687,208687,82.19,0.0615,0.0617,16,464.00,452.42,0.00,1,0.335,1.000,0.907,1,1,
2026-05-06 00:49:14,1777996154.109,208687,208687,82.19,0.0615,0.0617,16,464.00,452.42,0.00,1,0.335,1.000,0.907,1,1,
2026-05-06 00:49:15,1777996155.084,208687,208687,82.19,0.0615,0.0617,16,470.00,459.93,6.42,0,0.370,1.000,0.907,1,1,
2026-05-06 00:49:16,1777996156.084,208687,208687,82.19,0.0615,0.0617,16,454.00,460.57,-8.16,0,0.305,1.000,0.907,1,1,
2026-05-06 00:49:17,1777996157.113,208687,208687,82.19,0.0615,0.0617,16,428.00,455.39,-19.32,0,0.306,1.000,0.907,1,1,
2026-05-06 00:49:18,1777996158.084,208687,208687,82.19,0.0615,0.0616,16,411.00,446.88,-21.74,0,0.306,1.000,0.907,1,1,
2026-05-06 00:49:19,1777996159.084,208687,208687,82.19,0.0615,0.0616,16,412.00,438.76,-6.52,2,0.366,1.000,0.907,1,1,
2026-05-06 00:49:20,1777996160.084,208687,208687,82.19,0.0615,0.0616,16,403.00,426.41,-8.70,2,0.366,1.000,0.907,1,1,
2026-05-06 00:49:21,1777996161.088,208687,208687,82.19,0.0615,0.0616,16,406.00,413.81,6.25,3,0.458,1.000,0.907,1,1,
2026-05-06 00:49:22,1777996162.085,208687,208687,82.19,0.0615,0.0616,16,401.00,407.29,1.04,3,0.406,1.000,0.907,1,1,
2026-05-06 00:49:23,1777996163.084,208687,208687,82.19,0.0615,0.0616,16,405.00,404.91,4.09,4,0.467,1.000,0.907,1,1,
2026-05-06 00:49:24,1777996164.084,208687,208687,82.19,0.0615,0.0616,16,406.00,404.45,8.70,6,0.543,1.000,0.907,1,1,
2026-05-06 00:49:25,1777996165.084,208687,208687,82.19,0.0615,0.0616,16,411.00,406.05,11.46,7,0.570,1.000,0.907,1,1,
2026-05-06 00:49:26,1777996166.084,208687,208687,82.19,0.0615,0.0616,16,418.00,408.98,4.35,8,0.499,1.000,0.907,1,1,
2026-05-06 00:49:27,1777996167.084,208687,208687,82.19,0.0615,0.0616,16,422.00,412.11,1.04,8,0.466,1.000,0.907,1,1,
2026-05-06 00:49:28,1777996168.084,208687,208687,82.19,0.0615,0.0616,16,419.00,415.04,3.26,7,0.488,1.000,0.907,1,1,
2026-05-06 00:49:29,1777996169.084,208687,208687,82.19,0.0615,0.0616,16,419.00,417.97,-5.21,6,0.456,1.000,0.907,1,1,
2026-05-06 00:49:30,1777996170.084,208687,208687,82.19,0.0615,0.0616,16,417.00,419.70,-1.09,7,0.456,1.000,0.907,1,1,
2026-05-06 00:49:31,1777996171.084,208687,208687,82.19,0.0615,0.0616,16,419.00,420.00,-4.08,6,0.456,1.000,0.907,1,1,
2026-05-06 00:49:32,1777996172.086,208687,208687,82.19,0.0615,0.0616,16,423.00,420.01,0.00,6,0.456,1.000,0.907,1,1,
2026-05-06 00:49:33,1777996173.084,208687,208687,82.19,0.0615,0.0615,16,417.00,419.64,3.06,5,0.486,1.000,0.907,1,1,
2026-05-06 00:49:34,1777996174.086,208687,208687,82.19,0.0615,0.0615,16,416.00,419.20,-7.61,3,0.396,1.000,0.907,1,1,
2026-05-06 00:49:35,1777996175.084,208687,208687,82.19,0.0615,0.0615,16,418.00,418.74,-2.04,2,0.366,1.000,0.907,1,1,
2026-05-06 00:49:36,1777996176.084,208687,208687,82.19,0.0615,0.0615,16,416.00,418.30,-7.61,1,0.336,1.000,0.907,1,1,
2026-05-06 00:49:37,1777996177.084,208687,208687,82.19,0.0615,0.0615,16,418.00,417.95,-2.04,1,0.336,1.000,0.907,1,1,
2026-05-06 00:49:38,1777996178.084,208687,208687,82.19,0.0615,0.0615,16,417.00,417.87,-1.09,1,0.336,1.000,0.907,1,1,
2026-05-06 00:49:39,1777996179.084,208687,208687,82.19,0.0615,0.0615,16,415.00,417.49,1.02,1,0.346,1.000,0.907,1,1,
2026-05-06 00:49:40,1777996180.084,208687,208687,82.19,0.0615,0.0615,16,417.00,417.10,5.32,0,0.359,1.000,0.907,1,1,
2026-05-06 00:49:41,1777996181.084,208687,208687,82.19,0.0615,0.0615,16,412.00,416.72,-2.04,0,0.306,1.000,0.907,1,1,
2026-05-06 00:49:42,1777996182.084,208687,208687,82.19,0.0615,0.0615,16,417.00,416.21,4.26,0,0.348,1.000,0.907,1,1,
2026-05-06 00:49:43,1777996183.084,208687,208687,82.19,0.0615,0.0615,16,414.00,415.73,1.02,0,0.316,1.000,0.907,1,1,
2026-05-06 00:49:44,1777996184.084,208687,208687,82.19,0.0615,0.0615,16,417.00,415.41,7.61,0,0.382,1.000,0.907,1,1,
2026-05-06 00:49:45,1777996185.084,208687,208687,82.19,0.0615,0.0615,16,413.00,414.91,3.06,0,0.336,1.000,0.907,1,1,
2026-05-06 00:49:46,1777996186.084,208687,208687,82.19,0.0615,0.0615,16,413.00,414.47,0.00,0,0.306,1.000,0.907,1,1,
2026-05-06 00:49:47,1777996187.084,208687,208687,82.19,0.0615,0.0615,16,412.00,414.08,-4.08,0,0.306,1.000,0.907,1,1,
2026-05-06 00:49:48,1777996188.084,208687,208687,82.19,0.0615,0.0615,16,413.00,413.85,1.02,0,0.316,1.000,0.907,1,1,
2026-05-06 00:49:49,1777996189.084,208687,208687,82.19,0.0615,0.0615,16,412.00,413.52,2.09,0,0.327,1.000,0.907,1,1,
2026-05-06 00:49:50,1777996190.084,208687,208687,82.19,0.0615,0.0615,16,411.00,413.28,-1.02,0,0.306,1.000,0.907,1,1,
2026-05-06 00:49:51,1777996191.084,208687,208687,82.19,0.0615,0.0615,16,412.00,412.99,-5.22,1,0.336,1.000,0.907,1,1,
2026-05-06 00:49:52,1777996192.084,208687,208687,82.19,0.0615,0.0615,16,409.00,412.83,-2.17,1,0.336,1.000,0.907,1,1,
2026-05-06 00:49:53,1777996193.084,208687,208687,82.19,0.0615,0.0615,16,413.00,412.49,-3.12,1,0.336,1.000,0.907,1,1,
2026-05-06 00:49:54,1777996194.084,208687,208687,82.19,0.0615,0.0615,16,414.00,412.30,0.00,1,0.336,1.000,0.907,1,1,
2026-05-06 00:49:55,1777996195.084,208687,208687,82.19,0.0615,0.0615,16,412.00,412.02,3.12,2,0.397,1.000,0.907,1,1,
2026-05-06 00:49:56,1777996196.084,208687,208687,82.19,0.0615,0.0615,16,409.00,411.65,-3.06,2,0.366,1.000,0.907,1,1,
2026-05-06 00:49:57,1777996197.084,208687,208687,82.19,0.0615,0.0615,16,411.00,411.26,2.08,2,0.387,1.000,0.907,1,1,
2026-05-06 00:49:58,1777996198.084,208687,208687,82.19,0.0615,0.0615,16,409.00,410.91,-5.43,2,0.366,1.000,0.907,1,1,
2026-05-06 00:49:59,1777996199.084,208687,208687,82.19,0.0615,0.0615,16,409.00,410.54,2.17,2,0.388,1.000,0.907,1,1,
2026-05-06 00:50:00,1777996200.084,208687,208687,82.19,0.0615,0.0615,16,409.00,410.28,1.04,1,0.346,1.000,0.907,1,1,
2026-05-06 00:50:01,1777996201.084,208687,208687,82.19,0.0615,0.0615,16,406.00,410.06,0.00,3,0.396,1.000,0.907,1,1,
2026-05-06 00:50:02,1777996202.084,208687,208687,82.19,0.0615,0.0615,16,410.00,409.93,-3.12,3,0.396,1.000,0.907,1,1,
2026-05-06 00:50:03,1777996203.084,208687,208687,82.19,0.0615,0.0615,16,413.00,409.70,1.09,3,0.407,1.000,0.907,1,1,
2026-05-06 00:50:04,1777996204.084,208687,208687,82.19,0.0615,0.0615,16,410.00,409.42,4.17,4,0.467,1.000,0.907,1,1,
2026-05-06 00:50:05,1777996205.085,208687,208687,82.19,0.0615,0.0615,16,406.00,409.16,2.17,3,0.418,1.000,0.907,1,1,
2026-05-06 00:50:06,1777996206.084,208687,208687,82.19,0.0615,0.0615,16,411.00,409.01,1.02,3,0.406,1.000,0.907,1,1,
2026-05-06 00:50:07,1777996207.084,208687,208687,82.19,0.0615,0.0615,16,409.00,408.85,-2.08,3,0.396,1.000,0.907,1,1,
2026-05-06 00:50:08,1777996208.084,208687,208687,82.19,0.0615,0.0615,16,409.00,408.79,4.08,3,0.437,1.000,0.907,1,1,
2026-05-06 00:50:09,1777996209.084,208687,208687,82.19,0.0615,0.0615,16,409.00,408.75,6.52,4,0.491,1.000,0.907,1,1,
2026-05-06 00:50:10,1777996210.084,208687,208687,82.19,0.0615,0.0615,16,407.00,408.78,1.02,4,0.436,1.000,0.907,1,1,
2026-05-06 00:50:11,1777996211.084,208687,208687,82.19,0.0615,0.0615,16,409.00,408.75,4.35,2,0.409,1.000,0.907,1,1,
2026-05-06 00:50:12,1777996212.084,208687,208687,82.19,0.0615,0.0615,16,406.00,408.33,0.00,2,0.366,1.000,0.907,1,1,
2026-05-06 00:50:13,1777996213.084,208687,208687,82.19,0.0615,0.0615,16,398.00,407.23,-9.78,2,0.366,1.000,0.907,1,1,
2026-05-06 00:50:14,1777996214.084,208687,208687,82.19,0.0615,0.0615,16,397.00,405.52,-9.18,1,0.336,1.000,0.907,1,1,
2026-05-06 00:50:15,1777996215.084,208687,208687,82.19,0.0615,0.0615,16,395.00,402.98,-2.04,1,0.336,1.000,0.907,1,1,
2026-05-06 00:50:16,1777996216.084,208687,208687,82.19,0.0615,0.0615,16,381.00,398.27,-7.17,1,0.336,1.000,0.907,1,1,
2026-05-06 00:50:17,1777996217.084,208687,208687,82.19,0.0615,0.0615,16,375.00,392.54,-8.51,1,0.336,1.000,0.907,1,1,
2026-05-06 00:50:18,1777996218.084,208687,208687,82.19,0.0615,0.0615,16,373.00,386.57,2.04,1,0.356,1.000,0.907,1,1,
2026-05-06 00:50:19,1777996219.084,208687,208687,82.19,0.0615,0.0615,16,373.00,381.00,0.00,0,0.306,1.000,0.907,1,1,
2026-05-06 00:50:20,1777996220.084,208687,208687,82.19,0.0615,0.0615,16,373.00,376.11,5.10,0,0.357,1.000,0.907,1,1,
2026-05-06 00:50:21,1777996221.084,208687,208687,82.19,0.0615,0.0615,16,372.00,373.63,-1.02,0,0.306,1.000,0.907,1,1,
2026-05-06 00:50:22,1777996222.084,208687,208687,82.19,0.0615,0.0615,16,374.00,372.95,-2.04,0,0.306,1.000,0.907,1,1,
2026-05-06 00:50:23,1777996223.084,208687,208687,82.19,0.0615,0.0615,16,376.00,373.51,2.04,0,0.326,1.000,0.907,1,1,
2026-05-06 00:50:24,1777996224.084,208687,208687,82.19,0.0615,0.0615,16,381.00,374.81,-2.04,0,0.306,1.000,0.907,1,1,
2026-05-06 00:50:25,1777996225.084,208687,208687,82.19,0.0615,0.0615,16,374.00,376.06,-7.14,0,0.306,1.000,0.907,1,1,
2026-05-06 00:50:26,1777996226.084,208687,208687,82.19,0.0615,0.0615,16,377.00,376.88,-4.17,0,0.306,1.000,0.907,1,1,
2026-05-06 00:50:27,1777996227.084,208687,208687,82.19,0.0615,0.0615,16,379.00,377.40,2.04,0,0.326,1.000,0.907,1,1,
2026-05-06 00:50:28,1777996228.084,208687,208687,82.19,0.0615,0.0615,16,378.00,377.62,6.25,0,0.368,1.000,0.907,1,1,
2026-05-06 00:50:29,1777996229.084,208687,208687,82.19,0.0615,0.0615,16,376.00,377.63,-2.04,0,0.306,1.000,0.907,1,1,
2026-05-06 00:50:30,1777996230.084,208687,208687,82.19,0.0615,0.0615,16,381.00,377.74,6.25,0,0.368,1.000,0.907,1,1,
2026-05-06 00:50:31,1777996231.084,208687,208687,82.19,0.0615,0.0615,16,379.00,378.26,3.25,0,0.338,1.000,0.907,1,1,
2026-05-06 00:50:32,1777996232.084,208687,208687,82.19,0.0615,0.0615,16,382.00,378.68,6.52,0,0.371,1.000,0.907,1,1,
2026-05-06 00:50:33,1777996233.084,208687,208687,82.19,0.0615,0.0615,16,378.00,378.94,2.08,0,0.327,1.000,0.907,1,1,
2026-05-06 00:50:34,1777996234.084,208687,208687,82.19,0.0615,0.0615,16,373.00,378.89,-1.04,0,0.306,1.000,0.907,1,1,
2026-05-06 00:50:35,1777996235.084,208687,208687,82.19,0.0615,0.0615,16,378.00,378.63,5.10,0,0.357,1.000,0.907,1,1,
2026-05-06 00:50:36,1777996236.084,208687,208687,82.19,0.0615,0.0615,16,378.00,378.20,5.43,0,0.360,1.000,0.907,1,1,
2026-05-06 00:50:37,1777996237.084,208687,208687,82.19,0.0615,0.0615,16,382.00,377.91,6.25,0,0.368,1.000,0.907,1,1,
2026-05-06 00:50:38,1777996238.084,208687,208687,82.19,0.0615,0.0615,16,377.00,377.82,-3.26,0,0.306,1.000,0.907,1,1,
2026-05-06 00:50:39,1777996239.084,208687,208687,82.19,0.0615,0.0615,16,379.00,378.08,0.00,0,0.306,1.000,0.907,1,1,
2026-05-06 00:50:40,1777996240.084,208687,208687,82.19,0.0615,0.0615,16,378.00,378.42,-1.04,0,0.306,1.000,0.907,1,1,
2026-05-06 00:50:41,1777996241.084,208687,208687,82.19,0.0615,0.0615,16,379.00,378.74,-2.04,0,0.306,1.000,0.907,1,1,
2026-05-06 00:50:42,1777996242.084,208687,208687,82.19,0.0615,0.0615,16,376.00,378.93,-3.12,0,0.306,1.000,0.907,1,1,
2026-05-06 00:50:43,1777996243.084,208687,208687,82.19,0.0615,0.0615,16,379.00,379.11,-3.06,0,0.306,1.000,0.907,1,1,
2026-05-06 00:50:44,1777996244.084,208687,208687,82.19,0.0615,0.0615,16,376.00,379.07,0.00,0,0.306,1.000,0.907,1,1,
2026-05-06 00:50:45,1777996245.084,208687,208687,82.19,0.0615,0.0615,16,379.00,379.23,1.02,0,0.316,1.000,0.907,1,1,
2026-05-06 00:50:46,1777996246.084,208687,208687,82.19,0.0615,0.0615,16,376.00,379.20,-3.06,0,0.306,1.000,0.907,1,1,
2026-05-06 00:50:47,1777996247.084,208687,208687,82.19,0.0615,0.0615,16,378.00,379.10,-4.08,0,0.306,1.000,0.907,1,1,
2026-05-06 00:50:48,1777996248.084,208687,208687,82.19,0.0615,0.0615,16,381.00,379.28,3.06,0,0.336,1.000,0.907,1,1,
2026-05-06 00:50:49,1777996249.084,208687,208687,82.19,0.0615,0.0615,16,381.00,379.43,5.11,0,0.357,1.000,0.907,1,1,
2026-05-06 00:50:50,1777996250.084,208687,208687,82.19,0.0615,0.0615,16,379.00,379.43,-2.04,0,0.306,1.000,0.907,1,1,
2026-05-06 00:50:51,1777996251.084,208687,208687,82.19,0.0615,0.0615,16,380.00,379.80,-2.04,0,0.306,1.000,0.907,1,1,
2026-05-06 00:50:52,1777996252.084,208687,208687,82.19,0.0615,0.0615,16,380.00,380.10,4.35,0,0.349,1.000,0.907,1,1,
2026-05-06 00:50:53,1777996253.084,208687,208687,82.19,0.0615,0.0615,16,381.00,380.03,4.08,0,0.347,1.000,0.907,1,1,
2026-05-06 00:50:54,1777996254.084,208687,208687,82.19,0.0615,0.0615,16,378.00,380.01,-4.35,0,0.306,1.000,0.907,1,1,
2026-05-06 00:50:55,1777996255.086,208687,208687,82.19,0.0615,0.0615,16,380.00,380.14,-5.09,0,0.306,1.000,0.907,1,1,
2026-05-06 00:50:56,1777996256.084,208687,208687,82.19,0.0615,0.0615,16,377.00,379.96,-3.07,1,0.336,1.000,0.907,1,1,
2026-05-06 00:50:57,1777996257.084,208687,208687,82.19,0.0615,0.0615,16,379.00,379.90,-4.17,1,0.336,1.000,0.907,1,1,
2026-05-06 00:50:58,1777996258.084,208687,208687,82.19,0.0615,0.0615,16,378.00,379.86,-1.02,1,0.336,1.000,0.907,1,1,
2026-05-06 00:50:59,1777996259.084,208687,208687,82.19,0.0615,0.0615,16,379.00,379.86,-5.21,1,0.336,1.000,0.907,1,1,
2026-05-06 00:51:00,1777996260.084,208687,208687,82.19,0.0615,0.0615,16,379.00,379.66,0.00,1,0.336,1.000,0.907,1,1,
2026-05-06 00:51:01,1777996261.084,208687,208687,82.19,0.0615,0.0615,16,378.00,379.51,0.00,1,0.336,1.000,0.907,1,1,
2026-05-06 00:51:02,1777996262.084,208687,208687,82.19,0.0615,0.0615,16,378.00,379.40,-3.12,1,0.336,1.000,0.907,1,1,
2026-05-06 00:51:03,1777996263.084,208687,208687,82.19,0.0615,0.0615,16,377.00,379.28,1.09,2,0.377,1.000,0.907,1,1,
2026-05-06 00:51:04,1777996264.084,208687,208687,82.19,0.0615,0.0615,16,378.00,379.18,0.00,2,0.366,1.000,0.907,1,1,
2026-05-06 00:51:05,1777996265.084,208687,208687,82.19,0.0615,0.0615,16,381.00,379.04,5.44,2,0.420,1.000,0.907,1,1,
2026-05-06 00:51:06,1777996266.084,208687,208687,82.19,0.0615,0.0615,16,381.00,378.92,6.25,1,0.398,1.000,0.907,1,1,
2026-05-06 00:51:07,1777996267.084,208687,208687,82.19,0.0615,0.0615,16,375.00,378.54,0.00,1,0.336,1.000,0.907,1,1,
2026-05-06 00:51:08,1777996268.084,208687,208687,82.19,0.0615,0.0615,16,374.00,378.28,-6.12,1,0.336,1.000,0.907,1,1,
2026-05-06 00:51:09,1777996269.084,208687,208687,82.19,0.0615,0.0615,16,379.00,378.00,1.09,1,0.347,1.000,0.907,1,1,
2026-05-06 00:51:10,1777996270.084,208687,208687,82.19,0.0615,0.0615,16,377.00,377.63,2.04,1,0.356,1.000,0.907,1,1,
2026-05-06 00:51:11,1777996271.084,208687,208687,82.19,0.0615,0.0615,16,375.00,377.46,-7.61,1,0.336,1.000,0.907,1,1,
2026-05-06 00:51:12,1777996272.084,208687,208687,82.19,0.0615,0.0615,16,376.00,377.54,-2.04,1,0.336,1.000,0.907,1,1,
2026-05-06 00:51:13,1777996273.084,208687,208687,82.19,0.0615,0.0615,16,374.00,377.42,0.00,0,0.306,1.000,0.907,1,1,
2026-05-06 00:51:14,1777996274.084,208687,208687,82.19,0.0615,0.0615,16,376.00,377.17,0.00,0,0.306,1.000,0.907,1,1,
2026-05-06 00:51:15,1777996275.084,208687,208687,82.19,0.0615,0.0615,16,377.00,377.09,-2.13,0,0.306,1.000,0.907,1,1,
2026-05-06 00:51:16,1777996276.084,208687,208687,82.19,0.0615,0.0615,16,375.00,376.77,-4.08,0,0.306,1.000,0.907,1,1,
2026-05-06 00:51:17,1777996277.086,208687,208687,82.19,0.0615,0.0615,16,378.00,376.45,-1.06,0,0.306,1.000,0.907,1,1,
2026-05-06 00:51:18,1777996278.084,208687,208687,82.19,0.0615,0.0615,16,377.00,376.16,2.04,0,0.326,1.000,0.907,1,1,
2026-05-06 00:51:19,1777996279.084,208687,208687,82.19,0.0615,0.0615,16,377.00,376.00,0.00,0,0.306,1.000,0.907,1,1,
2026-05-06 00:51:20,1777996280.084,208687,208687,82.19,0.0615,0.0615,16,376.00,375.85,4.08,0,0.347,1.000,0.907,1,1,
2026-05-06 00:51:21,1777996281.084,208687,208687,82.19,0.0615,0.0615,16,374.00,375.63,3.26,0,0.338,1.000,0.907,1,1,
2026-05-06 00:51:22,1777996282.084,208687,208687,82.19,0.0615,0.0615,16,374.00,375.46,-5.10,0,0.306,1.000,0.907,1,1,
2026-05-06 00:51:23,1777996283.084,208687,208687,82.19,0.0615,0.0615,16,371.00,375.16,-3.06,0,0.306,1.000,0.907,1,1,
2026-05-06 00:51:24,1777996284.084,208687,208687,82.19,0.0615,0.0615,16,373.00,374.62,5.10,0,0.357,1.000,0.907,1,1,
2026-05-06 00:51:25,1777996285.086,208687,208687,82.19,0.0615,0.0615,16,373.00,374.21,2.17,0,0.328,1.000,0.907,1,1,
2026-05-06 00:51:26,1777996286.085,208687,208687,82.19,0.0615,0.0615,16,371.00,373.86,1.04,0,0.316,1.000,0.907,1,1,
2026-05-06 00:51:27,1777996287.084,208687,208687,82.19,0.0615,0.0615,16,376.00,373.58,5.11,0,0.357,1.000,0.907,1,1,
2026-05-06 00:51:28,1777996288.085,208687,208687,82.19,0.0615,0.0615,16,374.00,373.32,5.21,0,0.358,1.000,0.907,1,1,
2026-05-06 00:51:29,1777996289.084,208687,208687,82.19,0.0615,0.0615,16,376.00,373.45,2.04,0,0.326,1.000,0.907,1,1,
2026-05-06 00:51:30,1777996290.084,208687,208687,82.19,0.0615,0.0615,16,375.00,373.46,2.08,0,0.327,1.000,0.907,1,1,
2026-05-06 00:51:31,1777996291.084,208687,208687,82.19,0.0615,0.0615,16,377.00,373.68,2.04,0,0.326,1.000,0.907,1,1,
2026-05-06 00:51:32,1777996292.084,208687,208687,82.19,0.0615,0.0615,16,376.00,373.86,6.25,0,0.368,1.000,0.907,1,1,
2026-05-06 00:51:33,1777996293.088,208687,208687,82.19,0.0615,0.0615,16,375.00,374.75,1.09,0,0.317,1.000,0.907,1,1,
2026-05-06 00:51:34,1777996294.084,208687,208687,82.19,0.0615,0.0615,16,377.00,375.35,3.26,0,0.338,1.000,0.907,1,1,
2026-05-06 00:51:35,1777996295.084,208687,208687,82.19,0.0615,0.0615,16,376.00,375.88,2.08,0,0.327,1.000,0.907,1,1,
2026-05-06 00:51:36,1777996296.084,208687,208687,82.19,0.0615,0.0615,16,376.00,376.15,3.26,0,0.338,1.000,0.907,1,1,
2026-05-06 00:51:37,1777996297.084,208687,208687,82.19,0.0615,0.0615,16,373.00,376.06,0.00,0,0.306,1.000,0.907,1,1,
2026-05-06 00:51:38,1777996298.086,208687,208687,82.19,0.0615,0.0615,16,373.00,375.80,-6.52,1,0.336,1.000,0.907,1,1,
2026-05-06 00:51:39,1777996299.084,208687,208687,82.19,0.0615,0.0615,16,378.00,375.61,0.00,1,0.336,1.000,0.907,1,1,
2026-05-06 00:51:40,1777996300.084,208687,208687,82.19,0.0615,0.0615,16,377.00,375.52,-1.04,1,0.336,1.000,0.907,1,1,
2026-05-06 00:51:41,1777996301.084,208687,208687,82.19,0.0615,0.0615,16,378.00,375.46,4.08,1,0.377,1.000,0.907,1,1,
2026-05-06 00:51:42,1777996302.084,208687,208687,82.19,0.0615,0.0615,16,377.00,375.56,-1.04,1,0.336,1.000,0.907,1,1,
2026-05-06 00:51:43,1777996303.084,208687,208687,82.19,0.0615,0.0615,16,376.00,375.83,-4.08,1,0.336,1.000,0.907,1,1,
2026-05-06 00:51:44,1777996304.084,208687,208687,82.19,0.0615,0.0615,16,377.00,375.99,4.35,1,0.379,1.000,0.907,1,1,
2026-05-06 00:51:45,1777996305.084,208687,208687,82.19,0.0615,0.0615,16,373.00,375.96,-1.02,1,0.336,1.000,0.907,1,1,
2026-05-06 00:51:46,1777996306.084,208687,208687,82.19,0.0615,0.0615,16,375.00,375.67,3.19,1,0.368,1.000,0.907,1,1,
2026-05-06 00:51:47,1777996307.085,208687,208687,82.19,0.0615,0.0615,16,373.00,375.40,2.04,1,0.356,1.000,0.907,1,1,
2026-05-06 00:51:48,1777996308.084,208687,208687,82.19,0.0615,0.0615,16,370.00,374.39,-3.06,0,0.306,1.000,0.907,1,1,
2026-05-06 00:51:49,1777996309.084,208687,208687,82.19,0.0615,0.0615,16,371.00,373.63,-4.08,0,0.306,1.000,0.907,1,1,
2026-05-06 00:51:50,1777996310.084,208687,208687,82.19,0.0615,0.0615,16,371.00,372.97,0.00,0,0.306,1.000,0.907,1,1,
2026-05-06 00:51:51,1777996311.084,208687,208687,82.19,0.0615,0.0615,16,375.00,372.85,-1.02,0,0.306,1.000,0.907,1,1,
2026-05-06 00:51:52,1777996312.084,208687,208687,82.19,0.0615,0.0615,16,372.00,372.79,-3.06,0,0.306,1.000,0.907,1,1,
2026-05-06 00:51:53,1777996313.084,208687,208687,82.19,0.0615,0.0615,16,372.00,373.18,-4.08,0,0.306,1.000,0.907,1,1,
2026-05-06 00:51:54,1777996314.084,208687,208687,82.19,0.0615,0.0615,16,374.00,373.37,2.17,0,0.328,1.000,0.907,1,1,
2026-05-06 00:51:55,1777996315.084,208687,208687,82.19,0.0615,0.0615,16,375.00,373.59,4.08,0,0.347,1.000,0.907,1,1,
2026-05-06 00:51:56,1777996316.084,208687,208687,82.19,0.0615,0.0615,16,371.00,373.57,-4.07,0,0.306,1.000,0.907,1,1,
2026-05-06 00:51:57,1777996317.084,208687,208687,82.19,0.0615,0.0615,16,375.00,373.63,-2.04,0,0.306,1.000,0.907,1,1,
2026-05-06 00:51:58,1777996318.084,208687,208687,82.19,0.0615,0.0615,16,375.00,373.53,1.09,0,0.317,1.000,0.907,1,1,
2026-05-06 00:51:59,1777996319.084,208687,208687,82.19,0.0615,0.0615,16,374.00,373.39,5.21,0,0.358,1.000,0.907,1,1,
2026-05-06 00:52:00,1777996320.084,208687,208687,82.19,0.0615,0.0615,16,371.00,373.31,-5.43,0,0.306,1.000,0.907,1,1,
2026-05-06 00:52:01,1777996321.084,208687,208687,82.19,0.0615,0.0615,16,372.00,373.39,0.00,0,0.306,1.000,0.907,1,1,
2026-05-06 00:52:02,1777996322.084,208687,208687,82.19,0.0615,0.0615,16,373.00,373.23,1.02,0,0.316,1.000,0.907,1,1,
2026-05-06 00:52:03,1777996323.084,208687,208687,82.19,0.0615,0.0615,16,373.00,373.12,-3.13,0,0.306,1.000,0.907,1,1,
2026-05-06 00:52:04,1777996324.084,208687,208687,82.19,0.0615,0.0615,16,372.00,373.07,3.26,0,0.338,1.000,0.907,1,1,
2026-05-06 00:52:05,1777996325.085,208687,208687,82.19,0.0615,0.0615,16,372.00,372.97,2.17,0,0.328,1.000,0.907,1,1,
2026-05-06 00:52:06,1777996326.084,208687,208687,82.19,0.0615,0.0615,16,371.00,372.75,0.00,0,0.306,1.000,0.907,1,1,
2026-05-06 00:52:07,1777996327.084,208687,208687,82.19,0.0615,0.0615,16,370.00,372.78,-6.52,0,0.306,1.000,0.907,1,1,
2026-05-06 00:52:08,1777996328.084,208687,208687,82.19,0.0615,0.0615,16,374.00,372.67,2.08,0,0.327,1.000,0.907,1,1,
2026-05-06 00:52:09,1777996329.084,208687,208687,82.19,0.0615,0.0615,16,369.00,372.58,-1.09,0,0.306,1.000,0.907,1,1,
2026-05-06 00:52:10,1777996330.084,208687,208687,82.19,0.0615,0.0615,16,373.00,372.67,-2.04,0,0.306,1.000,0.907,1,1,
2026-05-06 00:52:11,1777996331.084,208687,208687,82.19,0.0615,0.0615,16,371.00,372.71,-7.61,0,0.306,1.000,0.907,1,1,
2026-05-06 00:52:12,1777996332.084,208687,208687,82.19,0.0615,0.0615,16,374.00,372.80,0.00,0,0.306,1.000,0.907,1,1,
2026-05-06 00:52:13,1777996333.084,208687,208687,82.19,0.0615,0.0615,16,373.00,372.85,-1.04,0,0.306,1.000,0.907,1,1,
2026-05-06 00:52:14,1777996334.084,208687,208687,82.19,0.0615,0.0615,16,372.00,373.07,-3.06,0,0.306,1.000,0.907,1,1,
2026-05-06 00:52:15,1777996335.084,208687,208687,82.19,0.0615,0.0615,16,374.00,373.12,2.08,0,0.327,1.000,0.907,1,1,
2026-05-06 00:52:16,1777996336.084,208687,208687,82.19,0.0615,0.0615,16,372.00,373.26,1.02,0,0.316,1.000,0.907,1,1,
2026-05-06 00:52:17,1777996337.084,208687,208687,82.19,0.0615,0.0615,16,374.00,373.31,2.08,0,0.327,1.000,0.907,1,1,
2026-05-06 00:52:18,1777996338.084,208687,208687,82.19,0.0615,0.0615,16,374.00,373.33,3.06,0,0.336,1.000,0.907,1,1,
2026-05-06 00:52:19,1777996339.084,208687,208687,82.19,0.0615,0.0615,16,377.00,373.35,5.32,0,0.359,1.000,0.907,1,1,
2026-05-06 00:52:20,1777996340.087,208687,208687,82.19,0.0615,0.0615,16,370.00,373.30,-1.02,0,0.306,1.000,0.907,1,1,
2026-05-06 00:52:21,1777996341.084,208687,208687,82.19,0.0615,0.0615,16,372.00,372.57,2.05,0,0.326,1.000,0.907,1,1,
2026-05-06 00:52:22,1777996342.084,208687,208687,82.19,0.0615,0.0615,16,371.00,371.86,4.09,0,0.347,1.000,0.907,1,1,
2026-05-06 00:52:23,1777996343.084,208687,208687,82.19,0.0615,0.0615,16,370.00,371.42,-5.43,0,0.306,1.000,0.907,1,1,
2026-05-06 00:52:24,1777996344.084,208687,208687,82.19,0.0615,0.0615,16,372.00,370.87,-1.02,0,0.306,1.000,0.907,1,1,
2026-05-06 00:52:25,1777996345.084,208687,208687,82.19,0.0615,0.0615,16,372.00,370.50,0.00,0,0.306,1.000,0.907,1,1,
2026-05-06 00:52:26,1777996346.084,208687,208687,82.19,0.0615,0.0615,16,372.00,370.93,2.04,0,0.326,1.000,0.907,1,1,
2026-05-06 00:52:27,1777996347.087,208687,208687,82.19,0.0615,0.0615,16,373.00,371.46,-1.09,0,0.306,1.000,0.907,1,1,
2026-05-06 00:52:28,1777996348.088,208687,208687,82.19,0.0615,0.0615,16,370.00,371.80,0.00,0,0.306,1.000,0.907,1,1,
2026-05-06 00:52:29,1777996349.084,208687,208687,82.19,0.0615,0.0615,16,369.00,372.07,-1.03,0,0.306,1.000,0.907,1,1,
2026-05-06 00:52:30,1777996350.084,208687,208687,82.19,0.0615,0.0615,16,372.00,372.44,-4.17,0,0.306,1.000,0.907,1,1,
2026-05-06 00:52:31,1777996351.084,208687,208687,82.19,0.0615,0.0615,16,371.00,372.63,1.09,0,0.317,1.000,0.907,1,1,
2026-05-06 00:52:32,1777996352.084,208687,208687,82.19,0.0615,0.0615,16,372.00,372.84,-5.21,0,0.306,1.000,0.907,1,1,
2026-05-06 00:52:33,1777996353.084,208687,208687,82.19,0.0615,0.0615,16,373.00,372.99,1.02,0,0.316,1.000,0.907,1,1,
2026-05-06 00:52:34,1777996354.084,208687,208687,82.19,0.0615,0.0615,16,372.00,373.28,0.00,0,0.306,1.000,0.907,1,1,
2026-05-06 00:52:35,1777996355.084,208687,208687,82.19,0.0615,0.0615,16,374.00,373.34,2.04,0,0.326,1.000,0.907,1,1,
2026-05-06 00:52:36,1777996356.084,208687,208687,82.19,0.0615,0.0615,16,375.00,373.51,4.35,0,0.349,1.000,0.907,1,1,
2026-05-06 00:52:37,1777996357.084,208687,208687,82.19,0.0615,0.0615,16,372.00,373.51,-1.04,0,0.306,1.000,0.907,1,1,
2026-05-06 00:52:38,1777996358.084,208687,208687,82.19,0.0615,0.0615,16,371.00,373.67,-6.52,0,0.306,1.000,0.907,1,1,
2026-05-06 00:52:39,1777996359.084,208687,208687,82.19,0.0615,0.0615,16,376.00,373.71,2.08,0,0.327,1.000,0.907,1,1,
2026-05-06 00:52:40,1777996360.084,208687,208687,82.19,0.0615,0.0615,16,375.00,373.93,3.26,0,0.338,1.000,0.907,1,1,
2026-05-06 00:52:41,1777996361.084,208687,208687,82.19,0.0615,0.0615,16,377.00,374.05,6.27,0,0.369,1.000,0.907,1,1,
2026-05-06 00:52:42,1777996362.084,208687,208687,82.19,0.0615,0.0615,16,377.00,374.14,7.61,0,0.382,1.000,0.907,1,1,
2026-05-06 00:52:43,1777996363.084,208687,208687,82.19,0.0615,0.0615,16,375.00,374.24,2.04,0,0.326,1.000,0.907,1,1,
2026-05-06 00:52:44,1777996364.084,208687,208687,82.19,0.0615,0.0615,16,374.00,374.31,-1.04,0,0.306,1.000,0.907,1,1,
2026-05-06 00:52:45,1777996365.084,208687,208687,82.19,0.0615,0.0615,16,374.00,374.39,-2.04,0,0.306,1.000,0.907,1,1,
2026-05-06 00:52:46,1777996366.084,208687,208687,82.19,0.0615,0.0615,16,375.00,374.62,-5.43,0,0.306,1.000,0.907,1,1,
2026-05-06 00:52:47,1777996367.084,208687,208687,82.19,0.0615,0.0615,16,376.00,374.81,3.06,0,0.336,1.000,0.907,1,1,
2026-05-06 00:52:48,1777996368.084,208687,208687,82.19,0.0615,0.0615,16,377.00,375.08,-1.09,0,0.306,1.000,0.907,1,1,
2026-05-06 00:52:49,1777996369.084,208687,208687,82.19,0.0615,0.0615,16,374.00,375.42,-2.04,0,0.306,1.000,0.907,1,1,
2026-05-06 00:52:50,1777996370.084,208687,208687,82.19,0.0615,0.0615,16,378.00,375.70,4.08,0,0.347,1.000,0.907,1,1,
2026-05-06 00:52:51,1777996371.084,208687,208687,82.19,0.0615,0.0615,16,377.00,375.83,6.12,0,0.367,1.000,0.907,1,1,
2026-05-06 00:52:52,1777996372.084,208687,208687,82.19,0.0615,0.0615,16,375.00,376.03,2.17,0,0.328,1.000,0.907,1,1,
2026-05-06 00:52:53,1777996373.084,208687,208687,82.19,0.0615,0.0615,16,375.00,376.20,-6.12,0,0.306,1.000,0.907,1,1,
2026-05-06 00:52:54,1777996374.084,208687,208687,82.19,0.0615,0.0615,16,377.00,376.40,2.04,0,0.326,1.000,0.907,1,1,
2026-05-06 00:52:55,1777996375.084,208687,208687,82.19,0.0615,0.0615,16,376.00,376.57,2.04,1,0.356,1.000,0.907,1,1,
2026-05-06 00:52:56,1777996376.084,208687,208687,82.19,0.0615,0.0615,16,378.00,376.85,2.04,1,0.356,1.000,0.907,1,1,
2026-05-06 00:52:57,1777996377.084,208687,208687,82.19,0.0615,0.0615,16,378.00,377.12,2.04,1,0.356,1.000,0.907,1,1,
2026-05-06 00:52:58,1777996378.084,208687,208687,82.19,0.0615,0.0615,16,378.00,377.32,-1.09,1,0.336,1.000,0.907,1,1,
2026-05-06 00:52:59,1777996379.084,208687,208687,82.19,0.0615,0.0615,16,379.00,377.48,1.02,1,0.346,1.000,0.907,1,1,
2026-05-06 00:53:00,1777996380.084,208687,208687,82.19,0.0615,0.0615,16,376.00,377.73,-2.17,1,0.336,1.000,0.907,1,1,
2026-05-06 00:53:01,1777996381.085,208687,208687,82.19,0.0615,0.0615,16,379.00,377.93,1.02,1,0.346,1.000,0.907,1,1,
2026-05-06 00:53:02,1777996382.084,208687,208687,82.19,0.0615,0.0615,16,376.00,378.25,-3.07,1,0.336,1.000,0.907,1,1,
2026-05-06 00:53:03,1777996383.084,208687,208687,82.19,0.0615,0.0615,16,379.00,378.55,2.04,1,0.356,1.000,0.907,1,1,
2026-05-06 00:53:04,1777996384.084,208687,208687,82.19,0.0615,0.0615,16,377.00,378.87,-2.04,1,0.336,1.000,0.907,1,1,
2026-05-06 00:53:05,1777996385.084,208687,208687,82.19,0.0615,0.0615,16,381.00,379.19,4.17,0,0.347,1.000,0.907,1,1,
2026-05-06 00:53:06,1777996386.084,208687,208687,82.19,0.0615,0.0615,16,381.00,379.44,0.00,0,0.306,1.000,0.907,1,1,
2026-05-06 00:53:07,1777996387.084,208687,208687,82.19,0.0615,0.0615,16,381.00,379.62,-1.09,0,0.306,1.000,0.907,1,1,
2026-05-06 00:53:08,1777996388.084,208687,208687,82.19,0.0615,0.0615,16,375.00,379.27,-2.08,0,0.306,1.000,0.907,1,1,
2026-05-06 00:53:09,1777996389.084,208687,208687,82.19,0.0615,0.0615,16,373.00,378.73,-7.61,0,0.306,1.000,0.907,1,1,
2026-05-06 00:53:10,1777996390.084,208687,208687,82.19,0.0615,0.0615,16,374.00,377.85,-4.16,0,0.306,1.000,0.907,1,1,
2026-05-06 00:53:11,1777996391.084,208687,208687,82.19,0.0615,0.0615,16,376.00,377.06,1.09,0,0.317,1.000,0.907,1,1,
2026-05-06 00:53:12,1777996392.085,208687,208687,82.19,0.0615,0.0615,16,373.00,376.10,1.04,0,0.316,1.000,0.907,1,1,
2026-05-06 00:53:13,1777996393.084,208687,208687,82.19,0.0615,0.0615,16,376.00,375.69,0.00,0,0.306,1.000,0.907,1,1,
2026-05-06 00:53:14,1777996394.084,208687,208687,82.19,0.0615,0.0615,16,376.00,375.53,3.06,0,0.336,1.000,0.907,1,1,
2026-05-06 00:53:15,1777996395.084,208687,208687,82.19,0.0615,0.0615,16,376.00,375.67,2.17,0,0.328,1.000,0.907,1,1,
2026-05-06 00:53:16,1777996396.084,208687,208687,82.19,0.0615,0.0615,16,375.00,375.84,0.00,0,0.306,1.000,0.907,1,1,
2026-05-06 00:53:17,1777996397.084,208687,208687,82.19,0.0615,0.0615,16,377.00,376.23,4.35,0,0.349,1.000,0.907,1,1,
2026-05-06 00:53:18,1777996398.084,208687,208687,82.19,0.0615,0.0615,16,376.00,376.40,1.02,0,0.316,1.000,0.907,1,1,
2026-05-06 00:53:19,1777996399.084,208687,208687,82.19,0.0615,0.0615,16,378.00,376.76,2.17,0,0.328,1.000,0.907,1,1,
2026-05-06 00:53:20,1777996400.084,208687,208687,82.19,0.0615,0.0615,16,376.00,376.94,2.04,0,0.326,1.000,0.907,1,1,
2026-05-06 00:53:21,1777996401.084,208687,208687,82.19,0.0615,0.0615,16,381.00,377.25,5.10,0,0.357,1.000,0.907,1,1,
2026-05-06 00:53:22,1777996402.084,208687,208687,82.19,0.0615,0.0615,16,379.00,377.49,4.08,0,0.347,1.000,0.907,1,1,
2026-05-06 00:53:23,1777996403.084,208687,208687,82.19,0.0615,0.0615,16,381.00,377.95,-1.06,0,0.306,1.000,0.907,1,1,
2026-05-06 00:53:24,1777996404.084,208687,208687,82.19,0.0615,0.0615,16,378.00,378.17,0.00,0,0.306,1.000,0.907,1,1,
2026-05-06 00:53:25,1777996405.084,208687,208687,82.19,0.0615,0.0615,16,380.00,378.53,2.04,0,0.326,1.000,0.907,1,1,
2026-05-06 00:53:26,1777996406.084,208687,208687,82.19,0.0615,0.0615,16,381.00,378.85,6.12,1,0.397,1.000,0.907,1,1,
2026-05-06 00:53:27,1777996407.084,208687,208687,82.19,0.0615,0.0615,16,379.00,379.13,4.35,1,0.379,1.000,0.907,1,1,
2026-05-06 00:53:28,1777996408.084,208687,208687,82.19,0.0615,0.0615,16,379.00,379.45,2.04,1,0.356,1.000,0.907,1,1,
2026-05-06 00:53:29,1777996409.084,208687,208687,82.19,0.0615,0.0615,16,382.00,379.86,3.06,1,0.366,1.000,0.907,1,1,
2026-05-06 00:53:30,1777996410.084,208687,208687,82.19,0.0615,0.0615,16,383.00,380.34,-1.02,1,0.336,1.000,0.907,1,1,
2026-05-06 00:53:31,1777996411.084,208687,208687,82.19,0.0615,0.0615,16,383.00,380.78,1.09,1,0.347,1.000,0.907,1,1,
2026-05-06 00:53:32,1777996412.084,208687,208687,82.19,0.0615,0.0615,16,381.00,381.17,3.06,1,0.366,1.000,0.907,1,1,
2026-05-06 00:53:33,1777996413.084,208687,208687,82.19,0.0615,0.0615,16,384.00,381.58,3.06,1,0.366,1.000,0.907,1,1,
2026-05-06 00:53:34,1777996414.084,208687,208687,82.19,0.0615,0.0615,16,381.00,381.86,4.17,1,0.377,1.000,0.907,1,1,
2026-05-06 00:53:35,1777996415.084,208687,208687,82.19,0.0615,0.0615,16,384.00,382.18,3.06,1,0.366,1.000,0.907,1,1,
2026-05-06 00:53:36,1777996416.084,208687,208687,82.19,0.0615,0.0615,16,384.00,382.43,7.31,1,0.409,1.000,0.907,1,1,
2026-05-06 00:53:37,1777996417.084,208687,208687,82.19,0.0615,0.0615,16,384.00,382.84,5.43,1,0.390,1.000,0.907,1,1,
2026-05-06 00:53:38,1777996418.084,208687,208687,82.19,0.0615,0.0615,16,386.00,383.10,7.62,2,0.442,1.000,0.907,1,1,
2026-05-06 00:53:39,1777996419.084,208687,208687,82.19,0.0615,0.0615,16,382.00,383.42,0.00,2,0.366,1.000,0.907,1,1,
2026-05-06 00:53:40,1777996420.084,208687,208687,82.19,0.0615,0.0615,16,387.00,383.88,0.00,2,0.366,1.000,0.907,1,1,
2026-05-06 00:53:41,1777996421.084,208687,208687,82.19,0.0615,0.0615,16,385.00,384.29,4.17,2,0.407,1.000,0.907,1,1,
2026-05-06 00:53:42,1777996422.084,208687,208687,82.19,0.0615,0.0615,16,387.00,384.56,4.35,2,0.409,1.000,0.907,1,1,
2026-05-06 00:53:43,1777996423.084,208687,208687,82.19,0.0615,0.0615,16,389.00,385.32,-1.04,2,0.366,1.000,0.907,1,1,
2026-05-06 00:53:44,1777996424.084,208687,208687,82.19,0.0615,0.0615,16,388.00,386.02,4.35,2,0.409,1.000,0.907,1,1,
2026-05-06 00:53:45,1777996425.084,208687,208687,82.19,0.0615,0.0615,16,391.00,386.61,7.30,2,0.439,1.000,0.907,1,1,
2026-05-06 00:53:46,1777996426.084,208687,208687,82.19,0.0615,0.0615,16,387.00,387.31,5.45,2,0.420,1.000,0.907,1,1,
2026-05-06 00:53:47,1777996427.084,208687,208687,82.19,0.0615,0.0615,16,386.00,387.89,0.00,2,0.366,1.000,0.907,1,1,
2026-05-06 00:53:48,1777996428.084,208687,208687,82.19,0.0615,0.0615,16,388.00,387.78,4.35,1,0.379,1.000,0.907,1,1,
2026-05-06 00:53:49,1777996429.084,208687,208687,82.19,0.0615,0.0615,16,388.00,387.59,3.06,1,0.366,1.000,0.907,1,1,
2026-05-06 00:53:50,1777996430.084,208687,208687,82.19,0.0615,0.0615,16,384.00,387.49,-4.17,1,0.336,1.000,0.907,1,1,
2026-05-06 00:53:51,1777996431.084,208687,208687,82.19,0.0615,0.0615,16,388.00,387.41,-4.08,1,0.336,1.000,0.907,1,1,
2026-05-06 00:53:52,1777996432.084,208687,208687,82.19,0.0615,0.0615,16,391.00,387.56,3.13,1,0.367,1.000,0.907,1,1,
2026-05-06 00:53:53,1777996433.084,208687,208687,82.19,0.0615,0.0615,16,388.00,387.93,3.06,1,0.366,1.000,0.907,1,1,
2026-05-06 00:53:54,1777996434.084,208687,208687,82.19,0.0615,0.0615,16,391.00,388.44,5.32,1,0.389,1.000,0.907,1,1,
2026-05-06 00:53:55,1777996435.084,208687,208687,82.19,0.0615,0.0615,16,387.00,388.76,2.04,1,0.356,1.000,0.907,1,1,
2026-05-06 00:53:56,1777996436.084,208687,208687,82.19,0.0615,0.0615,16,389.00,389.19,2.04,1,0.356,1.000,0.907,1,1,
2026-05-06 00:53:57,1777996437.084,208687,208687,82.19,0.0615,0.0615,16,390.00,389.21,4.08,1,0.377,1.000,0.907,1,1,
2026-05-06 00:53:58,1777996438.084,208687,208687,82.19,0.0615,0.0615,16,388.00,389.36,-2.04,1,0.336,1.000,0.907,1,1,
2026-05-06 00:53:59,1777996439.084,208687,208687,82.19,0.0615,0.0615,16,394.00,389.65,2.04,1,0.356,1.000,0.907,1,1,
2026-05-06 00:54:00,1777996440.084,208687,208687,82.19,0.0615,0.0615,16,391.00,390.07,-1.07,1,0.336,1.000,0.907,1,1,
2026-05-06 00:54:01,1777996441.084,208687,208687,82.19,0.0615,0.0615,16,393.00,390.58,-1.02,1,0.336,1.000,0.907,1,1,
2026-05-06 00:54:02,1777996442.084,208687,208687,82.19,0.0615,0.0615,16,391.00,391.41,-4.35,1,0.336,1.000,0.907,1,1,
2026-05-06 00:54:03,1777996443.084,208687,208687,82.19,0.0615,0.0615,16,395.00,392.26,3.06,1,0.366,1.000,0.907,1,1,
2026-05-06 00:54:04,1777996444.084,208687,208687,82.19,0.0615,0.0615,16,392.00,393.09,-5.44,1,0.336,1.000,0.907,1,1,
2026-05-06 00:54:05,1777996445.084,208687,208687,82.19,0.0615,0.0615,16,395.00,393.71,-3.06,1,0.336,1.000,0.907,1,1,
2026-05-06 00:54:06,1777996446.084,208687,208687,82.19,0.0615,0.0615,16,397.00,394.21,2.04,0,0.326,1.000,0.907,1,1,
2026-05-06 00:54:07,1777996447.084,208687,208687,82.19,0.0615,0.0615,16,398.00,394.73,8.34,1,0.419,1.000,0.907,1,1,
2026-05-06 00:54:08,1777996448.084,208687,208687,82.19,0.0615,0.0615,16,396.00,395.29,-3.26,1,0.336,1.000,0.907,1,1,
2026-05-06 00:54:09,1777996449.084,208687,208687,82.19,0.0615,0.0615,16,399.00,395.84,7.64,4,0.502,1.000,0.907,1,1,
2026-05-06 00:54:10,1777996450.084,208687,208687,82.19,0.0615,0.0615,16,397.00,396.46,2.08,4,0.447,1.000,0.907,1,1,
2026-05-06 00:54:11,1777996451.084,208687,208687,82.19,0.0615,0.0615,16,400.00,397.14,-2.08,4,0.426,1.000,0.907,1,1,
2026-05-06 00:54:12,1777996452.084,208687,208687,82.19,0.0615,0.0615,16,396.00,397.71,-4.08,4,0.426,1.000,0.907,1,1,
2026-05-06 00:54:13,1777996453.084,208687,208687,82.19,0.0615,0.0615,16,402.00,398.23,-2.17,7,0.456,1.000,0.907,1,1,
2026-05-06 00:54:14,1777996454.084,208687,208687,82.19,0.0615,0.0615,16,401.00,398.61,5.21,7,0.508,1.000,0.907,1,1,
2026-05-06 00:54:15,1777996455.084,208687,208687,82.19,0.0615,0.0615,16,397.00,398.86,3.26,7,0.488,1.000,0.907,1,1,
2026-05-06 00:54:16,1777996456.084,208687,208687,82.19,0.0615,0.0615,16,401.00,399.18,1.04,7,0.466,1.000,0.907,1,1,
2026-05-06 00:54:17,1777996457.084,208687,208687,82.19,0.0615,0.0615,16,400.00,399.51,5.43,6,0.510,1.000,0.907,1,1,
2026-05-06 00:54:18,1777996458.084,208687,208687,82.19,0.0615,0.0615,16,401.00,399.70,1.04,6,0.466,1.000,0.907,1,1,
2026-05-06 00:54:19,1777996459.084,208687,208687,82.19,0.0615,0.0615,16,402.00,399.99,6.52,4,0.491,1.000,0.907,1,1,
2026-05-06 00:54:20,1777996460.084,208687,208687,82.19,0.0615,0.0615,16,402.00,400.41,4.08,4,0.467,1.000,0.907,1,1,
2026-05-06 00:54:21,1777996461.087,208687,208687,82.19,0.0615,0.0615,16,402.00,400.63,5.43,5,0.510,1.000,0.907,1,1,
2026-05-06 00:54:22,1777996462.084,208687,208687,82.19,0.0615,0.0615,16,399.00,400.89,0.00,4,0.426,1.000,0.907,1,1,
2026-05-06 00:54:23,1777996463.084,208687,208687,82.19,0.0615,0.0615,16,400.00,401.08,1.04,2,0.376,1.000,0.907,1,1,
2026-05-06 00:54:24,1777996464.085,208687,208687,82.19,0.0615,0.0615,16,399.00,401.42,-7.14,2,0.366,1.000,0.907,1,1,
2026-05-06 00:54:25,1777996465.084,208687,208687,82.19,0.0615,0.0615,16,403.00,401.80,4.17,2,0.408,1.000,0.907,1,1,
2026-05-06 00:54:26,1777996466.084,208687,208687,82.19,0.0615,0.0615,16,403.00,402.05,3.06,2,0.396,1.000,0.907,1,1,
2026-05-06 00:54:27,1777996467.084,208687,208687,82.19,0.0615,0.0615,16,410.00,402.43,7.29,2,0.439,1.000,0.907,1,1,
2026-05-06 00:54:28,1777996468.084,208687,208687,82.19,0.0615,0.0615,16,404.00,403.01,0.00,2,0.366,1.000,0.907,1,1,
2026-05-06 00:54:29,1777996469.084,208687,208687,82.19,0.0615,0.0615,16,404.00,403.18,5.55,1,0.391,1.000,0.907,1,1,
2026-05-06 00:54:30,1777996470.084,208687,208687,82.19,0.0615,0.0615,16,402.00,403.43,0.00,1,0.336,1.000,0.907,1,1,
2026-05-06 00:54:31,1777996471.084,208687,208687,82.19,0.0615,0.0615,16,402.00,403.88,0.00,0,0.306,1.000,0.907,1,1,
2026-05-06 00:54:32,1777996472.084,208687,208687,82.19,0.0615,0.0615,16,406.00,404.37,-4.08,0,0.306,1.000,0.907,1,1,
2026-05-06 00:54:33,1777996473.084,208687,208687,82.19,0.0615,0.0615,16,406.00,404.78,2.13,0,0.327,1.000,0.907,1,1,
2026-05-06 00:54:34,1777996474.084,208687,208687,82.19,0.0615,0.0615,16,406.00,405.51,-6.12,0,0.306,1.000,0.907,1,1,
2026-05-06 00:54:35,1777996475.084,208687,208687,82.19,0.0615,0.0615,16,404.00,405.81,-2.04,0,0.306,1.000,0.907,1,1,
2026-05-06 00:54:36,1777996476.084,208687,208687,82.19,0.0615,0.0615,16,410.00,406.64,1.02,0,0.316,1.000,0.907,1,1,
2026-05-06 00:54:37,1777996477.084,208687,208687,82.19,0.0615,0.0615,16,409.00,407.28,-1.02,0,0.306,1.000,0.907,1,1,
2026-05-06 00:54:38,1777996478.084,208687,208687,82.19,0.0615,0.0615,16,411.00,407.91,5.10,0,0.357,1.000,0.907,1,1,
2026-05-06 00:54:39,1777996479.084,208687,208687,82.19,0.0615,0.0615,16,410.00,408.43,-4.35,0,0.306,1.000,0.907,1,1,
2026-05-06 00:54:40,1777996480.084,208687,208687,82.19,0.0615,0.0615,16,409.00,409.30,2.04,0,0.326,1.000,0.907,1,1,
2026-05-06 00:54:41,1777996481.084,208687,208687,82.19,0.0615,0.0615,16,413.00,410.06,4.07,0,0.347,1.000,0.907,1,1,
2026-05-06 00:54:42,1777996482.084,208687,208687,82.19,0.0615,0.0615,16,411.00,410.84,-3.13,0,0.306,1.000,0.907,1,1,
2026-05-06 00:54:43,1777996483.084,208687,208687,82.19,0.0615,0.0615,16,408.00,411.58,-3.06,0,0.306,1.000,0.907,1,1,
2026-05-06 00:54:44,1777996484.084,208687,208687,82.19,0.0615,0.0615,16,415.00,412.12,5.21,1,0.388,1.000,0.907,1,1,
2026-05-06 00:54:45,1777996485.084,208687,208687,82.19,0.0615,0.0615,16,413.00,412.78,-3.26,1,0.336,1.000,0.907,1,1,
2026-05-06 00:54:46,1777996486.086,208687,208687,82.19,0.0615,0.0615,16,414.00,412.86,3.12,1,0.367,1.000,0.907,1,1,
2026-05-06 00:54:47,1777996487.084,208687,208687,82.19,0.0615,0.0615,16,417.00,413.02,3.07,1,0.367,1.000,0.907,1,1,
2026-05-06 00:54:48,1777996488.084,208687,208687,82.19,0.0615,0.0615,16,415.00,413.34,0.00,1,0.336,1.000,0.907,1,1,
2026-05-06 00:54:49,1777996489.084,208687,208687,82.19,0.0615,0.0615,16,415.00,413.82,-2.08,1,0.336,1.000,0.907,1,1,
2026-05-06 00:54:50,1777996490.084,208687,208687,82.19,0.0615,0.0615,16,413.00,414.18,-5.43,1,0.336,1.000,0.907,1,1,
2026-05-06 00:54:51,1777996491.084,208687,208687,82.19,0.0615,0.0615,16,415.00,414.83,-4.17,1,0.336,1.000,0.907,1,1,
2026-05-06 00:54:52,1777996492.084,208687,208687,82.19,0.0615,0.0615,16,413.00,415.22,-5.43,1,0.336,1.000,0.907,1,1,
2026-05-06 00:54:53,1777996493.084,208687,208687,82.19,0.0615,0.0615,16,417.00,415.55,-3.12,1,0.336,1.000,0.907,1,1,
2026-05-06 00:54:54,1777996494.084,208687,208687,82.19,0.0615,0.0615,16,415.00,415.85,-2.18,0,0.306,1.000,0.907,1,1,
2026-05-06 00:54:55,1777996495.084,208687,208687,82.19,0.0615,0.0615,16,416.00,416.18,-3.06,0,0.306,1.000,0.907,1,1,
2026-05-06 00:54:56,1777996496.084,208687,208687,82.19,0.0615,0.0615,16,416.00,416.42,0.00,0,0.306,1.000,0.907,1,1,
2026-05-06 00:54:57,1777996497.084,208687,208687,82.19,0.0615,0.0615,16,419.00,416.89,-1.02,0,0.306,1.000,0.907,1,1,
2026-05-06 00:54:58,1777996498.084,208687,208687,82.19,0.0615,0.0615,16,419.00,417.21,0.00,0,0.306,1.000,0.907,1,1,
2026-05-06 00:54:59,1777996499.084,208687,208687,82.19,0.0615,0.0615,16,419.00,417.57,2.04,0,0.326,1.000,0.907,1,1,
2026-05-06 00:55:00,1777996500.084,208687,208687,82.19,0.0615,0.0615,16,419.00,418.04,-5.43,0,0.306,1.000,0.907,1,1,
2026-05-06 00:55:01,1777996501.084,208687,208687,82.19,0.0615,0.0615,16,419.00,418.46,2.04,0,0.326,1.000,0.907,1,1,
2026-05-06 00:55:02,1777996502.084,208687,208687,82.19,0.0615,0.0615,16,418.00,418.66,-1.04,0,0.306,1.000,0.907,1,1,
2026-05-06 00:55:03,1777996503.084,208687,208687,82.19,0.0615,0.0615,16,420.00,419.16,-4.08,0,0.306,1.000,0.907,1,1,
2026-05-06 00:55:04,1777996504.088,208687,208687,82.19,0.0615,0.0615,16,422.00,419.66,5.32,0,0.359,1.000,0.907,1,1,
2026-05-06 00:55:05,1777996505.084,208687,208687,82.19,0.0615,0.0615,16,420.00,419.94,4.08,0,0.347,1.000,0.907,1,1,
2026-05-06 00:55:06,1777996506.084,208687,208687,82.19,0.0615,0.0615,16,419.00,420.30,-1.04,0,0.306,1.000,0.907,1,1,
2026-05-06 00:55:07,1777996507.084,208687,208687,82.19,0.0615,0.0615,16,421.00,420.79,-3.06,0,0.306,1.000,0.907,1,1,
2026-05-06 00:55:08,1777996508.084,208687,208687,82.19,0.0615,0.0615,16,422.00,421.21,1.02,0,0.316,1.000,0.907,1,1,
2026-05-06 00:55:09,1777996509.084,208687,208687,82.19,0.0615,0.0615,16,423.00,421.55,5.10,0,0.357,1.000,0.907,1,1,
2026-05-06 00:55:10,1777996510.084,208687,208687,82.19,0.0615,0.0615,16,421.00,421.98,4.35,0,0.349,1.000,0.907,1,1,
2026-05-06 00:55:11,1777996511.084,208687,208687,82.19,0.0615,0.0615,16,421.00,422.43,1.02,1,0.346,1.000,0.907,1,1,
2026-05-06 00:55:12,1777996512.084,208687,208687,82.19,0.0615,0.0615,16,422.00,422.73,1.02,1,0.346,1.000,0.907,1,1,
2026-05-06 00:55:13,1777996513.084,208687,208687,82.19,0.0615,0.0615,16,426.00,423.13,1.02,1,0.346,1.000,0.907,1,1,
2026-05-06 00:55:14,1777996514.084,208687,208687,82.19,0.0615,0.0615,16,423.00,423.57,-2.17,2,0.366,1.000,0.907,1,1,
2026-05-06 00:55:15,1777996515.084,208687,208687,82.19,0.0615,0.0615,16,421.00,423.91,-9.18,2,0.366,1.000,0.907,1,1,
2026-05-06 00:55:16,1777996516.085,208687,208687,82.19,0.0615,0.0615,16,421.00,423.95,0.00,2,0.366,1.000,0.907,1,1,
2026-05-06 00:55:17,1777996517.084,208687,208687,82.19,0.0615,0.0615,16,424.00,424.07,-4.17,2,0.366,1.000,0.907,1,1,
2026-05-06 00:55:18,1777996518.084,208687,208687,82.19,0.0615,0.0615,16,422.00,423.79,-2.04,2,0.366,1.000,0.907,1,1,
2026-05-06 00:55:19,1777996519.084,208687,208687,82.19,0.0615,0.0615,16,425.00,423.58,-3.13,2,0.366,1.000,0.907,1,1,
2026-05-06 00:55:20,1777996520.084,208687,208687,82.19,0.0615,0.0615,16,425.00,423.42,-3.26,2,0.366,1.000,0.907,1,1,
2026-05-06 00:55:21,1777996521.084,208687,208687,82.19,0.0615,0.0615,16,424.00,423.53,5.21,2,0.418,1.000,0.907,1,1,
2026-05-06 00:55:22,1777996522.084,208687,208687,82.19,0.0615,0.0615,16,423.00,423.59,3.25,2,0.398,1.000,0.907,1,1,
2026-05-06 00:55:23,1777996523.084,208687,208687,82.19,0.0615,0.0615,16,421.00,423.84,2.17,3,0.418,1.000,0.907,1,1,
2026-05-06 00:55:24,1777996524.084,208687,208687,82.19,0.0615,0.0615,16,422.00,424.08,-4.17,2,0.366,1.000,0.907,1,1,
2026-05-06 00:55:25,1777996525.084,208687,208687,82.19,0.0615,0.0615,16,427.00,424.36,-1.09,3,0.396,1.000,0.907,1,1,
2026-05-06 00:55:26,1777996526.084,208687,208687,82.19,0.0615,0.0615,16,426.00,424.63,1.04,3,0.406,1.000,0.907,1,1,
2026-05-06 00:55:27,1777996527.084,208687,208687,82.19,0.0615,0.0615,16,426.00,424.95,5.43,4,0.480,1.000,0.907,1,1,
2026-05-06 00:55:28,1777996528.084,208687,208687,82.19,0.0615,0.0615,16,429.00,425.26,6.25,4,0.488,1.000,0.907,1,1,
2026-05-06 00:55:29,1777996529.084,208687,208687,82.19,0.0615,0.0615,16,425.00,425.45,5.43,4,0.480,1.000,0.907,1,1,
2026-05-06 00:55:30,1777996530.084,208687,208687,82.19,0.0615,0.0615,16,426.00,425.74,-2.04,4,0.426,1.000,0.907,1,1,
2026-05-06 00:55:31,1777996531.084,208687,208687,82.19,0.0615,0.0615,16,427.00,426.11,1.04,4,0.436,1.000,0.907,1,1,
2026-05-06 00:55:32,1777996532.084,208687,208687,82.19,0.0615,0.0615,16,426.00,426.45,1.02,4,0.436,1.000,0.907,1,1,
2026-05-06 00:55:33,1777996533.084,208687,208687,82.19,0.0615,0.0615,16,425.00,426.77,-1.04,3,0.396,1.000,0.907,1,1,
2026-05-06 00:55:34,1777996534.084,208687,208687,82.19,0.0615,0.0615,16,427.00,427.27,-5.10,3,0.396,1.000,0.907,1,1,
2026-05-06 00:55:35,1777996535.084,208687,208687,82.19,0.0615,0.0615,16,424.00,427.38,-3.13,2,0.366,1.000,0.907,1,1,
2026-05-06 00:55:36,1777996536.084,208687,208687,82.19,0.0615,0.0615,16,429.00,427.65,-3.06,2,0.366,1.000,0.907,1,1,
2026-05-06 00:55:37,1777996537.084,208687,208687,82.19,0.0615,0.0615,16,430.00,427.80,1.04,2,0.376,1.000,0.907,1,1,
2026-05-06 00:55:38,1777996538.084,208687,208687,82.19,0.0615,0.0615,16,431.00,428.09,6.12,2,0.427,1.000,0.907,1,1,
2026-05-06 00:55:39,1777996539.084,208687,208687,82.19,0.0615,0.0615,16,429.00,428.42,-2.04,2,0.366,1.000,0.907,1,1,
2026-05-06 00:55:40,1777996540.084,208687,208687,82.19,0.0615,0.0615,16,431.00,428.96,4.08,3,0.437,1.000,0.907,1,1,
2026-05-06 00:55:41,1777996541.084,208687,208687,82.19,0.0615,0.0615,16,431.00,429.44,-5.32,2,0.366,1.000,0.907,1,1,
2026-05-06 00:55:42,1777996542.084,208687,208687,82.19,0.0615,0.0615,16,429.00,429.94,2.04,2,0.386,1.000,0.907,1,1,
2026-05-06 00:55:43,1777996543.084,208687,208687,82.19,0.0615,0.0615,16,431.00,430.47,4.35,3,0.439,1.000,0.907,1,1,
2026-05-06 00:55:44,1777996544.085,208687,208687,82.19,0.0615,0.0615,16,427.00,430.88,-1.02,3,0.396,1.000,0.907,1,1,
2026-05-06 00:55:45,1777996545.084,208687,208687,82.19,0.0615,0.0615,16,433.00,431.26,6.13,3,0.457,1.000,0.907,1,1,
2026-05-06 00:55:46,1777996546.084,208687,208687,82.19,0.0615,0.0615,16,433.00,431.42,6.12,3,0.457,1.000,0.907,1,1,
2026-05-06 00:55:47,1777996547.084,208687,208687,82.19,0.0615,0.0615,16,436.00,431.85,1.09,2,0.377,1.000,0.907,1,1,
2026-05-06 00:55:48,1777996548.084,208687,208687,82.19,0.0615,0.0615,16,434.00,432.10,6.25,2,0.428,1.000,0.907,1,1,
2026-05-06 00:55:49,1777996549.084,208687,208687,82.19,0.0615,0.0615,16,435.00,432.41,1.02,2,0.376,1.000,0.907,1,1,
2026-05-06 00:55:50,1777996550.084,208687,208687,82.19,0.0615,0.0615,16,436.00,432.68,7.14,1,0.407,1.000,0.907,1,1,
2026-05-06 00:55:51,1777996551.084,208687,208687,82.19,0.0615,0.0615,16,434.00,433.19,-4.35,1,0.336,1.000,0.907,1,1,
2026-05-06 00:55:52,1777996552.084,208687,208687,82.19,0.0615,0.0615,16,437.00,433.40,8.33,3,0.479,1.000,0.907,1,1,
2026-05-06 00:55:53,1777996553.084,208687,208687,82.19,0.0615,0.0615,16,434.00,433.71,-4.35,2,0.366,1.000,0.907,1,1,
2026-05-06 00:55:54,1777996554.084,208687,208687,82.19,0.0615,0.0615,16,433.00,433.95,-1.04,2,0.366,1.000,0.907,1,1,
2026-05-06 00:55:55,1777996555.084,208687,208687,82.19,0.0615,0.0615,16,433.00,434.27,0.00,2,0.366,1.000,0.907,1,1,
2026-05-06 00:55:56,1777996556.084,208687,208687,82.19,0.0615,0.0615,16,431.00,434.58,-10.42,3,0.396,1.000,0.907,1,1,
2026-05-06 00:55:57,1777996557.084,208687,208687,82.19,0.0615,0.0615,16,438.00,435.01,7.15,3,0.467,1.000,0.907,1,1,
2026-05-06 00:55:58,1777996558.084,208687,208687,82.19,0.0615,0.0615,16,437.00,435.43,6.52,3,0.461,1.000,0.907,1,1,
2026-05-06 00:55:59,1777996559.084,208687,208687,82.19,0.0615,0.0615,16,435.00,435.62,1.04,3,0.406,1.000,0.907,1,1,
2026-05-06 00:56:00,1777996560.084,208687,208687,82.19,0.0615,0.0615,16,436.00,436.06,0.00,3,0.396,1.000,0.907,1,1,
2026-05-06 00:56:01,1777996561.084,208687,208687,82.19,0.0615,0.0615,16,439.00,436.38,-1.04,3,0.396,1.000,0.907,1,1,
2026-05-06 00:56:02,1777996562.084,208687,208687,82.19,0.0615,0.0615,16,438.00,436.72,0.00,1,0.336,1.000,0.907,1,1,
2026-05-06 00:56:03,1777996563.084,208687,208687,82.19,0.0615,0.0615,16,436.00,437.03,0.00,1,0.336,1.000,0.907,1,1,
2026-05-06 00:56:04,1777996564.084,208687,208687,82.19,0.0615,0.0615,16,436.00,437.48,2.17,1,0.358,1.000,0.907,1,1,
2026-05-06 00:56:05,1777996565.084,208687,208687,82.19,0.0615,0.0615,16,439.00,437.82,-4.08,0,0.306,1.000,0.907,1,1,
2026-05-06 00:56:06,1777996566.084,208687,208687,82.19,0.0615,0.0615,16,443.00,438.19,1.09,0,0.317,1.000,0.907,1,1,
2026-05-06 00:56:07,1777996567.084,208687,208687,82.19,0.0615,0.0615,16,442.00,438.50,1.02,0,0.316,1.000,0.907,1,1,
2026-05-06 00:56:08,1777996568.086,208687,208687,82.19,0.0615,0.0615,16,439.00,438.87,-5.43,1,0.336,1.000,0.907,1,1,
2026-05-06 00:56:09,1777996569.084,208687,208687,82.19,0.0615,0.0615,16,441.00,439.44,-4.08,1,0.336,1.000,0.907,1,1,
2026-05-06 00:56:10,1777996570.084,208687,208687,82.19,0.0615,0.0615,16,444.00,439.86,8.70,1,0.423,1.000,0.907,1,1,
2026-05-06 00:56:11,1777996571.084,208687,208687,82.19,0.0615,0.0615,16,443.00,440.14,5.10,1,0.387,1.000,0.907,1,1,
2026-05-06 00:56:12,1777996572.084,208687,208687,82.19,0.0615,0.0615,16,441.00,440.61,5.33,1,0.389,1.000,0.907,1,1,
2026-05-06 00:56:13,1777996573.084,208687,208687,82.19,0.0615,0.0615,16,440.00,440.95,3.06,1,0.366,1.000,0.907,1,1,
2026-05-06 00:56:14,1777996574.084,208687,208687,82.19,0.0615,0.0615,16,441.00,441.10,4.25,1,0.378,1.000,0.907,1,1,
2026-05-06 00:56:15,1777996575.084,208687,208687,82.19,0.0615,0.0615,16,443.00,441.33,3.06,1,0.366,1.000,0.907,1,1,
2026-05-06 00:56:16,1777996576.084,208687,208687,82.19,0.0615,0.0615,16,441.00,441.61,-3.26,1,0.336,1.000,0.907,1,1,
2026-05-06 00:56:17,1777996577.085,208687,208687,82.19,0.0615,0.0615,16,441.00,442.01,-6.12,1,0.336,1.000,0.907,1,1,
2026-05-06 00:56:18,1777996578.084,208687,208687,82.19,0.0615,0.0615,16,447.00,442.43,6.13,0,0.367,1.000,0.907,1,1,
2026-05-06 00:56:19,1777996579.084,208687,208687,82.19,0.0615,0.0615,16,444.00,442.72,5.11,0,0.357,1.000,0.907,1,1,
2026-05-06 00:56:20,1777996580.084,208687,208687,82.19,0.0615,0.0615,16,443.00,443.13,-1.02,0,0.306,1.000,0.907,1,1,
2026-05-06 00:56:21,1777996581.084,208687,208687,82.19,0.0615,0.0615,16,442.00,443.59,-7.14,0,0.306,1.000,0.907,1,1,
2026-05-06 00:56:22,1777996582.084,208687,208687,82.19,0.0615,0.0615,16,445.00,443.90,3.06,0,0.336,1.000,0.907,1,1,
2026-05-06 00:56:23,1777996583.084,208687,208687,82.19,0.0615,0.0615,16,446.00,444.17,6.12,1,0.397,1.000,0.907,1,1,
2026-05-06 00:56:24,1777996584.084,208687,208687,82.19,0.0615,0.0615,16,441.00,444.40,0.00,1,0.336,1.000,0.907,1,1,
2026-05-06 00:56:25,1777996585.084,208687,208687,82.19,0.0615,0.0615,16,446.00,444.56,4.17,1,0.377,1.000,0.907,1,1,
2026-05-06 00:56:26,1777996586.084,208687,208687,82.19,0.0615,0.0615,16,442.00,444.45,-6.52,1,0.336,1.000,0.907,1,1,
2026-05-06 00:56:27,1777996587.084,208687,208687,82.19,0.0615,0.0615,16,445.00,444.39,-3.13,2,0.366,1.000,0.907,1,1,
2026-05-06 00:56:28,1777996588.084,208687,208687,82.19,0.0615,0.0615,16,442.00,444.15,-2.17,2,0.366,1.000,0.907,1,1,
2026-05-06 00:56:29,1777996589.084,208687,208687,82.19,0.0615,0.0615,16,443.00,444.15,-7.29,2,0.366,1.000,0.907,1,1,
2026-05-06 00:56:30,1777996590.084,208687,208687,82.19,0.0615,0.0615,16,448.00,444.19,5.10,3,0.447,1.000,0.907,1,1,
2026-05-06 00:56:31,1777996591.084,208687,208687,82.19,0.0615,0.0615,16,443.00,444.21,4.35,6,0.499,1.000,0.907,1,1,
2026-05-06 00:56:32,1777996592.084,208687,208687,82.19,0.0615,0.0615,16,445.00,444.24,-1.04,6,0.456,1.000,0.907,1,1,
2026-05-06 00:56:33,1777996593.084,208687,208687,82.19,0.0615,0.0615,16,444.00,444.53,-5.44,7,0.456,1.000,0.907,1,1,
2026-05-06 00:56:34,1777996594.084,208687,208687,82.19,0.0615,0.0615,16,444.00,444.80,-4.17,7,0.456,1.000,0.907,1,1,
2026-05-06 00:56:35,1777996595.084,208687,208687,82.19,0.0615,0.0615,16,447.00,444.90,6.53,7,0.521,1.000,0.907,1,1,
2026-05-06 00:56:36,1777996596.084,208687,208687,82.19,0.0615,0.0615,16,445.00,445.29,1.04,7,0.466,1.000,0.907,1,1,
2026-05-06 00:56:37,1777996597.084,208687,208687,82.19,0.0615,0.0615,16,445.00,445.44,3.26,7,0.488,1.000,0.907,1,1,
2026-05-06 00:56:38,1777996598.084,208687,208687,82.19,0.0615,0.0615,16,445.00,445.71,-4.08,8,0.456,1.000,0.907,1,1,
2026-05-06 00:56:39,1777996599.084,208687,208687,82.19,0.0615,0.0615,16,450.00,446.02,-2.17,9,0.456,1.000,0.907,1,1,
2026-05-06 00:56:40,1777996600.084,208687,208687,82.19,0.0615,0.0615,16,446.00,446.33,3.07,8,0.486,1.000,0.907,1,1,
2026-05-06 00:56:41,1777996601.084,208687,208687,82.19,0.0615,0.0615,16,449.00,446.63,3.13,8,0.487,1.000,0.907,1,1,
2026-05-06 00:56:42,1777996602.084,208687,208687,82.19,0.0615,0.0615,16,447.00,447.04,2.05,8,0.476,1.000,0.907,1,1,
2026-05-06 00:56:43,1777996603.084,208687,208687,82.19,0.0615,0.0615,16,447.00,447.30,0.00,6,0.456,1.000,0.907,1,1,
2026-05-06 00:56:44,1777996604.084,208687,208687,82.19,0.0615,0.0615,16,449.00,447.64,-2.04,6,0.456,1.000,0.907,1,1,
2026-05-06 00:56:45,1777996605.084,208687,208687,82.19,0.0615,0.0615,16,447.00,447.88,-2.04,6,0.456,1.000,0.907,1,1,
2026-05-06 00:56:46,1777996606.084,208687,208687,82.19,0.0615,0.0615,16,447.00,448.17,-5.10,6,0.456,1.000,0.907,1,1,
2026-05-06 00:56:47,1777996607.084,208687,208687,82.19,0.0615,0.0615,16,450.00,448.57,3.06,5,0.486,1.000,0.907,1,1,
2026-05-06 00:56:48,1777996608.084,208687,208687,82.19,0.0615,0.0615,16,449.00,448.84,4.08,3,0.437,1.000,0.907,1,1,
2026-05-06 00:56:49,1777996609.084,208687,208687,82.19,0.0615,0.0615,16,453.00,449.15,6.52,3,0.461,1.000,0.907,1,1,
2026-05-06 00:56:50,1777996610.084,208687,208687,82.19,0.0615,0.0615,16,449.00,449.62,3.06,2,0.396,1.000,0.907,1,1,
2026-05-06 00:56:51,1777996611.084,208687,208687,82.19,0.0615,0.0615,16,450.00,449.83,-3.26,1,0.336,1.000,0.907,1,1,
2026-05-06 00:56:52,1777996612.084,208687,208687,82.19,0.0615,0.0615,16,453.00,450.14,-1.02,1,0.336,1.000,0.907,1,1,
2026-05-06 00:56:53,1777996613.084,208687,208687,82.19,0.0615,0.0615,16,452.00,450.58,1.09,1,0.347,1.000,0.907,1,1,
2026-05-06 00:56:54,1777996614.084,208687,208687,82.19,0.0615,0.0615,16,451.00,450.84,3.06,2,0.396,1.000,0.907,1,1,
2026-05-06 00:56:55,1777996615.084,208687,208687,82.19,0.0615,0.0615,16,452.00,451.14,5.42,2,0.420,1.000,0.907,1,1,
2026-05-06 00:56:56,1777996616.084,208687,208687,82.19,0.0615,0.0615,16,454.00,451.41,6.25,4,0.488,1.000,0.907,1,1,
2026-05-06 00:56:57,1777996617.084,208687,208687,82.19,0.0615,0.0615,16,450.00,451.68,-4.08,4,0.426,1.000,0.907,1,1,
2026-05-06 00:56:58,1777996618.084,208687,208687,82.19,0.0615,0.0615,16,451.00,452.01,-6.25,6,0.456,1.000,0.907,1,1,
2026-05-06 00:56:59,1777996619.084,208687,208687,82.19,0.0615,0.0615,16,450.00,452.28,-1.02,6,0.456,1.000,0.907,1,1,
2026-05-06 00:57:00,1777996620.084,208687,208687,82.19,0.0615,0.0615,16,452.00,452.68,-7.29,7,0.456,1.000,0.907,1,1,
2026-05-06 00:57:01,1777996621.084,208687,208687,82.19,0.0615,0.0615,16,453.00,453.09,2.17,6,0.478,1.000,0.907,1,1,
2026-05-06 00:57:02,1777996622.084,208687,208687,82.19,0.0615,0.0615,16,454.00,453.50,1.04,6,0.466,1.000,0.907,1,1,
2026-05-06 00:57:03,1777996623.084,208687,208687,82.19,0.0615,0.0615,16,453.00,453.68,-1.02,6,0.456,1.000,0.907,1,1,
2026-05-06 00:57:04,1777996624.084,208687,208687,82.19,0.0615,0.0615,16,454.00,454.12,-6.52,7,0.456,1.000,0.907,1,1,
2026-05-06 00:57:05,1777996625.084,208687,208687,82.19,0.0615,0.0615,16,455.00,454.31,1.04,9,0.466,1.000,0.907,1,1,
2026-05-06 00:57:06,1777996626.084,208687,208687,82.19,0.0615,0.0615,16,458.00,454.67,7.61,8,0.532,1.000,0.907,1,1,
2026-05-06 00:57:07,1777996627.085,208687,208687,82.19,0.0615,0.0615,16,454.00,454.91,1.04,8,0.466,1.000,0.907,1,1,
2026-05-06 00:57:08,1777996628.084,208687,208687,82.19,0.0615,0.0615,16,459.00,455.27,8.70,6,0.543,1.000,0.907,1,1,
2026-05-06 00:57:09,1777996629.084,208687,208687,82.19,0.0615,0.0615,16,454.00,455.46,2.08,6,0.477,1.000,0.907,1,1,
2026-05-06 00:57:10,1777996630.084,208687,208687,82.19,0.0615,0.0615,16,454.00,455.82,-7.61,6,0.456,1.000,0.907,1,1,
2026-05-06 00:57:11,1777996631.084,208687,208687,82.19,0.0615,0.0615,16,459.00,456.23,3.07,8,0.487,1.000,0.907,1,1,
2026-05-06 00:57:12,1777996632.084,208687,208687,82.19,0.0615,0.0615,16,456.00,456.47,-3.13,9,0.456,1.000,0.907,1,1,
2026-05-06 00:57:13,1777996633.084,208687,208687,82.19,0.0615,0.0615,16,457.00,456.76,-2.04,9,0.456,1.000,0.907,1,1,
2026-05-06 00:57:14,1777996634.084,208687,208687,82.19,0.0615,0.0615,16,456.00,456.97,-1.04,8,0.456,1.000,0.907,1,1,
2026-05-06 00:57:15,1777996635.084,208687,208687,82.19,0.0615,0.0615,16,460.00,457.27,0.00,6,0.456,1.000,0.907,1,1,
2026-05-06 00:57:16,1777996636.084,208687,208687,82.19,0.0615,0.0615,16,458.00,457.40,2.17,5,0.478,1.000,0.907,1,1,
2026-05-06 00:57:17,1777996637.086,208687,208687,82.19,0.0615,0.0615,16,458.00,457.65,3.05,5,0.486,1.000,0.907,1,1,
2026-05-06 00:57:18,1777996638.084,208687,208687,82.19,0.0615,0.0615,16,460.00,457.91,2.05,5,0.476,1.000,0.907,1,1,
2026-05-06 00:57:19,1777996639.084,208687,208687,82.19,0.0615,0.0615,16,456.00,458.21,0.00,5,0.456,1.000,0.907,1,1,
2026-05-06 00:57:20,1777996640.084,208687,208687,82.19,0.0615,0.0615,16,457.00,458.31,2.13,4,0.447,1.000,0.907,1,1,
2026-05-06 00:57:21,1777996641.084,208687,208687,82.19,0.0615,0.0615,16,458.00,458.59,-9.18,3,0.396,1.000,0.907,1,1,
2026-05-06 00:57:22,1777996642.084,208687,208687,82.19,0.0615,0.0615,16,462.00,459.00,4.08,2,0.407,1.000,0.907,1,1,
2026-05-06 00:57:23,1777996643.084,208687,208687,82.19,0.0615,0.0615,16,460.00,459.30,4.08,2,0.407,1.000,0.907,1,1,
2026-05-06 00:57:24,1777996644.084,208687,208687,82.19,0.0615,0.0615,16,460.00,459.62,0.00,1,0.336,1.000,0.907,1,1,
2026-05-06 00:57:25,1777996645.084,208687,208687,82.19,0.0615,0.0615,16,461.00,460.02,5.10,3,0.447,1.000,0.907,1,1,
2026-05-06 00:57:26,1777996646.084,208687,208687,82.19,0.0615,0.0615,16,461.00,460.35,0.00,3,0.396,1.000,0.907,1,1,
2026-05-06 00:57:27,1777996647.084,208687,208687,82.19,0.0615,0.0615,16,463.00,460.60,5.10,4,0.477,1.000,0.907,1,1,
2026-05-06 00:57:28,1777996648.084,208687,208687,82.19,0.0615,0.0615,16,459.00,460.87,-5.43,4,0.426,1.000,0.907,1,1,
2026-05-06 00:57:29,1777996649.084,208687,208687,82.19,0.0615,0.0615,16,458.00,461.28,-9.18,6,0.456,1.000,0.907,1,1,
2026-05-06 00:57:30,1777996650.084,208687,208687,82.19,0.0615,0.0615,16,459.00,461.56,1.02,5,0.466,1.000,0.907,1,1,
2026-05-06 00:57:31,1777996651.084,208687,208687,82.19,0.0615,0.0615,16,462.00,461.87,-6.25,6,0.456,1.000,0.907,1,1,
2026-05-06 00:57:32,1777996652.084,208687,208687,82.19,0.0615,0.0615,16,465.00,462.19,6.52,6,0.521,1.000,0.907,1,1,
2026-05-06 00:57:33,1777996653.084,208687,208687,82.19,0.0615,0.0615,16,464.00,462.42,6.25,7,0.518,1.000,0.907,1,1,
2026-05-06 00:57:34,1777996654.084,208687,208687,82.19,0.0615,0.0615,16,466.00,462.57,2.04,7,0.476,1.000,0.907,1,1,
2026-05-06 00:57:35,1777996655.084,208687,208687,82.19,0.0615,0.0615,16,464.00,462.93,8.35,7,0.539,1.000,0.907,1,1,
2026-05-06 00:57:36,1777996656.084,208687,208687,82.19,0.0615,0.0615,16,465.00,463.11,-1.09,8,0.456,1.000,0.907,1,1,
2026-05-06 00:57:37,1777996657.084,208687,208687,82.19,0.0615,0.0615,16,468.00,463.28,8.71,9,0.543,1.000,0.907,1,1,
2026-05-06 00:57:38,1777996658.088,208687,208687,82.19,0.0615,0.0615,16,463.00,463.51,0.00,8,0.456,1.000,0.907,1,1,
2026-05-06 00:57:39,1777996659.084,208687,208687,82.19,0.0615,0.0615,16,464.00,463.70,1.09,8,0.467,1.000,0.907,1,1,
2026-05-06 00:57:40,1777996660.085,208687,208687,82.19,0.0615,0.0615,16,466.00,463.99,-1.04,8,0.456,1.000,0.907,1,1,
2026-05-06 00:57:41,1777996661.084,208687,208687,82.19,0.0615,0.0615,16,466.00,464.35,4.35,9,0.499,1.000,0.907,1,1,
2026-05-06 00:57:42,1777996662.084,208687,208687,82.19,0.0615,0.0615,16,465.00,464.66,4.17,10,0.498,1.000,0.907,1,1,
2026-05-06 00:57:43,1777996663.084,208687,208687,82.19,0.0615,0.0615,16,465.00,465.06,2.17,9,0.478,1.000,0.907,1,1,
2026-05-06 00:57:44,1777996664.084,208687,208687,82.19,0.0615,0.0615,16,468.00,465.39,6.12,9,0.517,1.000,0.907,1,1,
2026-05-06 00:57:45,1777996665.084,208687,208687,82.19,0.0615,0.0615,16,468.00,465.94,0.00,7,0.456,1.000,0.907,1,1,
2026-05-06 00:57:46,1777996666.084,208687,208687,82.19,0.0615,0.0615,16,468.00,466.26,3.06,6,0.486,1.000,0.907,1,1,
2026-05-06 00:57:47,1777996667.084,208687,208687,82.19,0.0615,0.0615,16,468.00,466.73,0.00,6,0.456,1.000,0.907,1,1,
2026-05-06 00:57:48,1777996668.084,208687,208687,82.19,0.0615,0.0615,16,468.00,467.14,4.08,6,0.497,1.000,0.907,1,1,
2026-05-06 00:57:49,1777996669.084,208687,208687,82.19,0.0615,0.0615,16,472.00,467.63,4.17,5,0.497,1.000,0.907,1,1,
2026-05-06 00:57:50,1777996670.084,208687,208687,82.19,0.0615,0.0615,16,470.00,467.76,-1.02,7,0.456,1.000,0.907,1,1,
2026-05-06 00:57:51,1777996671.084,208687,208687,82.19,0.0615,0.0615,16,468.00,468.08,-4.26,5,0.456,1.000,0.907,1,1,
2026-05-06 00:57:52,1777996672.085,208687,208687,82.19,0.0615,0.0615,16,469.00,468.41,-5.10,4,0.426,1.000,0.907,1,1,
2026-05-06 00:57:53,1777996673.084,208687,208687,82.19,0.0615,0.0615,16,473.00,468.81,4.09,6,0.497,1.000,0.907,1,1,
2026-05-06 00:57:54,1777996674.084,208687,208687,82.19,0.0615,0.0615,16,472.00,468.98,8.16,7,0.537,1.000,0.907,1,1,
2026-05-06 00:57:55,1777996675.084,208687,208687,82.19,0.0615,0.0615,16,468.00,469.33,-4.08,7,0.456,1.000,0.907,1,1,
2026-05-06 00:57:56,1777996676.084,208687,208687,82.19,0.0615,0.0615,16,471.00,469.70,-4.08,7,0.456,1.000,0.907,1,1,
2026-05-06 00:57:57,1777996677.084,208687,208687,82.19,0.0615,0.0615,16,471.00,469.93,6.51,5,0.521,1.000,0.907,1,1,
2026-05-06 00:57:58,1777996678.084,208687,208687,82.19,0.0615,0.0615,16,472.00,470.02,6.12,5,0.517,1.000,0.907,1,1,
2026-05-06 00:57:59,1777996679.084,208687,208687,82.19,0.0615,0.0615,16,473.00,470.40,-1.09,5,0.456,1.000,0.907,1,1,
2026-05-06 00:58:00,1777996680.084,208687,208687,82.19,0.0615,0.0615,16,475.00,470.66,6.12,3,0.457,1.000,0.907,1,1,
2026-05-06 00:58:01,1777996681.084,208687,208687,82.19,0.0615,0.0615,16,469.00,470.88,-6.12,3,0.396,1.000,0.907,1,1,
2026-05-06 00:58:02,1777996682.084,208687,208687,82.19,0.0615,0.0615,16,470.00,471.15,-7.29,5,0.456,1.000,0.907,1,1,
2026-05-06 00:58:03,1777996683.084,208687,208687,82.19,0.0615,0.0615,16,469.00,471.33,1.09,3,0.407,1.000,0.907,1,1,
2026-05-06 00:58:04,1777996684.084,208687,208687,82.19,0.0615,0.0615,16,474.00,471.44,-2.08,5,0.456,1.000,0.907,1,1,
2026-05-06 00:58:05,1777996685.084,208687,208687,82.19,0.0615,0.0615,16,473.00,471.64,-1.02,5,0.456,1.000,0.907,1,1,
2026-05-06 00:58:06,1777996686.084,208687,208687,82.19,0.0615,0.0615,16,470.00,471.57,5.22,7,0.508,1.000,0.907,1,1,
2026-05-06 00:58:07,1777996687.084,208687,208687,82.19,0.0615,0.0615,16,472.00,471.62,2.04,7,0.476,1.000,0.907,1,1,
2026-05-06 00:58:08,1777996688.084,208687,208687,82.19,0.0615,0.0615,16,473.00,471.82,7.62,9,0.532,1.000,0.907,1,1,
2026-05-06 00:58:09,1777996689.084,208687,208687,82.19,0.0615,0.0615,16,471.00,471.81,1.04,9,0.466,1.000,0.907,1,1,
2026-05-06 00:58:10,1777996690.088,208687,208687,82.19,0.0615,0.0615,16,469.00,472.02,-7.27,10,0.456,1.000,0.907,1,1,
2026-05-06 00:58:11,1777996691.086,208687,208687,82.19,0.0615,0.0615,16,474.00,472.35,5.12,10,0.507,1.000,0.907,1,1,
2026-05-06 00:58:12,1777996692.084,208687,208687,82.19,0.0615,0.0615,16,476.00,472.61,7.61,11,0.532,1.000,0.907,1,1,
2026-05-06 00:58:13,1777996693.084,208687,208687,82.19,0.0615,0.0615,16,472.00,472.81,4.08,12,0.497,1.000,0.907,1,1,
2026-05-06 00:58:14,1777996694.084,208687,208687,82.19,0.0615,0.0615,16,474.00,473.41,-7.61,11,0.456,1.000,0.907,1,1,
2026-05-06 00:58:15,1777996695.084,208687,208687,82.19,0.0615,0.0615,16,478.00,473.83,1.02,11,0.466,1.000,0.907,1,1,
2026-05-06 00:58:16,1777996696.084,208687,208687,82.19,0.0615,0.0615,16,474.00,474.15,-4.17,9,0.456,1.000,0.907,1,1,
2026-05-06 00:58:17,1777996697.084,208687,208687,82.19,0.0615,0.0615,16,474.00,474.52,-3.06,9,0.456,1.000,0.907,1,1,
2026-05-06 00:58:18,1777996698.084,208687,208687,82.19,0.0615,0.0615,16,472.00,474.84,2.17,7,0.478,1.000,0.907,1,1,
2026-05-06 00:58:19,1777996699.084,208687,208687,82.19,0.0615,0.0615,16,471.00,474.97,-5.10,8,0.456,1.000,0.907,1,1,
2026-05-06 00:58:20,1777996700.084,208687,208687,82.19,0.0615,0.0615,16,477.00,474.85,6.12,7,0.517,1.000,0.907,1,1,
2026-05-06 00:58:21,1777996701.084,208687,208687,82.19,0.0615,0.0615,16,474.00,474.82,-6.12,8,0.456,1.000,0.907,1,1,
2026-05-06 00:58:22,1777996702.084,208687,208687,82.19,0.0615,0.0615,16,473.00,474.68,-4.26,6,0.456,1.000,0.907,1,1,
2026-05-06 00:58:23,1777996703.084,208687,208687,82.19,0.0615,0.0615,16,476.00,474.86,-4.08,6,0.456,1.000,0.907,1,1,
2026-05-06 00:58:24,1777996704.084,208687,208687,82.19,0.0615,0.0615,16,473.00,474.70,-3.06,4,0.426,1.000,0.907,1,1,
2026-05-06 00:58:25,1777996705.084,208687,208687,82.19,0.0615,0.0615,16,475.00,474.71,0.00,5,0.456,1.000,0.907,1,1,
2026-05-06 00:58:26,1777996706.084,208687,208687,82.19,0.0615,0.0615,16,474.00,474.83,-1.02,5,0.456,1.000,0.907,1,1,
2026-05-06 00:58:27,1777996707.084,208687,208687,82.19,0.0615,0.0615,16,477.00,474.80,6.12,6,0.517,1.000,0.907,1,1,
2026-05-06 00:58:28,1777996708.084,208687,208687,82.19,0.0615,0.0615,16,474.00,474.82,-5.43,7,0.456,1.000,0.907,1,1,
2026-05-06 00:58:29,1777996709.084,208687,208687,82.19,0.0615,0.0615,16,478.00,474.94,7.15,7,0.527,1.000,0.907,1,1,
2026-05-06 00:58:30,1777996710.084,208687,208687,82.19,0.0615,0.0615,16,474.00,475.07,-4.35,7,0.456,1.000,0.907,1,1,
2026-05-06 00:58:31,1777996711.084,208687,208687,82.19,0.0615,0.0615,16,476.00,475.24,-5.21,6,0.456,1.000,0.907,1,1,
2026-05-06 00:58:32,1777996712.084,208687,208687,82.19,0.0615,0.0615,16,472.00,475.31,-3.26,5,0.456,1.000,0.907,1,1,
2026-05-06 00:58:33,1777996713.084,208687,208687,82.19,0.0615,0.0615,16,475.00,475.45,-8.33,7,0.456,1.000,0.907,1,1,
2026-05-06 00:58:34,1777996714.085,208687,208687,82.19,0.0615,0.0615,16,473.00,475.44,2.17,8,0.478,1.000,0.907,1,1,
2026-05-06 00:58:35,1777996715.084,208687,208687,82.19,0.0615,0.0615,16,475.00,475.50,-5.21,8,0.456,1.000,0.907,1,1,
2026-05-06 00:58:36,1777996716.084,208687,208687,82.19,0.0615,0.0615,16,474.00,475.32,-1.02,8,0.456,1.000,0.907,1,1,
2026-05-06 00:58:37,1777996717.084,208687,208687,82.19,0.0615,0.0615,16,475.00,475.56,-6.52,7,0.456,1.000,0.907,1,1,
2026-05-06 00:58:38,1777996718.084,208687,208687,82.19,0.0615,0.0615,16,474.00,475.22,0.00,6,0.456,1.000,0.907,1,1,
2026-05-06 00:58:39,1777996719.084,208687,208687,82.19,0.0615,0.0615,16,476.00,475.38,-6.52,5,0.456,1.000,0.907,1,1,
2026-05-06 00:58:40,1777996720.085,208687,208687,82.19,0.0615,0.0615,16,476.00,475.26,3.12,5,0.487,1.000,0.907,1,1,
2026-05-06 00:58:41,1777996721.084,208687,208687,82.19,0.0615,0.0615,16,479.00,475.33,5.44,5,0.510,1.000,0.907,1,1,
2026-05-06 00:58:42,1777996722.084,208687,208687,82.19,0.0615,0.0615,16,475.00,475.19,3.13,4,0.457,1.000,0.907,1,1,
2026-05-06 00:58:43,1777996723.084,208687,208687,82.19,0.0615,0.0615,16,473.00,475.36,1.09,3,0.407,1.000,0.907,1,1,
2026-05-06 00:58:44,1777996724.084,208687,208687,82.19,0.0615,0.0615,16,478.00,475.38,-1.02,2,0.366,1.000,0.907,1,1,
2026-05-06 00:58:45,1777996725.084,208687,208687,82.19,0.0615,0.0615,16,475.00,475.37,-3.12,1,0.336,1.000,0.907,1,1,
2026-05-06 00:58:46,1777996726.084,208687,208687,82.19,0.0615,0.0615,16,476.00,475.53,-3.06,1,0.336,1.000,0.907,1,1,
2026-05-06 00:58:47,1777996727.084,208687,208687,82.19,0.0615,0.0615,16,475.00,475.62,-1.04,1,0.336,1.000,0.907,1,1,
2026-05-06 00:58:48,1777996728.084,208687,208687,82.19,0.0615,0.0615,16,476.00,475.91,-3.06,1,0.336,1.000,0.907,1,1,
2026-05-06 00:58:49,1777996729.084,208687,208687,82.19,0.0615,0.0615,16,475.00,475.97,-1.04,1,0.336,1.000,0.907,1,1,
2026-05-06 00:58:50,1777996730.084,208687,208687,82.19,0.0615,0.0615,16,477.00,476.29,-4.08,3,0.396,1.000,0.907,1,1,
2026-05-06 00:58:51,1777996731.084,208687,208687,82.19,0.0615,0.0615,16,479.00,476.42,2.04,3,0.416,1.000,0.907,1,1,
2026-05-06 00:58:52,1777996732.084,208687,208687,82.19,0.0615,0.0615,16,476.00,476.62,-3.06,4,0.426,1.000,0.907,1,1,
2026-05-06 00:58:53,1777996733.084,208687,208687,82.19,0.0615,0.0615,16,475.00,476.61,1.06,3,0.406,1.000,0.907,1,1,
2026-05-06 00:58:54,1777996734.084,208687,208687,82.19,0.0615,0.0615,16,476.00,476.86,-6.12,3,0.396,1.000,0.907,1,1,
2026-05-06 00:58:55,1777996735.084,208687,208687,82.19,0.0615,0.0615,16,477.00,476.88,1.02,4,0.436,1.000,0.907,1,1,
2026-05-06 00:58:56,1777996736.084,208687,208687,82.19,0.0615,0.0615,16,479.00,477.05,-2.04,4,0.426,1.000,0.907,1,1,
2026-05-06 00:58:57,1777996737.084,208687,208687,82.19,0.0615,0.0615,16,477.00,477.17,-2.04,4,0.426,1.000,0.907,1,1,
2026-05-06 00:58:58,1777996738.084,208687,208687,82.19,0.0615,0.0615,16,479.00,477.36,-1.02,4,0.426,1.000,0.907,1,1,
2026-05-06 00:58:59,1777996739.084,208687,208687,82.19,0.0615,0.0615,16,478.00,477.34,6.52,4,0.491,1.000,0.907,1,1,
2026-05-06 00:59:00,1777996740.084,208687,208687,82.19,0.0615,0.0615,16,475.00,477.52,-5.10,2,0.366,1.000,0.907,1,1,
2026-05-06 00:59:01,1777996741.084,208687,208687,82.19,0.0615,0.0615,16,478.00,477.48,4.36,2,0.409,1.000,0.907,1,1,
2026-05-06 00:59:02,1777996742.084,208687,208687,82.19,0.0615,0.0615,16,479.00,477.46,4.17,1,0.377,1.000,0.907,1,1,
2026-05-06 00:59:03,1777996743.088,208687,208687,82.19,0.0615,0.0615,16,479.00,477.60,-2.17,1,0.336,1.000,0.907,1,1,
2026-05-06 00:59:04,1777996744.084,208687,208687,82.19,0.0615,0.0615,16,477.00,477.61,4.17,4,0.467,1.000,0.907,1,1,
2026-05-06 00:59:05,1777996745.084,208687,208687,82.19,0.0615,0.0615,16,475.00,477.65,-2.04,3,0.396,1.000,0.907,1,1,
2026-05-06 00:59:06,1777996746.084,208687,208687,82.19,0.0615,0.0615,16,477.00,477.77,0.00,3,0.396,1.000,0.907,1,1,
2026-05-06 00:59:07,1777996747.084,208687,208687,82.19,0.0615,0.0615,16,483.00,478.15,6.12,3,0.457,1.000,0.907,1,1,
2026-05-06 00:59:08,1777996748.084,208687,208687,82.19,0.0615,0.0615,16,478.00,478.34,6.52,4,0.491,1.000,0.907,1,1,
2026-05-06 00:59:09,1777996749.084,208687,208687,82.19,0.0615,0.0615,16,478.00,478.72,-6.24,4,0.426,1.000,0.907,1,1,
2026-05-06 00:59:10,1777996750.084,208687,208687,82.19,0.0615,0.0615,16,480.00,479.03,-3.26,5,0.456,1.000,0.907,1,1,
2026-05-06 00:59:11,1777996751.084,208687,208687,82.19,0.0615,0.0615,16,478.00,479.03,1.04,5,0.466,1.000,0.907,1,1,
2026-05-06 00:59:12,1777996752.084,208687,208687,82.19,0.0615,0.0615,16,476.00,478.82,-5.43,7,0.456,1.000,0.907,1,1,
2026-05-06 00:59:13,1777996753.084,208687,208687,82.19,0.0615,0.0615,16,476.00,478.58,-6.25,7,0.456,1.000,0.907,1,1,
2026-05-06 00:59:14,1777996754.084,208687,208687,82.19,0.0615,0.0615,16,480.00,478.42,-3.26,7,0.456,1.000,0.907,1,1,
2026-05-06 00:59:15,1777996755.084,208687,208687,82.19,0.0615,0.0615,16,478.00,478.00,5.10,7,0.507,1.000,0.907,1,1,
2026-05-06 00:59:16,1777996756.084,208687,208687,82.19,0.0615,0.0615,16,479.00,477.90,6.52,7,0.521,1.000,0.907,1,1,
2026-05-06 00:59:17,1777996757.084,208687,208687,82.19,0.0615,0.0615,16,479.00,477.83,4.08,7,0.497,1.000,0.907,1,1,
2026-05-06 00:59:18,1777996758.084,208687,208687,82.19,0.0615,0.0615,16,476.00,477.51,-3.13,6,0.456,1.000,0.907,1,1,
2026-05-06 00:59:19,1777996759.084,208687,208687,82.19,0.0615,0.0615,16,476.00,477.13,-3.07,6,0.456,1.000,0.907,1,1,
2026-05-06 00:59:20,1777996760.084,208687,208687,82.19,0.0615,0.0615,16,475.00,476.87,-1.04,5,0.456,1.000,0.907,1,1,
2026-05-06 00:59:21,1777996761.084,208687,208687,82.19,0.0615,0.0615,16,477.00,476.51,-3.06,5,0.456,1.000,0.907,1,1,
2026-05-06 00:59:22,1777996762.084,208687,208687,82.19,0.0615,0.0615,16,478.00,476.14,-1.06,3,0.396,1.000,0.907,1,1,
2026-05-06 00:59:23,1777996763.084,208687,208687,82.19,0.0615,0.0615,16,476.00,475.88,4.08,2,0.407,1.000,0.907,1,1,
2026-05-06 00:59:24,1777996764.084,208687,208687,82.19,0.0615,0.0615,16,472.00,475.63,-5.32,0,0.306,1.000,0.907,1,1,
2026-05-06 00:59:25,1777996765.085,208687,208687,82.19,0.0615,0.0615,16,476.00,475.60,-4.08,1,0.336,1.000,0.907,1,1,
2026-05-06 00:59:26,1777996766.084,208687,208687,82.19,0.0615,0.0615,16,476.00,475.52,0.00,2,0.366,1.000,0.907,1,1,
2026-05-06 00:59:27,1777996767.084,208687,208687,82.19,0.0615,0.0615,16,473.00,475.57,-8.16,3,0.396,1.000,0.907,1,1,
2026-05-06 00:59:28,1777996768.084,208687,208687,82.19,0.0615,0.0615,16,475.00,475.57,2.04,3,0.416,1.000,0.907,1,1,
2026-05-06 00:59:29,1777996769.084,208687,208687,82.19,0.0615,0.0615,16,475.00,475.71,-6.12,3,0.396,1.000,0.907,1,1,
2026-05-06 00:59:30,1777996770.084,208687,208687,82.19,0.0615,0.0615,16,475.00,475.74,4.35,3,0.439,1.000,0.907,1,1,
2026-05-06 00:59:31,1777996771.084,208687,208687,82.19,0.0615,0.0615,16,472.00,475.68,0.00,4,0.426,1.000,0.907,1,1,
2026-05-06 00:59:32,1777996772.084,208687,208687,82.19,0.0615,0.0615,16,474.00,475.39,3.26,4,0.458,1.000,0.907,1,1,
2026-05-06 00:59:33,1777996773.084,208687,208687,82.19,0.0615,0.0615,16,470.00,475.43,-8.33,4,0.426,1.000,0.907,1,1,
2026-05-06 00:59:34,1777996774.088,208687,208687,82.19,0.0615,0.0615,16,474.00,475.19,2.17,4,0.448,1.000,0.907,1,1,
2026-05-06 00:59:35,1777996775.084,208687,208687,82.19,0.0615,0.0615,16,471.00,474.84,1.04,3,0.406,1.000,0.907,1,1,
2026-05-06 00:59:36,1777996776.084,208687,208687,82.19,0.0615,0.0615,16,472.00,474.53,1.02,2,0.376,1.000,0.907,1,1,
2026-05-06 00:59:37,1777996777.084,208687,208687,82.19,0.0615,0.0615,16,475.00,474.45,-4.17,3,0.396,1.000,0.907,1,1,
2026-05-06 00:59:38,1777996778.084,208687,208687,82.19,0.0615,0.0615,16,474.00,474.15,-1.02,3,0.396,1.000,0.907,1,1,
2026-05-06 00:59:39,1777996779.084,208687,208687,82.19,0.0615,0.0615,16,474.00,474.23,1.09,3,0.407,1.000,0.907,1,1,
2026-05-06 00:59:40,1777996780.084,208687,208687,82.19,0.0615,0.0615,16,473.00,474.27,-2.08,3,0.396,1.000,0.907,1,1,
2026-05-06 00:59:41,1777996781.084,208687,208687,82.19,0.0615,0.0615,16,476.00,474.49,5.44,2,0.420,1.000,0.907,1,1,
2026-05-06 00:59:42,1777996782.085,208687,208687,82.19,0.0615,0.0615,16,474.00,474.56,1.04,2,0.376,1.000,0.907,1,1,
2026-05-06 00:59:43,1777996783.084,208687,208687,82.19,0.0615,0.0615,16,478.00,474.70,4.17,4,0.467,1.000,0.907,1,1,
2026-05-06 00:59:44,1777996784.084,208687,208687,82.19,0.0615,0.0615,16,475.00,474.60,-3.06,4,0.426,1.000,0.907,1,1,
2026-05-06 00:59:45,1777996785.084,208687,208687,82.19,0.0615,0.0615,16,473.00,474.53,2.17,5,0.478,1.000,0.907,1,1,
2026-05-06 00:59:46,1777996786.084,208687,208687,82.19,0.0615,0.0615,16,475.00,474.52,-4.08,7,0.456,1.000,0.907,1,1,
2026-05-06 00:59:47,1777996787.084,208687,208687,82.19,0.0615,0.0615,16,474.00,474.42,-5.43,5,0.456,1.000,0.907,1,1,
2026-05-06 00:59:48,1777996788.085,208687,208687,82.19,0.0615,0.0615,16,474.00,474.34,-4.08,5,0.456,1.000,0.907,1,1,
2026-05-06 00:59:49,1777996789.084,208687,208687,82.19,0.0615,0.0615,16,473.00,474.13,-1.04,5,0.456,1.000,0.907,1,1,
2026-05-06 00:59:50,1777996790.084,208687,208687,82.19,0.0615,0.0615,16,477.00,474.15,1.02,5,0.466,1.000,0.907,1,1,
2026-05-06 00:59:51,1777996791.084,208687,208687,82.19,0.0615,0.0615,16,474.00,473.91,-1.09,5,0.456,1.000,0.907,1,1,
2026-05-06 00:59:52,1777996792.084,208687,208687,82.19,0.0615,0.0615,16,475.00,473.83,4.08,5,0.497,1.000,0.907,1,1,
2026-05-06 00:59:53,1777996793.084,208687,208687,82.19,0.0615,0.0615,16,470.00,473.61,-5.10,3,0.396,1.000,0.907,1,1,
2026-05-06 00:59:54,1777996794.084,208687,208687,82.19,0.0615,0.0615,16,473.00,473.57,-5.10,4,0.426,1.000,0.907,1,1,
2026-05-06 00:59:55,1777996795.086,208687,208687,82.19,0.0615,0.0615,16,476.00,473.41,6.52,3,0.461,1.000,0.907,1,1,
2026-05-06 00:59:56,1777996796.084,208687,208687,82.19,0.0615,0.0615,16,473.00,473.35,2.04,1,0.356,1.000,0.907,1,1,
2026-05-06 00:59:57,1777996797.084,208687,208687,82.19,0.0615,0.0615,16,477.00,473.43,4.08,6,0.497,1.000,0.907,1,1,
2026-05-06 00:59:58,1777996798.084,208687,208687,82.19,0.0615,0.0615,16,475.00,473.35,7.14,6,0.527,1.000,0.907,1,1,
2026-05-06 00:59:59,1777996799.084,208687,208687,82.19,0.0615,0.0615,16,473.00,473.36,-2.04,6,0.456,1.000,0.907,1,1,
2026-05-06 01:00:00,1777996800.084,208687,208687,82.19,0.0615,0.0615,16,470.00,473.39,-8.16,6,0.456,1.000,0.907,1,1,
2026-05-06 01:00:01,1777996801.084,208687,208687,82.19,0.0615,0.0615,16,473.00,473.48,4.35,6,0.499,1.000,0.907,1,1,
2026-05-06 01:00:02,1777996802.084,208687,208687,82.19,0.0615,0.0615,16,471.00,473.45,1.04,7,0.466,1.000,0.907,1,1,
2026-05-06 01:00:03,1777996803.084,208687,208687,82.19,0.0615,0.0615,16,474.00,473.57,5.44,7,0.510,1.000,0.907,1,1,
2026-05-06 01:00:04,1777996804.084,208687,208687,82.19,0.0615,0.0615,16,477.00,473.61,5.21,7,0.508,1.000,0.907,1,1,
2026-05-06 01:00:05,1777996805.084,208687,208687,82.19,0.0615,0.0615,16,471.00,473.62,-4.35,9,0.456,1.000,0.907,1,1,
2026-05-06 01:00:06,1777996806.084,208687,208687,82.19,0.0615,0.0615,16,471.00,473.54,-8.33,12,0.456,1.000,0.907,1,1,
2026-05-06 01:00:07,1777996807.084,208687,208687,82.19,0.0615,0.0615,16,471.00,473.56,-1.09,7,0.456,1.000,0.907,1,1,
2026-05-06 01:00:08,1777996808.084,208687,208687,82.19,0.0615,0.0615,16,473.00,473.71,1.09,8,0.467,1.000,0.907,1,1,
2026-05-06 01:00:09,1777996809.084,208687,208687,82.19,0.0615,0.0615,16,474.00,473.74,3.13,8,0.487,1.000,0.907,1,1,
2026-05-06 01:00:10,1777996810.084,208687,208687,82.19,0.0615,0.0615,16,473.00,473.75,4.35,9,0.499,1.000,0.907,1,1,
2026-05-06 01:00:11,1777996811.084,208687,208687,82.19,0.0615,0.0615,16,475.00,473.98,-2.08,10,0.456,1.000,0.907,1,1,
2026-05-06 01:00:12,1777996812.084,208687,208687,82.19,0.0615,0.0615,16,474.00,474.10,5.44,11,0.510,1.000,0.907,1,1,
2026-05-06 01:00:13,1777996813.084,208687,208687,82.19,0.0615,0.0615,16,474.00,474.02,3.12,11,0.487,1.000,0.907,1,1,
2026-05-06 01:00:14,1777996814.084,208687,208687,82.19,0.0615,0.0615,16,479.00,474.22,2.17,10,0.478,1.000,0.907,1,1,
2026-05-06 01:00:15,1777996815.084,208687,208687,82.19,0.0615,0.0615,16,474.00,474.31,3.06,7,0.486,1.000,0.907,1,1,
2026-05-06 01:00:16,1777996816.084,208687,208687,82.19,0.0615,0.0615,16,472.00,474.36,-2.08,6,0.456,1.000,0.907,1,1,
2026-05-06 01:00:17,1777996817.085,208687,208687,82.19,0.0615,0.0615,16,471.00,474.40,0.00,7,0.456,1.000,0.907,1,1,
2026-05-06 01:00:18,1777996818.084,208687,208687,82.19,0.0615,0.0615,16,477.00,474.46,6.25,9,0.518,1.000,0.907,1,1,
2026-05-06 01:00:19,1777996819.084,208687,208687,82.19,0.0615,0.0615,16,476.00,474.41,5.10,9,0.507,1.000,0.907,1,1,
2026-05-06 01:00:20,1777996820.084,208687,208687,82.19,0.0615,0.0615,16,474.00,474.53,-2.04,8,0.456,1.000,0.907,1,1,
2026-05-06 01:00:21,1777996821.084,208687,208687,82.19,0.0615,0.0615,16,473.00,474.50,2.04,8,0.476,1.000,0.907,1,1,
2026-05-06 01:00:22,1777996822.084,208687,208687,82.19,0.0615,0.0615,16,474.00,474.57,2.13,9,0.477,1.000,0.907,1,1,
2026-05-06 01:00:23,1777996823.084,208687,208687,82.19,0.0615,0.0615,16,474.00,474.74,2.04,9,0.476,1.000,0.907,1,1,
2026-05-06 01:00:24,1777996824.084,208687,208687,82.19,0.0615,0.0615,16,473.00,474.86,-1.02,10,0.456,1.000,0.907,1,1,
2026-05-06 01:00:25,1777996825.084,208687,208687,82.19,0.0615,0.0615,16,475.00,475.13,-5.10,12,0.456,1.000,0.907,1,1,
2026-05-06 01:00:26,1777996826.088,208687,208687,82.19,0.0615,0.0615,16,477.00,475.39,4.35,11,0.499,1.000,0.907,1,1,
2026-05-06 01:00:27,1777996827.084,208687,208687,82.19,0.0615,0.0615,16,474.00,475.48,3.06,10,0.486,1.000,0.907,1,1,
2026-05-06 01:00:28,1777996828.084,208687,208687,82.19,0.0615,0.0615,16,479.00,475.64,5.10,7,0.507,1.000,0.907,1,1,
2026-05-06 01:00:29,1777996829.084,208687,208687,82.19,0.0615,0.0615,16,474.00,475.69,4.08,8,0.497,1.000,0.907,1,1,
2026-05-06 01:00:30,1777996830.084,208687,208687,82.19,0.0615,0.0615,16,478.00,475.90,4.08,8,0.497,1.000,0.907,1,1,
2026-05-06 01:00:31,1777996831.084,208687,208687,82.19,0.0615,0.0615,16,477.00,476.03,6.25,8,0.518,1.000,0.907,1,1,
2026-05-06 01:00:32,1777996832.084,208687,208687,82.19,0.0615,0.0615,16,478.00,476.37,1.02,6,0.466,1.000,0.907,1,1,
2026-05-06 01:00:33,1777996833.084,208687,208687,82.19,0.0615,0.0615,16,476.00,476.61,4.17,8,0.498,1.000,0.907,1,1,
2026-05-06 01:00:34,1777996834.084,208687,208687,82.19,0.0615,0.0615,16,476.00,476.90,3.26,6,0.488,1.000,0.907,1,1,
2026-05-06 01:00:35,1777996835.084,208687,208687,82.19,0.0615,0.0615,16,475.00,477.01,-7.29,6,0.456,1.000,0.907,1,1,
2026-05-06 01:00:36,1777996836.084,208687,208687,82.19,0.0615,0.0615,16,475.00,477.06,1.09,6,0.467,1.000,0.907,1,1,
2026-05-06 01:00:37,1777996837.084,208687,208687,82.19,0.0615,0.0615,16,480.00,477.18,-4.17,7,0.456,1.000,0.907,1,1,
2026-05-06 01:00:38,1777996838.086,208687,208687,82.19,0.0615,0.0615,16,475.00,477.31,-3.26,7,0.456,1.000,0.907,1,1,
2026-05-06 01:00:39,1777996839.084,208687,208687,82.19,0.0615,0.0615,16,479.00,477.69,-6.52,9,0.456,1.000,0.907,1,1,
2026-05-06 01:00:40,1777996840.084,208687,208687,82.19,0.0615,0.0615,16,478.00,477.68,3.13,9,0.487,1.000,0.907,1,1,
2026-05-06 01:00:41,1777996841.084,208687,208687,82.19,0.0615,0.0615,16,478.00,478.15,-7.61,9,0.456,1.000,0.907,1,1,
2026-05-06 01:00:42,1777996842.084,208687,208687,82.19,0.0615,0.0615,16,479.00,478.48,2.08,8,0.477,1.000,0.907,1,1,
2026-05-06 01:00:43,1777996843.084,208687,208687,82.19,0.0615,0.0615,16,481.00,478.78,7.61,7,0.532,1.000,0.907,1,1,
2026-05-06 01:00:44,1777996844.084,208687,208687,82.19,0.0615,0.0615,16,479.00,479.11,-2.08,7,0.456,1.000,0.907,1,1,
2026-05-06 01:00:45,1777996845.084,208687,208687,82.19,0.0615,0.0615,16,477.00,479.60,1.09,7,0.467,1.000,0.907,1,1,
2026-05-06 01:00:46,1777996846.088,208687,208687,82.19,0.0615,0.0615,16,482.00,479.97,-3.05,7,0.456,1.000,0.907,1,1,
2026-05-06 01:00:47,1777996847.085,208687,208687,82.19,0.0615,0.0615,16,484.00,480.30,2.09,7,0.477,1.000,0.907,1,1,
2026-05-06 01:00:48,1777996848.084,208687,208687,82.19,0.0615,0.0615,16,480.00,480.66,2.04,6,0.476,1.000,0.907,1,1,
2026-05-06 01:00:49,1777996849.084,208687,208687,82.19,0.0615,0.0615,16,480.00,480.93,-7.60,8,0.456,1.000,0.907,1,1,
2026-05-06 01:00:50,1777996850.084,208687,208687,82.19,0.0615,0.0615,16,483.00,481.43,-1.02,8,0.456,1.000,0.907,1,1,
2026-05-06 01:00:51,1777996851.084,208687,208687,82.19,0.0615,0.0615,16,482.00,481.78,-1.04,8,0.456,1.000,0.907,1,1,
2026-05-06 01:00:52,1777996852.084,208687,208687,82.19,0.0615,0.0615,16,483.00,482.11,4.08,8,0.497,1.000,0.907,1,1,
2026-05-06 01:00:53,1777996853.084,208687,208687,82.19,0.0615,0.0615,16,482.00,482.40,-1.02,7,0.456,1.000,0.907,1,1,
2026-05-06 01:00:54,1777996854.084,208687,208687,82.19,0.0615,0.0615,16,485.00,482.69,-1.02,7,0.456,1.000,0.907,1,1,
2026-05-06 01:00:55,1777996855.084,208687,208687,82.19,0.0615,0.0615,16,481.00,482.84,-4.08,6,0.456,1.000,0.907,1,1,
2026-05-06 01:00:56,1777996856.084,208687,208687,82.19,0.0615,0.0615,16,483.00,483.04,-5.10,9,0.456,1.000,0.907,1,1,
2026-05-06 01:00:57,1777996857.084,208687,208687,82.19,0.0615,0.0615,16,487.00,483.53,6.53,8,0.521,1.000,0.907,1,1,
2026-05-06 01:00:58,1777996858.084,208687,208687,82.19,0.0615,0.0615,16,487.00,484.13,5.10,7,0.507,1.000,0.907,1,1,
2026-05-06 01:00:59,1777996859.084,208687,208687,82.19,0.0615,0.0615,16,481.00,484.60,-6.12,4,0.426,1.000,0.907,1,1,
2026-05-06 01:01:00,1777996860.084,208687,208687,82.19,0.0615,0.0615,16,483.00,484.90,-5.10,5,0.456,1.000,0.907,1,1,
2026-05-06 01:01:01,1777996861.084,208687,208687,82.19,0.0615,0.0615,16,485.00,485.08,2.04,4,0.446,1.000,0.907,1,1,
2026-05-06 01:01:02,1777996862.084,208687,208687,82.19,0.0615,0.0615,16,485.00,485.23,-6.12,4,0.426,1.000,0.907,1,1,
2026-05-06 01:01:03,1777996863.084,208687,208687,82.19,0.0615,0.0615,16,483.00,484.86,1.09,4,0.437,1.000,0.907,1,1,
2026-05-06 01:01:04,1777996864.084,208687,208687,82.19,0.0615,0.0615,16,487.00,485.07,-1.02,4,0.426,1.000,0.907,1,1,
2026-05-06 01:01:05,1777996865.084,208687,208687,82.19,0.0615,0.0615,16,489.00,485.74,5.43,3,0.450,1.000,0.907,1,1,
2026-05-06 01:01:06,1777996866.084,208687,208687,82.19,0.0615,0.0615,16,490.00,486.65,4.17,1,0.377,1.000,0.907,1,1,
2026-05-06 01:01:07,1777996867.084,208687,208687,82.19,0.0615,0.0615,16,486.00,487.16,-5.43,1,0.336,1.000,0.907,1,1,
2026-05-06 01:01:08,1777996868.084,208687,208687,82.19,0.0615,0.0615,16,483.00,488.00,-4.17,1,0.336,1.000,0.907,1,1,
2026-05-06 01:01:09,1777996869.085,208687,208687,82.19,0.0615,0.0615,16,483.00,487.95,-1.09,1,0.336,1.000,0.907,1,1,
2026-05-06 01:01:10,1777996870.084,208687,208687,82.19,0.0615,0.0615,16,484.00,487.59,-9.37,1,0.336,1.000,0.907,1,1,
2026-05-06 01:01:11,1777996871.084,208687,208687,82.19,0.0615,0.0615,16,488.00,487.03,4.08,1,0.377,1.000,0.907,1,1,
2026-05-06 01:01:12,1777996872.084,208687,208687,82.19,0.0615,0.0615,16,486.00,486.62,6.52,2,0.431,1.000,0.907,1,1,
2026-05-06 01:01:13,1777996873.084,208687,208687,82.19,0.0615,0.0615,16,487.00,486.18,3.13,2,0.397,1.000,0.907,1,1,
2026-05-06 01:01:14,1777996874.084,208687,208687,82.19,0.0615,0.0615,16,484.00,486.18,3.26,5,0.488,1.000,0.907,1,1,
2026-05-06 01:01:15,1777996875.084,208687,208687,82.19,0.0615,0.0615,16,487.00,486.12,-3.12,5,0.456,1.000,0.907,1,1,
2026-05-06 01:01:16,1777996876.084,208687,208687,82.19,0.0615,0.0615,16,483.00,486.26,-9.78,5,0.456,1.000,0.907,1,1,
2026-05-06 01:01:17,1777996877.084,208687,208687,82.19,0.0615,0.0615,16,486.00,486.31,-4.17,5,0.456,1.000,0.907,1,1,
2026-05-06 01:01:18,1777996878.084,208687,208687,82.19,0.0615,0.0615,16,491.00,486.58,-1.09,6,0.456,1.000,0.907,1,1,
2026-05-06 01:01:19,1777996879.085,208687,208687,82.19,0.0615,0.0615,16,484.00,486.66,2.08,5,0.477,1.000,0.907,1,1,
2026-05-06 01:01:20,1777996880.084,208687,208687,82.19,0.0615,0.0615,16,487.00,486.91,-6.52,5,0.456,1.000,0.907,1,1,
2026-05-06 01:01:21,1777996881.084,208687,208687,82.19,0.0615,0.0615,16,486.00,486.82,3.06,6,0.486,1.000,0.907,1,1,
2026-05-06 01:01:22,1777996882.084,208687,208687,82.19,0.0615,0.0615,16,484.00,486.91,-7.59,5,0.456,1.000,0.907,1,1,
2026-05-06 01:01:23,1777996883.084,208687,208687,82.19,0.0615,0.0615,16,490.00,486.89,1.02,5,0.466,1.000,0.907,1,1,
2026-05-06 01:01:24,1777996884.084,208687,208687,82.19,0.0615,0.0615,16,488.00,486.99,4.35,2,0.409,1.000,0.907,1,1,
2026-05-06 01:01:25,1777996885.084,208687,208687,82.19,0.0615,0.0615,16,480.00,486.92,-6.25,2,0.366,1.000,0.907,1,1,
2026-05-06 01:01:26,1777996886.084,208687,208687,82.19,0.0615,0.0615,16,488.00,487.20,2.18,4,0.448,1.000,0.907,1,1,
2026-05-06 01:01:27,1777996887.086,208687,208687,82.19,0.0615,0.0615,16,487.00,487.23,1.02,4,0.436,1.000,0.907,1,1,
2026-05-06 01:01:28,1777996888.084,208687,208687,82.19,0.0615,0.0615,16,484.00,487.19,-3.07,4,0.426,1.000,0.907,1,1,
2026-05-06 01:01:29,1777996889.084,208687,208687,82.19,0.0615,0.0615,16,486.00,487.31,0.00,5,0.456,1.000,0.907,1,1,
2026-05-06 01:01:30,1777996890.084,208687,208687,82.19,0.0615,0.0615,16,485.00,487.27,-1.02,6,0.456,1.000,0.907,1,1,
2026-05-06 01:01:31,1777996891.084,208687,208687,82.19,0.0615,0.0615,16,486.00,487.15,-5.10,5,0.456,1.000,0.907,1,1,
2026-05-06 01:01:32,1777996892.084,208687,208687,82.19,0.0615,0.0615,16,487.00,487.29,1.02,5,0.466,1.000,0.907,1,1,
2026-05-06 01:01:33,1777996893.084,208687,208687,82.19,0.0615,0.0615,16,491.00,487.40,8.16,7,0.537,1.000,0.907,1,1,
2026-05-06 01:01:34,1777996894.084,208687,208687,82.19,0.0615,0.0615,16,486.00,487.56,-3.26,7,0.456,1.000,0.907,1,1,
2026-05-06 01:01:35,1777996895.084,208687,208687,82.19,0.0615,0.0615,16,490.00,487.76,7.14,8,0.527,1.000,0.907,1,1,
2026-05-06 01:01:36,1777996896.084,208687,208687,82.19,0.0615,0.0615,16,488.00,487.99,-2.04,7,0.456,1.000,0.907,1,1,
2026-05-06 01:01:37,1777996897.084,208687,208687,82.19,0.0615,0.0615,16,485.00,487.95,-4.08,8,0.456,1.000,0.907,1,1,
2026-05-06 01:01:38,1777996898.084,208687,208687,82.19,0.0615,0.0615,16,489.00,488.01,4.08,7,0.497,1.000,0.907,1,1,
2026-05-06 01:01:39,1777996899.084,208687,208687,82.19,0.0615,0.0615,16,484.00,487.87,1.02,8,0.466,1.000,0.907,1,1,
2026-05-06 01:01:40,1777996900.084,208687,208687,82.19,0.0615,0.0615,16,485.00,487.38,3.26,7,0.488,1.000,0.907,1,1,
2026-05-06 01:01:41,1777996901.084,208687,208687,82.19,0.0615,0.0615,16,487.00,487.28,1.04,7,0.466,1.000,0.907,1,1,
2026-05-06 01:01:42,1777996902.084,208687,208687,82.19,0.0615,0.0615,16,491.00,487.34,4.08,8,0.497,1.000,0.907,1,1,
2026-05-06 01:01:43,1777996903.084,208687,208687,82.19,0.0615,0.0615,16,489.00,487.20,8.33,7,0.539,1.000,0.907,1,1,
2026-05-06 01:01:44,1777996904.084,208687,208687,82.19,0.0615,0.0615,16,485.00,486.94,-5.43,7,0.456,1.000,0.907,1,1,
2026-05-06 01:01:45,1777996905.084,208687,208687,82.19,0.0615,0.0615,16,486.00,487.23,-5.21,6,0.456,1.000,0.907,1,1,
2026-05-06 01:01:46,1777996906.084,208687,208687,82.19,0.0615,0.0615,16,486.00,486.96,5.42,5,0.510,1.000,0.907,1,1,
2026-05-06 01:01:47,1777996907.084,208687,208687,82.19,0.0615,0.0615,16,482.00,486.54,1.09,8,0.467,1.000,0.907,1,1,
2026-05-06 01:01:48,1777996908.084,208687,208687,82.19,0.0615,0.0615,16,486.00,486.44,-4.16,8,0.456,1.000,0.907,1,1,
2026-05-06 01:01:49,1777996909.084,208687,208687,82.19,0.0615,0.0615,16,482.00,486.46,-6.52,7,0.456,1.000,0.907,1,1,
2026-05-06 01:01:50,1777996910.084,208687,208687,82.19,0.0615,0.0615,16,486.00,486.36,-3.13,7,0.456,1.000,0.907,1,1,
2026-05-06 01:01:51,1777996911.084,208687,208687,82.19,0.0615,0.0615,16,486.00,486.32,5.43,8,0.510,1.000,0.907,1,1,
2026-05-06 01:01:52,1777996912.084,208687,208687,82.19,0.0615,0.0615,16,483.00,486.20,0.00,8,0.456,1.000,0.907,1,1,
2026-05-06 01:01:53,1777996913.084,208687,208687,82.19,0.0615,0.0615,16,486.00,486.35,3.13,9,0.487,1.000,0.907,1,1,
2026-05-06 01:01:54,1777996914.084,208687,208687,82.19,0.0615,0.0615,16,486.00,486.28,2.08,9,0.477,1.000,0.907,1,1,
2026-05-06 01:01:55,1777996915.084,208687,208687,82.19,0.0615,0.0615,16,485.00,486.28,-7.61,10,0.456,1.000,0.907,1,1,
2026-05-06 01:01:56,1777996916.084,208687,208687,82.19,0.0615,0.0615,16,486.00,486.49,-4.08,11,0.456,1.000,0.907,1,1,
2026-05-06 01:01:57,1777996917.085,208687,208687,82.19,0.0615,0.0615,16,485.00,486.85,3.26,7,0.488,1.000,0.907,1,1,
2026-05-06 01:01:58,1777996918.084,208687,208687,82.19,0.0615,0.0615,16,487.00,487.13,0.00,9,0.456,1.000,0.907,1,1,
2026-05-06 01:01:59,1777996919.084,208687,208687,82.19,0.0615,0.0615,16,485.00,487.49,-7.61,9,0.456,1.000,0.907,1,1,
2026-05-06 01:02:00,1777996920.084,208687,208687,82.19,0.0615,0.0615,16,486.00,487.92,-6.12,10,0.456,1.000,0.907,1,1,
2026-05-06 01:02:01,1777996921.084,208687,208687,82.19,0.0615,0.0615,16,488.00,488.35,2.17,9,0.478,1.000,0.907,1,1,
2026-05-06 01:02:02,1777996922.084,208687,208687,82.19,0.0615,0.0615,16,492.00,489.14,2.04,8,0.476,1.000,0.907,1,1,
2026-05-06 01:02:03,1777996923.084,208687,208687,82.19,0.0615,0.0615,16,490.00,489.43,4.35,7,0.499,1.000,0.907,1,1,
2026-05-06 01:02:04,1777996924.084,208687,208687,82.19,0.0615,0.0615,16,493.00,490.02,-1.02,7,0.456,1.000,0.907,1,1,
2026-05-06 01:02:05,1777996925.084,208687,208687,82.19,0.0615,0.0615,16,490.00,490.56,-6.38,6,0.456,1.000,0.907,1,1,
2026-05-06 01:02:06,1777996926.084,208687,208687,82.19,0.0615,0.0615,16,488.00,490.89,1.02,8,0.466,1.000,0.907,1,1,
2026-05-06 01:02:07,1777996927.084,208687,208687,82.19,0.0615,0.0615,16,489.00,490.80,1.02,8,0.466,1.000,0.907,1,1,
2026-05-06 01:02:08,1777996928.084,208687,208687,82.19,0.0615,0.0615,16,492.00,490.93,-4.08,5,0.456,1.000,0.907,1,1,
2026-05-06 01:02:09,1777996929.084,208687,208687,82.19,0.0615,0.0615,16,493.00,490.95,0.00,5,0.456,1.000,0.907,1,1,
2026-05-06 01:02:10,1777996930.084,208687,208687,82.19,0.0615,0.0615,16,492.00,490.78,4.08,4,0.467,1.000,0.907,1,1,
2026-05-06 01:02:11,1777996931.084,208687,208687,82.19,0.0615,0.0615,16,490.00,490.76,-2.04,4,0.426,1.000,0.907,1,1,
2026-05-06 01:02:12,1777996932.085,208687,208687,82.19,0.0615,0.0615,16,492.00,490.93,-5.09,7,0.456,1.000,0.907,1,1,
2026-05-06 01:02:13,1777996933.084,208687,208687,82.19,0.0615,0.0615,16,489.00,490.86,-3.07,6,0.456,1.000,0.907,1,1,
2026-05-06 01:02:14,1777996934.084,208687,208687,82.19,0.0615,0.0615,16,488.00,490.81,-1.02,6,0.456,1.000,0.907,1,1,
2026-05-06 01:02:15,1777996935.084,208687,208687,82.19,0.0615,0.0615,16,490.00,490.93,2.04,7,0.476,1.000,0.907,1,1,
2026-05-06 01:02:16,1777996936.084,208687,208687,82.19,0.0615,0.0615,16,488.00,490.76,4.17,7,0.497,1.000,0.907,1,1,
2026-05-06 01:02:17,1777996937.084,208687,208687,82.19,0.0615,0.0615,16,490.00,490.62,5.43,7,0.510,1.000,0.907,1,1,
2026-05-06 01:02:18,1777996938.084,208687,208687,82.19,0.0615,0.0615,16,493.00,490.51,7.29,10,0.529,1.000,0.907,1,1,
2026-05-06 01:02:19,1777996939.084,208687,208687,82.19,0.0615,0.0615,16,490.00,490.37,-3.26,10,0.456,1.000,0.907,1,1,
2026-05-06 01:02:20,1777996940.084,208687,208687,82.19,0.0615,0.0615,16,489.00,490.20,-2.17,10,0.456,1.000,0.907,1,1,
2026-05-06 01:02:21,1777996941.084,208687,208687,82.19,0.0615,0.0615,16,492.00,490.28,0.00,10,0.456,1.000,0.907,1,1,
2026-05-06 01:02:22,1777996942.084,208687,208687,82.19,0.0615,0.0615,16,491.00,490.27,6.52,8,0.521,1.000,0.907,1,1,
2026-05-06 01:02:23,1777996943.084,208687,208687,82.19,0.0615,0.0615,16,488.00,490.20,3.14,9,0.487,1.000,0.907,1,1,
2026-05-06 01:02:24,1777996944.084,208687,208687,82.19,0.0615,0.0615,16,491.00,490.34,2.17,9,0.478,1.000,0.907,1,1,
2026-05-06 01:02:25,1777996945.084,208687,208687,82.19,0.0615,0.0615,16,489.00,490.40,0.00,10,0.456,1.000,0.907,1,1,
2026-05-06 01:02:26,1777996946.084,208687,208687,82.19,0.0615,0.0615,16,490.00,490.58,-8.68,8,0.456,1.000,0.907,1,1,
2026-05-06 01:02:27,1777996947.084,208687,208687,82.19,0.0615,0.0615,16,490.00,490.56,1.04,8,0.466,1.000,0.907,1,1,
2026-05-06 01:02:28,1777996948.084,208687,208687,82.19,0.0615,0.0615,16,489.00,490.59,4.35,6,0.499,1.000,0.907,1,1,
2026-05-06 01:02:29,1777996949.088,208687,208687,82.19,0.0615,0.0615,16,490.00,490.69,-7.11,6,0.456,1.000,0.907,1,1,
2026-05-06 01:02:30,1777996950.084,208687,208687,82.19,0.0615,0.0615,16,496.00,490.91,6.28,6,0.519,1.000,0.907,1,1,
2026-05-06 01:02:31,1777996951.084,208687,208687,82.19,0.0615,0.0615,16,492.00,490.86,-2.04,8,0.456,1.000,0.907,1,1,
2026-05-06 01:02:32,1777996952.084,208687,208687,82.19,0.0615,0.0615,16,495.00,491.02,3.13,8,0.487,1.000,0.907,1,1,
2026-05-06 01:02:33,1777996953.084,208687,208687,82.19,0.0615,0.0615,16,493.00,491.32,8.19,8,0.538,1.000,0.907,1,1,
2026-05-06 01:02:34,1777996954.084,208687,208687,82.19,0.0615,0.0615,16,492.00,491.31,7.61,11,0.532,1.000,0.907,1,1,
2026-05-06 01:02:35,1777996955.084,208687,208687,82.19,0.0615,0.0615,16,494.00,491.31,6.13,11,0.517,1.000,0.907,1,1,
2026-05-06 01:02:36,1777996956.084,208687,208687,82.19,0.0615,0.0615,16,492.00,491.46,-5.32,10,0.456,1.000,0.907,1,1,
2026-05-06 01:02:37,1777996957.084,208687,208687,82.19,0.0615,0.0615,16,493.00,491.40,6.12,12,0.517,1.000,0.907,1,1,
2026-05-06 01:02:38,1777996958.084,208687,208687,82.19,0.0615,0.0615,16,491.00,491.49,-4.24,12,0.456,1.000,0.907,1,1,
2026-05-06 01:02:39,1777996959.084,208687,208687,82.19,0.0615,0.0615,16,493.00,491.59,4.08,12,0.497,1.000,0.907,1,1,
2026-05-06 01:02:40,1777996960.084,208687,208687,82.19,0.0615,0.0615,16,490.00,492.00,-6.39,12,0.456,1.000,0.907,1,1,
2026-05-06 01:02:41,1777996961.084,208687,208687,82.19,0.0615,0.0615,16,492.00,492.33,-6.12,13,0.456,1.000,0.907,1,1,
2026-05-06 01:02:42,1777996962.084,208687,208687,82.19,0.0615,0.0615,16,498.00,492.48,6.12,12,0.517,1.000,0.907,1,1,
2026-05-06 01:02:43,1777996963.085,208687,208687,82.19,0.0615,0.0615,16,490.00,492.24,4.08,12,0.497,1.000,0.907,1,1,
2026-05-06 01:02:44,1777996964.084,208687,208687,82.19,0.0615,0.0615,16,494.00,492.16,4.08,11,0.497,1.000,0.907,1,1,
2026-05-06 01:02:45,1777996965.084,208687,208687,82.19,0.0615,0.0615,16,493.00,491.76,6.25,9,0.518,1.000,0.907,1,1,
2026-05-06 01:02:46,1777996966.084,208687,208687,82.19,0.0615,0.0615,16,490.00,491.22,-3.06,9,0.456,1.000,0.907,1,1,
2026-05-06 01:02:47,1777996967.084,208687,208687,82.19,0.0615,0.0615,16,490.00,491.19,-5.10,7,0.456,1.000,0.907,1,1,
2026-05-06 01:02:48,1777996968.084,208687,208687,82.19,0.0615,0.0615,16,490.00,491.31,0.00,6,0.456,1.000,0.907,1,1,
2026-05-06 01:02:49,1777996969.084,208687,208687,82.19,0.0615,0.0615,16,494.00,491.47,-2.08,8,0.456,1.000,0.907,1,1,
2026-05-06 01:02:50,1777996970.084,208687,208687,82.19,0.0615,0.0615,16,493.00,491.62,1.09,7,0.467,1.000,0.907,1,1,
2026-05-06 01:02:51,1777996971.084,208687,208687,82.19,0.0615,0.0615,16,487.00,491.79,-3.12,5,0.456,1.000,0.907,1,1,
2026-05-06 01:02:52,1777996972.084,208687,208687,82.19,0.0615,0.0615,16,497.00,492.44,8.70,6,0.543,1.000,0.907,1,1,
2026-05-06 01:02:53,1777996973.084,208687,208687,82.19,0.0615,0.0615,16,495.00,493.41,6.25,8,0.518,1.000,0.907,1,1,
2026-05-06 01:02:54,1777996974.084,208687,208687,82.19,0.0615,0.0615,16,495.00,494.33,0.00,6,0.456,1.000,0.907,1,1,
2026-05-06 01:02:55,1777996975.084,208687,208687,82.19,0.0615,0.0615,16,494.00,495.30,-8.70,7,0.456,1.000,0.907,1,1,
2026-05-06 01:02:56,1777996976.084,208687,208687,82.19,0.0615,0.0615,16,497.00,496.31,2.08,7,0.477,1.000,0.907,1,1,
2026-05-06 01:02:57,1777996977.084,208687,208687,82.19,0.0615,0.0615,16,496.00,496.86,-7.61,8,0.456,1.000,0.907,1,1,
2026-05-06 01:02:58,1777996978.084,208687,208687,82.19,0.0615,0.0615,16,499.00,497.16,-1.04,8,0.456,1.000,0.907,1,1,
2026-05-06 01:02:59,1777996979.084,208687,208687,82.19,0.0615,0.0615,16,499.00,497.40,5.43,8,0.510,1.000,0.907,1,1,
2026-05-06 01:03:00,1777996980.084,208687,208687,82.19,0.0615,0.0615,16,499.00,497.51,4.17,8,0.497,1.000,0.907,1,1,
2026-05-06 01:03:01,1777996981.084,208687,208687,82.19,0.0615,0.0615,16,500.00,497.75,5.43,9,0.510,1.000,0.907,1,1,
2026-05-06 01:03:02,1777996982.085,208687,208687,82.19,0.0615,0.0615,16,494.00,497.99,1.02,7,0.466,1.000,0.907,1,1,
2026-05-06 01:03:03,1777996983.084,208687,208687,82.19,0.0615,0.0615,16,502.00,498.20,8.34,10,0.539,1.000,0.907,1,1,
2026-05-06 01:03:04,1777996984.085,208687,208687,82.19,0.0615,0.0615,16,504.00,498.36,9.19,10,0.548,1.000,0.907,1,1,
2026-05-06 01:03:05,1777996985.084,208687,208687,82.19,0.0615,0.0615,16,496.00,498.51,-8.34,9,0.456,1.000,0.907,1,1,
2026-05-06 01:03:06,1777996986.084,208687,208687,82.19,0.0615,0.0615,16,498.00,498.39,6.14,10,0.517,1.000,0.907,1,1,
2026-05-06 01:03:07,1777996987.084,208687,208687,82.19,0.0615,0.0615,16,500.00,498.62,2.08,9,0.477,1.000,0.907,1,1,
2026-05-06 01:03:08,1777996988.084,208687,208687,82.19,0.0615,0.0615,16,502.00,498.88,5.10,12,0.507,1.000,0.907,1,1,
2026-05-06 01:03:09,1777996989.084,208687,208687,82.19,0.0615,0.0615,16,501.00,499.23,-2.17,12,0.456,1.000,0.907,1,1,
2026-05-06 01:03:10,1777996990.084,208687,208687,82.19,0.0615,0.0615,16,498.00,499.58,0.00,12,0.456,1.000,0.907,1,1,
2026-05-06 01:03:11,1777996991.084,208687,208687,82.19,0.0615,0.0615,16,497.00,500.07,-3.19,12,0.456,1.000,0.907,1,1,
2026-05-06 01:03:12,1777996992.084,208687,208687,82.19,0.0615,0.0615,16,497.00,500.19,-10.20,13,0.456,1.000,0.907,1,1,
2026-05-06 01:03:13,1777996993.084,208687,208687,82.19,0.0615,0.0615,16,505.00,500.44,8.17,8,0.537,1.000,0.907,1,1,
2026-05-06 01:03:14,1777996994.084,208687,208687,82.19,0.0615,0.0615,16,502.00,500.63,6.12,8,0.517,1.000,0.907,1,1,
2026-05-06 01:03:15,1777996995.084,208687,208687,82.19,0.0615,0.0615,16,503.00,500.96,1.09,8,0.467,1.000,0.907,1,1,
2026-05-06 01:03:16,1777996996.084,208687,208687,82.19,0.0615,0.0615,16,504.00,501.15,10.25,8,0.558,1.000,0.907,1,1,
2026-05-06 01:03:17,1777996997.084,208687,208687,82.19,0.0615,0.0615,16,499.00,501.27,-5.10,10,0.456,1.000,0.907,1,1,
2026-05-06 01:03:18,1777996998.084,208687,208687,82.19,0.0615,0.0615,16,504.00,501.60,-2.04,7,0.456,1.000,0.907,1,1,
2026-05-06 01:03:19,1777996999.084,208687,208687,82.19,0.0615,0.0615,16,503.00,501.98,-5.43,8,0.456,1.000,0.907,1,1,
2026-05-06 01:03:20,1777997000.084,208687,208687,82.19,0.0615,0.0615,16,499.00,502.17,-2.08,9,0.456,1.000,0.907,1,1,
2026-05-06 01:03:21,1777997001.084,208687,208687,82.19,0.0615,0.0615,16,502.00,502.49,3.26,7,0.488,1.000,0.907,1,1,
2026-05-06 01:03:22,1777997002.084,208687,208687,82.19,0.0615,0.0615,16,506.00,502.93,4.17,8,0.497,1.000,0.907,1,1,
2026-05-06 01:03:23,1777997003.084,208687,208687,82.19,0.0615,0.0615,16,498.00,503.08,-8.70,8,0.456,1.000,0.907,1,1,
2026-05-06 01:03:24,1777997004.084,208687,208687,82.19,0.0615,0.0615,16,501.00,503.16,-6.25,12,0.456,1.000,0.907,1,1,
2026-05-06 01:03:25,1777997005.084,208687,208687,82.19,0.0615,0.0615,16,499.00,502.81,-2.04,12,0.456,1.000,0.907,1,1,
2026-05-06 01:03:26,1777997006.084,208687,208687,82.19,0.0615,0.0615,16,499.00,502.45,-8.70,12,0.456,1.000,0.907,1,1,
2026-05-06 01:03:27,1777997007.084,208687,208687,82.19,0.0615,0.0615,16,502.00,501.94,1.04,10,0.466,1.000,0.907,1,1,
2026-05-06 01:03:28,1777997008.084,208687,208687,82.19,0.0615,0.0615,16,500.00,501.52,-7.61,10,0.456,1.000,0.907,1,1,
2026-05-06 01:03:29,1777997009.084,208687,208687,82.19,0.0615,0.0615,16,503.00,501.57,3.12,7,0.487,1.000,0.907,1,1,
2026-05-06 01:03:30,1777997010.084,208687,208687,82.19,0.0615,0.0615,16,507.00,502.18,2.17,9,0.478,1.000,0.907,1,1,
2026-05-06 01:03:31,1777997011.084,208687,208687,82.19,0.0615,0.0615,16,503.00,502.65,0.00,9,0.456,1.000,0.907,1,1,
2026-05-06 01:03:32,1777997012.084,208687,208687,82.19,0.0615,0.0615,16,508.00,503.51,2.17,8,0.478,1.000,0.907,1,1,
2026-05-06 01:03:33,1777997013.084,208687,208687,82.19,0.0615,0.0615,16,502.00,504.15,-5.10,10,0.456,1.000,0.907,1,1,
2026-05-06 01:03:34,1777997014.084,208687,208687,82.19,0.0615,0.0615,16,508.00,504.33,5.43,11,0.510,1.000,0.907,1,1,
2026-05-06 01:03:35,1777997015.084,208687,208687,82.19,0.0615,0.0615,16,501.00,504.42,2.04,12,0.476,1.000,0.907,1,1,
2026-05-06 01:03:36,1777997016.084,208687,208687,82.19,0.0615,0.0615,16,509.00,504.97,-3.26,15,0.456,1.000,0.907,1,1,
2026-05-06 01:03:37,1777997017.084,208687,208687,82.19,0.0615,0.0615,16,508.00,505.00,3.06,16,0.486,1.000,0.907,1,1,
2026-05-06 01:03:38,1777997018.084,208687,208687,82.19,0.0615,0.0615,16,504.00,505.08,-4.17,16,0.456,1.000,0.907,1,1,
2026-05-06 01:03:39,1777997019.084,208687,208687,82.19,0.0615,0.0615,16,508.00,505.39,-2.04,17,0.456,1.000,0.907,1,1,
2026-05-06 01:03:40,1777997020.084,208687,208687,82.19,0.0615,0.0615,16,505.00,505.66,5.43,15,0.510,1.000,0.907,1,1,
2026-05-06 01:03:41,1777997021.084,208687,208687,82.19,0.0615,0.0615,16,507.00,505.57,5.10,16,0.507,1.000,0.907,1,1,
2026-05-06 01:03:42,1777997022.084,208687,208687,82.19,0.0615,0.0615,16,507.00,505.90,-1.06,16,0.456,1.000,0.907,1,1,
2026-05-06 01:03:43,1777997023.084,208687,208687,82.19,0.0615,0.0615,16,505.00,506.16,3.06,13,0.486,1.000,0.907,1,1,
2026-05-06 01:03:44,1777997024.084,208687,208687,82.19,0.0615,0.0615,16,509.00,506.35,2.17,9,0.478,1.000,0.907,1,1,
2026-05-06 01:03:45,1777997025.084,208687,208687,82.19,0.0615,0.0615,16,508.00,506.65,7.14,9,0.527,1.000,0.907,1,1,
2026-05-06 01:03:46,1777997026.084,208687,208687,82.19,0.0615,0.0615,16,506.00,507.13,-6.52,5,0.456,1.000,0.907,1,1,
2026-05-06 01:03:47,1777997027.084,208687,208687,82.19,0.0615,0.0615,16,506.00,507.54,-7.14,5,0.456,1.000,0.907,1,1,
2026-05-06 01:03:48,1777997028.084,208687,208687,82.19,0.0615,0.0615,16,507.00,507.87,1.02,5,0.466,1.000,0.907,1,1,
2026-05-06 01:03:49,1777997029.084,208687,208687,82.19,0.0615,0.0615,16,509.00,508.44,-4.08,4,0.426,1.000,0.907,1,1,
2026-05-06 01:03:50,1777997030.084,208687,208687,82.19,0.0615,0.0615,16,509.00,508.65,0.00,3,0.396,1.000,0.907,1,1,
2026-05-06 01:03:51,1777997031.084,208687,208687,82.19,0.0615,0.0615,16,513.00,508.90,-1.04,2,0.366,1.000,0.907,1,1,
2026-05-06 01:03:52,1777997032.084,208687,208687,82.19,0.0615,0.0615,16,508.00,508.92,-5.43,2,0.366,1.000,0.907,1,1,
2026-05-06 01:03:53,1777997033.084,208687,208687,82.19,0.0615,0.0615,16,513.00,509.18,-3.13,3,0.396,1.000,0.907,1,1,
2026-05-06 01:03:54,1777997034.084,208687,208687,82.19,0.0615,0.0615,16,508.00,509.13,-4.35,3,0.396,1.000,0.907,1,1,
2026-05-06 01:03:55,1777997035.084,208687,208687,82.19,0.0615,0.0615,16,512.00,509.40,-5.21,4,0.426,1.000,0.907,1,1,
2026-05-06 01:03:56,1777997036.084,208687,208687,82.19,0.0615,0.0615,16,509.00,509.48,-2.17,4,0.426,1.000,0.907,1,1,
2026-05-06 01:03:57,1777997037.084,208687,208687,82.19,0.0615,0.0615,16,508.00,509.73,-9.78,5,0.456,1.000,0.907,1,1,
2026-05-06 01:03:58,1777997038.084,208687,208687,82.19,0.0615,0.0615,16,514.00,510.00,6.25,5,0.518,1.000,0.907,1,1,
2026-05-06 01:03:59,1777997039.084,208687,208687,82.19,0.0615,0.0615,16,509.00,510.08,7.62,6,0.532,1.000,0.907,1,1,
2026-05-06 01:04:00,1777997040.084,208687,208687,82.19,0.0615,0.0615,16,510.00,510.29,-3.06,7,0.456,1.000,0.907,1,1,
2026-05-06 01:04:01,1777997041.084,208687,208687,82.19,0.0615,0.0615,16,513.00,510.34,9.78,10,0.554,1.000,0.907,1,1,
2026-05-06 01:04:02,1777997042.084,208687,208687,82.19,0.0615,0.0615,16,509.00,510.47,0.00,10,0.456,1.000,0.907,1,1,
2026-05-06 01:04:03,1777997043.084,208687,208687,82.19,0.0615,0.0615,16,515.00,510.44,8.70,10,0.543,1.000,0.907,1,1,
2026-05-06 01:04:04,1777997044.088,208687,208687,82.19,0.0615,0.0615,16,509.00,510.62,1.02,10,0.466,1.000,0.907,1,1,
2026-05-06 01:04:05,1777997045.084,208687,208687,82.19,0.0615,0.0615,16,507.00,510.52,-2.09,9,0.456,1.000,0.907,1,1,
2026-05-06 01:04:06,1777997046.084,208687,208687,82.19,0.0615,0.0615,16,511.00,510.73,-3.06,9,0.456,1.000,0.907,1,1,
2026-05-06 01:04:07,1777997047.084,208687,208687,82.19,0.0615,0.0615,16,510.00,510.66,-1.04,7,0.456,1.000,0.907,1,1,
2026-05-06 01:04:08,1777997048.084,208687,208687,82.19,0.0615,0.0615,16,512.00,510.73,3.06,7,0.486,1.000,0.907,1,1,
2026-05-06 01:04:09,1777997049.084,208687,208687,82.19,0.0615,0.0615,16,509.00,510.71,-3.13,6,0.456,1.000,0.907,1,1,
2026-05-06 01:04:10,1777997050.084,208687,208687,82.19,0.0615,0.0615,16,511.00,511.05,-3.06,5,0.456,1.000,0.907,1,1,
2026-05-06 01:04:11,1777997051.084,208687,208687,82.19,0.0615,0.0615,16,511.00,511.02,6.38,2,0.430,1.000,0.907,1,1,
2026-05-06 01:04:12,1777997052.084,208687,208687,82.19,0.0615,0.0615,16,512.00,511.29,2.04,3,0.416,1.000,0.907,1,1,
2026-05-06 01:04:13,1777997053.084,208687,208687,82.19,0.0615,0.0615,16,514.00,511.46,4.25,2,0.408,1.000,0.907,1,1,
2026-05-06 01:04:14,1777997054.084,208687,208687,82.19,0.0615,0.0615,16,513.00,511.63,3.06,2,0.396,1.000,0.907,1,1,
2026-05-06 01:04:15,1777997055.084,208687,208687,82.19,0.0615,0.0615,16,511.00,511.68,-3.26,1,0.336,1.000,0.907,1,1,
2026-05-06 01:04:16,1777997056.084,208687,208687,82.19,0.0615,0.0615,16,512.00,511.83,0.00,2,0.366,1.000,0.907,1,1,
2026-05-06 01:04:17,1777997057.084,208687,208687,82.19,0.0615,0.0615,16,511.00,511.91,-6.52,3,0.396,1.000,0.907,1,1,
2026-05-06 01:04:18,1777997058.084,208687,208687,82.19,0.0615,0.0615,16,509.00,511.89,-1.02,3,0.396,1.000,0.907,1,1,
2026-05-06 01:04:19,1777997059.084,208687,208687,82.19,0.0615,0.0615,16,510.00,511.94,1.02,3,0.406,1.000,0.907,1,1,
2026-05-06 01:04:20,1777997060.084,208687,208687,82.19,0.0615,0.0615,16,513.00,512.08,-3.06,4,0.426,1.000,0.907,1,1,
2026-05-06 01:04:21,1777997061.084,208687,208687,82.19,0.0615,0.0615,16,512.00,512.24,5.43,4,0.480,1.000,0.907,1,1,
2026-05-06 01:04:22,1777997062.084,208687,208687,82.19,0.0615,0.0615,16,510.00,512.36,0.00,6,0.456,1.000,0.907,1,1,
2026-05-06 01:04:23,1777997063.084,208687,208687,82.19,0.0615,0.0615,16,510.00,512.47,0.00,6,0.456,1.000,0.907,1,1,
2026-05-06 01:04:24,1777997064.087,208687,208687,82.19,0.0615,0.0615,16,511.00,512.71,-6.23,9,0.456,1.000,0.907,1,1,
2026-05-06 01:04:25,1777997065.085,208687,208687,82.19,0.0615,0.0615,16,514.00,512.71,3.07,9,0.487,1.000,0.907,1,1,
2026-05-06 01:04:26,1777997066.084,208687,208687,82.19,0.0615,0.0615,16,514.00,512.69,4.17,8,0.497,1.000,0.907,1,1,
2026-05-06 01:04:27,1777997067.084,208687,208687,82.19,0.0615,0.0615,16,510.00,512.70,-4.08,7,0.456,1.000,0.907,1,1,
2026-05-06 01:04:28,1777997068.084,208687,208687,82.19,0.0615,0.0615,16,510.00,512.81,-1.04,7,0.456,1.000,0.907,1,1,
2026-05-06 01:04:29,1777997069.084,208687,208687,82.19,0.0615,0.0615,16,515.00,512.92,5.10,8,0.507,1.000,0.907,1,1,
2026-05-06 01:04:30,1777997070.084,208687,208687,82.19,0.0615,0.0615,16,513.00,513.11,6.54,8,0.521,1.000,0.907,1,1,
2026-05-06 01:04:31,1777997071.084,208687,208687,82.19,0.0615,0.0615,16,514.00,513.35,1.04,8,0.466,1.000,0.907,1,1,
2026-05-06 01:04:32,1777997072.084,208687,208687,82.19,0.0615,0.0615,16,515.00,513.46,8.74,9,0.543,1.000,0.907,1,1,
2026-05-06 01:04:33,1777997073.084,208687,208687,82.19,0.0615,0.0615,16,512.00,513.51,1.04,8,0.466,1.000,0.907,1,1,
2026-05-06 01:04:34,1777997074.084,208687,208687,82.19,0.0615,0.0615,16,511.00,513.44,2.17,6,0.478,1.000,0.907,1,1,
2026-05-06 01:04:35,1777997075.084,208687,208687,82.19,0.0615,0.0615,16,515.00,513.53,3.13,6,0.487,1.000,0.907,1,1,
2026-05-06 01:04:36,1777997076.084,208687,208687,82.19,0.0615,0.0615,16,516.00,513.64,-1.09,8,0.456,1.000,0.907,1,1,
2026-05-06 01:04:37,1777997077.084,208687,208687,82.19,0.0615,0.0615,16,515.00,513.62,7.14,9,0.527,1.000,0.907,1,1,
2026-05-06 01:04:38,1777997078.084,208687,208687,82.19,0.0615,0.0615,16,512.00,513.63,4.34,10,0.499,1.000,0.907,1,1,
2026-05-06 01:04:39,1777997079.084,208687,208687,82.19,0.0615,0.0615,16,512.00,513.76,-5.10,9,0.456,1.000,0.907,1,1,
2026-05-06 01:04:40,1777997080.084,208687,208687,82.19,0.0615,0.0615,16,513.00,513.82,1.04,12,0.466,1.000,0.907,1,1,
2026-05-06 01:04:41,1777997081.084,208687,208687,82.19,0.0615,0.0615,16,514.00,513.91,-4.08,12,0.456,1.000,0.907,1,1,
2026-05-06 01:04:42,1777997082.088,208687,208687,82.19,0.0615,0.0615,16,513.00,514.10,-7.61,10,0.456,1.000,0.907,1,1,
2026-05-06 01:04:43,1777997083.084,208687,208687,82.19,0.0615,0.0615,16,516.00,514.44,3.06,10,0.486,1.000,0.907,1,1,
2026-05-06 01:04:44,1777997084.084,208687,208687,82.19,0.0615,0.0615,16,513.00,514.54,-4.26,10,0.456,1.000,0.907,1,1,
2026-05-06 01:04:45,1777997085.084,208687,208687,82.19,0.0615,0.0615,16,513.00,514.70,-6.12,11,0.456,1.000,0.907,1,1,
2026-05-06 01:04:46,1777997086.084,208687,208687,82.19,0.0615,0.0615,16,512.00,514.80,-1.02,9,0.456,1.000,0.907,1,1,
2026-05-06 01:04:47,1777997087.084,208687,208687,82.19,0.0615,0.0615,16,514.00,515.04,-9.18,11,0.456,1.000,0.907,1,1,
2026-05-06 01:04:48,1777997088.084,208687,208687,82.19,0.0615,0.0615,16,520.00,515.13,6.12,11,0.517,1.000,0.907,1,1,
2026-05-06 01:04:49,1777997089.085,208687,208687,82.19,0.0615,0.0615,16,516.00,515.19,7.14,11,0.527,1.000,0.907,1,1,
2026-05-06 01:04:50,1777997090.084,208687,208687,82.19,0.0615,0.0615,16,514.00,515.36,-2.04,9,0.456,1.000,0.907,1,1,
2026-05-06 01:04:51,1777997091.084,208687,208687,82.19,0.0615,0.0615,16,519.00,515.52,9.18,13,0.548,1.000,0.907,1,1,
2026-05-06 01:04:52,1777997092.084,208687,208687,82.19,0.0615,0.0615,16,516.00,515.57,6.38,13,0.520,1.000,0.907,1,1,
2026-05-06 01:04:53,1777997093.084,208687,208687,82.19,0.0615,0.0615,16,518.00,515.67,7.14,17,0.527,1.000,0.907,1,1,
2026-05-06 01:04:54,1777997094.084,208687,208687,82.19,0.0615,0.0615,16,516.00,515.92,1.09,20,0.467,1.000,0.907,1,1,
2026-05-06 01:04:55,1777997095.084,208687,208687,82.19,0.0615,0.0615,16,518.00,516.05,-2.04,21,0.456,1.000,0.907,1,1,
2026-05-06 01:04:56,1777997096.085,208687,208687,82.19,0.0615,0.0615,16,519.00,516.05,6.53,20,0.521,1.000,0.907,1,1,
2026-05-06 01:04:57,1777997097.084,208687,208687,82.19,0.0615,0.0615,16,518.00,516.08,6.25,18,0.518,1.000,0.907,1,1,
2026-05-06 01:04:58,1777997098.084,208687,208687,82.19,0.0615,0.0615,16,519.00,516.14,2.18,17,0.478,1.000,0.907,1,1,
2026-05-06 01:04:59,1777997099.084,208687,208687,82.19,0.0615,0.0615,16,512.00,516.15,-3.12,19,0.456,1.000,0.907,1,1,
2026-05-06 01:05:00,1777997100.084,208687,208687,82.19,0.0615,0.0615,16,518.00,516.10,6.12,20,0.517,1.000,0.907,1,1,
2026-05-06 01:05:01,1777997101.084,208687,208687,82.19,0.0615,0.0615,16,514.00,516.12,5.21,18,0.508,1.000,0.907,1,1,
2026-05-06 01:05:02,1777997102.084,208687,208687,82.19,0.0615,0.0615,16,515.00,516.08,4.35,16,0.499,1.000,0.907,1,1,
2026-05-06 01:05:03,1777997103.084,208687,208687,82.19,0.0615,0.0615,16,517.00,516.10,-3.26,13,0.456,1.000,0.907,1,1,
2026-05-06 01:05:04,1777997104.084,208687,208687,82.19,0.0615,0.0615,16,515.00,516.05,-2.08,10,0.456,1.000,0.907,1,1,
2026-05-06 01:05:05,1777997105.084,208687,208687,82.19,0.0615,0.0615,16,512.00,515.93,-1.09,10,0.456,1.000,0.907,1,1,
2026-05-06 01:05:06,1777997106.084,208687,208687,82.19,0.0615,0.0615,16,516.00,516.10,-3.13,14,0.456,1.000,0.907,1,1,
2026-05-06 01:05:07,1777997107.084,208687,208687,82.19,0.0615,0.0615,16,519.00,516.32,8.70,16,0.543,1.000,0.907,1,1,
2026-05-06 01:05:08,1777997108.084,208687,208687,82.19,0.0615,0.0615,16,516.00,516.31,5.21,16,0.508,1.000,0.907,1,1,
2026-05-06 01:05:09,1777997109.084,208687,208687,82.19,0.0615,0.0615,16,514.00,516.53,-1.08,13,0.456,1.000,0.907,1,1,
2026-05-06 01:05:10,1777997110.084,208687,208687,82.19,0.0615,0.0615,16,518.00,516.78,-1.04,11,0.456,1.000,0.907,1,1,
2026-05-06 01:05:11,1777997111.084,208687,208687,82.19,0.0615,0.0615,16,517.00,516.71,0.00,9,0.456,1.000,0.907,1,1,
2026-05-06 01:05:12,1777997112.084,208687,208687,82.19,0.0615,0.0615,16,517.00,516.76,2.04,11,0.476,1.000,0.907,1,1,
2026-05-06 01:05:13,1777997113.084,208687,208687,82.19,0.0615,0.0615,16,518.00,517.05,-4.35,11,0.456,1.000,0.907,1,1,
2026-05-06 01:05:14,1777997114.084,208687,208687,82.19,0.0615,0.0615,16,518.00,517.12,2.04,12,0.476,1.000,0.907,1,1,
2026-05-06 01:05:15,1777997115.084,208687,208687,82.19,0.0615,0.0615,16,514.00,517.16,-4.17,14,0.456,1.000,0.907,1,1,
2026-05-06 01:05:16,1777997116.084,208687,208687,82.19,0.0615,0.0615,16,518.00,517.48,-4.08,10,0.456,1.000,0.907,1,1,
2026-05-06 01:05:17,1777997117.084,208687,208687,82.19,0.0615,0.0615,16,516.00,517.58,-3.26,8,0.456,1.000,0.907,1,1,
2026-05-06 01:05:18,1777997118.084,208687,208687,82.19,0.0615,0.0615,16,519.00,517.70,-4.08,8,0.456,1.000,0.907,1,1,
2026-05-06 01:05:19,1777997119.084,208687,208687,82.19,0.0615,0.0615,16,516.00,517.77,3.26,8,0.488,1.000,0.907,1,1,
2026-05-06 01:05:20,1777997120.084,208687,208687,82.19,0.0615,0.0615,16,519.00,518.10,3.06,8,0.486,1.000,0.907,1,1,
2026-05-06 01:05:21,1777997121.084,208687,208687,82.19,0.0615,0.0615,16,517.00,518.22,3.19,8,0.488,1.000,0.907,1,1,
2026-05-06 01:05:22,1777997122.084,208687,208687,82.19,0.0615,0.0615,16,517.00,518.56,-1.02,6,0.456,1.000,0.907,1,1,
2026-05-06 01:05:23,1777997123.084,208687,208687,82.19,0.0615,0.0615,16,521.00,518.68,9.58,6,0.552,1.000,0.907,1,1,
2026-05-06 01:05:24,1777997124.084,208687,208687,82.19,0.0615,0.0615,16,519.00,518.85,2.04,5,0.476,1.000,0.907,1,1,
2026-05-06 01:05:25,1777997125.084,208687,208687,82.19,0.0615,0.0615,16,517.00,518.96,-7.61,2,0.366,1.000,0.907,1,1,
2026-05-06 01:05:26,1777997126.084,208687,208687,82.19,0.0615,0.0615,16,515.00,519.21,-10.20,4,0.426,1.000,0.907,1,1,
2026-05-06 01:05:27,1777997127.088,208687,208687,82.19,0.0615,0.0615,16,521.00,519.32,5.45,4,0.480,1.000,0.907,1,1,
2026-05-06 01:05:28,1777997128.084,208687,208687,82.19,0.0615,0.0615,16,518.00,519.41,5.10,5,0.507,1.000,0.907,1,1,
2026-05-06 01:05:29,1777997129.084,208687,208687,82.19,0.0615,0.0615,16,520.00,519.62,2.04,6,0.476,1.000,0.907,1,1,
2026-05-06 01:05:30,1777997130.084,208687,208687,82.19,0.0615,0.0615,16,519.00,519.58,-2.04,8,0.456,1.000,0.907,1,1,
2026-05-06 01:05:31,1777997131.084,208687,208687,82.19,0.0615,0.0615,16,520.00,519.66,1.02,9,0.466,1.000,0.907,1,1,
2026-05-06 01:05:32,1777997132.084,208687,208687,82.19,0.0615,0.0615,16,520.00,519.67,7.29,10,0.529,1.000,0.907,1,1,
2026-05-06 01:05:33,1777997133.084,208687,208687,82.19,0.0615,0.0615,16,521.00,519.72,1.02,9,0.466,1.000,0.907,1,1,
2026-05-06 01:05:34,1777997134.084,208687,208687,82.19,0.0615,0.0615,16,520.00,519.73,7.29,11,0.529,1.000,0.907,1,1,
2026-05-06 01:05:35,1777997135.084,208687,208687,82.19,0.0615,0.0615,16,517.00,519.70,0.00,9,0.456,1.000,0.907,1,1,
2026-05-06 01:05:36,1777997136.084,208687,208687,82.19,0.0615,0.0615,16,523.00,519.48,-1.04,11,0.456,1.000,0.907,1,1,
2026-05-06 01:05:37,1777997137.084,208687,208687,82.19,0.0615,0.0615,16,518.00,519.42,-5.10,11,0.456,1.000,0.907,1,1,
2026-05-06 01:05:38,1777997138.084,208687,208687,82.19,0.0615,0.0615,16,517.00,519.33,-8.70,10,0.456,1.000,0.907,1,1,
2026-05-06 01:05:39,1777997139.084,208687,208687,82.19,0.0615,0.0615,16,516.00,519.31,-5.21,9,0.456,1.000,0.907,1,1,
2026-05-06 01:05:40,1777997140.084,208687,208687,82.19,0.0615,0.0615,16,518.00,519.36,0.00,7,0.456,1.000,0.907,1,1,
2026-05-06 01:05:41,1777997141.084,208687,208687,82.19,0.0615,0.0615,16,523.00,519.60,1.04,6,0.466,1.000,0.907,1,1,
2026-05-06 01:05:42,1777997142.084,208687,208687,82.19,0.0615,0.0615,16,519.00,519.66,7.61,8,0.532,1.000,0.907,1,1,
2026-05-06 01:05:43,1777997143.084,208687,208687,82.19,0.0615,0.0615,16,522.00,519.69,4.17,9,0.497,1.000,0.907,1,1,
2026-05-06 01:05:44,1777997144.084,208687,208687,82.19,0.0615,0.0615,16,520.00,519.74,7.61,9,0.532,1.000,0.907,1,1,
2026-05-06 01:05:45,1777997145.084,208687,208687,82.19,0.0615,0.0615,16,519.00,519.79,1.02,8,0.466,1.000,0.907,1,1,
2026-05-06 01:05:46,1777997146.084,208687,208687,82.19,0.0615,0.0615,16,516.00,519.56,-3.13,7,0.456,1.000,0.907,1,1,
2026-05-06 01:05:47,1777997147.084,208687,208687,82.19,0.0615,0.0615,16,520.00,519.56,-4.16,7,0.456,1.000,0.907,1,1,
2026-05-06 01:05:48,1777997148.084,208687,208687,82.19,0.0615,0.0615,16,516.00,519.53,-4.35,8,0.456,1.000,0.907,1,1,
2026-05-06 01:05:49,1777997149.084,208687,208687,82.19,0.0615,0.0615,16,518.00,519.47,-4.08,8,0.456,1.000,0.907,1,1,
2026-05-06 01:05:50,1777997150.084,208687,208687,82.19,0.0615,0.0615,16,521.00,519.59,-7.61,12,0.456,1.000,0.907,1,1,
2026-05-06 01:05:51,1777997151.084,208687,208687,82.19,0.0615,0.0615,16,520.00,519.59,5.10,12,0.507,1.000,0.907,1,1,
2026-05-06 01:05:52,1777997152.084,208687,208687,82.19,0.0615,0.0615,16,518.00,519.65,-2.08,12,0.456,1.000,0.907,1,1,
2026-05-06 01:05:53,1777997153.084,208687,208687,82.19,0.0615,0.0615,16,521.00,519.84,-2.04,11,0.456,1.000,0.907,1,1,
2026-05-06 01:05:54,1777997154.084,208687,208687,82.19,0.0615,0.0615,16,519.00,519.77,5.43,9,0.510,1.000,0.907,1,1,
2026-05-06 01:05:55,1777997155.084,208687,208687,82.19,0.0615,0.0615,16,517.00,519.70,-1.02,9,0.456,1.000,0.907,1,1,
2026-05-06 01:05:56,1777997156.084,208687,208687,82.19,0.0615,0.0615,16,522.00,519.78,6.38,9,0.520,1.000,0.907,1,1,
2026-05-06 01:05:57,1777997157.085,208687,208687,82.19,0.0615,0.0615,16,518.00,519.69,1.02,10,0.466,1.000,0.907,1,1,
2026-05-06 01:05:58,1777997158.084,208687,208687,82.19,0.0615,0.0615,16,524.00,519.61,6.13,9,0.517,1.000,0.907,1,1,
2026-05-06 01:05:59,1777997159.084,208687,208687,82.19,0.0615,0.0615,16,517.00,519.70,-8.16,11,0.456,1.000,0.907,1,1,
2026-05-06 01:06:00,1777997160.084,208687,208687,82.19,0.0615,0.0615,16,517.00,519.43,0.00,9,0.456,1.000,0.907,1,1,
2026-05-06 01:06:01,1777997161.084,208687,208687,82.19,0.0615,0.0615,16,516.00,519.37,-9.18,9,0.456,1.000,0.907,1,1,
2026-05-06 01:06:02,1777997162.084,208687,208687,82.19,0.0615,0.0615,16,519.00,519.42,3.06,6,0.486,1.000,0.907,1,1,
2026-05-06 01:06:03,1777997163.084,208687,208687,82.19,0.0615,0.0615,16,521.00,519.31,2.04,7,0.476,1.000,0.907,1,1,
2026-05-06 01:06:04,1777997164.084,208687,208687,82.19,0.0615,0.0615,16,519.00,519.27,5.43,7,0.510,1.000,0.907,1,1,
2026-05-06 01:06:05,1777997165.084,208687,208687,82.19,0.0615,0.0615,16,518.00,519.36,3.06,11,0.486,1.000,0.907,1,1,
2026-05-06 01:06:06,1777997166.084,208687,208687,82.19,0.0615,0.0615,16,516.00,519.18,-2.04,10,0.456,1.000,0.907,1,1,
2026-05-06 01:06:07,1777997167.085,208687,208687,82.19,0.0615,0.0615,16,514.00,518.85,-8.16,10,0.456,1.000,0.907,1,1,
2026-05-06 01:06:08,1777997168.084,208687,208687,82.19,0.0615,0.0615,16,519.00,518.52,5.11,10,0.507,1.000,0.907,1,1,
2026-05-06 01:06:09,1777997169.084,208687,208687,82.19,0.0615,0.0615,16,515.00,518.00,-5.21,10,0.456,1.000,0.907,1,1,
2026-05-06 01:06:10,1777997170.084,208687,208687,82.19,0.0615,0.0615,16,520.00,517.69,4.35,9,0.499,1.000,0.907,1,1,
2026-05-06 01:06:11,1777997171.084,208687,208687,82.19,0.0615,0.0615,16,514.00,517.36,-4.17,10,0.456,1.000,0.907,1,1,
2026-05-06 01:06:12,1777997172.084,208687,208687,82.19,0.0615,0.0615,16,520.00,516.98,8.70,10,0.543,1.000,0.907,1,1,
2026-05-06 01:06:13,1777997173.084,208687,208687,82.19,0.0615,0.0615,16,514.00,516.66,5.21,11,0.508,1.000,0.907,1,1,
2026-05-06 01:06:14,1777997174.084,208687,208687,82.19,0.0615,0.0615,16,517.00,516.37,6.52,11,0.521,1.000,0.907,1,1,
2026-05-06 01:06:15,1777997175.084,208687,208687,82.19,0.0615,0.0615,16,517.00,515.90,6.52,11,0.521,1.000,0.907,1,1,
2026-05-06 01:06:16,1777997176.084,208687,208687,82.19,0.0615,0.0615,16,513.00,515.71,-5.19,13,0.456,1.000,0.907,1,1,
2026-05-06 01:06:17,1777997177.084,208687,208687,82.19,0.0615,0.0615,16,511.00,515.45,0.00,14,0.456,1.000,0.907,1,1,
2026-05-06 01:06:18,1777997178.084,208687,208687,82.19,0.0615,0.0615,16,512.00,515.27,-8.33,15,0.456,1.000,0.907,1,1,
2026-05-06 01:06:19,1777997179.084,208687,208687,82.19,0.0615,0.0615,16,514.00,515.08,-5.44,13,0.456,1.000,0.907,1,1,
2026-05-06 01:06:20,1777997180.084,208687,208687,82.19,0.0615,0.0615,16,514.00,515.04,-3.12,13,0.456,1.000,0.907,1,1,
2026-05-06 01:06:21,1777997181.084,208687,208687,82.19,0.0615,0.0615,16,515.00,514.93,-1.09,12,0.456,1.000,0.907,1,1,
2026-05-06 01:06:22,1777997182.084,208687,208687,82.19,0.0615,0.0615,16,516.00,514.79,5.10,13,0.507,1.000,0.907,1,1,
2026-05-06 01:06:23,1777997183.084,208687,208687,82.19,0.0615,0.0615,16,514.00,514.64,5.43,12,0.510,1.000,0.907,1,1,
2026-05-06 01:06:24,1777997184.084,208687,208687,82.19,0.0615,0.0615,16,514.00,514.42,5.10,14,0.507,1.000,0.907,1,1,
2026-05-06 01:06:25,1777997185.084,208687,208687,82.19,0.0615,0.0615,16,514.00,514.25,-6.52,11,0.456,1.000,0.907,1,1,
2026-05-06 01:06:26,1777997186.084,208687,208687,82.19,0.0615,0.0615,16,511.00,513.78,-4.08,9,0.456,1.000,0.907,1,1,
2026-05-06 01:06:27,1777997187.084,208687,208687,82.19,0.0615,0.0615,16,509.00,513.45,-2.08,9,0.456,1.000,0.907,1,1,
2026-05-06 01:06:28,1777997188.084,208687,208687,82.19,0.0615,0.0615,16,511.00,513.22,-8.16,10,0.456,1.000,0.907,1,1,
2026-05-06 01:06:29,1777997189.084,208687,208687,82.19,0.0615,0.0615,16,515.00,513.08,4.08,12,0.497,1.000,0.907,1,1,
2026-05-06 01:06:30,1777997190.084,208687,208687,82.19,0.0615,0.0615,16,514.00,512.74,7.14,12,0.527,1.000,0.907,1,1,
2026-05-06 01:06:31,1777997191.085,208687,208687,82.19,0.0615,0.0615,16,511.00,512.58,3.19,12,0.488,1.000,0.907,1,1,
2026-05-06 01:06:32,1777997192.084,208687,208687,82.19,0.0615,0.0615,16,515.00,512.67,-2.04,11,0.456,1.000,0.907,1,1,
2026-05-06 01:06:33,1777997193.084,208687,208687,82.19,0.0615,0.0615,16,511.00,512.53,-4.08,13,0.456,1.000,0.907,1,1,
2026-05-06 01:06:34,1777997194.084,208687,208687,82.19,0.0615,0.0615,16,509.00,512.47,-7.14,11,0.456,1.000,0.907,1,1,
2026-05-06 01:06:35,1777997195.084,208687,208687,82.19,0.0615,0.0615,16,511.00,512.65,2.04,13,0.476,1.000,0.907,1,1,
2026-05-06 01:06:36,1777997196.084,208687,208687,82.19,0.0615,0.0615,16,515.00,512.74,7.14,15,0.527,1.000,0.907,1,1,
2026-05-06 01:06:37,1777997197.084,208687,208687,82.19,0.0615,0.0615,16,510.00,511.96,-2.17,13,0.456,1.000,0.907,1,1,
2026-05-06 01:06:38,1777997198.084,208687,208687,82.19,0.0615,0.0615,16,508.00,511.13,3.06,13,0.486,1.000,0.907,1,1,
2026-05-06 01:06:39,1777997199.084,208687,208687,82.19,0.0615,0.0615,16,509.00,510.36,0.00,11,0.456,1.000,0.907,1,1,
2026-05-06 01:06:40,1777997200.084,208687,208687,82.19,0.0615,0.0615,16,505.00,509.41,1.02,11,0.466,1.000,0.907,1,1,
2026-05-06 01:06:41,1777997201.084,208687,208687,82.19,0.0615,0.0615,16,511.00,508.60,6.12,11,0.517,1.000,0.907,1,1,
2026-05-06 01:06:42,1777997202.085,208687,208687,82.19,0.0615,0.0615,16,510.00,508.51,7.29,11,0.529,1.000,0.907,1,1,
2026-05-06 01:06:43,1777997203.084,208687,208687,82.19,0.0615,0.0615,16,512.00,508.70,2.04,8,0.476,1.000,0.907,1,1,
2026-05-06 01:06:44,1777997204.084,208687,208687,82.19,0.0615,0.0615,16,511.00,508.98,7.29,9,0.529,1.000,0.907,1,1,
2026-05-06 01:06:45,1777997205.084,208687,208687,82.19,0.0615,0.0615,16,508.00,508.81,-3.26,6,0.456,1.000,0.907,1,1,
2026-05-06 01:06:46,1777997206.084,208687,208687,82.19,0.0615,0.0615,16,507.00,508.70,-6.25,4,0.426,1.000,0.907,1,1,
2026-05-06 01:06:47,1777997207.084,208687,208687,82.19,0.0615,0.0615,16,509.00,508.81,5.43,6,0.510,1.000,0.907,1,1,
2026-05-06 01:06:48,1777997208.084,208687,208687,82.19,0.0615,0.0615,16,505.00,508.64,1.09,8,0.467,1.000,0.907,1,1,
2026-05-06 01:06:49,1777997209.084,208687,208687,82.19,0.0615,0.0615,16,509.00,508.45,-2.08,7,0.456,1.000,0.907,1,1,
2026-05-06 01:06:50,1777997210.084,208687,208687,82.19,0.0615,0.0615,16,514.00,508.79,3.26,8,0.488,1.000,0.907,1,1,
2026-05-06 01:06:51,1777997211.084,208687,208687,82.19,0.0615,0.0615,16,507.00,508.99,-4.16,8,0.456,1.000,0.907,1,1,
2026-05-06 01:06:52,1777997212.084,208687,208687,82.19,0.0615,0.0615,16,508.00,509.10,-9.77,11,0.456,1.000,0.907,1,1,
2026-05-06 01:06:53,1777997213.084,208687,208687,82.19,0.0615,0.0615,16,512.00,509.32,3.13,11,0.487,1.000,0.907,1,1,
2026-05-06 01:06:54,1777997214.084,208687,208687,82.19,0.0615,0.0615,16,509.00,509.37,-1.08,12,0.456,1.000,0.907,1,1,
2026-05-06 01:06:55,1777997215.084,208687,208687,82.19,0.0615,0.0615,16,510.00,509.26,-2.08,12,0.456,1.000,0.907,1,1,
2026-05-06 01:06:56,1777997216.084,208687,208687,82.19,0.0615,0.0615,16,507.00,509.32,-8.70,15,0.456,1.000,0.907,1,1,
2026-05-06 01:06:57,1777997217.084,208687,208687,82.19,0.0615,0.0615,16,508.00,509.15,2.04,12,0.476,1.000,0.907,1,1,
2026-05-06 01:06:58,1777997218.085,208687,208687,82.19,0.0615,0.0615,16,506.00,508.98,-2.17,9,0.456,1.000,0.907,1,1,
2026-05-06 01:06:59,1777997219.084,208687,208687,82.19,0.0615,0.0615,16,510.00,509.01,3.06,9,0.486,1.000,0.907,1,1,
2026-05-06 01:07:00,1777997220.084,208687,208687,82.19,0.0615,0.0615,16,512.00,509.08,2.08,12,0.477,1.000,0.907,1,1,
2026-05-06 01:07:01,1777997221.084,208687,208687,82.19,0.0615,0.0615,16,509.00,509.02,5.10,11,0.507,1.000,0.907,1,1,
2026-05-06 01:07:02,1777997222.084,208687,208687,82.19,0.0615,0.0615,16,514.00,509.20,1.06,10,0.466,1.000,0.907,1,1,
2026-05-06 01:07:03,1777997223.084,208687,208687,82.19,0.0615,0.0615,16,511.00,509.35,6.14,10,0.517,1.000,0.907,1,1,
2026-05-06 01:07:04,1777997224.085,208687,208687,82.19,0.0615,0.0615,16,508.00,509.25,3.19,8,0.488,1.000,0.907,1,1,
2026-05-06 01:07:05,1777997225.084,208687,208687,82.19,0.0615,0.0615,16,511.00,509.44,-3.06,8,0.456,1.000,0.907,1,1,
2026-05-06 01:07:06,1777997226.084,208687,208687,82.19,0.0615,0.0615,16,509.00,509.60,6.39,6,0.520,1.000,0.907,1,1,
2026-05-06 01:07:07,1777997227.084,208687,208687,82.19,0.0615,0.0615,16,510.00,509.61,4.08,7,0.497,1.000,0.907,1,1,
2026-05-06 01:07:08,1777997228.084,208687,208687,82.19,0.0615,0.0615,16,509.00,509.67,-5.41,8,0.456,1.000,0.907,1,1,
2026-05-06 01:07:09,1777997229.084,208687,208687,82.19,0.0615,0.0615,16,508.00,509.91,1.02,10,0.466,1.000,0.907,1,1,
2026-05-06 01:07:10,1777997230.084,208687,208687,82.19,0.0615,0.0615,16,508.00,509.85,0.00,6,0.456,1.000,0.907,1,1,
2026-05-06 01:07:11,1777997231.084,208687,208687,82.19,0.0615,0.0615,16,511.00,509.99,-6.12,7,0.456,1.000,0.907,1,1,
2026-05-06 01:07:12,1777997232.084,208687,208687,82.19,0.0615,0.0615,16,513.00,510.15,2.04,7,0.476,1.000,0.907,1,1,
2026-05-06 01:07:13,1777997233.084,208687,208687,82.19,0.0615,0.0615,16,510.00,510.19,4.16,7,0.497,1.000,0.907,1,1,
2026-05-06 01:07:14,1777997234.084,208687,208687,82.19,0.0615,0.0615,16,514.00,510.31,4.08,7,0.497,1.000,0.907,1,1,
2026-05-06 01:07:15,1777997235.084,208687,208687,82.19,0.0615,0.0615,16,514.00,510.43,9.38,10,0.550,1.000,0.907,1,1,
2026-05-06 01:07:16,1777997236.084,208687,208687,82.19,0.0615,0.0615,16,510.00,510.57,-6.52,10,0.456,1.000,0.907,1,1,
2026-05-06 01:07:17,1777997237.084,208687,208687,82.19,0.0615,0.0615,16,512.00,510.61,7.29,10,0.529,1.000,0.907,1,1,
2026-05-06 01:07:18,1777997238.084,208687,208687,82.19,0.0615,0.0615,16,510.00,510.80,4.35,9,0.499,1.000,0.907,1,1,
2026-05-06 01:07:19,1777997239.084,208687,208687,82.19,0.0615,0.0615,16,513.00,510.87,7.61,8,0.532,1.000,0.907,1,1,
2026-05-06 01:07:20,1777997240.084,208687,208687,82.19,0.0615,0.0615,16,509.00,510.98,1.04,8,0.466,1.000,0.907,1,1,
2026-05-06 01:07:21,1777997241.084,208687,208687,82.19,0.0615,0.0615,16,508.00,511.04,-8.33,8,0.456,1.000,0.907,1,1,
2026-05-06 01:07:22,1777997242.084,208687,208687,82.19,0.0615,0.0615,16,510.00,511.14,-2.17,7,0.456,1.000,0.907,1,1,
2026-05-06 01:07:23,1777997243.084,208687,208687,82.19,0.0615,0.0615,16,510.00,511.32,-8.70,8,0.456,1.000,0.907,1,1,
2026-05-06 01:07:24,1777997244.084,208687,208687,82.19,0.0615,0.0615,16,510.00,511.48,-2.09,8,0.456,1.000,0.907,1,1,
2026-05-06 01:07:25,1777997245.084,208687,208687,82.19,0.0615,0.0615,16,512.00,511.78,-6.52,8,0.456,1.000,0.907,1,1,
2026-05-06 01:07:26,1777997246.084,208687,208687,82.19,0.0615,0.0615,16,514.00,511.93,5.10,7,0.507,1.000,0.907,1,1,
2026-05-06 01:07:27,1777997247.084,208687,208687,82.19,0.0615,0.0615,16,511.00,512.20,5.44,8,0.510,1.000,0.907,1,1,
2026-05-06 01:07:28,1777997248.084,208687,208687,82.19,0.0615,0.0615,16,513.00,512.27,1.02,10,0.466,1.000,0.907,1,1,
2026-05-06 01:07:29,1777997249.084,208687,208687,82.19,0.0615,0.0615,16,514.00,512.55,-4.35,10,0.456,1.000,0.907,1,1,
2026-05-06 01:07:30,1777997250.084,208687,208687,82.19,0.0615,0.0615,16,510.00,512.63,0.00,10,0.456,1.000,0.907,1,1,
2026-05-06 01:07:31,1777997251.084,208687,208687,82.19,0.0615,0.0615,16,509.00,512.71,0.00,10,0.456,1.000,0.907,1,1,
2026-05-06 01:07:32,1777997252.086,208687,208687,82.19,0.0615,0.0615,16,513.00,512.95,-5.09,12,0.456,1.000,0.907,1,1,
2026-05-06 01:07:33,1777997253.085,208687,208687,82.19,0.0615,0.0615,16,513.00,513.09,0.00,11,0.456,1.000,0.907,1,1,
2026-05-06 01:07:34,1777997254.084,208687,208687,82.19,0.0615,0.0615,16,511.00,513.21,-7.14,11,0.456,1.000,0.907,1,1,
2026-05-06 01:07:35,1777997255.084,208687,208687,82.19,0.0615,0.0615,16,516.00,513.49,5.10,9,0.507,1.000,0.907,1,1,
2026-05-06 01:07:36,1777997256.084,208687,208687,82.19,0.0615,0.0615,16,517.00,513.65,8.18,11,0.538,1.000,0.907,1,1,
2026-05-06 01:07:37,1777997257.084,208687,208687,82.19,0.0615,0.0615,16,514.00,513.74,-4.26,10,0.456,1.000,0.907,1,1,
2026-05-06 01:07:38,1777997258.084,208687,208687,82.19,0.0615,0.0615,16,514.00,514.00,-3.06,11,0.456,1.000,0.907,1,1,
2026-05-06 01:07:39,1777997259.084,208687,208687,82.19,0.0615,0.0615,16,513.00,513.99,4.34,10,0.499,1.000,0.907,1,1,
2026-05-06 01:07:40,1777997260.084,208687,208687,82.19,0.0615,0.0615,16,515.00,513.90,4.08,10,0.497,1.000,0.907,1,1,
2026-05-06 01:07:41,1777997261.084,208687,208687,82.19,0.0615,0.0615,16,517.00,513.97,1.09,10,0.467,1.000,0.907,1,1,
2026-05-06 01:07:42,1777997262.084,208687,208687,82.19,0.0615,0.0615,16,515.00,513.94,-3.06,11,0.456,1.000,0.907,1,1,
2026-05-06 01:07:43,1777997263.084,208687,208687,82.19,0.0615,0.0615,16,510.00,513.85,-7.61,13,0.456,1.000,0.907,1,1,
2026-05-06 01:07:44,1777997264.084,208687,208687,82.19,0.0615,0.0615,16,514.00,513.92,-5.10,15,0.456,1.000,0.907,1,1,
2026-05-06 01:07:45,1777997265.084,208687,208687,82.19,0.0615,0.0615,16,514.00,514.12,-4.35,17,0.456,1.000,0.907,1,1,
2026-05-06 01:07:46,1777997266.084,208687,208687,82.19,0.0615,0.0615,16,513.00,514.37,-1.04,16,0.456,1.000,0.907,1,1,
2026-05-06 01:07:47,1777997267.084,208687,208687,82.19,0.0615,0.0615,16,515.00,514.62,2.04,15,0.476,1.000,0.907,1,1,
2026-05-06 01:07:48,1777997268.084,208687,208687,82.19,0.0615,0.0615,16,515.00,514.72,7.29,14,0.529,1.000,0.907,1,1,
2026-05-06 01:07:49,1777997269.084,208687,208687,82.19,0.0615,0.0615,16,516.00,515.03,1.02,15,0.466,1.000,0.907,1,1,
2026-05-06 01:07:50,1777997270.084,208687,208687,82.19,0.0615,0.0615,16,520.00,515.26,8.33,18,0.539,1.000,0.907,1,1,
2026-05-06 01:07:51,1777997271.084,208687,208687,82.19,0.0615,0.0615,16,517.00,515.41,-3.26,18,0.456,1.000,0.907,1,1,
2026-05-06 01:07:52,1777997272.088,208687,208687,82.19,0.0615,0.0615,16,515.00,515.59,2.07,17,0.477,1.000,0.907,1,1,
2026-05-06 01:07:53,1777997273.084,208687,208687,82.19,0.0615,0.0615,16,518.00,515.96,3.08,15,0.487,1.000,0.907,1,1,
2026-05-06 01:07:54,1777997274.084,208687,208687,82.19,0.0615,0.0615,16,514.00,515.94,-5.43,16,0.456,1.000,0.907,1,1,
2026-05-06 01:07:55,1777997275.084,208687,208687,82.19,0.0615,0.0615,16,515.00,516.14,0.00,15,0.456,1.000,0.907,1,1,
2026-05-06 01:07:56,1777997276.084,208687,208687,82.19,0.0615,0.0615,16,518.00,516.40,-5.43,19,0.456,1.000,0.907,1,1,
2026-05-06 01:07:57,1777997277.084,208687,208687,82.19,0.0615,0.0615,16,522.00,516.77,7.29,19,0.529,1.000,0.907,1,1,
2026-05-06 01:07:58,1777997278.084,208687,208687,82.19,0.0615,0.0615,16,519.00,517.02,9.81,18,0.554,1.000,0.907,1,1,
2026-05-06 01:07:59,1777997279.084,208687,208687,82.19,0.0615,0.0615,16,519.00,517.47,1.04,17,0.466,1.000,0.907,1,1,
2026-05-06 01:08:00,1777997280.084,208687,208687,82.19,0.0615,0.0615,16,522.00,517.90,-1.09,16,0.456,1.000,0.907,1,1,
2026-05-06 01:08:01,1777997281.084,208687,208687,82.19,0.0615,0.0615,16,517.00,518.19,-3.11,15,0.456,1.000,0.907,1,1,
2026-05-06 01:08:02,1777997282.088,208687,208687,82.19,0.0615,0.0615,16,524.00,518.68,2.17,14,0.478,1.000,0.907,1,1,
2026-05-06 01:08:03,1777997283.084,208687,208687,82.19,0.0615,0.0615,16,519.00,519.13,1.02,14,0.466,1.000,0.907,1,1,
2026-05-06 01:08:04,1777997284.084,208687,208687,82.19,0.0615,0.0615,16,524.00,519.72,-4.35,13,0.456,1.000,0.907,1,1,
2026-05-06 01:08:05,1777997285.084,208687,208687,82.19,0.0615,0.0615,16,520.00,520.03,3.07,11,0.486,1.000,0.907,1,1,
2026-05-06 01:08:06,1777997286.084,208687,208687,82.19,0.0615,0.0615,16,517.00,520.42,-11.96,11,0.456,1.000,0.907,1,1,
2026-05-06 01:08:07,1777997287.084,208687,208687,82.19,0.0615,0.0615,16,521.00,520.20,-3.06,12,0.456,1.000,0.907,1,1,
2026-05-06 01:08:08,1777997288.084,208687,208687,82.19,0.0615,0.0615,16,522.00,520.24,9.79,12,0.554,1.000,0.907,1,1,
2026-05-06 01:08:09,1777997289.084,208687,208687,82.19,0.0615,0.0615,16,519.00,520.18,1.02,13,0.466,1.000,0.907,1,1,
2026-05-06 01:08:10,1777997290.084,208687,208687,82.19,0.0615,0.0615,16,520.00,520.29,1.02,12,0.466,1.000,0.907,1,1,
2026-05-06 01:08:11,1777997291.084,208687,208687,82.19,0.0615,0.0615,16,522.00,520.26,4.08,12,0.497,1.000,0.907,1,1,
2026-05-06 01:08:12,1777997292.084,208687,208687,82.19,0.0615,0.0615,16,519.00,520.59,-4.26,11,0.456,1.000,0.907,1,1,
2026-05-06 01:08:13,1777997293.084,208687,208687,82.19,0.0615,0.0615,16,521.00,520.90,-6.12,12,0.456,1.000,0.907,1,1,
2026-05-06 01:08:14,1777997294.084,208687,208687,82.19,0.0615,0.0615,16,521.00,521.01,0.00,10,0.456,1.000,0.907,1,1,
2026-05-06 01:08:15,1777997295.084,208687,208687,82.19,0.0615,0.0615,16,522.00,521.28,-6.12,12,0.456,1.000,0.907,1,1,
2026-05-06 01:08:16,1777997296.084,208687,208687,82.19,0.0615,0.0615,16,526.00,521.62,1.09,8,0.467,1.000,0.907,1,1,
2026-05-06 01:08:17,1777997297.084,208687,208687,82.19,0.0615,0.0615,16,522.00,521.89,6.25,8,0.518,1.000,0.907,1,1,
2026-05-06 01:08:18,1777997298.084,208687,208687,82.19,0.0615,0.0615,16,521.00,521.83,-1.02,7,0.456,1.000,0.907,1,1,
2026-05-06 01:08:19,1777997299.084,208687,208687,82.19,0.0615,0.0615,16,520.00,521.90,-5.10,7,0.456,1.000,0.907,1,1,
2026-05-06 01:08:20,1777997300.084,208687,208687,82.19,0.0615,0.0615,16,522.00,521.68,6.52,7,0.521,1.000,0.907,1,1,
2026-05-06 01:08:21,1777997301.084,208687,208687,82.19,0.0615,0.0615,16,519.00,521.56,1.04,10,0.466,1.000,0.907,1,1,
2026-05-06 01:08:22,1777997302.084,208687,208687,82.19,0.0615,0.0615,16,520.00,521.45,2.18,11,0.478,1.000,0.907,1,1,
2026-05-06 01:08:23,1777997303.084,208687,208687,82.19,0.0615,0.0615,16,526.00,521.73,9.38,13,0.550,1.000,0.907,1,1,
2026-05-06 01:08:24,1777997304.084,208687,208687,82.19,0.0615,0.0615,16,521.00,521.71,-4.35,14,0.456,1.000,0.907,1,1,
2026-05-06 01:08:25,1777997305.085,208687,208687,82.19,0.0615,0.0615,16,524.00,522.10,-7.28,15,0.456,1.000,0.907,1,1,
2026-05-06 01:08:26,1777997306.084,208687,208687,82.19,0.0615,0.0615,16,520.00,522.28,-4.09,15,0.456,1.000,0.907,1,1,
2026-05-06 01:08:27,1777997307.084,208687,208687,82.19,0.0615,0.0615,16,525.00,522.33,4.17,16,0.497,1.000,0.907,1,1,
2026-05-06 01:08:28,1777997308.084,208687,208687,82.19,0.0615,0.0615,16,521.00,522.43,-4.08,17,0.456,1.000,0.907,1,1,
2026-05-06 01:08:29,1777997309.084,208687,208687,82.19,0.0615,0.0615,16,523.00,522.90,-7.61,18,0.456,1.000,0.907,1,1,
2026-05-06 01:08:30,1777997310.084,208687,208687,82.19,0.0615,0.0615,16,525.00,523.28,2.08,18,0.477,1.000,0.907,1,1,
2026-05-06 01:08:31,1777997311.084,208687,208687,82.19,0.0615,0.0615,16,527.00,523.77,6.54,19,0.521,1.000,0.907,1,1,
2026-05-06 01:08:32,1777997312.084,208687,208687,82.19,0.0615,0.0615,16,524.00,524.28,-5.21,18,0.456,1.000,0.907,1,1,
2026-05-06 01:08:33,1777997313.084,208687,208687,82.19,0.0615,0.0615,16,518.00,524.26,-4.35,16,0.456,1.000,0.907,1,1,
2026-05-06 01:08:34,1777997314.084,208687,208687,82.19,0.0615,0.0615,16,522.00,524.06,-3.13,17,0.456,1.000,0.907,1,1,
2026-05-06 01:08:35,1777997315.084,208687,208687,82.19,0.0615,0.0615,16,522.00,523.74,-7.61,16,0.456,1.000,0.907,1,1,
2026-05-06 01:08:36,1777997316.084,208687,208687,82.19,0.0615,0.0615,16,527.00,523.55,-1.02,19,0.456,1.000,0.907,1,1,
2026-05-06 01:08:37,1777997317.084,208687,208687,82.19,0.0615,0.0615,16,523.00,523.58,-4.17,19,0.456,1.000,0.907,1,1,
2026-05-06 01:08:38,1777997318.084,208687,208687,82.19,0.0615,0.0615,16,527.00,523.69,7.14,18,0.527,1.000,0.907,1,1,
2026-05-06 01:08:39,1777997319.084,208687,208687,82.19,0.0615,0.0615,16,526.00,524.05,-1.04,20,0.456,1.000,0.907,1,1,
2026-05-06 01:08:40,1777997320.084,208687,208687,82.19,0.0615,0.0615,16,523.00,524.38,-3.06,21,0.456,1.000,0.907,1,1,
2026-05-06 01:08:41,1777997321.084,208687,208687,82.19,0.0615,0.0615,16,522.00,524.10,5.44,18,0.510,1.000,0.907,1,1,
2026-05-06 01:08:42,1777997322.084,208687,208687,82.19,0.0615,0.0615,16,522.00,523.79,2.04,21,0.476,1.000,0.907,1,1,
2026-05-06 01:08:43,1777997323.084,208687,208687,82.19,0.0615,0.0615,16,526.00,524.00,4.17,20,0.497,1.000,0.907,1,1,
2026-05-06 01:08:44,1777997324.084,208687,208687,82.19,0.0615,0.0615,16,518.00,523.54,0.00,17,0.456,1.000,0.907,1,1,
2026-05-06 01:08:45,1777997325.084,208687,208687,82.19,0.0615,0.0615,16,517.00,522.77,-3.19,19,0.456,1.000,0.907,1,1,
2026-05-06 01:08:46,1777997326.085,208687,208687,82.19,0.0615,0.0615,16,524.00,522.86,4.08,16,0.497,1.000,0.907,1,1,
2026-05-06 01:08:47,1777997327.084,208687,208687,82.19,0.0615,0.0615,16,523.00,522.82,-1.04,13,0.456,1.000,0.907,1,1,
2026-05-06 01:08:48,1777997328.084,208687,208687,82.19,0.0615,0.0615,16,522.00,522.50,-5.10,15,0.456,1.000,0.907,1,1,
2026-05-06 01:08:49,1777997329.084,208687,208687,82.19,0.0615,0.0615,16,525.00,522.66,3.06,13,0.486,1.000,0.907,1,1,
2026-05-06 01:08:50,1777997330.084,208687,208687,82.19,0.0615,0.0615,16,525.00,523.14,4.08,12,0.497,1.000,0.907,1,1,
2026-05-06 01:08:51,1777997331.084,208687,208687,82.19,0.0615,0.0615,16,524.00,523.17,6.52,11,0.521,1.000,0.907,1,1,
2026-05-06 01:08:52,1777997332.084,208687,208687,82.19,0.0615,0.0615,16,522.00,523.42,3.06,10,0.486,1.000,0.907,1,1,
2026-05-06 01:08:53,1777997333.084,208687,208687,82.19,0.0615,0.0615,16,520.00,523.57,-2.04,9,0.456,1.000,0.907,1,1,
2026-05-06 01:08:54,1777997334.084,208687,208687,82.19,0.0615,0.0615,16,524.00,523.88,-5.10,13,0.456,1.000,0.907,1,1,
2026-05-06 01:08:55,1777997335.085,208687,208687,82.19,0.0615,0.0615,16,527.00,524.33,1.09,11,0.467,1.000,0.907,1,1,
2026-05-06 01:08:56,1777997336.084,208687,208687,82.19,0.0615,0.0615,16,526.00,524.79,6.25,12,0.518,1.000,0.907,1,1,
2026-05-06 01:08:57,1777997337.085,208687,208687,82.19,0.0615,0.0615,16,525.00,525.12,-2.17,14,0.456,1.000,0.907,1,1,
2026-05-06 01:08:58,1777997338.084,208687,208687,82.19,0.0615,0.0615,16,527.00,525.71,-4.17,12,0.456,1.000,0.907,1,1,
2026-05-06 01:08:59,1777997339.084,208687,208687,82.19,0.0615,0.0615,16,528.00,526.04,1.02,11,0.466,1.000,0.907,1,1,
2026-05-06 01:09:00,1777997340.084,208687,208687,82.19,0.0615,0.0615,16,530.00,526.03,12.25,10,0.578,1.000,0.907,1,1,
2026-05-06 01:09:01,1777997341.084,208687,208687,82.19,0.0615,0.0615,16,524.00,526.29,-8.70,11,0.456,1.000,0.907,1,1,
2026-05-06 01:09:02,1777997342.084,208687,208687,82.19,0.0615,0.0615,16,523.00,526.46,1.04,10,0.466,1.000,0.907,1,1,
2026-05-06 01:09:03,1777997343.084,208687,208687,82.19,0.0615,0.0615,16,524.00,526.40,1.09,9,0.467,1.000,0.907,1,1,
2026-05-06 01:09:04,1777997344.087,208687,208687,82.19,0.0615,0.0615,16,522.00,526.37,2.08,6,0.477,1.000,0.907,1,1,
2026-05-06 01:09:05,1777997345.084,208687,208687,82.19,0.0615,0.0615,16,529.00,526.41,7.17,6,0.527,1.000,0.907,1,1,
2026-05-06 01:09:06,1777997346.084,208687,208687,82.19,0.0615,0.0615,16,526.00,526.18,5.43,7,0.510,1.000,0.907,1,1,
2026-05-06 01:09:07,1777997347.084,208687,208687,82.19,0.0615,0.0615,16,524.00,526.22,-5.21,5,0.456,1.000,0.907,1,1,
2026-05-06 01:09:08,1777997348.084,208687,208687,82.19,0.0615,0.0615,16,529.00,526.36,-5.43,8,0.456,1.000,0.907,1,1,
2026-05-06 01:09:09,1777997349.084,208687,208687,82.19,0.0615,0.0615,16,529.00,526.24,5.21,8,0.508,1.000,0.907,1,1,
2026-05-06 01:09:10,1777997350.084,208687,208687,82.19,0.0615,0.0615,16,523.00,526.23,3.26,11,0.488,1.000,0.907,1,1,
2026-05-06 01:09:11,1777997351.084,208687,208687,82.19,0.0615,0.0615,16,524.00,525.96,1.02,10,0.466,1.000,0.907,1,1,
2026-05-06 01:09:12,1777997352.084,208687,208687,82.19,0.0615,0.0615,16,522.00,525.33,-2.08,10,0.456,1.000,0.907,1,1,
2026-05-06 01:09:13,1777997353.084,208687,208687,82.19,0.0615,0.0615,16,522.00,524.80,-7.14,10,0.456,1.000,0.907,1,1,
2026-05-06 01:09:14,1777997354.084,208687,208687,82.19,0.0615,0.0615,16,521.00,524.40,-6.52,9,0.456,1.000,0.907,1,1,
2026-05-06 01:09:15,1777997355.084,208687,208687,82.19,0.0615,0.0615,16,525.00,524.15,-3.06,11,0.456,1.000,0.907,1,1,
2026-05-06 01:09:16,1777997356.084,208687,208687,82.19,0.0615,0.0615,16,526.00,524.12,-1.09,9,0.456,1.000,0.907,1,1,
2026-05-06 01:09:17,1777997357.084,208687,208687,82.19,0.0615,0.0615,16,521.00,524.07,-1.02,8,0.456,1.000,0.907,1,1,
2026-05-06 01:09:18,1777997358.084,208687,208687,82.19,0.0615,0.0615,16,524.00,524.01,3.13,8,0.487,1.000,0.907,1,1,
2026-05-06 01:09:19,1777997359.084,208687,208687,82.19,0.0615,0.0615,16,526.00,523.89,9.18,10,0.548,1.000,0.907,1,1,
2026-05-06 01:09:20,1777997360.084,208687,208687,82.19,0.0615,0.0615,16,524.00,523.80,-2.04,7,0.456,1.000,0.907,1,1,
2026-05-06 01:09:21,1777997361.084,208687,208687,82.19,0.0615,0.0615,16,523.00,523.49,5.10,7,0.507,1.000,0.907,1,1,
2026-05-06 01:09:22,1777997362.084,208687,208687,82.19,0.0615,0.0615,16,522.00,523.26,3.27,6,0.488,1.000,0.907,1,1,
2026-05-06 01:09:23,1777997363.084,208687,208687,82.19,0.0615,0.0615,16,522.00,523.10,-5.10,7,0.456,1.000,0.907,1,1,
2026-05-06 01:09:24,1777997364.084,208687,208687,82.19,0.0615,0.0615,16,524.00,522.86,5.32,7,0.509,1.000,0.907,1,1,
2026-05-06 01:09:25,1777997365.084,208687,208687,82.19,0.0615,0.0615,16,522.00,522.27,2.04,5,0.476,1.000,0.907,1,1,
2026-05-06 01:09:26,1777997366.084,208687,208687,82.19,0.0615,0.0615,16,517.00,521.21,-1.09,6,0.456,1.000,0.907,1,1,
2026-05-06 01:09:27,1777997367.084,208687,208687,82.19,0.0615,0.0615,16,515.00,520.16,-9.18,9,0.456,1.000,0.907,1,1,
2026-05-06 01:09:28,1777997368.084,208687,208687,82.19,0.0615,0.0615,16,520.00,518.86,5.10,9,0.507,1.000,0.907,1,1,
2026-05-06 01:09:29,1777997369.084,208687,208687,82.19,0.0615,0.0615,16,518.00,517.76,7.14,8,0.527,1.000,0.907,1,1,
2026-05-06 01:09:30,1777997370.084,208687,208687,82.19,0.0615,0.0615,16,517.00,517.12,-1.02,9,0.456,1.000,0.907,1,1,
2026-05-06 01:09:31,1777997371.084,208687,208687,82.19,0.0615,0.0615,16,520.00,516.89,9.18,10,0.548,1.000,0.907,1,1,
2026-05-06 01:09:32,1777997372.084,208687,208687,82.19,0.0615,0.0615,16,515.00,516.57,-6.52,10,0.456,1.000,0.907,1,1,
2026-05-06 01:09:33,1777997373.084,208687,208687,82.19,0.0615,0.0615,16,512.00,516.62,-9.38,10,0.456,1.000,0.907,1,1,
2026-05-06 01:09:34,1777997374.084,208687,208687,82.19,0.0615,0.0615,16,516.00,516.50,4.08,11,0.497,1.000,0.907,1,1,
2026-05-06 01:09:35,1777997375.084,208687,208687,82.19,0.0615,0.0615,16,511.00,516.20,-8.34,13,0.456,1.000,0.907,1,1,
2026-05-06 01:09:36,1777997376.084,208687,208687,82.19,0.0615,0.0615,16,517.00,515.97,6.53,12,0.521,1.000,0.907,1,1,
2026-05-06 01:09:37,1777997377.084,208687,208687,82.19,0.0615,0.0615,16,517.00,515.67,-1.04,11,0.456,1.000,0.907,1,1,
2026-05-06 01:09:38,1777997378.084,208687,208687,82.19,0.0615,0.0615,16,521.00,516.07,2.17,9,0.478,1.000,0.907,1,1,
2026-05-06 01:09:39,1777997379.084,208687,208687,82.19,0.0615,0.0615,16,515.00,516.41,2.17,11,0.478,1.000,0.907,1,1,
2026-05-06 01:09:40,1777997380.088,208687,208687,82.19,0.0615,0.0615,16,514.00,516.26,3.12,12,0.487,1.000,0.907,1,1,
2026-05-06 01:09:41,1777997381.084,208687,208687,82.19,0.0615,0.0615,16,514.00,516.25,2.17,14,0.478,1.000,0.907,1,1,
2026-05-06 01:09:42,1777997382.084,208687,208687,82.19,0.0615,0.0615,16,512.00,516.25,0.00,14,0.456,1.000,0.907,1,1,
2026-05-06 01:09:43,1777997383.084,208687,208687,82.19,0.0615,0.0615,16,512.00,515.01,3.28,16,0.489,1.000,0.907,1,1,
2026-05-06 01:09:44,1777997384.084,208687,208687,82.19,0.0615,0.0615,16,512.00,513.92,-8.31,16,0.456,1.000,0.907,1,1,
2026-05-06 01:09:45,1777997385.084,208687,208687,82.19,0.0615,0.0615,16,508.00,513.28,-10.89,15,0.456,1.000,0.907,1,1,
2026-05-06 01:09:46,1777997386.084,208687,208687,82.19,0.0615,0.0615,16,511.00,513.29,-5.10,16,0.456,1.000,0.907,1,1,
2026-05-06 01:09:47,1777997387.084,208687,208687,82.19,0.0615,0.0615,16,507.00,513.04,-4.17,16,0.456,1.000,0.907,1,1,
2026-05-06 01:09:48,1777997388.084,208687,208687,82.19,0.0615,0.0615,16,513.00,512.89,-2.04,17,0.456,1.000,0.907,1,1,
2026-05-06 01:09:49,1777997389.085,208687,208687,82.19,0.0615,0.0615,16,508.00,512.42,2.13,16,0.477,1.000,0.907,1,1,
2026-05-06 01:09:50,1777997390.084,208687,208687,82.19,0.0615,0.0615,16,509.00,511.97,-4.08,14,0.456,1.000,0.907,1,1,
2026-05-06 01:09:51,1777997391.084,208687,208687,82.19,0.0615,0.0615,16,507.00,511.06,-2.07,11,0.456,1.000,0.907,1,1,
2026-05-06 01:09:52,1777997392.084,208687,208687,82.19,0.0615,0.0615,16,513.00,510.52,4.08,12,0.497,1.000,0.907,1,1,
2026-05-06 01:09:53,1777997393.084,208687,208687,82.19,0.0615,0.0615,16,511.00,510.02,3.26,9,0.488,1.000,0.907,1,1,
2026-05-06 01:09:54,1777997394.084,208687,208687,82.19,0.0615,0.0615,16,508.00,510.40,-1.02,9,0.456,1.000,0.907,1,1,
2026-05-06 01:09:55,1777997395.084,208687,208687,82.19,0.0615,0.0615,16,504.00,509.74,-4.08,8,0.456,1.000,0.907,1,1,
2026-05-06 01:09:56,1777997396.084,208687,208687,82.19,0.0615,0.0615,16,504.00,509.21,-10.20,9,0.456,1.000,0.907,1,1,
2026-05-06 01:09:57,1777997397.084,208687,208687,82.19,0.0615,0.0615,16,510.00,508.84,6.12,9,0.517,1.000,0.907,1,1,
2026-05-06 01:09:58,1777997398.084,208687,208687,82.19,0.0615,0.0615,16,509.00,508.41,5.10,8,0.507,1.000,0.907,1,1,
2026-05-06 01:09:59,1777997399.084,208687,208687,82.19,0.0615,0.0615,16,509.00,507.95,0.00,8,0.456,1.000,0.907,1,1,
2026-05-06 01:10:00,1777997400.084,208687,208687,82.19,0.0615,0.0615,16,504.00,507.60,4.08,9,0.497,1.000,0.907,1,1,
2026-05-06 01:10:01,1777997401.084,208687,208687,82.19,0.0615,0.0615,16,511.00,507.02,7.14,10,0.527,1.000,0.907,1,1,
2026-05-06 01:10:02,1777997402.084,208687,208687,82.19,0.0615,0.0615,16,511.00,506.52,8.17,9,0.537,1.000,0.907,1,1,
2026-05-06 01:10:03,1777997403.084,208687,208687,82.19,0.0615,0.0615,16,509.00,506.96,-4.35,9,0.456,1.000,0.907,1,1,
2026-05-06 01:10:04,1777997404.084,208687,208687,82.19,0.0615,0.0615,16,506.00,506.43,2.08,11,0.477,1.000,0.907,1,1,
2026-05-06 01:10:05,1777997405.084,208687,208687,82.19,0.0615,0.0615,16,507.00,506.79,4.35,10,0.499,1.000,0.907,1,1,
2026-05-06 01:10:06,1777997406.084,208687,208687,82.19,0.0615,0.0615,16,509.00,507.21,5.21,10,0.508,1.000,0.907,1,1,
2026-05-06 01:10:07,1777997407.084,208687,208687,82.19,0.0615,0.0615,16,508.00,507.46,-1.02,8,0.456,1.000,0.907,1,1,
2026-05-06 01:10:08,1777997408.084,208687,208687,82.19,0.0615,0.0615,16,502.00,506.98,-2.08,8,0.456,1.000,0.907,1,1,
2026-05-06 01:10:09,1777997409.084,208687,208687,82.19,0.0615,0.0615,16,508.00,507.00,6.12,6,0.517,1.000,0.907,1,1,
2026-05-06 01:10:10,1777997410.084,208687,208687,82.19,0.0615,0.0615,16,504.00,506.91,4.17,6,0.497,1.000,0.907,1,1,
2026-05-06 01:10:11,1777997411.084,208687,208687,82.19,0.0615,0.0615,16,511.00,506.92,7.14,5,0.527,1.000,0.907,1,1,
2026-05-06 01:10:12,1777997412.084,208687,208687,82.19,0.0615,0.0615,16,507.00,506.96,7.61,7,0.532,1.000,0.907,1,1,
2026-05-06 01:10:13,1777997413.084,208687,208687,82.19,0.0615,0.0615,16,506.00,506.95,0.00,7,0.456,1.000,0.907,1,1,
2026-05-06 01:10:14,1777997414.084,208687,208687,82.19,0.0615,0.0615,16,504.00,506.80,2.17,6,0.478,1.000,0.907,1,1,
2026-05-06 01:10:15,1777997415.084,208687,208687,82.19,0.0615,0.0615,16,506.00,506.85,1.04,9,0.466,1.000,0.907,1,1,
2026-05-06 01:10:16,1777997416.084,208687,208687,82.19,0.0615,0.0615,16,508.00,506.71,-2.18,8,0.456,1.000,0.907,1,1,
2026-05-06 01:10:17,1777997417.084,208687,208687,82.19,0.0615,0.0615,16,505.00,506.11,-4.08,8,0.456,1.000,0.907,1,1,
2026-05-06 01:10:18,1777997418.084,208687,208687,82.19,0.0615,0.0615,16,501.00,505.24,-4.17,8,0.456,1.000,0.907,1,1,
2026-05-06 01:10:19,1777997419.084,208687,208687,82.19,0.0615,0.0615,16,500.00,504.41,-5.10,8,0.456,1.000,0.907,1,1,
2026-05-06 01:10:20,1777997420.084,208687,208687,82.19,0.0615,0.0615,16,500.00,503.12,0.00,9,0.456,1.000,0.907,1,1,
2026-05-06 01:10:21,1777997421.084,208687,208687,82.19,0.0615,0.0615,16,502.00,501.68,8.16,9,0.537,1.000,0.907,1,1,
2026-05-06 01:10:22,1777997422.084,208687,208687,82.19,0.0615,0.0615,16,495.00,500.50,-7.14,10,0.456,1.000,0.907,1,1,
2026-05-06 01:10:23,1777997423.084,208687,208687,82.19,0.0615,0.0615,16,497.00,499.46,-3.06,10,0.456,1.000,0.907,1,1,
2026-05-06 01:10:24,1777997424.084,208687,208687,82.19,0.0615,0.0615,16,498.00,498.47,-4.35,8,0.456,1.000,0.907,1,1,
2026-05-06 01:10:25,1777997425.084,208687,208687,82.19,0.0615,0.0615,16,494.00,497.61,-1.02,6,0.456,1.000,0.907,1,1,
2026-05-06 01:10:26,1777997426.084,208687,208687,82.19,0.0615,0.0615,16,492.00,496.78,1.06,6,0.466,1.000,0.907,1,1,
2026-05-06 01:10:27,1777997427.084,208687,208687,82.19,0.0615,0.0615,16,492.00,496.17,-2.04,6,0.456,1.000,0.907,1,1,
2026-05-06 01:10:28,1777997428.084,208687,208687,82.19,0.0615,0.0615,16,495.00,495.53,4.35,7,0.499,1.000,0.907,1,1,
2026-05-06 01:10:29,1777997429.084,208687,208687,82.19,0.0615,0.0615,16,490.00,494.87,0.00,7,0.456,1.000,0.907,1,1,
2026-05-06 01:10:30,1777997430.084,208687,208687,82.19,0.0615,0.0615,16,491.00,494.20,1.02,5,0.466,1.000,0.907,1,1,
2026-05-06 01:10:31,1777997431.084,208687,208687,82.19,0.0615,0.0615,16,492.00,493.88,-5.10,6,0.456,1.000,0.907,1,1,
2026-05-06 01:10:32,1777997432.084,208687,208687,82.19,0.0615,0.0615,16,492.00,493.38,0.00,3,0.396,1.000,0.907,1,1,
2026-05-06 01:10:33,1777997433.084,208687,208687,82.19,0.0615,0.0615,16,493.00,493.00,1.02,3,0.406,1.000,0.907,1,1,
2026-05-06 01:10:34,1777997434.084,208687,208687,82.19,0.0615,0.0615,16,493.00,492.65,-3.26,3,0.396,1.000,0.907,1,1,
2026-05-06 01:10:35,1777997435.084,208687,208687,82.19,0.0615,0.0615,16,489.00,492.53,0.00,3,0.396,1.000,0.907,1,1,
2026-05-06 01:10:36,1777997436.084,208687,208687,82.19,0.0615,0.0615,16,490.00,492.16,1.02,3,0.406,1.000,0.907,1,1,
2026-05-06 01:10:37,1777997437.084,208687,208687,82.19,0.0615,0.0615,16,491.00,491.95,-3.13,4,0.426,1.000,0.907,1,1,
2026-05-06 01:10:38,1777997438.084,208687,208687,82.19,0.0615,0.0615,16,490.00,491.70,3.28,3,0.429,1.000,0.907,1,1,
2026-05-06 01:10:39,1777997439.084,208687,208687,82.19,0.0615,0.0615,16,486.00,491.28,0.00,3,0.396,1.000,0.907,1,1,
2026-05-06 01:10:40,1777997440.084,208687,208687,82.19,0.0615,0.0615,16,493.00,490.85,1.04,3,0.406,1.000,0.907,1,1,
2026-05-06 01:10:41,1777997441.084,208687,208687,82.19,0.0615,0.0615,16,486.00,490.50,0.00,2,0.366,1.000,0.907,1,1,
2026-05-06 01:10:42,1777997442.084,208687,208687,82.19,0.0615,0.0615,16,492.00,489.99,7.61,2,0.442,1.000,0.907,1,1,
2026-05-06 01:10:43,1777997443.085,208687,208687,82.19,0.0615,0.0615,16,487.00,489.47,4.34,2,0.409,1.000,0.907,1,1,
2026-05-06 01:10:44,1777997444.084,208687,208687,82.19,0.0615,0.0615,16,487.00,489.00,1.04,2,0.376,1.000,0.907,1,1,
2026-05-06 01:10:45,1777997445.084,208687,208687,82.19,0.0615,0.0615,16,484.00,488.05,4.34,2,0.409,1.000,0.907,1,1,
2026-05-06 01:10:46,1777997446.084,208687,208687,82.19,0.0615,0.0615,16,482.00,486.63,-1.04,2,0.366,1.000,0.907,1,1,
2026-05-06 01:10:47,1777997447.084,208687,208687,82.19,0.0615,0.0615,16,475.00,484.79,-2.17,2,0.366,1.000,0.907,1,1,
2026-05-06 01:10:48,1777997448.084,208687,208687,82.19,0.0615,0.0615,16,476.00,482.62,-6.25,2,0.366,1.000,0.907,1,1,
2026-05-06 01:10:49,1777997449.088,208687,208687,82.19,0.0615,0.0615,16,484.00,480.46,8.70,3,0.483,1.000,0.907,1,1,
2026-05-06 01:10:50,1777997450.084,208687,208687,82.19,0.0615,0.0615,16,480.00,479.37,4.08,3,0.437,1.000,0.907,1,1,
2026-05-06 01:10:51,1777997451.088,208687,208687,82.19,0.0615,0.0615,16,480.00,478.56,6.52,5,0.521,1.000,0.907,1,1,
2026-05-06 01:10:52,1777997452.084,208687,208687,82.19,0.0615,0.0615,16,479.00,478.18,1.02,5,0.466,1.000,0.907,1,1,
2026-05-06 01:10:53,1777997453.084,208687,208687,82.19,0.0615,0.0615,16,476.00,477.92,-3.12,5,0.456,1.000,0.907,1,1,
2026-05-06 01:10:54,1777997454.084,208687,208687,82.19,0.0615,0.0615,16,477.00,477.56,6.12,6,0.517,1.000,0.907,1,1,
2026-05-06 01:10:55,1777997455.084,208687,208687,82.19,0.0615,0.0615,16,475.00,476.39,-2.08,5,0.456,1.000,0.907,1,1,
2026-05-06 01:10:56,1777997456.084,208687,208687,82.19,0.0615,0.0615,16,470.00,475.17,-2.04,5,0.456,1.000,0.907,1,1,
2026-05-06 01:10:57,1777997457.084,208687,208687,82.19,0.0615,0.0615,16,468.00,473.76,1.09,5,0.467,1.000,0.907,1,1,
2026-05-06 01:10:58,1777997458.084,208687,208687,82.19,0.0615,0.0615,16,470.00,472.43,-5.10,6,0.456,1.000,0.907,1,1,
2026-05-06 01:10:59,1777997459.084,208687,208687,82.19,0.0615,0.0615,16,465.00,470.98,-4.26,5,0.456,1.000,0.907,1,1,
2026-05-06 01:11:00,1777997460.084,208687,208687,82.19,0.0615,0.0615,16,468.00,469.87,-5.10,5,0.456,1.000,0.907,1,1,
2026-05-06 01:11:01,1777997461.086,208687,208687,82.19,0.0615,0.0615,16,466.00,468.55,-4.36,3,0.396,1.000,0.907,1,1,
2026-05-06 01:11:02,1777997462.084,208687,208687,82.19,0.0615,0.0615,16,464.00,467.63,-11.22,4,0.426,1.000,0.907,1,1,
2026-05-06 01:11:03,1777997463.084,208687,208687,82.19,0.0615,0.0615,16,461.00,466.19,-9.78,4,0.426,1.000,0.907,1,1,
2026-05-06 01:11:04,1777997464.084,208687,208687,82.19,0.0615,0.0615,16,465.00,465.02,5.10,3,0.447,1.000,0.907,1,1,
2026-05-06 01:11:05,1777997465.084,208687,208687,82.19,0.0615,0.0615,16,461.00,463.91,-5.43,3,0.396,1.000,0.907,1,1,
2026-05-06 01:11:06,1777997466.084,208687,208687,82.19,0.0615,0.0615,16,461.00,462.82,4.08,6,0.497,1.000,0.907,1,1,
2026-05-06 01:11:07,1777997467.084,208687,208687,82.19,0.0615,0.0615,16,460.00,461.66,3.26,5,0.488,1.000,0.907,1,1,
2026-05-06 01:11:08,1777997468.084,208687,208687,82.19,0.0615,0.0615,16,460.00,460.93,4.17,4,0.467,1.000,0.907,1,1,
2026-05-06 01:11:09,1777997469.084,208687,208687,82.19,0.0615,0.0615,16,455.00,459.97,-5.43,4,0.426,1.000,0.907,1,1,
2026-05-06 01:11:10,1777997470.084,208687,208687,82.19,0.0615,0.0615,16,456.00,458.88,-7.29,4,0.426,1.000,0.907,1,1,
2026-05-06 01:11:11,1777997471.084,208687,208687,82.19,0.0615,0.0615,16,451.00,457.87,-7.61,3,0.396,1.000,0.907,1,1,
2026-05-06 01:11:12,1777997472.085,208687,208687,82.19,0.0615,0.0615,16,458.00,456.82,-2.08,3,0.396,1.000,0.907,1,1,
2026-05-06 01:11:13,1777997473.084,208687,208687,82.19,0.0615,0.0615,16,459.00,455.98,1.02,3,0.406,1.000,0.907,1,1,
2026-05-06 01:11:14,1777997474.084,208687,208687,82.19,0.0615,0.0615,16,454.00,455.33,5.43,3,0.450,1.000,0.907,1,1,
2026-05-06 01:11:15,1777997475.084,208687,208687,82.19,0.0615,0.0615,16,453.00,454.71,0.00,3,0.396,1.000,0.907,1,1,
2026-05-06 01:11:16,1777997476.084,208687,208687,82.19,0.0615,0.0615,16,452.00,453.90,6.51,1,0.401,1.000,0.907,1,1,
2026-05-06 01:11:17,1777997477.084,208687,208687,82.19,0.0615,0.0615,16,450.00,453.09,1.04,1,0.346,1.000,0.907,1,1,
2026-05-06 01:11:18,1777997478.084,208687,208687,82.19,0.0615,0.0615,16,452.00,452.18,-3.26,1,0.336,1.000,0.907,1,1,
2026-05-06 01:11:19,1777997479.084,208687,208687,82.19,0.0615,0.0615,16,448.00,451.27,1.04,1,0.346,1.000,0.907,1,1,
2026-05-06 01:11:20,1777997480.084,208687,208687,82.19,0.0615,0.0615,16,450.00,450.27,4.35,1,0.379,1.000,0.907,1,1,
2026-05-06 01:11:21,1777997481.084,208687,208687,82.19,0.0615,0.0615,16,446.00,449.42,2.08,1,0.357,1.000,0.907,1,1,
2026-05-06 01:11:22,1777997482.084,208687,208687,82.19,0.0615,0.0615,16,452.00,448.88,-1.09,2,0.366,1.000,0.907,1,1,
2026-05-06 01:11:23,1777997483.084,208687,208687,82.19,0.0615,0.0615,16,448.00,448.32,3.06,2,0.396,1.000,0.907,1,1,
2026-05-06 01:11:24,1777997484.084,208687,208687,82.19,0.0615,0.0615,16,443.00,447.66,-5.19,2,0.366,1.000,0.907,1,1,
2026-05-06 01:11:25,1777997485.084,208687,208687,82.19,0.0615,0.0615,16,447.00,447.01,-1.02,2,0.366,1.000,0.907,1,1,
2026-05-06 01:11:26,1777997486.084,208687,208687,82.19,0.0615,0.0615,16,444.00,446.66,-7.61,1,0.336,1.000,0.907,1,1,
2026-05-06 01:11:27,1777997487.084,208687,208687,82.19,0.0615,0.0615,16,443.00,445.98,0.00,1,0.336,1.000,0.907,1,1,
2026-05-06 01:11:28,1777997488.084,208687,208687,82.19,0.0615,0.0615,16,444.00,445.28,4.35,1,0.379,1.000,0.907,1,1,
2026-05-06 01:11:29,1777997489.086,208687,208687,82.19,0.0615,0.0615,16,440.00,444.59,0.00,1,0.336,1.000,0.907,1,1,
2026-05-06 01:11:30,1777997490.084,208687,208687,82.19,0.0615,0.0615,16,439.00,443.84,-1.02,1,0.336,1.000,0.907,1,1,
2026-05-06 01:11:31,1777997491.084,208687,208687,82.19,0.0615,0.0615,16,441.00,443.00,-5.10,1,0.336,1.000,0.907,1,1,
2026-05-06 01:11:32,1777997492.084,208687,208687,82.19,0.0615,0.0615,16,438.00,442.17,-3.06,1,0.336,1.000,0.907,1,1,
2026-05-06 01:11:33,1777997493.084,208687,208687,82.19,0.0615,0.0615,16,440.00,441.46,-5.10,1,0.336,1.000,0.907,1,1,
2026-05-06 01:11:34,1777997494.084,208687,208687,82.19,0.0615,0.0615,16,437.00,440.84,-3.06,3,0.396,1.000,0.907,1,1,
2026-05-06 01:11:35,1777997495.084,208687,208687,82.19,0.0615,0.0615,16,438.00,440.26,-2.04,3,0.396,1.000,0.907,1,1,
