ts_iso,ts_unix,red,ir,bpm,rmssd_raw_s,rmssd_ema_s,rr_count_30s,gsr,gsr_mean_5s,gsr_slope_1s,gsr_peak_10s,bio_arousal,bio_conf,ppgQ,finger_on,gsr_fresh,note
2026-05-06 00:12:39,1777993959.097,82145,82176,,,,0,,,0.00,0,0.000,0.000,0.000,1,0,LOW_PPG_Q
2026-05-06 00:12:40,1777993960.097,152105,205670,,,,0,,,0.00,0,0.000,0.000,0.000,1,0,LOW_PPG_Q
2026-05-06 00:12:41,1777993961.097,151196,202911,,,,0,427.00,428.71,-10.00,0,0.000,0.000,0.000,1,1,LOW_PPG_Q
2026-05-06 00:12:42,1777993962.097,151845,204784,,,,0,428.00,428.88,2.17,0,0.062,0.000,0.000,1,1,LOW_PPG_Q
2026-05-06 00:12:43,1777993963.097,150825,201522,100.00,,,1,429.00,429.28,-3.12,0,0.346,0.000,0.000,1,1,LOW_PPG_Q
2026-05-06 00:12:44,1777993964.097,149832,199283,98.54,,,3,432.00,429.63,5.43,0,0.413,0.000,0.000,1,1,LOW_PPG_Q
2026-05-06 00:12:45,1777993965.097,150979,202384,99.02,,,4,433.00,430.05,3.13,0,0.383,1.000,1.000,1,1,
2026-05-06 00:12:46,1777993966.097,150218,199680,103.31,,,6,433.00,430.63,2.17,0,0.403,1.000,0.944,1,1,
2026-05-06 00:12:47,1777993967.097,150083,198813,103.75,,,8,430.00,431.33,0.00,0,0.375,1.000,0.954,1,1,
2026-05-06 00:12:48,1777993968.097,150510,200057,101.69,,,10,432.00,431.78,2.08,0,0.389,1.000,0.971,1,1,
2026-05-06 00:12:49,1777993969.099,151548,203124,103.22,,,11,433.00,432.24,-3.05,0,0.371,1.000,0.969,1,1,
2026-05-06 00:12:50,1777993970.100,151240,202236,103.64,0.0336,0.0336,13,432.00,432.55,1.09,0,0.509,1.000,0.974,1,1,
2026-05-06 00:12:51,1777993971.100,150682,200616,104.94,0.0323,0.0334,14,434.00,432.63,-1.02,0,0.505,1.000,0.971,1,1,
2026-05-06 00:12:52,1777993972.097,150919,201322,104.94,0.0323,0.0332,14,433.00,432.79,-1.04,0,0.506,1.000,0.971,1,1,
2026-05-06 00:12:53,1777993973.098,151435,202782,104.94,0.0323,0.0331,14,434.00,433.16,1.02,0,0.516,1.000,0.971,1,1,
2026-05-06 00:12:54,1777993974.097,151436,202696,105.02,0.0450,0.0349,16,433.00,433.45,-1.04,0,0.501,1.000,0.940,1,1,
2026-05-06 00:12:55,1777993975.097,151817,203958,100.78,0.0457,0.0366,18,433.00,433.63,2.04,0,0.494,1.000,0.921,1,1,
2026-05-06 00:12:56,1777993976.097,153173,208219,98.34,0.0444,0.0378,19,434.00,433.87,1.02,0,0.468,1.000,0.903,1,1,
2026-05-06 00:12:57,1777993977.097,153131,208362,95.70,0.0421,0.0384,21,433.00,433.95,1.02,0,0.452,1.000,0.877,1,1,
2026-05-06 00:12:58,1777993978.097,153495,209579,95.70,0.0421,0.0390,21,432.00,433.76,-1.02,0,0.440,1.000,0.877,1,1,
2026-05-06 00:12:59,1777993979.097,152591,206757,95.70,0.0421,0.0395,21,436.00,433.59,-1.02,0,0.439,1.000,0.877,1,1,
2026-05-06 00:13:00,1777993980.097,151544,203694,95.70,0.0421,0.0399,21,433.00,433.63,-1.09,0,0.438,1.000,0.877,1,1,
2026-05-06 00:13:01,1777993981.097,152074,205506,95.70,0.0421,0.0402,21,434.00,433.96,-3.06,0,0.437,1.000,0.877,1,1,
2026-05-06 00:13:02,1777993982.097,151588,203997,95.70,0.0421,0.0405,21,436.00,434.33,2.17,0,0.458,1.000,0.877,1,1,
2026-05-06 00:13:03,1777993983.097,151092,202501,101.72,0.0436,0.0410,23,437.00,434.87,-1.02,0,0.467,1.000,0.833,1,1,
2026-05-06 00:13:04,1777993984.097,150556,200674,104.64,0.0418,0.0411,25,436.00,435.49,-3.26,0,0.482,1.000,0.886,1,1,
2026-05-06 00:13:05,1777993985.097,151342,202994,103.63,0.0409,0.0411,27,435.00,435.98,2.05,0,0.498,1.000,0.895,1,1,
2026-05-06 00:13:06,1777993986.097,151863,204428,102.44,0.0402,0.0409,28,435.00,436.03,0.00,0,0.471,1.000,0.918,1,1,
2026-05-06 00:13:07,1777993987.097,151539,203406,98.89,0.0394,0.0407,30,436.00,436.22,1.09,0,0.463,1.000,0.949,1,1,
2026-05-06 00:13:08,1777993988.097,151992,204722,101.74,0.0395,0.0405,32,436.00,436.35,0.00,0,0.468,1.000,0.957,1,1,
2026-05-06 00:13:09,1777993989.097,152082,204938,101.16,0.0396,0.0404,33,436.00,436.34,1.09,0,0.477,1.000,0.961,1,1,
2026-05-06 00:13:10,1777993990.097,151880,204412,101.16,0.0396,0.0403,33,437.00,436.69,-3.12,0,0.466,1.000,0.961,1,1,
2026-05-06 00:13:11,1777993991.098,151535,203486,100.52,0.0384,0.0400,35,436.00,437.04,0.00,0,0.463,1.000,0.969,1,1,
2026-05-06 00:13:12,1777993992.097,152450,206337,100.35,0.0379,0.0397,36,437.00,437.28,-4.08,0,0.463,1.000,0.973,1,1,
2026-05-06 00:13:13,1777993993.097,151573,203794,102.39,0.0373,0.0393,37,437.00,437.62,0.00,0,0.475,1.000,0.976,1,1,
2026-05-06 00:13:14,1777993994.097,151022,202157,101.07,0.0368,0.0389,38,439.00,437.80,4.08,0,0.510,1.000,0.995,1,1,
2026-05-06 00:13:15,1777993995.097,151212,202634,105.85,0.0391,0.0389,38,440.00,437.87,-1.09,0,0.495,1.000,0.958,1,1,
2026-05-06 00:13:16,1777993996.097,151208,202605,105.85,0.0391,0.0390,38,437.00,438.17,0.00,0,0.495,1.000,0.958,1,1,
2026-05-06 00:13:17,1777993997.100,150603,200676,105.85,0.0391,0.0390,38,438.00,438.46,0.00,0,0.495,1.000,0.958,1,1,
2026-05-06 00:13:18,1777993998.097,151979,204716,99.43,0.0441,0.0398,35,442.00,438.79,4.08,0,0.499,1.000,0.904,1,1,
2026-05-06 00:13:19,1777993999.097,151733,204071,92.76,0.0439,0.0404,34,439.00,439.09,0.00,0,0.420,1.000,0.829,1,1,
2026-05-06 00:13:20,1777994000.097,153756,203790,99.54,0.0486,0.0417,34,439.00,439.36,-5.10,0,0.453,1.000,0.817,1,1,
2026-05-06 00:13:21,1777994001.097,152175,205681,95.51,0.0549,0.0437,34,442.00,439.56,3.06,0,0.457,0.994,0.796,1,1,
2026-05-06 00:13:22,1777994002.097,152194,205942,97.97,0.0549,0.0454,36,440.00,439.86,3.06,0,0.465,0.994,0.796,1,1,
2026-05-06 00:13:23,1777994003.097,151993,205485,102.80,0.0538,0.0467,38,441.00,439.99,2.18,0,0.479,0.980,0.788,1,1,
2026-05-06 00:13:24,1777994004.097,152591,207495,104.16,0.0503,0.0473,38,439.00,440.39,-4.08,0,0.463,0.969,0.781,1,1,
2026-05-06 00:13:25,1777994005.097,151614,204983,104.16,0.0503,0.0477,38,441.00,440.59,3.26,0,0.494,0.969,0.781,1,1,
2026-05-06 00:13:26,1777994006.097,150893,202165,104.16,0.0503,0.0481,38,445.00,440.82,6.25,0,0.523,0.969,0.781,1,1,
2026-05-06 00:13:27,1777994007.097,150848,201451,104.16,0.0503,0.0485,38,441.00,441.02,-2.17,0,0.460,0.969,0.781,1,1,
2026-05-06 00:13:28,1777994008.097,150828,200970,98.35,0.0549,0.0494,33,443.00,441.32,4.17,0,0.468,0.966,0.780,1,1,
2026-05-06 00:13:29,1777994009.097,152179,203868,96.73,0.0545,0.0502,34,441.00,441.35,3.27,0,0.448,0.996,0.797,1,1,
2026-05-06 00:13:30,1777994010.097,151383,201411,88.48,0.0546,0.0509,36,441.00,441.57,-3.26,0,0.369,0.873,0.724,1,1,
2026-05-06 00:13:31,1777994011.097,152246,204063,86.52,0.0538,0.0513,37,442.00,441.72,-2.08,0,0.357,0.900,0.740,1,1,
2026-05-06 00:13:32,1777994012.097,151462,201953,84.55,0.0524,0.0515,39,442.00,441.95,3.26,0,0.379,0.837,0.702,1,1,
2026-05-06 00:13:33,1777994013.097,151885,203398,84.09,0.0524,0.0516,39,443.00,442.15,3.14,0,0.374,0.903,0.742,1,1,
2026-05-06 00:13:34,1777994014.097,151910,203645,86.56,0.0535,0.0519,38,443.00,442.42,1.09,0,0.367,1.000,0.955,1,1,
2026-05-06 00:13:35,1777994015.097,151503,202511,89.00,0.0534,0.0521,38,444.00,442.67,-2.08,0,0.368,1.000,0.933,1,1,
2026-05-06 00:13:36,1777994016.097,150434,199090,89.00,0.0534,0.0523,38,444.00,442.89,0.00,0,0.368,1.000,0.933,1,1,
2026-05-06 00:13:37,1777994017.097,151375,201777,89.00,0.0534,0.0525,38,443.00,442.94,2.04,0,0.388,1.000,0.933,1,1,
2026-05-06 00:13:38,1777994018.097,151194,201320,90.59,0.0553,0.0529,34,440.00,442.88,-3.13,0,0.375,1.000,0.913,1,1,
2026-05-06 00:13:39,1777994019.100,152219,204450,91.75,0.0548,0.0532,34,443.00,442.91,-3.05,0,0.380,1.000,0.911,1,1,
2026-05-06 00:13:40,1777994020.098,152301,204751,94.93,0.0544,0.0534,35,445.00,442.86,2.09,0,0.418,1.000,0.871,1,1,
2026-05-06 00:13:41,1777994021.100,152163,204295,92.93,0.0565,0.0539,35,443.00,442.72,3.05,0,0.415,1.000,0.893,1,1,
2026-05-06 00:13:42,1777994022.099,152875,206362,92.93,0.0565,0.0543,35,441.00,442.52,-2.05,0,0.383,1.000,0.893,1,1,
2026-05-06 00:13:43,1777994023.097,152837,206283,92.93,0.0565,0.0546,35,440.00,442.44,-6.12,0,0.383,1.000,0.893,1,1,
2026-05-06 00:13:44,1777994024.097,154022,209973,90.41,0.0592,0.0553,32,441.00,442.18,1.04,0,0.377,1.000,0.948,1,1,
2026-05-06 00:13:45,1777994025.097,153872,209551,92.57,0.0590,0.0559,32,438.00,441.88,-6.13,0,0.377,1.000,0.951,1,1,
2026-05-06 00:13:46,1777994026.097,154218,210548,92.57,0.0590,0.0564,32,441.00,441.73,3.05,0,0.406,1.000,0.951,1,1,
2026-05-06 00:13:47,1777994027.097,153733,208921,92.57,0.0590,0.0568,32,446.00,441.80,2.04,0,0.395,1.000,0.951,1,1,
2026-05-06 00:13:48,1777994028.100,154806,212370,92.57,0.0590,0.0571,32,441.00,441.59,0.00,0,0.374,1.000,0.951,1,1,
2026-05-06 00:13:49,1777994029.097,155130,213614,93.97,0.0593,0.0575,30,437.00,441.35,-1.02,0,0.380,1.000,0.903,1,1,
2026-05-06 00:13:50,1777994030.097,154991,213601,93.89,0.0593,0.0577,30,439.00,440.97,2.04,0,0.400,1.000,0.903,1,1,
2026-05-06 00:13:51,1777994031.097,154615,212256,93.89,0.0593,0.0580,30,440.00,440.44,-3.06,0,0.379,1.000,0.903,1,1,
2026-05-06 00:13:52,1777994032.097,153173,207423,93.89,0.0593,0.0582,30,439.00,439.70,0.00,0,0.378,1.000,0.903,1,1,
2026-05-06 00:13:53,1777994033.097,152659,205946,93.89,0.0593,0.0584,30,441.00,439.32,-2.08,0,0.378,1.000,0.903,1,1,
2026-05-06 00:13:54,1777994034.097,153618,208707,93.89,0.0593,0.0585,30,440.00,439.11,-2.17,0,0.377,1.000,0.903,1,1,
2026-05-06 00:13:55,1777994035.097,154006,209783,98.00,0.0454,0.0565,24,442.00,439.11,-2.05,0,0.405,1.000,0.858,1,1,
2026-05-06 00:13:56,1777994036.097,154640,211516,98.61,0.0452,0.0548,25,439.00,439.08,-3.26,0,0.413,1.000,0.879,1,1,
2026-05-06 00:13:57,1777994037.097,154414,210718,96.97,0.0450,0.0533,26,436.00,439.14,-4.17,0,0.408,1.000,0.895,1,1,
2026-05-06 00:13:58,1777994038.097,154438,210718,96.97,0.0450,0.0520,26,437.00,439.15,1.02,0,0.422,1.000,0.895,1,1,
2026-05-06 00:13:59,1777994039.097,154081,209468,96.97,0.0450,0.0509,26,440.00,438.98,4.17,0,0.456,1.000,0.895,1,1,
2026-05-06 00:14:00,1777994040.100,153202,206726,96.97,0.0450,0.0500,26,437.00,438.68,-2.17,0,0.417,1.000,0.895,1,1,
2026-05-06 00:14:01,1777994041.097,153714,208216,96.97,0.0450,0.0492,26,435.00,438.15,0.00,0,0.419,1.000,0.895,1,1,
2026-05-06 00:14:02,1777994042.097,153777,208383,95.85,0.0474,0.0490,20,435.00,437.53,-4.17,0,0.414,1.000,0.914,1,1,
2026-05-06 00:14:03,1777994043.097,154713,211407,94.93,0.0462,0.0485,21,436.00,436.93,0.00,0,0.410,1.000,0.924,1,1,
2026-05-06 00:14:04,1777994044.097,154219,209856,94.38,0.0454,0.0481,21,436.00,436.51,-4.17,0,0.408,1.000,0.946,1,1,
2026-05-06 00:14:05,1777994045.097,154850,211824,94.38,0.0454,0.0477,21,436.00,436.12,3.26,0,0.442,1.000,0.946,1,1,
2026-05-06 00:14:06,1777994046.097,153946,209154,94.38,0.0454,0.0473,21,435.00,436.09,1.02,0,0.420,1.000,0.946,1,1,
2026-05-06 00:14:07,1777994047.097,153878,208978,94.38,0.0454,0.0470,21,438.00,436.19,4.36,0,0.455,1.000,0.946,1,1,
2026-05-06 00:14:08,1777994048.097,154552,211257,94.38,0.0454,0.0468,21,438.00,436.34,3.06,0,0.442,1.000,0.946,1,1,
2026-05-06 00:14:09,1777994049.101,154207,210011,99.82,0.0509,0.0474,19,435.00,436.39,-2.17,0,0.439,1.000,0.910,1,1,
2026-05-06 00:14:10,1777994050.100,154496,210871,95.05,0.0493,0.0477,19,427.00,435.73,-8.13,0,0.413,1.000,0.901,1,1,
2026-05-06 00:14:11,1777994051.100,155630,214692,95.05,0.0493,0.0480,19,423.00,433.49,-2.17,0,0.412,1.000,0.901,1,1,
2026-05-06 00:14:12,1777994052.097,156737,218795,96.68,0.0517,0.0485,18,423.00,430.88,-3.06,0,0.419,1.000,0.909,1,1,
2026-05-06 00:14:13,1777994053.097,157022,220194,93.67,0.0532,0.0492,20,423.00,428.08,2.17,0,0.423,1.000,0.884,1,1,
2026-05-06 00:14:14,1777994054.098,156937,220493,93.67,0.0532,0.0498,20,425.00,425.43,-2.04,0,0.400,1.000,0.884,1,1,
2026-05-06 00:14:15,1777994055.097,156195,218848,93.67,0.0532,0.0503,20,424.00,423.57,-1.04,0,0.398,1.000,0.884,1,1,
2026-05-06 00:14:16,1777994056.097,154938,214778,93.67,0.0532,0.0508,20,427.00,423.38,1.02,0,0.407,1.000,0.884,1,1,
2026-05-06 00:14:17,1777994057.097,154604,212913,93.67,0.0532,0.0511,20,423.00,423.57,-4.35,0,0.396,1.000,0.884,1,1,
2026-05-06 00:14:18,1777994058.097,153781,209996,93.67,0.0532,0.0515,20,423.00,423.93,-4.17,0,0.395,1.000,0.884,1,1,
2026-05-06 00:14:19,1777994059.097,154123,210820,93.67,0.0532,0.0517,20,425.00,424.15,2.17,0,0.416,1.000,0.884,1,1,
2026-05-06 00:14:20,1777994060.097,153298,208058,90.50,0.0486,0.0512,17,423.00,424.16,1.02,0,0.389,1.000,0.925,1,1,
2026-05-06 00:14:21,1777994061.099,153852,208937,87.77,0.0481,0.0508,18,425.00,424.04,3.19,0,0.397,1.000,0.881,1,1,
2026-05-06 00:14:22,1777994062.097,153635,207904,89.96,0.0474,0.0502,20,425.00,423.83,4.08,0,0.419,1.000,0.957,1,1,
2026-05-06 00:14:23,1777994063.100,154345,210058,93.27,0.0470,0.0497,21,425.00,423.70,1.06,0,0.408,1.000,0.895,1,1,
2026-05-06 00:14:24,1777994064.097,154001,209030,96.98,0.0448,0.0490,23,424.00,423.46,5.11,0,0.471,1.000,0.853,1,1,
2026-05-06 00:14:25,1777994065.097,153761,208317,97.92,0.0448,0.0484,23,424.00,423.47,-3.19,0,0.427,1.000,0.835,1,1,
2026-05-06 00:14:26,1777994066.097,154125,209468,94.39,0.0449,0.0478,23,422.00,423.44,1.02,0,0.419,1.000,0.841,1,1,
2026-05-06 00:14:27,1777994067.097,153170,206215,94.39,0.0449,0.0474,23,424.00,423.51,2.04,0,0.431,1.000,0.841,1,1,
2026-05-06 00:14:28,1777994068.097,153986,208684,94.39,0.0449,0.0470,23,424.00,423.39,2.04,0,0.432,1.000,0.841,1,1,
2026-05-06 00:14:29,1777994069.097,153808,208357,91.72,0.0479,0.0471,24,423.00,423.48,1.06,0,0.407,1.000,0.848,1,1,
2026-05-06 00:14:30,1777994070.097,154542,210833,89.40,0.0469,0.0471,25,427.00,423.40,6.12,0,0.445,1.000,0.839,1,1,
2026-05-06 00:14:31,1777994071.097,154515,210901,88.76,0.0453,0.0468,27,423.00,423.43,-4.08,0,0.381,1.000,0.860,1,1,
2026-05-06 00:14:32,1777994072.097,154559,211393,88.57,0.0445,0.0465,28,427.00,423.50,0.00,0,0.381,1.000,0.860,1,1,
2026-05-06 00:14:33,1777994073.097,153498,208299,88.57,0.0445,0.0462,28,423.00,423.63,-2.17,0,0.382,1.000,0.860,1,1,
2026-05-06 00:14:34,1777994074.097,153924,209775,88.57,0.0445,0.0459,28,422.00,423.90,-7.14,0,0.383,1.000,0.860,1,1,
2026-05-06 00:14:35,1777994075.097,152896,206608,88.57,0.0445,0.0457,28,426.00,424.20,3.26,0,0.416,1.000,0.860,1,1,
2026-05-06 00:14:36,1777994076.098,153201,207472,88.57,0.0445,0.0455,28,426.00,424.63,-2.04,0,0.384,1.000,0.860,1,1,
2026-05-06 00:14:37,1777994077.097,152748,206083,88.51,0.0442,0.0453,25,426.00,425.05,0.00,0,0.384,1.000,0.970,1,1,
2026-05-06 00:14:38,1777994078.097,153582,208446,88.41,0.0433,0.0450,26,426.00,425.50,-3.06,0,0.384,1.000,0.980,1,1,
2026-05-06 00:14:39,1777994079.097,152985,206527,88.31,0.0425,0.0446,26,427.00,425.77,1.02,0,0.395,1.000,1.000,1,1,
2026-05-06 00:14:40,1777994080.097,153726,208614,88.28,0.0406,0.0440,26,426.00,426.29,-3.06,0,0.386,1.000,1.000,1,1,
2026-05-06 00:14:41,1777994081.097,153001,206263,88.25,0.0366,0.0429,27,427.00,426.71,1.02,0,0.400,1.000,1.000,1,1,
2026-05-06 00:14:42,1777994082.097,153861,208898,88.23,0.0330,0.0414,27,431.00,427.13,5.21,0,0.446,1.000,1.000,1,1,
2026-05-06 00:14:43,1777994083.100,153169,206908,90.21,0.0323,0.0400,27,430.00,427.60,1.09,0,0.419,1.000,1.000,1,1,
2026-05-06 00:14:44,1777994084.097,153708,208637,91.44,0.0317,0.0387,28,427.00,428.12,1.04,0,0.428,1.000,1.000,1,1,
2026-05-06 00:14:45,1777994085.097,152995,206555,94.26,0.0320,0.0377,29,429.00,428.51,2.04,0,0.456,1.000,0.964,1,1,
2026-05-06 00:14:46,1777994086.097,151987,203649,94.26,0.0320,0.0368,29,433.00,429.06,3.07,0,0.469,1.000,0.964,1,1,
2026-05-06 00:14:47,1777994087.097,152673,205707,94.26,0.0320,0.0361,29,433.00,429.65,0.00,0,0.440,1.000,0.964,1,1,
2026-05-06 00:14:48,1777994088.097,153248,207493,86.30,0.0487,0.0380,30,429.00,430.09,-2.08,0,0.392,1.000,0.851,1,1,
2026-05-06 00:14:49,1777994089.097,152235,204588,81.68,0.0476,0.0395,32,431.00,430.59,2.17,0,0.385,0.965,0.779,1,1,
2026-05-06 00:14:50,1777994090.097,152704,206145,80.56,0.0476,0.0407,32,431.00,431.27,0.00,0,0.354,0.934,0.760,1,1,
2026-05-06 00:14:51,1777994091.097,153465,208439,79.78,0.0470,0.0417,32,433.00,431.72,2.04,0,0.367,0.910,0.746,1,1,
2026-05-06 00:14:52,1777994092.099,152366,205259,80.40,0.0471,0.0425,32,430.00,432.12,-3.13,0,0.348,0.908,0.745,1,1,
2026-05-06 00:14:53,1777994093.097,152849,206591,84.10,0.0496,0.0436,32,432.00,432.58,2.04,0,0.386,0.895,0.737,1,1,
2026-05-06 00:14:54,1777994094.098,151773,203335,85.40,0.0515,0.0448,31,437.00,433.16,5.43,0,0.423,0.982,0.789,1,1,
2026-05-06 00:14:55,1777994095.098,152185,204546,85.40,0.0515,0.0458,31,437.00,433.60,7.29,0,0.439,0.982,0.789,1,1,
2026-05-06 00:14:56,1777994096.097,151121,201360,85.40,0.0515,0.0467,31,437.00,434.20,1.09,0,0.374,0.982,0.789,1,1,
2026-05-06 00:14:57,1777994097.097,151903,203587,82.84,0.0516,0.0475,29,438.00,434.80,5.21,0,0.400,1.000,0.884,1,1,
2026-05-06 00:14:58,1777994098.097,152640,205840,81.29,0.0507,0.0480,30,437.00,435.49,-1.09,0,0.338,1.000,0.908,1,1,
2026-05-06 00:14:59,1777994099.097,151851,203590,82.55,0.0486,0.0481,31,440.00,435.98,6.26,0,0.407,1.000,0.921,1,1,
2026-05-06 00:15:00,1777994100.097,152487,205580,84.62,0.0492,0.0482,31,437.00,436.55,-2.17,0,0.355,1.000,0.910,1,1,
2026-05-06 00:15:01,1777994101.097,152072,204364,82.74,0.0525,0.0489,30,435.00,437.04,-2.08,0,0.343,1.000,0.922,1,1,
2026-05-06 00:15:02,1777994102.097,151881,203958,84.74,0.0530,0.0495,30,440.00,437.51,3.27,0,0.385,1.000,0.910,1,1,
2026-05-06 00:15:03,1777994103.097,152625,206321,84.20,0.0526,0.0500,31,442.00,437.92,5.10,0,0.399,1.000,0.922,1,1,
2026-05-06 00:15:04,1777994104.099,151834,203977,86.61,0.0515,0.0502,33,443.00,438.49,3.26,0,0.393,1.000,0.926,1,1,
2026-05-06 00:15:05,1777994105.097,152326,205430,87.20,0.0507,0.0503,34,442.00,438.92,5.10,0,0.415,1.000,0.926,1,1,
2026-05-06 00:15:06,1777994106.100,151846,204131,87.80,0.0492,0.0501,36,442.00,439.46,0.00,0,0.367,1.000,0.928,1,1,
2026-05-06 00:15:07,1777994107.097,152636,206505,87.99,0.0485,0.0499,37,443.00,439.99,6.14,0,0.430,1.000,0.930,1,1,
2026-05-06 00:15:08,1777994108.097,151717,203878,92.58,0.0507,0.0500,37,442.00,440.56,-1.02,0,0.393,1.000,0.902,1,1,
2026-05-06 00:15:09,1777994109.097,151506,203326,93.25,0.0507,0.0501,37,441.00,441.09,0.00,0,0.397,1.000,0.897,1,1,
2026-05-06 00:15:10,1777994110.097,151520,203335,91.42,0.0512,0.0503,37,442.00,441.60,1.07,0,0.397,1.000,0.897,1,1,
2026-05-06 00:15:11,1777994111.097,151979,204499,90.26,0.0512,0.0504,37,445.00,442.06,3.06,0,0.410,1.000,0.939,1,1,
2026-05-06 00:15:12,1777994112.097,151583,203021,89.05,0.0512,0.0505,37,443.00,442.69,-5.43,0,0.373,1.000,0.955,1,1,
2026-05-06 00:15:13,1777994113.097,152851,206566,88.76,0.0506,0.0505,37,445.00,443.09,4.08,0,0.412,1.000,0.959,1,1,
2026-05-06 00:15:14,1777994114.097,152631,205906,90.37,0.0506,0.0505,37,445.00,443.34,1.09,0,0.391,1.000,0.974,1,1,
2026-05-06 00:15:15,1777994115.098,152813,206707,92.31,0.0375,0.0485,38,441.00,443.45,1.02,0,0.406,1.000,0.971,1,1,
2026-05-06 00:15:16,1777994116.099,152965,207434,94.84,0.0376,0.0469,39,444.00,443.46,2.18,0,0.436,1.000,0.952,1,1,
2026-05-06 00:15:17,1777994117.098,152134,205067,94.46,0.0377,0.0455,40,446.00,443.20,7.14,0,0.487,1.000,0.955,1,1,
2026-05-06 00:15:18,1777994118.097,152749,206755,94.46,0.0377,0.0443,40,443.00,443.19,-3.06,0,0.419,1.000,0.955,1,1,
2026-05-06 00:15:19,1777994119.097,152183,204632,94.46,0.0377,0.0433,40,441.00,443.02,1.02,0,0.432,1.000,0.955,1,1,
2026-05-06 00:15:20,1777994120.097,153411,208131,94.46,0.0377,0.0424,40,440.00,442.83,-1.09,0,0.424,1.000,0.955,1,1,
2026-05-06 00:15:21,1777994121.097,153922,209724,91.39,0.0383,0.0418,37,438.00,442.29,-1.04,0,0.409,1.000,0.964,1,1,
2026-05-06 00:15:22,1777994122.097,154577,211720,91.39,0.0383,0.0412,37,441.00,441.76,3.06,0,0.441,1.000,0.964,1,1,
2026-05-06 00:15:23,1777994123.097,154055,210096,92.23,0.0354,0.0403,36,438.00,441.17,-4.17,0,0.418,1.000,0.970,1,1,
2026-05-06 00:15:24,1777994124.097,154083,210189,92.23,0.0354,0.0396,36,439.00,440.46,2.17,0,0.442,1.000,0.970,1,1,
2026-05-06 00:15:25,1777994125.098,154471,211386,92.23,0.0354,0.0389,36,429.00,439.22,-11.46,0,0.422,1.000,0.970,1,1,
2026-05-06 00:15:26,1777994126.097,153801,209482,92.23,0.0354,0.0384,36,427.00,437.05,-2.04,0,0.423,1.000,0.970,1,1,
2026-05-06 00:15:27,1777994127.100,154163,210515,92.23,0.0354,0.0379,36,425.00,434.56,-6.23,0,0.424,1.000,0.970,1,1,
2026-05-06 00:15:28,1777994128.097,153527,208444,92.23,0.0354,0.0375,36,426.00,431.76,1.02,0,0.436,1.000,0.970,1,1,
2026-05-06 00:15:29,1777994129.097,152934,206393,93.13,0.0314,0.0366,31,424.00,429.33,-2.04,0,0.433,1.000,1.000,1,1,
2026-05-06 00:15:30,1777994130.097,153644,207994,93.35,0.0278,0.0352,31,427.00,427.58,2.17,0,0.459,1.000,1.000,1,1,
2026-05-06 00:15:31,1777994131.097,153324,206752,95.63,0.0273,0.0340,32,427.00,426.96,1.08,0,0.464,1.000,1.000,1,1,
2026-05-06 00:15:32,1777994132.097,153772,207761,97.07,0.0264,0.0328,32,425.00,426.74,-1.04,0,0.464,1.000,1.000,1,1,
2026-05-06 00:15:33,1777994133.097,153722,207413,100.87,0.0254,0.0317,32,428.00,426.65,4.35,0,0.531,1.000,0.946,1,1,
2026-05-06 00:15:34,1777994134.097,153699,207141,100.43,0.0265,0.0309,32,425.00,426.50,1.04,0,0.498,1.000,0.961,1,1,
2026-05-06 00:15:35,1777994135.097,154238,208564,100.19,0.0260,0.0301,33,428.00,426.41,1.09,0,0.499,1.000,0.973,1,1,
2026-05-06 00:15:36,1777994136.098,154437,209178,97.76,0.0272,0.0297,33,426.00,426.42,2.08,0,0.497,1.000,0.969,1,1,
2026-05-06 00:15:37,1777994137.097,154654,209748,92.20,0.0240,0.0288,33,425.00,426.39,-3.26,0,0.449,1.000,0.927,1,1,
2026-05-06 00:15:38,1777994138.097,154346,208832,90.76,0.0229,0.0279,33,427.00,426.56,-2.04,0,0.444,1.000,0.916,1,1,
2026-05-06 00:15:39,1777994139.097,154995,210667,89.84,0.0233,0.0272,32,426.00,426.62,-1.09,0,0.441,1.000,0.902,1,1,
2026-05-06 00:15:40,1777994140.097,154890,210420,92.75,0.0259,0.0270,33,427.00,426.71,1.02,0,0.467,1.000,0.887,1,1,
2026-05-06 00:15:41,1777994141.097,154426,209060,95.41,0.0276,0.0271,33,425.00,426.71,0.00,0,0.471,1.000,0.887,1,1,
2026-05-06 00:15:42,1777994142.097,154766,210014,95.41,0.0276,0.0272,33,427.00,426.58,3.07,0,0.501,1.000,0.887,1,1,
2026-05-06 00:15:43,1777994143.097,154460,209308,95.41,0.0276,0.0273,33,426.00,426.39,-2.17,0,0.471,1.000,0.887,1,1,
2026-05-06 00:15:44,1777994144.097,154999,211075,95.82,0.0290,0.0275,30,425.00,426.16,1.02,0,0.482,1.000,0.910,1,1,
2026-05-06 00:15:45,1777994145.099,155521,212922,95.10,0.0290,0.0278,30,426.00,425.96,2.17,0,0.489,1.000,0.922,1,1,
2026-05-06 00:15:46,1777994146.097,156416,215949,88.68,0.0358,0.0290,30,424.00,425.85,1.02,0,0.440,1.000,0.864,1,1,
2026-05-06 00:15:47,1777994147.097,156148,215078,86.69,0.0371,0.0302,30,426.00,425.81,2.04,0,0.436,1.000,0.831,1,1,
2026-05-06 00:15:48,1777994148.097,155951,214578,86.69,0.0371,0.0313,30,425.00,426.08,-1.02,0,0.413,1.000,0.831,1,1,
2026-05-06 00:15:49,1777994149.099,155061,211866,86.69,0.0371,0.0322,30,430.00,426.55,5.32,0,0.463,1.000,0.831,1,1,
2026-05-06 00:15:50,1777994150.097,155017,211863,86.69,0.0371,0.0329,30,432.00,426.99,7.14,0,0.480,1.000,0.831,1,1,
2026-05-06 00:15:51,1777994151.097,153135,206271,86.69,0.0371,0.0336,30,429.00,427.57,-3.26,0,0.406,1.000,0.831,1,1,
2026-05-06 00:15:52,1777994152.097,153582,207824,86.69,0.0371,0.0341,30,433.00,428.36,7.15,0,0.476,1.000,0.831,1,1,
2026-05-06 00:15:53,1777994153.097,154255,209944,83.54,0.0408,0.0351,28,430.00,428.81,-1.08,0,0.385,0.908,0.745,1,1,
2026-05-06 00:15:54,1777994154.097,156948,218509,85.41,0.0432,0.0364,29,431.00,429.89,-1.02,0,0.392,1.000,0.811,1,1,
2026-05-06 00:15:55,1777994155.097,157132,219457,92.73,0.0491,0.0383,31,431.00,430.68,0.00,0,0.426,0.836,0.702,1,1,
2026-05-06 00:15:56,1777994156.097,157427,220776,92.73,0.0491,0.0400,31,429.00,431.15,0.00,0,0.421,0.836,0.702,1,1,
2026-05-06 00:15:57,1777994157.097,157135,220055,92.73,0.0491,0.0414,31,431.00,431.40,2.18,0,0.439,0.836,0.702,1,1,
2026-05-06 00:15:58,1777994158.097,157285,220729,92.73,0.0491,0.0426,31,431.00,431.67,-4.08,0,0.414,0.836,0.702,1,1,
2026-05-06 00:15:59,1777994159.097,157481,221712,92.73,0.0491,0.0436,31,434.00,431.36,3.06,0,0.442,0.836,0.702,1,1,
2026-05-06 00:16:00,1777994160.099,157033,220525,93.08,0.0499,0.0445,30,434.00,431.32,6.24,0,0.473,0.843,0.706,1,1,
2026-05-06 00:16:01,1777994161.097,157000,220275,93.08,0.0499,0.0454,30,433.00,431.54,-1.02,0,0.409,0.843,0.706,1,1,
2026-05-06 00:16:02,1777994162.097,156280,217118,93.08,0.0499,0.0461,30,432.00,432.02,3.12,0,0.438,0.843,0.706,1,1,
2026-05-06 00:16:03,1777994163.097,155768,214907,93.08,0.0499,0.0466,30,433.00,432.53,1.02,0,0.415,0.843,0.706,1,1,
2026-05-06 00:16:04,1777994164.097,155771,215092,93.08,0.0499,0.0471,30,432.00,433.04,1.04,0,0.414,0.843,0.706,1,1,
2026-05-06 00:16:05,1777994165.097,154777,211947,93.32,0.0566,0.0486,22,434.00,433.67,2.04,0,0.421,0.000,0.000,1,1,LOW_PPG_Q
2026-05-06 00:16:06,1777994166.099,155454,213963,93.47,0.0558,0.0497,22,432.00,434.29,-1.04,0,0.399,0.000,0.000,1,1,LOW_PPG_Q
2026-05-06 00:16:07,1777994167.099,155011,212430,85.37,0.0587,0.0511,22,435.00,434.78,3.07,0,0.382,0.995,0.797,1,1,
2026-05-06 00:16:08,1777994168.099,155651,214564,86.41,0.0612,0.0526,22,439.00,435.27,2.17,0,0.375,1.000,0.830,1,1,
2026-05-06 00:16:09,1777994169.097,155824,215185,86.27,0.0624,0.0541,22,438.00,435.69,6.25,0,0.411,1.000,0.861,1,1,
2026-05-06 00:16:10,1777994170.097,155516,214431,88.93,0.0607,0.0551,22,437.00,436.12,-3.26,0,0.360,1.000,0.860,1,1,
2026-05-06 00:16:11,1777994171.097,155385,213991,90.41,0.0623,0.0562,21,439.00,436.39,5.23,0,0.417,1.000,0.876,1,1,
2026-05-06 00:16:12,1777994172.097,156240,216790,91.60,0.0608,0.0569,22,439.00,436.97,-2.17,0,0.369,1.000,0.878,1,1,
2026-05-06 00:16:13,1777994173.097,156100,216473,90.38,0.0600,0.0574,23,438.00,437.18,2.05,0,0.382,1.000,0.889,1,1,
2026-05-06 00:16:14,1777994174.097,156999,219681,93.55,0.0618,0.0581,23,432.00,436.69,-6.50,0,0.376,1.000,0.868,1,1,
2026-05-06 00:16:15,1777994175.097,156976,219968,93.67,0.0569,0.0579,23,425.00,434.99,-4.15,0,0.378,1.000,0.878,1,1,
2026-05-06 00:16:16,1777994176.097,157074,220653,93.67,0.0569,0.0577,23,425.00,432.75,-1.09,0,0.378,1.000,0.878,1,1,
2026-05-06 00:16:17,1777994177.097,156848,220063,93.67,0.0569,0.0576,23,425.00,430.21,-4.08,0,0.378,1.000,0.878,1,1,
2026-05-06 00:16:18,1777994178.097,156581,218580,93.67,0.0569,0.0575,23,423.00,427.56,-2.08,0,0.379,1.000,0.878,1,1,
2026-05-06 00:16:19,1777994179.097,156317,216945,93.67,0.0569,0.0574,23,423.00,425.63,-5.10,0,0.379,1.000,0.878,1,1,
2026-05-06 00:16:20,1777994180.100,155943,215455,93.67,0.0569,0.0573,23,425.00,424.68,2.17,0,0.401,1.000,0.878,1,1,
2026-05-06 00:16:21,1777994181.097,156091,215601,93.67,0.0569,0.0573,23,422.00,424.21,3.06,0,0.410,1.000,0.878,1,1,
2026-05-06 00:16:22,1777994182.097,155849,214585,93.71,0.0532,0.0566,22,422.00,423.68,0.00,0,0.381,1.000,0.971,1,1,
2026-05-06 00:16:23,1777994183.097,156360,216151,93.72,0.0520,0.0559,23,423.00,423.48,2.04,0,0.404,1.000,0.983,1,1,
2026-05-06 00:16:24,1777994184.097,156273,215775,91.73,0.0427,0.0539,23,423.00,423.39,0.00,0,0.378,1.000,1.000,1,1,
2026-05-06 00:16:25,1777994185.097,157050,218265,92.43,0.0401,0.0518,23,423.00,423.40,-5.10,0,0.388,1.000,1.000,1,1,
2026-05-06 00:16:26,1777994186.098,157046,218343,91.19,0.0401,0.0500,24,423.00,423.48,1.06,0,0.396,1.000,1.000,1,1,
2026-05-06 00:16:27,1777994187.097,157327,219355,94.10,0.0425,0.0488,25,427.00,423.76,4.08,0,0.445,1.000,0.978,1,1,
2026-05-06 00:16:28,1777994188.097,156579,216807,94.10,0.0425,0.0479,25,423.00,424.00,-4.08,0,0.407,1.000,0.978,1,1,
2026-05-06 00:16:29,1777994189.097,155981,214900,94.10,0.0425,0.0470,25,423.00,424.19,-6.12,0,0.409,1.000,0.978,1,1,
2026-05-06 00:16:30,1777994190.097,156057,215238,94.10,0.0425,0.0464,25,422.00,423.64,-2.17,0,0.411,1.000,0.978,1,1,
2026-05-06 00:16:31,1777994191.097,155167,212187,94.10,0.0425,0.0458,25,419.00,422.37,3.07,0,0.444,1.000,0.978,1,1,
2026-05-06 00:16:32,1777994192.098,154381,209731,93.79,0.0434,0.0454,25,420.00,421.01,1.09,0,0.423,1.000,0.969,1,1,
2026-05-06 00:16:33,1777994193.097,155384,212989,93.79,0.0434,0.0451,25,420.00,420.35,-3.06,0,0.413,1.000,0.969,1,1,
2026-05-06 00:16:34,1777994194.097,154819,211345,95.84,0.0434,0.0449,26,422.00,419.92,2.04,0,0.445,1.000,0.929,1,1,
2026-05-06 00:16:35,1777994195.097,155554,213834,97.17,0.0426,0.0445,27,424.00,420.30,4.08,0,0.474,1.000,0.942,1,1,
2026-05-06 00:16:36,1777994196.097,155665,214452,93.90,0.0433,0.0443,27,422.00,421.36,0.00,0,0.416,1.000,0.911,1,1,
2026-05-06 00:16:37,1777994197.097,155714,214760,97.26,0.0403,0.0437,27,425.00,422.53,4.17,0,0.477,1.000,0.935,1,1,
2026-05-06 00:16:38,1777994198.097,156206,216484,97.09,0.0398,0.0431,28,423.00,422.74,-1.09,0,0.436,1.000,0.948,1,1,
2026-05-06 00:16:39,1777994199.100,155593,214676,97.09,0.0398,0.0426,28,420.00,422.45,-6.23,0,0.438,1.000,0.948,1,1,
2026-05-06 00:16:40,1777994200.097,155767,215201,97.09,0.0398,0.0422,28,418.00,421.59,-2.05,0,0.439,1.000,0.948,1,1,
2026-05-06 00:16:41,1777994201.098,155136,213024,97.09,0.0398,0.0418,28,421.00,420.79,-2.08,0,0.440,1.000,0.948,1,1,
2026-05-06 00:16:42,1777994202.097,154756,211240,97.09,0.0398,0.0415,28,419.00,419.95,-2.04,0,0.441,1.000,0.948,1,1,
2026-05-06 00:16:43,1777994203.097,155591,213553,97.09,0.0398,0.0412,28,419.00,419.21,2.08,0,0.462,1.000,0.948,1,1,
2026-05-06 00:16:44,1777994204.097,155250,212577,98.71,0.0356,0.0404,21,420.00,418.82,1.02,0,0.463,1.000,0.957,1,1,
2026-05-06 00:16:45,1777994205.097,155951,215167,95.16,0.0398,0.0403,21,421.00,419.04,0.00,0,0.434,1.000,0.920,1,1,
2026-05-06 00:16:46,1777994206.097,154404,210617,95.16,0.0398,0.0402,21,422.00,419.98,-3.12,0,0.434,1.000,0.920,1,1,
2026-05-06 00:16:47,1777994207.097,154782,212379,95.16,0.0398,0.0401,21,426.00,421.04,4.35,0,0.478,1.000,0.920,1,1,
2026-05-06 00:16:48,1777994208.097,154738,212132,94.74,0.0399,0.0401,22,424.00,422.17,2.08,0,0.453,1.000,0.913,1,1,
2026-05-06 00:16:49,1777994209.099,156096,216227,94.30,0.0390,0.0399,23,419.00,422.26,-7.61,0,0.430,1.000,0.929,1,1,
2026-05-06 00:16:50,1777994210.097,155781,214702,94.21,0.0381,0.0397,24,419.00,422.00,4.17,0,0.472,1.000,0.943,1,1,
2026-05-06 00:16:51,1777994211.097,155861,214782,94.21,0.0381,0.0394,24,419.00,421.06,2.17,0,0.453,1.000,0.943,1,1,
2026-05-06 00:16:52,1777994212.097,156271,216174,96.12,0.0390,0.0394,24,419.00,419.80,4.18,0,0.483,1.000,0.946,1,1,
2026-05-06 00:16:53,1777994213.097,156228,216088,94.76,0.0399,0.0394,24,419.00,418.56,-4.35,0,0.434,1.000,0.961,1,1,
2026-05-06 00:16:54,1777994214.097,156820,217982,90.41,0.0424,0.0399,24,419.00,418.50,1.02,0,0.419,1.000,0.901,1,1,
2026-05-06 00:16:55,1777994215.097,156691,217536,89.08,0.0424,0.0403,24,420.00,418.71,1.04,0,0.411,1.000,0.923,1,1,
2026-05-06 00:16:56,1777994216.097,156761,217914,89.08,0.0424,0.0406,24,419.00,418.94,1.02,0,0.410,1.000,0.923,1,1,
2026-05-06 00:16:57,1777994217.098,155993,215341,89.08,0.0424,0.0409,24,419.00,419.48,1.09,0,0.410,1.000,0.923,1,1,
2026-05-06 00:16:58,1777994218.099,155901,214934,89.08,0.0424,0.0411,24,420.00,420.09,0.00,0,0.399,1.000,0.923,1,1,
2026-05-06 00:16:59,1777994219.097,154994,211540,89.08,0.0424,0.0413,24,424.00,420.77,3.26,0,0.431,1.000,0.923,1,1,
2026-05-06 00:17:00,1777994220.097,155342,212053,89.08,0.0424,0.0415,24,424.00,421.37,4.15,0,0.439,1.000,0.923,1,1,
2026-05-06 00:17:01,1777994221.097,155970,213682,88.91,0.0387,0.0410,22,426.00,422.12,1.09,0,0.409,1.000,0.895,1,1,
2026-05-06 00:17:02,1777994222.097,155589,212377,82.02,0.0429,0.0413,24,425.00,422.67,3.06,0,0.391,1.000,0.823,1,1,
2026-05-06 00:17:03,1777994223.097,156098,214033,80.80,0.0420,0.0414,24,425.00,423.28,0.00,0,0.353,1.000,0.832,1,1,
2026-05-06 00:17:04,1777994224.097,156430,215133,80.06,0.0411,0.0414,25,426.00,423.76,5.12,0,0.401,1.000,0.872,1,1,
2026-05-06 00:17:05,1777994225.097,155773,213202,82.08,0.0386,0.0410,25,424.00,424.10,-2.04,0,0.361,1.000,0.895,1,1,
2026-05-06 00:17:06,1777994226.097,156116,214287,84.32,0.0386,0.0406,25,426.00,424.17,4.10,0,0.415,1.000,0.894,1,1,
2026-05-06 00:17:07,1777994227.097,155334,211909,85.75,0.0378,0.0402,25,425.00,424.51,-1.06,0,0.383,1.000,0.886,1,1,
2026-05-06 00:17:08,1777994228.097,155592,212869,85.75,0.0378,0.0398,25,423.00,424.68,0.00,0,0.384,1.000,0.886,1,1,
2026-05-06 00:17:09,1777994229.100,154767,210342,86.07,0.0399,0.0398,24,426.00,424.75,2.12,0,0.407,1.000,0.896,1,1,
2026-05-06 00:17:10,1777994230.097,154962,211063,86.86,0.0391,0.0397,25,428.00,424.88,5.10,0,0.442,1.000,0.895,1,1,
2026-05-06 00:17:11,1777994231.099,155194,211601,86.51,0.0391,0.0396,27,427.00,425.30,1.09,0,0.400,1.000,0.906,1,1,
2026-05-06 00:17:12,1777994232.097,155105,211230,85.27,0.0392,0.0395,28,429.00,425.60,5.10,0,0.433,1.000,0.933,1,1,
2026-05-06 00:17:13,1777994233.097,155749,213275,88.24,0.0414,0.0398,29,430.00,426.04,2.17,0,0.419,1.000,0.917,1,1,
2026-05-06 00:17:14,1777994234.098,155549,212884,88.24,0.0421,0.0402,29,427.00,426.69,4.08,0,0.437,1.000,0.970,1,1,
2026-05-06 00:17:15,1777994235.097,155953,214295,88.24,0.0393,0.0401,29,429.00,427.41,2.04,0,0.417,1.000,0.977,1,1,
2026-05-06 00:17:16,1777994236.097,155359,212509,82.32,0.0407,0.0401,30,433.00,427.99,7.16,0,0.436,1.000,0.916,1,1,
2026-05-06 00:17:17,1777994237.097,155823,214096,82.71,0.0407,0.0402,31,432.00,428.71,0.00,0,0.367,1.000,0.916,1,1,
2026-05-06 00:17:18,1777994238.097,156107,215166,86.70,0.0425,0.0406,32,433.00,429.37,4.17,0,0.429,1.000,0.907,1,1,
2026-05-06 00:17:19,1777994239.097,155769,214471,87.15,0.0432,0.0410,32,433.00,430.01,2.17,0,0.410,1.000,0.909,1,1,
2026-05-06 00:17:20,1777994240.097,155098,212717,91.50,0.0452,0.0416,32,435.00,430.64,4.17,0,0.452,1.000,0.865,1,1,
2026-05-06 00:17:21,1777994241.097,155398,213763,91.50,0.0452,0.0422,32,434.00,431.28,2.17,0,0.431,1.000,0.865,1,1,
2026-05-06 00:17:22,1777994242.097,155286,212999,88.39,0.0498,0.0433,32,436.00,431.79,2.08,0,0.410,1.000,0.839,1,1,
2026-05-06 00:17:23,1777994243.097,155953,214980,84.63,0.0503,0.0444,32,434.00,432.34,-2.04,0,0.366,1.000,0.833,1,1,
2026-05-06 00:17:24,1777994244.097,156918,218062,82.37,0.0482,0.0450,32,434.00,432.79,3.26,0,0.385,1.000,0.820,1,1,
2026-05-06 00:17:25,1777994245.097,157269,219291,81.76,0.0508,0.0459,31,434.00,433.32,3.14,0,0.378,1.000,0.817,1,1,
2026-05-06 00:17:26,1777994246.097,157591,219164,81.76,0.0508,0.0466,31,435.00,433.88,3.26,0,0.377,1.000,0.817,1,1,
2026-05-06 00:17:27,1777994247.097,156629,218424,81.76,0.0508,0.0473,31,436.00,434.70,1.04,0,0.353,1.000,0.817,1,1,
2026-05-06 00:17:28,1777994248.097,155435,214011,81.76,0.0508,0.0478,31,435.00,435.15,-2.17,0,0.341,1.000,0.817,1,1,
2026-05-06 00:17:29,1777994249.097,155316,213727,81.76,0.0508,0.0483,31,436.00,435.78,-4.16,0,0.340,1.000,0.817,1,1,
2026-05-06 00:17:30,1777994250.099,155044,212831,81.76,0.0508,0.0487,31,438.00,436.51,-2.18,0,0.339,1.000,0.817,1,1,
2026-05-06 00:17:31,1777994251.097,155622,214757,85.93,0.0521,0.0492,31,437.00,437.09,2.08,0,0.380,1.000,0.844,1,1,
2026-05-06 00:17:32,1777994252.097,155081,213214,85.46,0.0530,0.0498,31,438.00,437.41,0.00,0,0.356,1.000,0.870,1,1,
2026-05-06 00:17:33,1777994253.097,155474,214491,84.49,0.0530,0.0503,31,441.00,438.11,-1.02,0,0.349,1.000,0.870,1,1,
2026-05-06 00:17:34,1777994254.097,156012,216145,84.21,0.0521,0.0506,32,439.00,438.67,-2.08,0,0.347,1.000,0.889,1,1,
2026-05-06 00:17:35,1777994255.098,155562,214836,82.58,0.0531,0.0509,31,443.00,439.20,3.06,0,0.367,1.000,0.891,1,1,
2026-05-06 00:17:36,1777994256.097,155807,215633,82.87,0.0531,0.0513,31,442.00,439.75,-1.04,0,0.338,1.000,0.914,1,1,
2026-05-06 00:17:37,1777994257.097,155336,214258,86.07,0.0522,0.0514,32,441.00,440.29,3.06,0,0.385,1.000,0.923,1,1,
2026-05-06 00:17:38,1777994258.097,155853,215973,88.74,0.0519,0.0515,33,441.00,440.75,0.00,0,0.369,1.000,0.903,1,1,
2026-05-06 00:17:39,1777994259.097,155169,214004,91.61,0.0506,0.0513,34,441.00,441.21,2.04,0,0.405,1.000,0.886,1,1,
2026-05-06 00:17:40,1777994260.097,155461,214953,91.61,0.0506,0.0512,34,442.00,441.55,1.02,0,0.395,1.000,0.886,1,1,
2026-05-06 00:17:41,1777994261.099,154703,212627,90.38,0.0517,0.0513,32,441.00,442.07,-6.11,0,0.378,1.000,0.900,1,1,
2026-05-06 00:17:42,1777994262.097,155178,213879,85.67,0.0533,0.0516,32,442.00,442.56,1.02,0,0.362,1.000,0.875,1,1,
2026-05-06 00:17:43,1777994263.097,155703,215798,81.41,0.0520,0.0517,31,446.00,443.18,-4.08,0,0.329,1.000,0.832,1,1,
2026-05-06 00:17:44,1777994264.097,155499,215199,81.54,0.0529,0.0519,31,446.00,443.89,0.00,0,0.329,1.000,0.820,1,1,
2026-05-06 00:17:45,1777994265.097,157118,216795,81.54,0.0529,0.0520,31,448.00,444.54,6.12,0,0.390,1.000,0.820,1,1,
2026-05-06 00:17:46,1777994266.100,157376,215649,81.54,0.0529,0.0522,31,446.00,445.14,-4.45,0,0.328,1.000,0.820,1,1,
2026-05-06 00:17:47,1777994267.097,155880,216568,81.54,0.0529,0.0523,31,446.00,445.91,-1.02,0,0.328,1.000,0.820,1,1,
2026-05-06 00:17:48,1777994268.097,155184,214522,81.54,0.0529,0.0524,31,448.00,446.50,2.04,0,0.348,1.000,0.820,1,1,
2026-05-06 00:17:49,1777994269.097,155720,214600,81.54,0.0529,0.0525,31,446.00,447.11,-5.10,0,0.327,1.000,0.820,1,1,
2026-05-06 00:17:50,1777994270.097,155413,214929,87.63,0.0511,0.0523,24,449.00,447.71,3.06,0,0.391,0.859,0.715,1,1,
2026-05-06 00:17:51,1777994271.099,156260,216137,89.76,0.0507,0.0520,25,446.00,448.28,-6.11,0,0.373,0.855,0.713,1,1,
2026-05-06 00:17:52,1777994272.100,155787,215217,93.39,0.0498,0.0517,27,448.00,448.76,0.00,0,0.393,0.788,0.673,1,1,
2026-05-06 00:17:53,1777994273.097,155796,216338,91.59,0.0498,0.0514,27,453.00,449.36,4.08,0,0.425,0.997,0.798,1,1,
2026-05-06 00:17:54,1777994274.100,156248,216441,91.59,0.0498,0.0511,27,453.00,449.93,1.09,0,0.396,0.997,0.798,1,1,
2026-05-06 00:17:55,1777994275.097,156427,217358,91.59,0.0498,0.0509,27,449.00,450.57,1.02,0,0.396,0.997,0.798,1,1,
2026-05-06 00:17:56,1777994276.097,156137,216648,88.37,0.0429,0.0497,26,453.00,451.07,3.26,0,0.404,1.000,0.883,1,1,
2026-05-06 00:17:57,1777994277.097,156329,217352,88.17,0.0421,0.0485,27,451.00,451.77,-4.17,0,0.374,1.000,0.889,1,1,
2026-05-06 00:17:58,1777994278.097,155639,215005,88.17,0.0421,0.0475,27,452.00,452.28,2.17,0,0.398,1.000,0.889,1,1,
2026-05-06 00:17:59,1777994279.097,155802,214893,88.17,0.0421,0.0467,27,453.00,452.66,2.08,0,0.399,1.000,0.889,1,1,
2026-05-06 00:18:00,1777994280.097,155351,212966,88.17,0.0421,0.0460,27,455.00,453.09,2.04,0,0.401,1.000,0.889,1,1,
2026-05-06 00:18:01,1777994281.099,155406,214212,94.11,0.0479,0.0463,27,454.00,453.56,-2.08,0,0.412,1.000,0.825,1,1,
2026-05-06 00:18:02,1777994282.097,154721,218465,94.11,0.0479,0.0465,27,455.00,453.87,1.02,0,0.421,1.000,0.825,1,1,
2026-05-06 00:18:03,1777994283.097,155098,213051,94.11,0.0479,0.0468,27,454.00,454.32,-4.35,0,0.410,1.000,0.825,1,1,
2026-05-06 00:18:04,1777994284.097,154885,212156,87.46,0.0584,0.0486,25,456.00,454.82,-3.12,0,0.370,0.943,0.766,1,1,
2026-05-06 00:18:05,1777994285.097,155127,212875,87.74,0.0584,0.0501,25,456.00,455.14,-2.17,0,0.367,0.993,0.796,1,1,
2026-05-06 00:18:06,1777994286.098,154547,210959,92.50,0.0605,0.0517,25,458.00,455.61,-1.04,0,0.388,0.957,0.774,1,1,
2026-05-06 00:18:07,1777994287.097,155213,212927,92.86,0.0605,0.0530,25,457.00,456.13,-3.25,0,0.386,0.965,0.779,1,1,
2026-05-06 00:18:08,1777994288.097,154691,211326,94.80,0.0610,0.0542,25,459.00,456.56,4.17,0,0.435,1.000,0.809,1,1,
2026-05-06 00:18:09,1777994289.097,155036,212399,94.25,0.0610,0.0553,25,457.00,457.04,-4.35,0,0.388,1.000,0.826,1,1,
2026-05-06 00:18:10,1777994290.097,154665,211237,94.08,0.0592,0.0559,26,456.00,457.73,-6.12,0,0.385,1.000,0.853,1,1,
2026-05-06 00:18:11,1777994291.097,154261,209971,94.51,0.0560,0.0559,27,461.00,458.28,5.21,0,0.440,1.000,0.902,1,1,
2026-05-06 00:18:12,1777994292.097,154646,211143,90.30,0.0577,0.0562,27,462.00,458.77,-1.02,0,0.364,1.000,0.884,1,1,
2026-05-06 00:18:13,1777994293.097,155304,213274,89.38,0.0570,0.0563,28,458.00,459.34,-4.35,0,0.359,1.000,0.888,1,1,
2026-05-06 00:18:14,1777994294.099,154840,211860,87.60,0.0569,0.0564,28,460.00,459.90,-5.09,0,0.349,1.000,0.895,1,1,
2026-05-06 00:18:15,1777994295.097,155281,213309,87.83,0.0520,0.0557,28,465.00,460.32,5.22,0,0.404,1.000,0.913,1,1,
2026-05-06 00:18:16,1777994296.097,154707,211533,87.88,0.0501,0.0549,30,463.00,460.85,0.00,0,0.355,1.000,0.924,1,1,
2026-05-06 00:18:17,1777994297.097,155025,212388,88.20,0.0493,0.0540,31,462.00,461.36,-1.02,0,0.359,1.000,0.926,1,1,
2026-05-06 00:18:18,1777994298.097,154314,209881,90.13,0.0489,0.0532,32,466.00,462.02,0.00,0,0.371,1.000,0.925,1,1,
2026-05-06 00:18:19,1777994299.097,154789,210988,90.13,0.0489,0.0526,32,464.00,462.51,-2.08,0,0.373,1.000,0.925,1,1,
2026-05-06 00:18:20,1777994300.097,154343,209425,85.93,0.0497,0.0521,33,462.00,463.08,-5.11,0,0.352,1.000,0.930,1,1,
2026-05-06 00:18:21,1777994301.097,154402,209473,83.16,0.0498,0.0518,33,466.00,463.71,4.08,0,0.379,1.000,0.924,1,1,
2026-05-06 00:18:22,1777994302.097,154724,210422,83.23,0.0499,0.0515,33,469.00,464.34,6.12,0,0.400,1.000,0.941,1,1,
2026-05-06 00:18:23,1777994303.097,153976,208082,82.21,0.0504,0.0513,33,465.00,464.82,-1.09,0,0.334,1.000,0.918,1,1,
2026-05-06 00:18:24,1777994304.100,154404,209438,82.64,0.0499,0.0511,33,464.00,465.42,-7.12,0,0.337,1.000,0.918,1,1,
2026-05-06 00:18:25,1777994305.097,154922,211153,82.90,0.0491,0.0508,34,467.00,465.96,3.07,0,0.370,1.000,0.921,1,1,
2026-05-06 00:18:26,1777994306.098,154265,209228,86.10,0.0484,0.0504,35,470.00,466.46,-1.02,0,0.357,1.000,0.921,1,1,
2026-05-06 00:18:27,1777994307.097,154501,210062,88.76,0.0488,0.0502,35,469.00,467.10,-1.02,0,0.372,1.000,0.896,1,1,
2026-05-06 00:18:28,1777994308.100,153513,207083,84.74,0.0459,0.0495,36,467.00,467.63,1.02,0,0.363,1.000,0.911,1,1,
2026-05-06 00:18:29,1777994309.097,154041,208575,82.44,0.0453,0.0489,37,469.00,468.09,2.05,0,0.362,1.000,0.907,1,1,
2026-05-06 00:18:30,1777994310.097,154423,209717,82.62,0.0450,0.0483,38,468.00,468.71,1.04,0,0.355,1.000,0.907,1,1,
2026-05-06 00:18:31,1777994311.097,153485,207010,80.37,0.0442,0.0477,40,468.00,469.26,0.00,0,0.334,1.000,0.899,1,1,
2026-05-06 00:18:32,1777994312.097,154101,208950,79.81,0.0359,0.0459,40,468.00,469.60,0.00,0,0.336,1.000,0.891,1,1,
2026-05-06 00:18:33,1777994313.097,153760,208073,83.45,0.0383,0.0447,42,472.00,470.03,4.08,0,0.399,1.000,0.873,1,1,
2026-05-06 00:18:34,1777994314.097,154110,209354,85.28,0.0383,0.0437,42,468.00,470.53,-6.25,0,0.371,1.000,0.865,1,1,
2026-05-06 00:18:35,1777994315.100,154070,209401,87.04,0.0358,0.0425,42,472.00,470.88,2.17,0,0.406,1.000,0.865,1,1,
2026-05-06 00:18:36,1777994316.097,153515,207980,87.48,0.0353,0.0414,42,475.00,471.23,-1.04,0,0.389,1.000,0.864,1,1,
2026-05-06 00:18:37,1777994317.097,154176,209973,87.63,0.0353,0.0405,42,471.00,471.64,-3.26,0,0.393,1.000,0.882,1,1,
2026-05-06 00:18:38,1777994318.097,153746,208567,88.77,0.0368,0.0399,42,472.00,471.96,0.00,0,0.400,1.000,0.870,1,1,
2026-05-06 00:18:39,1777994319.097,153052,206519,95.02,0.0372,0.0395,42,474.00,472.28,-1.04,0,0.435,1.000,0.811,1,1,
2026-05-06 00:18:40,1777994320.097,154316,210348,94.58,0.0378,0.0392,42,473.00,472.73,-3.26,0,0.433,1.000,0.806,1,1,
2026-05-06 00:18:41,1777994321.097,155308,213664,88.86,0.0371,0.0389,41,474.00,473.24,1.04,0,0.414,1.000,0.845,1,1,
2026-05-06 00:18:42,1777994322.097,156990,219078,90.48,0.0386,0.0389,42,472.00,473.49,-2.17,0,0.412,1.000,0.872,1,1,
2026-05-06 00:18:43,1777994323.097,157815,222063,95.75,0.0384,0.0388,42,472.00,473.18,2.04,0,0.461,1.000,0.885,1,1,
2026-05-06 00:18:44,1777994324.097,157721,222317,95.75,0.0384,0.0387,42,465.00,471.95,-5.44,0,0.441,1.000,0.885,1,1,
2026-05-06 00:18:45,1777994325.100,157168,221188,95.75,0.0384,0.0387,42,463.00,470.33,-8.13,0,0.441,1.000,0.885,1,1,
2026-05-06 00:18:46,1777994326.098,155875,216612,95.75,0.0384,0.0387,42,466.00,468.36,3.14,0,0.473,1.000,0.885,1,1,
2026-05-06 00:18:47,1777994327.100,155648,215547,95.75,0.0384,0.0386,42,466.00,466.37,2.04,0,0.462,1.000,0.885,1,1,
2026-05-06 00:18:48,1777994328.098,155624,215353,95.75,0.0384,0.0386,42,463.00,464.75,-3.13,0,0.441,1.000,0.885,1,1,
2026-05-06 00:18:49,1777994329.097,156100,216389,95.75,0.0384,0.0386,42,460.00,463.84,-5.10,0,0.442,1.000,0.885,1,1,
2026-05-06 00:18:50,1777994330.097,156627,217626,95.75,0.0384,0.0386,42,449.00,461.78,-11.44,0,0.442,1.000,0.885,1,1,
2026-05-06 00:18:51,1777994331.097,155903,215602,95.75,0.0384,0.0385,42,437.00,457.53,-9.18,0,0.442,1.000,0.885,1,1,
2026-05-06 00:18:52,1777994332.097,156247,216679,95.75,0.0384,0.0385,42,431.00,451.94,-6.12,0,0.442,1.000,0.885,1,1,
2026-05-06 00:18:53,1777994333.097,156791,218190,91.00,0.0445,0.0394,31,422.00,444.21,-6.14,0,0.414,0.000,0.000,1,1,LOW_PPG_Q
2026-05-06 00:18:54,1777994334.100,156376,216825,89.36,0.0451,0.0403,31,411.00,434.94,-11.67,0,0.402,0.000,0.000,1,1,LOW_PPG_Q
2026-05-06 00:18:55,1777994335.097,156613,217331,90.89,0.0451,0.0411,31,399.00,424.60,-8.16,0,0.409,1.000,0.929,1,1,
2026-05-06 00:18:56,1777994336.099,156194,216078,91.90,0.0447,0.0416,32,390.00,414.42,-8.50,0,0.412,1.000,0.941,1,1,
2026-05-06 00:18:57,1777994337.097,155107,213238,94.57,0.0447,0.0421,32,390.00,405.83,-1.02,0,0.426,1.000,0.898,1,1,
2026-05-06 00:18:58,1777994338.097,155862,214880,94.57,0.0447,0.0425,32,393.00,398.89,3.06,0,0.455,1.000,0.898,1,1,
2026-05-06 00:18:59,1777994339.100,155745,213854,95.46,0.0433,0.0426,30,388.00,393.47,1.02,0,0.439,1.000,0.895,1,1,
2026-05-06 00:19:00,1777994340.097,155828,213316,100.14,0.0434,0.0427,31,385.00,389.93,-3.07,0,0.454,1.000,0.855,1,1,
2026-05-06 00:19:01,1777994341.097,156471,214951,100.10,0.0440,0.0429,31,386.00,388.09,3.06,0,0.484,1.000,0.859,1,1,
2026-05-06 00:19:02,1777994342.097,156101,213373,97.87,0.0446,0.0432,31,381.00,386.31,-3.26,0,0.440,1.000,0.873,1,1,
2026-05-06 00:19:03,1777994343.097,156936,215742,94.36,0.0415,0.0429,31,384.00,384.42,3.06,0,0.453,1.000,0.903,1,1,
2026-05-06 00:19:04,1777994344.097,156485,214244,92.02,0.0426,0.0429,31,379.00,382.86,-4.35,0,0.410,1.000,0.918,1,1,
2026-05-06 00:19:05,1777994345.097,157205,216318,90.64,0.0426,0.0428,31,381.00,381.46,4.17,0,0.444,1.000,0.903,1,1,
2026-05-06 00:19:06,1777994346.100,156397,213528,92.42,0.0432,0.0429,31,377.00,380.00,0.00,0,0.412,1.000,0.908,1,1,
2026-05-06 00:19:07,1777994347.097,157183,215837,88.95,0.0451,0.0432,31,376.00,378.54,2.08,0,0.413,1.000,0.873,1,1,
2026-05-06 00:19:08,1777994348.100,156948,215082,91.71,0.0446,0.0434,32,374.00,377.03,-1.09,0,0.406,1.000,0.889,1,1,
2026-05-06 00:19:09,1777994349.097,156046,212251,96.28,0.0447,0.0436,32,375.00,375.72,-2.08,0,0.431,1.000,0.883,1,1,
2026-05-06 00:19:10,1777994350.097,156691,214483,95.40,0.0446,0.0438,32,370.00,374.51,-5.10,0,0.425,1.000,0.889,1,1,
2026-05-06 00:19:11,1777994351.097,156254,213201,93.12,0.0446,0.0439,32,372.00,373.48,-1.09,0,0.413,1.000,0.926,1,1,
2026-05-06 00:19:12,1777994352.097,157213,216547,93.34,0.0423,0.0436,32,373.00,372.69,1.04,0,0.425,1.000,0.939,1,1,
2026-05-06 00:19:13,1777994353.097,156845,215715,93.59,0.0416,0.0433,32,371.00,371.94,1.09,0,0.428,1.000,0.945,1,1,
2026-05-06 00:19:14,1777994354.097,157518,218403,93.55,0.0356,0.0421,32,367.00,371.16,-1.04,0,0.420,1.000,0.945,1,1,
2026-05-06 00:19:15,1777994355.097,156669,216307,94.44,0.0376,0.0414,34,368.00,370.56,-1.09,0,0.427,1.000,0.940,1,1,
2026-05-06 00:19:16,1777994356.098,156800,216943,94.44,0.0376,0.0408,34,368.00,370.17,-6.25,0,0.428,1.000,0.940,1,1,
2026-05-06 00:19:17,1777994357.099,156453,215376,94.44,0.0376,0.0403,34,366.00,369.83,-2.08,0,0.430,1.000,0.940,1,1,
2026-05-06 00:19:18,1777994358.097,155874,213011,94.44,0.0376,0.0399,34,371.00,369.65,5.01,0,0.481,1.000,0.940,1,1,
2026-05-06 00:19:19,1777994359.097,156581,215053,94.44,0.0376,0.0396,34,369.00,369.53,-2.17,0,0.432,1.000,0.940,1,1,
2026-05-06 00:19:20,1777994360.097,155906,212917,92.03,0.0377,0.0393,36,370.00,369.32,4.08,0,0.460,1.000,0.972,1,1,
2026-05-06 00:19:21,1777994361.097,156504,214782,92.63,0.0378,0.0391,37,369.00,369.33,-1.04,0,0.423,1.000,0.987,1,1,
2026-05-06 00:19:22,1777994362.097,155762,212626,93.31,0.0368,0.0387,39,370.00,369.14,3.06,0,0.459,1.000,0.987,1,1,
2026-05-06 00:19:23,1777994363.097,156321,214587,93.28,0.0362,0.0383,39,368.00,368.96,2.17,0,0.451,1.000,0.987,1,1,
2026-05-06 00:19:24,1777994364.097,155613,212358,90.41,0.0361,0.0380,39,369.00,368.54,3.06,0,0.445,1.000,0.965,1,1,
2026-05-06 00:19:25,1777994365.097,156276,214621,91.57,0.0364,0.0377,39,369.00,368.26,3.26,0,0.454,1.000,0.974,1,1,
2026-05-06 00:19:26,1777994366.097,155253,211423,91.54,0.0369,0.0376,39,368.00,367.72,3.06,0,0.452,1.000,1.000,1,1,
2026-05-06 00:19:27,1777994367.100,155518,212363,90.33,0.0375,0.0376,39,367.00,367.37,0.00,0,0.415,1.000,1.000,1,1,
2026-05-06 00:19:28,1777994368.097,154647,209600,92.36,0.0370,0.0375,41,367.00,367.04,2.04,0,0.447,1.000,1.000,1,1,
2026-05-06 00:19:29,1777994369.097,155285,211536,88.92,0.0388,0.0377,41,367.00,366.96,0.00,0,0.407,1.000,0.971,1,1,
2026-05-06 00:19:30,1777994370.097,154378,208618,86.63,0.0387,0.0378,41,368.00,366.85,4.08,0,0.435,1.000,0.953,1,1,
2026-05-06 00:19:31,1777994371.100,154993,210585,83.58,0.0392,0.0381,40,366.00,366.79,-3.19,0,0.377,1.000,0.903,1,1,
2026-05-06 00:19:32,1777994372.097,154645,209591,85.23,0.0392,0.0382,40,367.00,366.77,3.07,0,0.416,1.000,0.906,1,1,
2026-05-06 00:19:33,1777994373.097,154798,210352,84.41,0.0393,0.0384,40,367.00,366.88,0.00,0,0.381,1.000,0.906,1,1,
2026-05-06 00:19:34,1777994374.097,155208,211982,85.90,0.0395,0.0386,40,370.00,367.15,1.02,0,0.399,1.000,0.906,1,1,
2026-05-06 00:19:35,1777994375.097,154501,209967,89.18,0.0395,0.0387,40,369.00,367.60,-2.17,0,0.406,1.000,0.906,1,1,
2026-05-06 00:19:36,1777994376.097,154228,209277,89.84,0.0379,0.0386,40,372.00,368.16,1.02,0,0.420,1.000,0.906,1,1,
2026-05-06 00:19:37,1777994377.097,154270,209500,87.36,0.0363,0.0382,40,369.00,368.73,-1.06,0,0.397,1.000,0.901,1,1,
2026-05-06 00:19:38,1777994378.097,155123,212403,88.48,0.0374,0.0381,40,372.00,369.30,-1.02,0,0.404,1.000,0.908,1,1,
2026-05-06 00:19:39,1777994379.097,154208,209533,84.53,0.0380,0.0381,40,371.00,369.71,-1.02,0,0.382,1.000,0.914,1,1,
2026-05-06 00:19:40,1777994380.098,154947,211931,84.08,0.0375,0.0380,39,374.00,370.16,0.00,0,0.380,1.000,0.913,1,1,
2026-05-06 00:19:41,1777994381.097,154529,210566,85.98,0.0373,0.0379,39,372.00,370.64,-2.04,0,0.391,1.000,0.940,1,1,
2026-05-06 00:19:42,1777994382.097,155397,213294,86.80,0.0373,0.0378,39,371.00,371.17,-2.08,0,0.395,1.000,0.946,1,1,
2026-05-06 00:19:43,1777994383.097,155019,212062,92.77,0.0384,0.0379,39,373.00,371.66,2.04,0,0.448,1.000,0.902,1,1,
2026-05-06 00:19:44,1777994384.097,155142,212449,92.77,0.0384,0.0380,39,376.00,372.27,1.02,0,0.437,1.000,0.902,1,1,
2026-05-06 00:19:45,1777994385.097,154457,210308,92.77,0.0384,0.0380,39,373.00,372.85,-3.06,0,0.427,1.000,0.902,1,1,
2026-05-06 00:19:46,1777994386.097,154339,209829,91.12,0.0385,0.0381,37,373.00,373.53,-5.21,0,0.418,1.000,0.896,1,1,
2026-05-06 00:19:47,1777994387.097,154491,210276,92.02,0.0385,0.0382,38,376.00,374.13,3.06,0,0.453,1.000,0.885,1,1,
2026-05-06 00:19:48,1777994388.097,155086,212237,88.72,0.0401,0.0385,39,378.00,374.98,-1.09,0,0.404,1.000,0.885,1,1,
2026-05-06 00:19:49,1777994389.097,154608,210656,88.32,0.0396,0.0386,41,377.00,375.76,3.14,0,0.433,1.000,0.896,1,1,
2026-05-06 00:19:50,1777994390.097,155183,212506,88.36,0.0391,0.0387,41,378.00,376.60,-2.17,0,0.401,1.000,0.921,1,1,
2026-05-06 00:19:51,1777994391.097,154538,210253,91.48,0.0391,0.0388,41,380.00,377.30,3.13,0,0.449,1.000,0.935,1,1,
2026-05-06 00:19:52,1777994392.097,153998,208352,91.92,0.0414,0.0392,41,380.00,378.20,3.26,0,0.452,1.000,0.913,1,1,
2026-05-06 00:19:53,1777994393.097,154963,211078,94.81,0.0432,0.0398,41,382.00,379.01,-1.04,0,0.433,1.000,0.891,1,1,
2026-05-06 00:19:54,1777994394.097,154061,208038,98.66,0.0435,0.0404,41,382.00,379.90,0.00,0,0.452,1.000,0.857,1,1,
2026-05-06 00:19:55,1777994395.097,153776,207193,98.66,0.0435,0.0409,41,385.00,380.94,0.00,0,0.451,1.000,0.857,1,1,
2026-05-06 00:19:56,1777994396.097,155346,212466,98.66,0.0435,0.0413,41,386.00,382.09,1.09,0,0.461,1.000,0.857,1,1,
2026-05-06 00:19:57,1777994397.097,157127,218731,92.81,0.0510,0.0428,37,384.00,383.03,2.04,0,0.435,1.000,0.836,1,1,
2026-05-06 00:19:58,1777994398.097,158005,222187,90.13,0.0495,0.0438,37,384.00,383.89,-3.26,0,0.397,1.000,0.853,1,1,
2026-05-06 00:19:59,1777994399.097,158507,224325,90.13,0.0495,0.0447,37,387.00,384.78,-2.04,0,0.395,1.000,0.853,1,1,
2026-05-06 00:20:00,1777994400.097,158090,223669,90.13,0.0495,0.0454,37,388.00,385.57,-1.09,0,0.393,1.000,0.853,1,1,
2026-05-06 00:20:01,1777994401.097,157634,222624,90.13,0.0495,0.0460,37,390.00,386.09,6.13,0,0.452,1.000,0.853,1,1,
2026-05-06 00:20:02,1777994402.097,156327,217319,90.13,0.0495,0.0466,37,389.00,386.84,-1.04,0,0.389,1.000,0.853,1,1,
2026-05-06 00:20:03,1777994403.097,156366,217096,90.13,0.0495,0.0470,37,392.00,387.84,1.02,0,0.398,1.000,0.853,1,1,
2026-05-06 00:20:04,1777994404.097,155663,213881,90.13,0.0495,0.0474,37,390.00,388.67,-2.08,0,0.387,1.000,0.853,1,1,
2026-05-06 00:20:05,1777994405.097,156199,215148,87.54,0.0523,0.0481,29,391.00,389.55,-1.02,0,0.371,1.000,0.982,1,1,
2026-05-06 00:20:06,1777994406.097,155812,213556,86.09,0.0528,0.0489,29,392.00,390.57,2.13,0,0.383,1.000,0.989,1,1,
2026-05-06 00:20:07,1777994407.100,155765,212982,86.87,0.0528,0.0495,29,391.00,391.53,1.02,0,0.374,1.000,0.996,1,1,
2026-05-06 00:20:08,1777994408.100,155620,212213,89.59,0.0511,0.0497,29,396.00,392.44,5.11,0,0.429,1.000,0.944,1,1,
2026-05-06 00:20:09,1777994409.097,155555,211936,90.86,0.0510,0.0499,29,395.00,393.40,2.04,0,0.405,1.000,0.934,1,1,
2026-05-06 00:20:10,1777994410.097,155063,210289,93.96,0.0522,0.0503,29,397.00,394.33,2.04,0,0.420,1.000,0.887,1,1,
2026-05-06 00:20:11,1777994411.097,155776,212689,95.95,0.0526,0.0506,29,400.00,395.24,1.02,0,0.420,1.000,0.869,1,1,
2026-05-06 00:20:12,1777994412.097,155100,210694,94.69,0.0526,0.0509,29,399.00,396.14,0.00,0,0.402,1.000,0.888,1,1,
2026-05-06 00:20:13,1777994413.100,155683,212576,92.34,0.0526,0.0512,29,398.00,397.24,-3.05,0,0.389,1.000,0.895,1,1,
2026-05-06 00:20:14,1777994414.097,155017,210449,93.15,0.0500,0.0510,30,401.00,398.24,3.06,0,0.424,1.000,0.907,1,1,
2026-05-06 00:20:15,1777994415.097,155614,212462,93.36,0.0492,0.0507,31,401.00,399.33,-3.07,0,0.395,1.000,0.913,1,1,
2026-05-06 00:20:16,1777994416.097,155227,211329,90.30,0.0482,0.0503,33,402.00,400.47,2.17,0,0.402,1.000,0.933,1,1,
2026-05-06 00:20:17,1777994417.097,155352,211924,92.28,0.0461,0.0497,33,407.00,401.48,7.29,0,0.465,1.000,0.971,1,1,
2026-05-06 00:20:18,1777994418.097,154831,210529,90.72,0.0461,0.0491,33,407.00,402.34,2.17,0,0.407,1.000,0.971,1,1,
2026-05-06 00:20:19,1777994419.098,153802,207416,93.87,0.0484,0.0490,33,403.00,403.49,-4.16,0,0.403,1.000,0.956,1,1,
2026-05-06 00:20:20,1777994420.097,154195,208483,93.87,0.0484,0.0489,33,408.00,404.56,5.10,0,0.454,1.000,0.956,1,1,
2026-05-06 00:20:21,1777994421.100,154082,207898,89.85,0.0548,0.0498,30,411.00,405.58,6.23,0,0.441,1.000,0.938,1,1,
2026-05-06 00:20:22,1777994422.097,153797,206897,87.37,0.0528,0.0503,30,410.00,406.76,-1.02,0,0.364,1.000,0.914,1,1,
2026-05-06 00:20:23,1777994423.097,154540,209190,84.02,0.0510,0.0504,30,409.00,407.97,-4.17,0,0.346,1.000,0.857,1,1,
2026-05-06 00:20:24,1777994424.097,155058,211042,80.29,0.0423,0.0491,29,412.00,408.92,3.06,0,0.360,0.982,0.789,1,1,
2026-05-06 00:20:25,1777994425.097,154591,209281,80.27,0.0416,0.0480,31,411.00,409.93,-3.26,0,0.332,0.972,0.783,1,1,
2026-05-06 00:20:26,1777994426.097,155397,211947,83.17,0.0424,0.0471,32,414.00,410.95,0.00,0,0.350,0.972,0.783,1,1,
2026-05-06 00:20:27,1777994427.097,154542,209420,88.05,0.0418,0.0463,33,412.00,411.81,-2.17,0,0.379,0.973,0.784,1,1,
2026-05-06 00:20:28,1777994428.097,155104,211227,89.94,0.0418,0.0456,33,416.00,412.69,-2.08,0,0.391,0.974,0.784,1,1,
2026-05-06 00:20:29,1777994429.097,154080,208162,89.94,0.0418,0.0450,33,416.00,413.65,0.00,0,0.393,0.974,0.784,1,1,
2026-05-06 00:20:30,1777994430.097,154875,209496,89.94,0.0418,0.0445,33,416.00,414.62,-4.17,0,0.394,0.974,0.784,1,1,
2026-05-06 00:20:31,1777994431.097,153753,207040,89.32,0.0416,0.0441,33,419.00,415.64,3.26,0,0.424,1.000,0.825,1,1,
2026-05-06 00:20:32,1777994432.097,154311,208692,86.91,0.0417,0.0437,34,421.00,416.62,6.12,0,0.441,1.000,0.825,1,1,
2026-05-06 00:20:33,1777994433.097,153396,205824,83.06,0.0409,0.0433,36,421.00,417.69,-1.09,0,0.360,1.000,0.827,1,1,
2026-05-06 00:20:34,1777994434.097,154152,208111,81.42,0.0403,0.0428,37,424.00,418.67,7.17,0,0.424,1.000,0.860,1,1,
2026-05-06 00:20:35,1777994435.097,155238,211500,82.15,0.0403,0.0424,38,421.00,419.70,-3.12,0,0.358,1.000,0.877,1,1,
2026-05-06 00:20:36,1777994436.097,154585,209664,85.78,0.0398,0.0420,38,425.00,420.68,0.00,0,0.378,1.000,0.884,1,1,
2026-05-06 00:20:37,1777994437.097,155177,211747,86.67,0.0392,0.0416,38,423.00,421.69,-2.17,0,0.384,1.000,0.884,1,1,
2026-05-06 00:20:38,1777994438.097,154017,208357,87.60,0.0387,0.0411,38,426.00,422.56,0.00,0,0.391,1.000,0.934,1,1,
2026-05-06 00:20:39,1777994439.097,154554,209938,85.98,0.0392,0.0408,38,424.00,423.48,-2.08,0,0.383,1.000,0.940,1,1,
2026-05-06 00:20:40,1777994440.097,153942,208063,86.16,0.0384,0.0405,37,426.00,424.37,-3.06,0,0.385,1.000,0.947,1,1,
2026-05-06 00:20:41,1777994441.100,153972,208207,83.29,0.0400,0.0404,37,426.00,425.15,0.00,0,0.369,1.000,0.935,1,1,
2026-05-06 00:20:42,1777994442.100,154703,210474,83.29,0.0406,0.0404,37,427.00,426.10,-5.08,0,0.369,1.000,0.941,1,1,
2026-05-06 00:20:43,1777994443.097,153727,207508,83.23,0.0395,0.0403,37,428.00,426.86,1.02,0,0.380,1.000,0.941,1,1,
2026-05-06 00:20:44,1777994444.097,154483,209928,86.94,0.0418,0.0405,37,432.00,427.70,0.00,0,0.389,1.000,0.926,1,1,
2026-05-06 00:20:45,1777994445.097,153711,207694,87.74,0.0418,0.0407,37,429.00,428.54,-6.38,0,0.393,1.000,0.946,1,1,
2026-05-06 00:20:46,1777994446.097,154495,210093,91.78,0.0439,0.0412,37,430.00,429.36,2.04,0,0.433,1.000,0.896,1,1,
2026-05-06 00:20:47,1777994447.097,153380,206882,91.78,0.0439,0.0416,37,432.00,430.02,2.17,0,0.434,1.000,0.896,1,1,
2026-05-06 00:20:48,1777994448.097,152430,204170,91.78,0.0439,0.0420,37,431.00,430.97,1.02,0,0.421,1.000,0.896,1,1,
2026-05-06 00:20:49,1777994449.098,153337,206768,86.68,0.0467,0.0427,33,434.00,431.84,2.17,0,0.403,1.000,0.840,1,1,
2026-05-06 00:20:50,1777994450.097,154406,209893,83.61,0.0460,0.0432,34,437.00,432.67,6.12,0,0.425,1.000,0.822,1,1,
2026-05-06 00:20:51,1777994451.097,153526,207444,85.23,0.0457,0.0436,36,434.00,433.43,-1.09,0,0.371,1.000,0.840,1,1,
2026-05-06 00:20:52,1777994452.097,154490,210229,86.07,0.0457,0.0439,36,434.00,434.28,-1.02,0,0.375,1.000,0.842,1,1,
2026-05-06 00:20:53,1777994453.097,154182,209074,89.38,0.0451,0.0441,36,438.00,435.06,4.36,0,0.436,1.000,0.844,1,1,
2026-05-06 00:20:54,1777994454.097,154615,210012,92.79,0.0451,0.0443,36,437.00,435.54,4.17,0,0.452,1.000,0.821,1,1,
2026-05-06 00:20:55,1777994455.097,154050,208052,92.79,0.0451,0.0444,36,437.00,436.00,0.00,0,0.410,1.000,0.821,1,1,
2026-05-06 00:20:56,1777994456.097,153604,206600,95.24,0.0451,0.0445,34,435.00,436.52,-5.21,0,0.423,0.964,0.778,1,1,
2026-05-06 00:20:57,1777994457.097,154244,208361,96.81,0.0446,0.0445,34,432.00,436.26,-3.06,0,0.431,0.945,0.767,1,1,
2026-05-06 00:20:58,1777994458.097,153422,205673,96.43,0.0446,0.0445,34,428.00,435.23,-2.09,0,0.429,0.961,0.777,1,1,
2026-05-06 00:20:59,1777994459.097,153684,206183,92.71,0.0439,0.0444,36,429.00,434.14,0.00,0,0.409,1.000,0.830,1,1,
2026-05-06 00:21:00,1777994460.097,153708,205842,91.22,0.0433,0.0443,37,432.00,432.59,3.13,0,0.433,1.000,0.886,1,1,
2026-05-06 00:21:01,1777994461.097,153462,204828,90.69,0.0431,0.0441,38,426.00,430.45,-3.26,0,0.399,1.000,0.919,1,1,
2026-05-06 00:21:02,1777994462.097,153831,205770,89.79,0.0431,0.0439,38,424.00,428.51,-5.43,0,0.395,1.000,0.922,1,1,
2026-05-06 00:21:03,1777994463.097,154352,207309,90.84,0.0433,0.0438,38,427.00,427.20,3.13,0,0.432,1.000,0.918,1,1,
2026-05-06 00:21:04,1777994464.097,153950,206220,89.89,0.0433,0.0437,39,425.00,426.19,2.17,0,0.418,1.000,0.924,1,1,
2026-05-06 00:21:05,1777994465.097,153365,204587,92.10,0.0428,0.0436,39,425.00,425.29,3.14,0,0.440,1.000,0.937,1,1,
2026-05-06 00:21:06,1777994466.097,154092,206666,92.68,0.0428,0.0435,39,424.00,424.99,-4.33,0,0.412,1.000,0.942,1,1,
2026-05-06 00:21:07,1777994467.097,153259,204248,93.00,0.0432,0.0434,39,425.00,424.97,-2.08,0,0.413,1.000,0.972,1,1,
2026-05-06 00:21:08,1777994468.097,154632,208331,93.26,0.0433,0.0434,39,424.00,424.95,-1.09,0,0.415,1.000,0.993,1,1,
2026-05-06 00:21:09,1777994469.097,154181,207202,94.92,0.0440,0.0435,39,429.00,424.93,2.09,0,0.444,1.000,0.973,1,1,
2026-05-06 00:21:10,1777994470.098,153288,204783,99.16,0.0439,0.0436,40,424.00,424.90,-1.09,0,0.446,1.000,0.924,1,1,
2026-05-06 00:21:11,1777994471.097,153921,206611,97.28,0.0425,0.0434,40,414.00,423.44,-6.24,0,0.437,1.000,0.924,1,1,
2026-05-06 00:21:12,1777994472.097,153595,205873,91.21,0.0439,0.0435,40,405.00,420.36,-10.87,0,0.404,1.000,0.907,1,1,
2026-05-06 00:21:13,1777994473.097,154517,208934,88.21,0.0439,0.0435,40,402.00,415.97,-8.16,0,0.387,1.000,0.886,1,1,
2026-05-06 00:21:14,1777994474.098,155472,211916,88.22,0.0423,0.0433,40,398.00,410.86,-5.43,0,0.388,1.000,0.881,1,1,
2026-05-06 00:21:15,1777994475.097,154610,209629,88.23,0.0418,0.0431,40,396.00,405.61,-5.10,0,0.389,1.000,0.876,1,1,
2026-05-06 00:21:16,1777994476.097,154296,208547,88.23,0.0418,0.0429,40,396.00,401.24,0.00,0,0.389,1.000,0.876,1,1,
2026-05-06 00:21:17,1777994477.097,154152,207478,88.23,0.0418,0.0427,40,396.00,398.41,3.06,0,0.420,1.000,0.876,1,1,
2026-05-06 00:21:18,1777994478.097,153432,204055,88.23,0.0418,0.0426,40,392.00,396.48,-4.26,0,0.390,1.000,0.876,1,1,
2026-05-06 00:21:19,1777994479.097,154341,205750,88.23,0.0418,0.0425,40,390.00,394.93,-5.12,0,0.390,1.000,0.876,1,1,
2026-05-06 00:21:20,1777994480.097,153531,202949,88.23,0.0305,0.0406,38,391.00,393.60,1.02,0,0.406,1.000,0.907,1,1,
2026-05-06 00:21:21,1777994481.097,154295,205162,86.36,0.0305,0.0391,38,391.00,392.31,4.08,0,0.430,1.000,0.948,1,1,
2026-05-06 00:21:22,1777994482.097,155120,207659,83.39,0.0312,0.0379,38,387.00,391.01,-3.25,0,0.377,1.000,0.949,1,1,
2026-05-06 00:21:23,1777994483.097,155016,207558,79.92,0.0316,0.0369,36,386.00,390.00,-6.12,0,0.361,1.000,0.852,1,1,
2026-05-06 00:21:24,1777994484.098,154765,207085,79.54,0.0323,0.0362,36,387.00,389.12,0.00,0,0.361,1.000,0.845,1,1,
2026-05-06 00:21:25,1777994485.097,155367,209175,82.71,0.0345,0.0359,37,389.00,388.34,-2.04,0,0.378,1.000,0.845,1,1,
2026-05-06 00:21:26,1777994486.097,154383,206323,84.91,0.0350,0.0358,39,387.00,387.71,-2.04,0,0.391,1.000,0.861,1,1,
2026-05-06 00:21:27,1777994487.097,155170,208771,87.98,0.0360,0.0358,38,384.00,387.31,0.00,0,0.407,1.000,0.836,1,1,
2026-05-06 00:21:28,1777994488.097,154462,206693,91.01,0.0359,0.0359,38,384.00,386.90,0.00,0,0.423,1.000,0.815,1,1,
2026-05-06 00:21:29,1777994489.097,155271,209256,90.79,0.0352,0.0358,38,388.00,386.57,4.09,0,0.463,1.000,0.823,1,1,
2026-05-06 00:21:30,1777994490.097,154476,207018,90.07,0.0348,0.0356,38,387.00,386.23,-1.09,0,0.419,1.000,0.828,1,1,
2026-05-06 00:21:31,1777994491.097,155482,210208,90.37,0.0343,0.0354,38,388.00,386.06,1.04,0,0.432,1.000,0.824,1,1,
2026-05-06 00:21:32,1777994492.097,155018,209049,89.10,0.0345,0.0353,38,386.00,385.93,0.00,0,0.415,1.000,0.850,1,1,
2026-05-06 00:21:33,1777994493.097,155949,212084,86.90,0.0343,0.0351,38,388.00,385.94,-1.04,0,0.403,1.000,0.854,1,1,
2026-05-06 00:21:34,1777994494.097,155188,209940,86.52,0.0336,0.0349,38,385.00,385.90,-1.09,0,0.402,1.000,0.954,1,1,
2026-05-06 00:21:35,1777994495.097,155799,211823,87.15,0.0336,0.0347,38,389.00,386.01,-2.08,0,0.406,1.000,0.954,1,1,
2026-05-06 00:21:36,1777994496.097,154747,208555,87.15,0.0336,0.0345,38,387.00,386.05,-2.04,0,0.406,1.000,0.954,1,1,
2026-05-06 00:21:37,1777994497.097,155531,210826,87.15,0.0336,0.0344,38,389.00,386.15,-1.04,0,0.407,1.000,0.954,1,1,
2026-05-06 00:21:38,1777994498.097,154503,207766,87.54,0.0347,0.0344,34,388.00,386.16,-1.09,0,0.409,1.000,0.997,1,1,
2026-05-06 00:21:39,1777994499.097,155269,210167,89.62,0.0337,0.0343,34,385.00,386.38,1.04,0,0.430,1.000,0.981,1,1,
2026-05-06 00:21:40,1777994500.097,154228,207033,90.78,0.0336,0.0342,34,385.00,386.53,0.00,0,0.427,1.000,0.968,1,1,
2026-05-06 00:21:41,1777994501.097,155043,209596,87.94,0.0357,0.0344,34,385.00,386.73,-1.09,0,0.411,1.000,0.957,1,1,
2026-05-06 00:21:42,1777994502.097,154176,207051,88.12,0.0336,0.0343,34,388.00,387.07,-2.08,0,0.412,1.000,0.957,1,1,
2026-05-06 00:21:43,1777994503.097,154968,209576,90.07,0.0344,0.0343,34,388.00,387.37,-1.09,0,0.423,1.000,0.957,1,1,
2026-05-06 00:21:44,1777994504.097,153906,206542,87.77,0.0371,0.0347,34,388.00,387.74,-3.12,0,0.409,1.000,0.957,1,1,
2026-05-06 00:21:45,1777994505.099,154708,209036,87.88,0.0371,0.0351,34,388.00,388.13,1.09,0,0.419,1.000,0.957,1,1,
2026-05-06 00:21:46,1777994506.097,153968,206999,89.39,0.0377,0.0355,35,389.00,388.61,-3.12,0,0.416,1.000,0.960,1,1,
2026-05-06 00:21:47,1777994507.097,155000,210203,92.81,0.0393,0.0361,36,388.00,389.06,-1.08,0,0.432,1.000,0.930,1,1,
2026-05-06 00:21:48,1777994508.097,154408,208718,93.40,0.0387,0.0365,38,389.00,389.43,-3.06,0,0.435,1.000,0.934,1,1,
2026-05-06 00:21:49,1777994509.097,155322,211803,93.52,0.0382,0.0367,39,390.00,389.77,2.17,0,0.456,1.000,0.932,1,1,
2026-05-06 00:21:50,1777994510.097,154342,209063,93.65,0.0377,0.0369,40,393.00,390.20,5.10,0,0.486,1.000,0.931,1,1,
2026-05-06 00:21:51,1777994511.097,155064,211301,91.74,0.0377,0.0370,40,388.00,390.49,-5.21,0,0.424,1.000,0.932,1,1,
2026-05-06 00:21:52,1777994512.097,154583,210011,86.34,0.0403,0.0375,40,387.00,389.92,-5.10,0,0.394,1.000,0.894,1,1,
2026-05-06 00:21:53,1777994513.097,155335,212737,83.40,0.0410,0.0381,41,385.00,389.00,-1.09,0,0.376,1.000,0.854,1,1,
2026-05-06 00:21:54,1777994514.097,155255,212762,86.13,0.0405,0.0384,41,384.00,387.60,2.04,0,0.410,1.000,0.863,1,1,
2026-05-06 00:21:55,1777994515.097,155230,212971,88.93,0.0406,0.0388,41,385.00,386.16,0.00,0,0.404,1.000,0.859,1,1,
2026-05-06 00:21:56,1777994516.097,154750,211492,90.61,0.0400,0.0390,41,382.00,384.68,2.04,0,0.433,1.000,0.859,1,1,
2026-05-06 00:21:57,1777994517.097,154398,210261,90.61,0.0400,0.0391,41,382.00,383.97,0.00,0,0.412,1.000,0.859,1,1,
2026-05-06 00:21:58,1777994518.097,154036,208777,90.61,0.0400,0.0393,41,358.00,381.37,-29.59,0,0.412,1.000,0.859,1,1,
2026-05-06 00:21:59,1777994519.097,153458,206722,89.74,0.0418,0.0396,37,339.00,374.51,-18.09,0,0.406,1.000,0.863,1,1,
2026-05-06 00:22:00,1777994520.097,154334,209304,89.19,0.0417,0.0400,37,330.00,364.23,-7.14,0,0.402,1.000,0.873,1,1,
2026-05-06 00:22:01,1777994521.097,153402,206400,89.85,0.0425,0.0404,37,323.00,352.74,-7.61,0,0.405,1.000,0.874,1,1,
2026-05-06 00:22:02,1777994522.097,154211,208587,89.26,0.0425,0.0407,37,321.00,340.69,0.00,0,0.401,1.000,0.920,1,1,
2026-05-06 00:22:03,1777994523.101,153673,206847,88.65,0.0420,0.0409,37,322.00,330.68,0.00,0,0.397,1.000,1.000,1,1,
2026-05-06 00:22:04,1777994524.097,154050,207860,86.62,0.0420,0.0411,37,324.00,325.64,3.06,0,0.416,1.000,0.974,1,1,
2026-05-06 00:22:05,1777994525.097,154967,210404,85.28,0.0420,0.0412,37,322.00,323.36,-2.17,0,0.378,1.000,0.951,1,1,
2026-05-06 00:22:06,1777994526.097,154136,207892,90.20,0.0437,0.0416,38,322.00,322.79,-4.08,0,0.403,1.000,0.952,1,1,
2026-05-06 00:22:07,1777994527.097,154006,207411,90.97,0.0435,0.0419,40,322.00,322.56,1.09,0,0.418,1.000,0.955,1,1,
2026-05-06 00:22:08,1777994528.097,154149,207661,93.94,0.0434,0.0421,41,321.00,322.36,-2.04,0,0.422,1.000,0.926,1,1,
2026-05-06 00:22:09,1777994529.097,153224,205023,95.94,0.0430,0.0423,41,320.00,322.12,0.00,0,0.432,1.000,0.907,1,1,
2026-05-06 00:22:10,1777994530.097,154226,207886,95.94,0.0430,0.0424,41,318.00,321.73,-3.14,0,0.432,1.000,0.907,1,1,
2026-05-06 00:22:11,1777994531.097,153691,206411,94.68,0.0413,0.0422,39,319.00,320.96,1.02,0,0.436,1.000,0.900,1,1,
2026-05-06 00:22:12,1777994532.097,154286,208437,94.36,0.0413,0.0421,39,317.00,320.38,-4.17,0,0.425,1.000,0.901,1,1,
2026-05-06 00:22:13,1777994533.097,153870,207358,94.03,0.0386,0.0415,39,320.00,319.87,3.06,0,0.455,1.000,0.906,1,1,
2026-05-06 00:22:14,1777994534.097,153557,206280,95.13,0.0387,0.0411,40,321.00,319.43,-1.04,0,0.431,1.000,0.935,1,1,
2026-05-06 00:22:15,1777994535.097,154995,210331,94.74,0.0387,0.0407,40,318.00,319.05,-2.17,0,0.430,1.000,0.992,1,1,
2026-05-06 00:22:16,1777994536.099,154938,210214,98.35,0.0390,0.0405,40,314.00,318.86,-6.24,0,0.450,1.000,0.963,1,1,
2026-05-06 00:22:17,1777994537.099,154731,209828,98.54,0.0393,0.0403,40,314.00,318.15,-2.18,0,0.452,1.000,0.960,1,1,
2026-05-06 00:22:18,1777994538.097,156082,214123,92.74,0.0413,0.0404,40,308.00,316.39,-8.70,0,0.420,1.000,0.899,1,1,
2026-05-06 00:22:19,1777994539.097,157438,218717,89.16,0.0413,0.0406,40,304.00,313.43,-1.04,0,0.401,1.000,0.864,1,1,
2026-05-06 00:22:20,1777994540.097,158046,221072,83.77,0.0418,0.0407,39,303.00,310.26,3.25,0,0.404,1.000,0.805,1,1,
2026-05-06 00:22:21,1777994541.097,158641,223378,85.40,0.0416,0.0409,39,303.00,307.15,2.08,0,0.400,1.000,0.802,1,1,
2026-05-06 00:22:22,1777994542.097,158433,223276,85.40,0.0416,0.0410,39,301.00,304.40,-2.17,0,0.379,1.000,0.802,1,1,
2026-05-06 00:22:23,1777994543.097,158030,222578,85.40,0.0416,0.0411,39,301.00,302.89,-4.08,0,0.379,1.000,0.802,1,1,
2026-05-06 00:22:24,1777994544.097,156531,217014,85.40,0.0416,0.0411,39,304.00,302.51,3.26,0,0.411,1.000,0.802,1,1,
2026-05-06 00:22:25,1777994545.097,156424,215874,85.40,0.0416,0.0412,39,304.00,302.57,3.06,0,0.409,1.000,0.802,1,1,
2026-05-06 00:22:26,1777994546.097,155612,213494,85.40,0.0416,0.0413,39,302.00,302.67,-2.08,0,0.378,1.000,0.802,1,1,
2026-05-06 00:22:27,1777994547.098,155339,212067,90.21,0.0411,0.0412,33,304.00,302.95,-2.04,0,0.404,1.000,0.805,1,1,
2026-05-06 00:22:28,1777994548.098,155629,212020,91.44,0.0410,0.0412,34,303.00,303.13,-1.04,0,0.411,1.000,0.805,1,1,
2026-05-06 00:22:29,1777994549.097,155380,210570,89.53,0.0410,0.0412,35,305.00,303.48,-1.02,0,0.401,1.000,0.825,1,1,
2026-05-06 00:22:30,1777994550.097,155799,211620,85.23,0.0428,0.0414,35,305.00,303.80,0.00,0,0.377,0.973,0.784,1,1,
2026-05-06 00:22:31,1777994551.097,156623,214214,86.42,0.0446,0.0419,35,306.00,304.14,3.06,0,0.413,1.000,0.838,1,1,
2026-05-06 00:22:32,1777994552.097,155795,211862,86.29,0.0458,0.0425,35,306.00,304.59,1.09,0,0.391,1.000,0.841,1,1,
2026-05-06 00:22:33,1777994553.097,156089,212960,88.94,0.0464,0.0431,35,309.00,305.26,5.10,0,0.443,1.000,0.847,1,1,
2026-05-06 00:22:34,1777994554.097,154951,209509,88.71,0.0464,0.0436,35,307.00,305.94,-1.06,0,0.390,1.000,0.862,1,1,
2026-05-06 00:22:35,1777994555.097,155232,210285,88.71,0.0464,0.0440,35,308.00,306.87,-2.04,0,0.389,1.000,0.862,1,1,
2026-05-06 00:22:36,1777994556.097,154177,206879,87.42,0.0458,0.0443,32,312.00,307.95,4.08,0,0.422,1.000,0.871,1,1,
2026-05-06 00:22:37,1777994557.097,154873,208725,83.32,0.0471,0.0447,32,313.00,309.02,3.06,0,0.388,1.000,0.833,1,1,
2026-05-06 00:22:38,1777994558.097,155791,211588,81.58,0.0467,0.0450,32,310.00,310.06,-4.35,0,0.348,1.000,0.856,1,1,
2026-05-06 00:22:39,1777994559.097,154954,209087,83.20,0.0475,0.0454,32,312.00,311.03,1.02,0,0.365,1.000,0.881,1,1,
2026-05-06 00:22:40,1777994560.097,155542,211268,79.77,0.0489,0.0459,33,312.00,311.85,1.09,0,0.346,1.000,0.844,1,1,
2026-05-06 00:22:41,1777994561.097,156449,214474,79.48,0.0494,0.0465,33,318.00,312.83,4.08,0,0.373,1.000,0.843,1,1,
2026-05-06 00:22:42,1777994562.097,155632,212196,82.93,0.0519,0.0473,33,315.00,313.73,-2.17,0,0.349,1.000,0.843,1,1,
2026-05-06 00:22:43,1777994563.097,156075,213756,84.70,0.0523,0.0481,33,315.00,314.69,0.00,0,0.356,1.000,0.877,1,1,
2026-05-06 00:22:44,1777994564.097,155052,210726,84.70,0.0523,0.0487,33,318.00,315.60,3.06,0,0.385,1.000,0.877,1,1,
2026-05-06 00:22:45,1777994565.097,155449,212033,84.70,0.0523,0.0493,33,322.00,316.67,3.13,0,0.384,1.000,0.877,1,1,
2026-05-06 00:22:46,1777994566.097,154176,208358,84.70,0.0523,0.0497,33,320.00,317.69,0.00,0,0.352,1.000,0.877,1,1,
2026-05-06 00:22:47,1777994567.097,154639,209938,85.99,0.0527,0.0502,27,319.00,318.70,-2.08,0,0.357,1.000,0.869,1,1,
2026-05-06 00:22:48,1777994568.097,153609,206922,86.21,0.0519,0.0504,27,322.00,319.67,3.06,0,0.388,1.000,0.888,1,1,
2026-05-06 00:22:49,1777994569.097,154116,208463,85.13,0.0526,0.0508,27,322.00,320.68,0.00,0,0.351,1.000,0.889,1,1,
2026-05-06 00:22:50,1777994570.097,154822,210663,84.44,0.0520,0.0510,27,324.00,321.59,0.00,0,0.347,1.000,0.889,1,1,
2026-05-06 00:22:51,1777994571.097,153930,208011,83.82,0.0471,0.0504,27,324.00,322.36,0.00,0,0.345,1.000,0.994,1,1,
2026-05-06 00:22:52,1777994572.097,154611,210026,85.37,0.0467,0.0498,28,326.00,323.15,2.09,0,0.376,1.000,0.995,1,1,
2026-05-06 00:22:53,1777994573.097,153505,206693,89.00,0.0457,0.0492,30,327.00,324.03,0.00,0,0.376,1.000,0.952,1,1,
2026-05-06 00:22:54,1777994574.097,154383,209353,86.67,0.0474,0.0489,31,328.00,324.93,2.08,0,0.385,1.000,0.954,1,1,
2026-05-06 00:22:55,1777994575.097,153649,207226,87.71,0.0467,0.0486,33,327.00,325.80,-1.09,0,0.371,1.000,0.961,1,1,
2026-05-06 00:22:56,1777994576.097,154179,209016,87.90,0.0459,0.0482,34,329.00,326.70,-3.12,0,0.373,1.000,0.965,1,1,
2026-05-06 00:22:57,1777994577.097,152965,205577,89.31,0.0456,0.0478,36,327.00,327.68,0.00,0,0.382,1.000,0.950,1,1,
2026-05-06 00:22:58,1777994578.097,153648,207606,89.83,0.0452,0.0474,36,331.00,328.59,4.08,0,0.426,1.000,0.954,1,1,
2026-05-06 00:22:59,1777994579.097,152831,205107,87.56,0.0462,0.0472,36,332.00,329.53,2.17,0,0.396,1.000,0.954,1,1,
2026-05-06 00:23:00,1777994580.097,153503,206822,87.80,0.0441,0.0467,36,335.00,330.67,1.02,0,0.387,1.000,0.962,1,1,
2026-05-06 00:23:01,1777994581.097,153338,206257,86.30,0.0418,0.0460,36,335.00,331.87,0.00,0,0.370,1.000,0.973,1,1,
2026-05-06 00:23:02,1777994582.097,153672,207286,87.01,0.0417,0.0453,36,336.00,332.94,3.06,0,0.407,1.000,0.973,1,1,
2026-05-06 00:23:03,1777994583.097,153166,205886,90.89,0.0411,0.0447,36,337.00,334.14,-1.09,0,0.399,1.000,0.961,1,1,
2026-05-06 00:23:04,1777994584.097,153293,206284,89.92,0.0414,0.0442,36,339.00,335.39,3.06,0,0.425,1.000,0.977,1,1,
2026-05-06 00:23:05,1777994585.097,152649,204564,92.12,0.0408,0.0437,38,340.00,336.58,1.09,0,0.419,1.000,0.961,1,1,
2026-05-06 00:23:06,1777994586.097,153443,207013,94.72,0.0408,0.0432,39,342.00,337.76,4.08,0,0.464,1.000,0.936,1,1,
2026-05-06 00:23:07,1777994587.097,152577,204683,90.85,0.0411,0.0429,39,344.00,339.03,2.18,0,0.425,1.000,0.934,1,1,
2026-05-06 00:23:08,1777994588.097,153406,207111,89.89,0.0399,0.0424,39,344.00,340.15,3.06,0,0.430,1.000,0.934,1,1,
2026-05-06 00:23:09,1777994589.097,152672,204969,88.75,0.0376,0.0417,39,344.00,341.32,0.00,0,0.395,1.000,0.954,1,1,
2026-05-06 00:23:10,1777994590.097,153733,208027,88.66,0.0371,0.0410,40,348.00,342.60,1.02,0,0.407,1.000,0.955,1,1,
2026-05-06 00:23:11,1777994591.097,152840,205314,94.95,0.0365,0.0403,40,347.00,343.93,-1.06,0,0.432,1.000,0.912,1,1,
2026-05-06 00:23:12,1777994592.097,153459,206995,94.95,0.0365,0.0397,40,350.00,345.26,4.08,0,0.475,1.000,0.912,1,1,
2026-05-06 00:23:13,1777994593.097,152771,204709,90.52,0.0414,0.0400,38,351.00,346.65,1.02,0,0.420,1.000,0.901,1,1,
2026-05-06 00:23:14,1777994594.097,153661,207113,89.69,0.0413,0.0402,39,350.00,348.09,-2.04,0,0.404,1.000,0.901,1,1,
2026-05-06 00:23:15,1777994595.097,152612,204029,88.81,0.0403,0.0402,41,352.00,349.38,3.19,0,0.432,1.000,0.902,1,1,
2026-05-06 00:23:16,1777994596.097,153414,206264,86.73,0.0403,0.0402,42,356.00,350.48,6.12,0,0.450,1.000,0.910,1,1,
2026-05-06 00:23:17,1777994597.097,152857,204469,89.53,0.0402,0.0402,43,353.00,351.64,0.00,0,0.404,1.000,0.904,1,1,
2026-05-06 00:23:18,1777994598.097,153806,207024,90.99,0.0395,0.0401,43,356.00,352.71,-1.04,0,0.412,1.000,0.907,1,1,
2026-05-06 00:23:19,1777994599.097,152954,204167,93.89,0.0399,0.0401,43,356.00,353.67,-1.09,0,0.427,1.000,0.884,1,1,
2026-05-06 00:23:20,1777994600.097,153772,206527,93.84,0.0399,0.0400,43,359.00,354.68,3.07,0,0.458,1.000,0.885,1,1,
2026-05-06 00:23:21,1777994601.097,153275,204935,93.03,0.0398,0.0400,44,358.00,355.74,-1.09,0,0.423,1.000,0.904,1,1,
2026-05-06 00:23:22,1777994602.097,154123,207673,92.43,0.0395,0.0399,44,359.00,356.73,1.09,0,0.431,1.000,0.927,1,1,
2026-05-06 00:23:23,1777994603.097,153363,205402,89.93,0.0392,0.0398,44,360.00,357.82,1.04,0,0.417,1.000,0.937,1,1,
2026-05-06 00:23:24,1777994604.097,154251,208231,87.34,0.0376,0.0395,44,362.00,358.99,3.26,0,0.426,1.000,0.935,1,1,
2026-05-06 00:23:25,1777994605.097,153449,205775,87.92,0.0375,0.0392,44,361.00,360.14,1.04,0,0.408,1.000,0.936,1,1,
2026-05-06 00:23:26,1777994606.097,154239,208181,88.04,0.0375,0.0389,44,363.00,361.19,1.09,0,0.410,1.000,0.936,1,1,
2026-05-06 00:23:27,1777994607.097,153460,205711,90.93,0.0375,0.0387,44,365.00,362.31,-3.06,0,0.415,1.000,0.946,1,1,
2026-05-06 00:23:28,1777994608.097,153983,207225,91.04,0.0378,0.0386,44,366.00,363.40,-2.18,0,0.416,1.000,0.949,1,1,
2026-05-06 00:23:29,1777994609.098,153038,204189,91.04,0.0378,0.0385,44,369.00,364.48,0.00,0,0.416,1.000,0.949,1,1,
2026-05-06 00:23:30,1777994610.097,153714,206097,92.98,0.0376,0.0383,42,369.00,365.60,0.00,0,0.427,1.000,0.959,1,1,
2026-05-06 00:23:31,1777994611.097,152536,202540,87.03,0.0402,0.0386,42,368.00,366.72,2.04,0,0.415,1.000,0.930,1,1,
2026-05-06 00:23:32,1777994612.097,153417,205088,85.62,0.0397,0.0388,42,370.00,367.78,2.08,0,0.407,1.000,0.922,1,1,
2026-05-06 00:23:33,1777994613.097,154174,207405,84.75,0.0392,0.0388,42,372.00,368.73,0.00,0,0.382,1.000,0.913,1,1,
2026-05-06 00:23:34,1777994614.097,153318,204881,82.80,0.0398,0.0390,41,371.00,369.47,-1.08,0,0.371,1.000,0.882,1,1,
2026-05-06 00:23:35,1777994615.098,154152,207500,84.78,0.0402,0.0392,41,369.00,370.08,1.02,0,0.391,1.000,0.882,1,1,
2026-05-06 00:23:36,1777994616.097,153109,204589,88.72,0.0382,0.0390,41,372.00,370.78,3.06,0,0.433,1.000,0.869,1,1,
2026-05-06 00:23:37,1777994617.097,153157,204812,88.72,0.0382,0.0389,41,376.00,371.55,1.02,0,0.413,1.000,0.869,1,1,
2026-05-06 00:23:38,1777994618.097,152700,203274,88.72,0.0382,0.0388,41,376.00,372.51,0.00,0,0.403,1.000,0.869,1,1,
2026-05-06 00:23:39,1777994619.097,151986,201041,90.45,0.0397,0.0389,38,374.00,373.62,1.02,0,0.422,1.000,0.866,1,1,
2026-05-06 00:23:40,1777994620.098,152392,202215,87.75,0.0403,0.0391,37,377.00,374.73,2.17,0,0.419,1.000,0.903,1,1,
2026-05-06 00:23:41,1777994621.097,152808,203601,84.25,0.0408,0.0394,37,381.00,375.86,6.25,0,0.440,1.000,0.883,1,1,
2026-05-06 00:23:42,1777994622.097,153064,204351,78.18,0.0357,0.0388,38,379.00,376.79,-1.08,0,0.346,0.994,0.797,1,1,
2026-05-06 00:23:43,1777994623.097,152865,203996,76.87,0.0352,0.0383,39,379.00,377.72,-2.17,0,0.341,0.949,0.769,1,1,
2026-05-06 00:23:44,1777994624.097,154367,208503,77.68,0.0357,0.0379,38,379.00,378.65,-4.17,0,0.346,0.949,0.770,1,1,
2026-05-06 00:23:45,1777994625.097,154428,208467,79.85,0.0363,0.0376,38,380.00,379.57,0.00,0,0.358,0.949,0.770,1,1,
2026-05-06 00:23:46,1777994626.097,153731,206374,80.96,0.0364,0.0375,38,384.00,380.57,-2.08,0,0.365,0.985,0.791,1,1,
2026-05-06 00:23:47,1777994627.097,154707,209191,80.16,0.0364,0.0373,38,383.00,381.53,-3.26,0,0.361,1.000,0.846,1,1,
2026-05-06 00:23:48,1777994628.098,154118,207506,83.87,0.0370,0.0372,38,386.00,382.52,-1.02,0,0.381,1.000,0.845,1,1,
2026-05-06 00:23:49,1777994629.097,155134,210679,85.46,0.0364,0.0371,38,385.00,383.40,-1.04,0,0.390,1.000,0.839,1,1,
2026-05-06 00:23:50,1777994630.097,154973,210335,89.06,0.0370,0.0371,38,386.00,384.47,-3.06,0,0.409,1.000,0.826,1,1,
2026-05-06 00:23:51,1777994631.097,155121,210906,89.06,0.0370,0.0371,38,388.00,385.53,3.26,0,0.442,1.000,0.826,1,1,
2026-05-06 00:23:52,1777994632.097,154182,207934,89.06,0.0370,0.0371,38,387.00,386.53,1.02,0,0.420,1.000,0.826,1,1,
2026-05-06 00:23:53,1777994633.097,156379,214662,89.06,0.0370,0.0371,38,387.00,387.35,0.00,0,0.410,1.000,0.826,1,1,
2026-05-06 00:23:54,1777994634.097,157820,219613,87.37,0.0406,0.0376,34,387.00,388.15,-1.02,0,0.399,1.000,0.903,1,1,
2026-05-06 00:23:55,1777994635.097,159002,223807,89.57,0.0411,0.0382,34,388.00,388.70,1.02,0,0.420,1.000,0.879,1,1,
2026-05-06 00:23:56,1777994636.097,159461,225626,95.06,0.0435,0.0390,34,392.00,389.31,-3.06,0,0.437,1.000,0.811,1,1,
2026-05-06 00:23:57,1777994637.097,159392,226242,95.06,0.0435,0.0397,34,391.00,389.89,-1.09,0,0.435,1.000,0.811,1,1,
2026-05-06 00:23:58,1777994638.099,158155,223415,95.06,0.0435,0.0403,34,395.00,390.65,0.00,0,0.433,1.000,0.811,1,1,
2026-05-06 00:23:59,1777994639.097,157348,220727,95.06,0.0435,0.0407,34,393.00,391.47,-2.04,0,0.432,1.000,0.811,1,1,
2026-05-06 00:24:00,1777994640.097,157401,220017,95.06,0.0435,0.0412,34,393.00,392.00,3.07,0,0.461,1.000,0.811,1,1,
2026-05-06 00:24:01,1777994641.097,156500,216388,95.06,0.0435,0.0415,34,392.00,392.37,-2.17,0,0.430,1.000,0.811,1,1,
2026-05-06 00:24:02,1777994642.097,156555,216235,90.58,0.0527,0.0432,27,397.00,392.79,5.21,0,0.453,0.897,0.738,1,1,
2026-05-06 00:24:03,1777994643.097,156757,216002,87.98,0.0517,0.0445,28,393.00,393.04,-3.26,0,0.383,0.976,0.785,1,1,
2026-05-06 00:24:04,1777994644.097,156419,214206,89.98,0.0516,0.0456,28,392.00,393.36,-3.12,0,0.391,1.000,0.800,1,1,
2026-05-06 00:24:05,1777994645.097,156062,212349,90.15,0.0516,0.0465,28,396.00,394.01,3.25,0,0.422,1.000,0.800,1,1,
2026-05-06 00:24:06,1777994646.098,156846,214551,94.42,0.0546,0.0478,28,394.00,394.80,1.04,0,0.420,1.000,0.833,1,1,
2026-05-06 00:24:07,1777994647.097,156213,212457,89.15,0.0582,0.0494,29,398.00,395.56,4.09,0,0.417,1.000,0.857,1,1,
2026-05-06 00:24:08,1777994648.100,156372,212992,86.93,0.0573,0.0506,30,401.00,396.42,5.19,0,0.413,1.000,0.858,1,1,
2026-05-06 00:24:09,1777994649.097,156744,214225,83.76,0.0568,0.0515,31,396.00,397.02,-5.12,0,0.342,1.000,0.834,1,1,
2026-05-06 00:24:10,1777994650.097,156004,212043,80.67,0.0544,0.0520,31,396.00,397.10,2.17,0,0.345,1.000,0.814,1,1,
2026-05-06 00:24:11,1777994651.097,156544,214130,81.71,0.0545,0.0524,31,395.00,396.97,2.08,0,0.349,1.000,0.824,1,1,
2026-05-06 00:24:12,1777994652.097,156665,214716,82.33,0.0545,0.0527,31,397.00,396.92,3.27,0,0.363,1.000,0.832,1,1,
2026-05-06 00:24:13,1777994653.097,155424,211192,84.48,0.0549,0.0530,31,394.00,396.31,-1.02,0,0.341,1.000,0.833,1,1,
2026-05-06 00:24:14,1777994654.100,155591,211722,84.48,0.0549,0.0533,31,384.00,394.21,-8.70,0,0.341,1.000,0.833,1,1,
2026-05-06 00:24:15,1777994655.097,154868,209579,84.48,0.0549,0.0536,31,381.00,391.54,-1.02,0,0.340,1.000,0.833,1,1,
2026-05-06 00:24:16,1777994656.099,155222,210534,85.85,0.0558,0.0539,28,383.00,388.69,4.35,0,0.390,1.000,0.824,1,1,
2026-05-06 00:24:17,1777994657.098,154381,207865,92.35,0.0558,0.0542,28,380.00,385.57,2.04,0,0.401,1.000,0.826,1,1,
2026-05-06 00:24:18,1777994658.098,154877,208967,90.85,0.0573,0.0547,28,380.00,382.75,0.00,0,0.371,1.000,0.823,1,1,
2026-05-06 00:24:19,1777994659.097,154587,207627,94.55,0.0584,0.0552,28,381.00,381.32,-3.06,0,0.390,0.994,0.796,1,1,
2026-05-06 00:24:20,1777994660.097,153936,205013,92.08,0.0565,0.0554,28,378.00,380.64,-3.06,0,0.376,1.000,0.881,1,1,
2026-05-06 00:24:21,1777994661.097,154662,206861,92.08,0.0565,0.0556,28,378.00,380.27,-5.10,0,0.375,1.000,0.881,1,1,
2026-05-06 00:24:22,1777994662.097,155510,209273,92.08,0.0565,0.0557,28,380.00,380.04,0.00,0,0.375,1.000,0.881,1,1,
2026-05-06 00:24:23,1777994663.097,156102,211210,92.08,0.0565,0.0558,28,383.00,379.90,4.08,0,0.415,1.000,0.881,1,1,
2026-05-06 00:24:24,1777994664.097,156157,211571,86.86,0.0586,0.0563,27,381.00,379.96,1.09,0,0.356,1.000,0.836,1,1,
2026-05-06 00:24:25,1777994665.097,155397,209621,86.86,0.0586,0.0566,27,383.00,380.22,4.08,0,0.385,1.000,0.836,1,1,
2026-05-06 00:24:26,1777994666.097,155410,209823,85.51,0.0484,0.0554,26,381.00,380.49,-1.09,0,0.341,1.000,0.814,1,1,
2026-05-06 00:24:27,1777994667.097,154739,207800,82.90,0.0481,0.0543,27,381.00,380.87,-3.12,0,0.330,0.949,0.769,1,1,
2026-05-06 00:24:28,1777994668.098,154815,207936,82.90,0.0481,0.0533,27,383.00,381.28,2.17,0,0.354,0.949,0.769,1,1,
2026-05-06 00:24:29,1777994669.097,155376,209594,83.07,0.0478,0.0525,28,385.00,381.79,-2.08,0,0.335,0.957,0.774,1,1,
2026-05-06 00:24:30,1777994670.097,154242,206288,83.23,0.0462,0.0515,30,383.00,382.42,-2.04,0,0.339,1.000,0.958,1,1,
2026-05-06 00:24:31,1777994671.097,154723,207866,81.53,0.0460,0.0507,31,386.00,382.96,5.21,0,0.384,1.000,0.992,1,1,
2026-05-06 00:24:32,1777994672.097,155392,210038,82.22,0.0458,0.0499,32,386.00,383.50,0.00,0,0.338,1.000,0.996,1,1,
2026-05-06 00:24:33,1777994673.097,154055,206125,80.13,0.0458,0.0493,32,383.00,383.99,-3.26,0,0.328,1.000,0.994,1,1,
2026-05-06 00:24:34,1777994674.097,154621,207973,81.35,0.0458,0.0487,32,385.00,384.47,-3.12,0,0.336,1.000,0.995,1,1,
2026-05-06 00:24:35,1777994675.097,154149,206764,84.26,0.0427,0.0478,31,384.00,384.82,-1.09,0,0.354,1.000,0.975,1,1,
2026-05-06 00:24:36,1777994676.100,153937,206245,83.99,0.0373,0.0462,31,385.00,385.22,-5.21,0,0.357,1.000,0.974,1,1,
2026-05-06 00:24:37,1777994677.097,154158,207025,85.39,0.0379,0.0449,31,386.00,385.60,2.17,0,0.390,1.000,0.966,1,1,
2026-05-06 00:24:38,1777994678.097,153294,204672,88.11,0.0371,0.0437,31,388.00,386.07,-3.06,0,0.386,1.000,0.937,1,1,
2026-05-06 00:24:39,1777994679.097,153992,206930,88.16,0.0367,0.0426,32,389.00,386.61,1.04,0,0.400,1.000,0.935,1,1,
2026-05-06 00:24:40,1777994680.097,153413,205437,88.25,0.0367,0.0417,32,387.00,387.10,2.05,0,0.413,1.000,0.925,1,1,
2026-05-06 00:24:41,1777994681.097,154107,207711,90.06,0.0365,0.0409,32,388.00,387.67,2.17,0,0.426,1.000,0.904,1,1,
2026-05-06 00:24:42,1777994682.097,153113,204941,89.03,0.0364,0.0402,32,388.00,388.17,1.02,0,0.411,1.000,0.923,1,1,
2026-05-06 00:24:43,1777994683.097,153827,207154,86.86,0.0371,0.0397,32,389.00,388.65,1.04,0,0.401,1.000,0.946,1,1,
2026-05-06 00:24:44,1777994684.097,153107,205104,87.71,0.0366,0.0393,34,389.00,389.19,-4.08,0,0.396,1.000,0.993,1,1,
2026-05-06 00:24:45,1777994685.097,154178,208295,87.90,0.0360,0.0388,35,391.00,389.72,2.04,0,0.419,1.000,1.000,1,1,
2026-05-06 00:24:46,1777994686.097,153753,207352,86.94,0.0362,0.0384,36,393.00,390.33,-2.04,0,0.395,1.000,1.000,1,1,
2026-05-06 00:24:47,1777994687.097,154209,209175,89.30,0.0362,0.0380,36,390.00,390.85,-3.26,0,0.408,1.000,0.989,1,1,
2026-05-06 00:24:48,1777994688.098,153525,207189,87.47,0.0362,0.0378,36,394.00,391.54,-1.02,0,0.399,1.000,0.980,1,1,
2026-05-06 00:24:49,1777994689.097,153544,207285,85.77,0.0361,0.0375,35,395.00,392.12,1.02,0,0.401,1.000,0.968,1,1,
2026-05-06 00:24:50,1777994690.097,154229,208856,85.77,0.0361,0.0373,35,396.00,392.77,5.10,0,0.442,1.000,0.968,1,1,
2026-05-06 00:24:51,1777994691.097,153085,205302,86.68,0.0340,0.0368,34,394.00,393.44,-3.26,0,0.397,1.000,0.975,1,1,
2026-05-06 00:24:52,1777994692.097,153630,206606,83.61,0.0362,0.0367,35,394.00,394.22,1.02,0,0.391,1.000,0.939,1,1,
2026-05-06 00:24:53,1777994693.097,153482,206165,83.44,0.0358,0.0366,37,396.00,394.82,2.17,0,0.402,1.000,0.937,1,1,
2026-05-06 00:24:54,1777994694.097,153562,206514,85.02,0.0359,0.0365,38,399.00,395.26,5.10,0,0.441,1.000,0.937,1,1,
2026-05-06 00:24:55,1777994695.097,154231,208624,84.54,0.0357,0.0363,38,395.00,395.57,-1.09,0,0.387,1.000,0.939,1,1,
2026-05-06 00:24:56,1777994696.097,153382,206251,85.59,0.0352,0.0362,39,399.00,395.73,2.08,0,0.414,1.000,0.939,1,1,
2026-05-06 00:24:57,1777994697.097,153811,207673,86.56,0.0346,0.0359,39,394.00,395.58,-3.26,0,0.399,1.000,0.940,1,1,
2026-05-06 00:24:58,1777994698.097,152794,204905,88.89,0.0346,0.0357,40,391.00,394.56,-3.12,0,0.412,1.000,0.943,1,1,
2026-05-06 00:24:59,1777994699.098,153484,206835,88.89,0.0346,0.0356,40,389.00,393.05,-1.09,0,0.413,1.000,0.943,1,1,
2026-05-06 00:25:00,1777994700.097,153582,206748,83.04,0.0396,0.0362,39,388.00,391.63,-3.26,0,0.380,1.000,0.881,1,1,
2026-05-06 00:25:01,1777994701.097,153847,207401,83.04,0.0396,0.0367,39,388.00,390.11,0.00,0,0.378,1.000,0.881,1,1,
2026-05-06 00:25:02,1777994702.097,154935,210284,83.04,0.0396,0.0372,39,388.00,388.67,-2.17,0,0.377,1.000,0.881,1,1,
2026-05-06 00:25:03,1777994703.097,154029,207312,84.33,0.0441,0.0382,38,385.00,387.82,0.00,0,0.381,1.000,0.891,1,1,
2026-05-06 00:25:04,1777994704.097,155183,210500,83.06,0.0437,0.0391,38,378.00,386.59,-7.61,0,0.372,1.000,0.883,1,1,
2026-05-06 00:25:05,1777994705.097,155211,210756,84.35,0.0447,0.0399,38,379.00,384.73,-5.21,0,0.376,1.000,0.882,1,1,
2026-05-06 00:25:06,1777994706.097,156024,213416,85.77,0.0448,0.0407,38,379.00,382.76,1.09,0,0.393,1.000,0.881,1,1,
2026-05-06 00:25:07,1777994707.097,155568,212291,88.53,0.0449,0.0413,38,378.00,380.60,3.06,0,0.426,1.000,0.861,1,1,
2026-05-06 00:25:08,1777994708.097,155563,212593,88.53,0.0449,0.0419,38,379.00,378.80,0.00,0,0.394,1.000,0.861,1,1,
2026-05-06 00:25:09,1777994709.097,154310,208876,88.53,0.0449,0.0423,38,378.00,377.71,3.06,0,0.423,1.000,0.861,1,1,
2026-05-06 00:25:10,1777994710.097,154957,210164,88.53,0.0449,0.0427,38,376.00,377.24,-3.26,0,0.391,1.000,0.861,1,1,
2026-05-06 00:25:11,1777994711.097,154556,208548,88.53,0.0449,0.0431,38,377.00,376.82,-2.04,0,0.390,1.000,0.861,1,1,
2026-05-06 00:25:12,1777994712.097,154954,209502,88.43,0.0493,0.0440,31,375.00,376.44,-2.08,0,0.387,1.000,0.935,1,1,
2026-05-06 00:25:13,1777994713.097,155748,211545,84.66,0.0509,0.0451,31,374.00,375.86,-4.08,0,0.364,1.000,0.894,1,1,
2026-05-06 00:25:14,1777994714.097,155039,209244,87.97,0.0554,0.0467,31,367.00,374.42,-7.43,0,0.378,1.000,0.892,1,1,
2026-05-06 00:25:15,1777994715.097,155446,210261,86.20,0.0559,0.0481,31,367.00,372.20,1.02,0,0.374,1.000,0.882,1,1,
2026-05-06 00:25:16,1777994716.097,154709,208183,87.41,0.0554,0.0492,31,366.00,370.02,0.00,0,0.368,1.000,0.891,1,1,
2026-05-06 00:25:17,1777994717.097,155523,210901,87.71,0.0549,0.0501,31,366.00,367.89,4.08,0,0.408,1.000,0.914,1,1,
2026-05-06 00:25:18,1777994718.097,154413,207796,86.16,0.0529,0.0505,31,365.00,365.78,0.00,0,0.357,1.000,0.928,1,1,
2026-05-06 00:25:19,1777994719.098,155253,210637,83.14,0.0530,0.0509,31,365.00,364.67,4.08,0,0.381,1.000,0.900,1,1,
2026-05-06 00:25:20,1777994720.097,156058,213133,85.16,0.0547,0.0515,31,364.00,364.26,-1.02,0,0.349,1.000,0.907,1,1,
2026-05-06 00:25:21,1777994721.100,155284,210939,84.71,0.0568,0.0523,33,362.00,363.98,-4.07,0,0.345,1.000,0.899,1,1,
2026-05-06 00:25:22,1777994722.097,156181,213877,84.03,0.0555,0.0528,33,361.00,363.82,-1.02,0,0.340,1.000,0.904,1,1,
2026-05-06 00:25:23,1777994723.097,155332,211431,84.81,0.0563,0.0533,33,361.00,363.55,0.00,0,0.342,1.000,0.920,1,1,
2026-05-06 00:25:24,1777994724.097,155672,212551,84.25,0.0559,0.0537,33,363.00,363.34,2.04,0,0.359,1.000,0.941,1,1,
2026-05-06 00:25:25,1777994725.097,156138,214047,83.90,0.0556,0.0540,33,363.00,363.05,-1.04,0,0.336,1.000,0.944,1,1,
2026-05-06 00:25:26,1777994726.097,155862,213284,83.53,0.0551,0.0542,33,362.00,362.69,-1.02,0,0.333,1.000,0.948,1,1,
2026-05-06 00:25:27,1777994727.097,156926,216734,85.27,0.0556,0.0544,33,363.00,362.26,1.04,0,0.352,1.000,0.948,1,1,
2026-05-06 00:25:28,1777994728.097,156814,216509,87.97,0.0549,0.0545,33,357.00,361.36,-4.35,0,0.356,1.000,0.938,1,1,
2026-05-06 00:25:29,1777994729.097,157370,218395,88.07,0.0542,0.0544,34,357.00,360.31,1.04,0,0.367,1.000,0.935,1,1,
2026-05-06 00:25:30,1777994730.097,157801,219950,88.07,0.0542,0.0544,34,358.00,359.49,1.02,0,0.367,1.000,0.935,1,1,
2026-05-06 00:25:31,1777994731.097,157251,218301,82.67,0.0514,0.0539,33,359.00,358.77,4.17,0,0.371,1.000,0.909,1,1,
2026-05-06 00:25:32,1777994732.097,156618,216215,82.67,0.0514,0.0535,33,358.00,358.14,-1.09,0,0.330,1.000,0.909,1,1,
2026-05-06 00:25:33,1777994733.097,156602,216006,82.67,0.0514,0.0532,33,359.00,358.18,3.27,0,0.364,1.000,0.909,1,1,
2026-05-06 00:25:34,1777994734.097,156400,215181,82.67,0.0514,0.0529,33,359.00,358.44,1.04,0,0.342,1.000,0.909,1,1,
2026-05-06 00:25:35,1777994735.097,155596,212896,82.67,0.0514,0.0527,33,357.00,358.54,-3.26,0,0.333,1.000,0.909,1,1,
2026-05-06 00:25:36,1777994736.098,156209,214509,82.95,0.0543,0.0529,29,356.00,358.63,-5.21,0,0.333,1.000,0.849,1,1,
2026-05-06 00:25:37,1777994737.097,154934,210460,86.09,0.0538,0.0531,29,358.00,358.76,0.00,0,0.350,1.000,0.847,1,1,
2026-05-06 00:25:38,1777994738.098,155419,211720,86.90,0.0528,0.0530,30,358.00,358.93,-4.08,0,0.354,1.000,0.847,1,1,
2026-05-06 00:25:39,1777994739.098,154531,208802,85.84,0.0516,0.0528,32,359.00,359.09,1.09,0,0.360,1.000,0.864,1,1,
2026-05-06 00:25:40,1777994740.097,154847,209757,83.10,0.0513,0.0526,33,360.00,359.45,-2.04,0,0.335,1.000,0.861,1,1,
2026-05-06 00:25:41,1777994741.100,155511,211788,83.12,0.0509,0.0523,34,361.00,359.87,2.17,0,0.358,1.000,0.945,1,1,
2026-05-06 00:25:42,1777994742.097,154285,208271,79.85,0.0502,0.0520,35,363.00,360.31,0.00,0,0.319,1.000,0.890,1,1,
2026-05-06 00:25:43,1777994743.097,154960,210406,79.34,0.0463,0.0511,35,361.00,360.60,-2.04,0,0.319,1.000,0.887,1,1,
2026-05-06 00:25:44,1777994744.097,155673,212722,81.02,0.0465,0.0504,35,361.00,361.08,-3.06,0,0.330,1.000,0.897,1,1,
2026-05-06 00:25:45,1777994745.097,154695,210046,82.07,0.0519,0.0506,35,362.00,361.46,2.12,0,0.356,1.000,0.871,1,1,
2026-05-06 00:25:46,1777994746.098,154985,211196,82.55,0.0523,0.0509,35,361.00,361.87,1.02,0,0.347,1.000,0.871,1,1,
2026-05-06 00:25:47,1777994747.097,154399,209530,82.69,0.0523,0.0511,35,364.00,362.34,3.06,0,0.368,1.000,0.881,1,1,
2026-05-06 00:25:48,1777994748.097,154238,209021,82.69,0.0523,0.0513,35,365.00,362.92,0.00,0,0.336,1.000,0.881,1,1,
2026-05-06 00:25:49,1777994749.097,155302,211976,82.69,0.0523,0.0515,35,365.00,363.53,-1.09,0,0.336,1.000,0.881,1,1,
2026-05-06 00:25:50,1777994750.097,155416,212139,81.37,0.0504,0.0513,31,366.00,364.09,1.02,0,0.340,1.000,0.895,1,1,
2026-05-06 00:25:51,1777994751.097,156209,214742,77.11,0.0506,0.0512,31,366.00,364.67,-1.09,0,0.307,1.000,0.837,1,1,
2026-05-06 00:25:52,1777994752.098,156817,216984,77.84,0.0521,0.0513,31,370.00,365.34,-1.02,0,0.310,1.000,0.845,1,1,
2026-05-06 00:25:53,1777994753.097,156253,215466,77.47,0.0517,0.0514,30,368.00,365.95,-2.04,0,0.308,1.000,0.854,1,1,
2026-05-06 00:25:54,1777994754.097,155718,213941,77.47,0.0517,0.0514,30,366.00,366.60,-3.12,0,0.308,1.000,0.854,1,1,
2026-05-06 00:25:55,1777994755.097,156051,215018,77.47,0.0517,0.0515,30,369.00,367.28,3.05,0,0.338,1.000,0.854,1,1,
2026-05-06 00:25:56,1777994756.097,155440,213138,77.47,0.0517,0.0515,30,373.00,367.93,2.04,0,0.328,1.000,0.854,1,1,
2026-05-06 00:25:57,1777994757.097,155209,212523,83.28,0.0634,0.0533,25,369.00,368.60,-1.09,0,0.334,0.833,0.700,1,1,
2026-05-06 00:25:58,1777994758.097,154979,211751,84.43,0.0643,0.0550,25,372.00,369.17,5.21,0,0.388,0.898,0.739,1,1,
2026-05-06 00:25:59,1777994759.097,155087,212124,85.81,0.0600,0.0558,25,370.00,369.64,-1.09,0,0.341,0.913,0.748,1,1,
2026-05-06 00:26:00,1777994760.098,156060,214943,83.08,0.0609,0.0566,26,373.00,370.12,-2.08,0,0.324,0.945,0.767,1,1,
2026-05-06 00:26:01,1777994761.097,155288,212485,82.57,0.0617,0.0574,27,373.00,370.62,0.00,0,0.319,1.000,0.833,1,1,
2026-05-06 00:26:02,1777994762.097,155571,213371,81.13,0.0606,0.0579,28,371.00,370.96,3.26,0,0.343,1.000,0.833,1,1,
2026-05-06 00:26:03,1777994763.097,156031,214581,83.67,0.0613,0.0584,29,373.00,371.23,3.13,0,0.354,1.000,0.860,1,1,
2026-05-06 00:26:04,1777994764.097,155449,212859,83.49,0.0596,0.0586,31,372.00,371.54,2.17,0,0.343,1.000,0.884,1,1,
2026-05-06 00:26:05,1777994765.097,155865,214191,85.22,0.0591,0.0587,32,373.00,371.82,2.08,0,0.351,1.000,0.890,1,1,
2026-05-06 00:26:06,1777994766.097,154804,211080,85.91,0.0588,0.0587,33,372.00,372.05,-2.17,0,0.334,1.000,0.901,1,1,
2026-05-06 00:26:07,1777994767.097,155182,212059,86.76,0.0588,0.0587,33,372.00,372.46,-1.04,0,0.338,1.000,0.906,1,1,
2026-05-06 00:26:08,1777994768.098,154429,209627,87.64,0.0588,0.0587,33,375.00,373.00,3.26,0,0.375,1.000,0.929,1,1,
2026-05-06 00:26:09,1777994769.097,155101,211379,89.76,0.0588,0.0588,33,373.00,373.46,2.04,0,0.375,1.000,0.907,1,1,
2026-05-06 00:26:10,1777994770.100,154016,207766,91.35,0.0601,0.0590,33,375.00,373.98,2.17,0,0.384,1.000,0.881,1,1,
2026-05-06 00:26:11,1777994771.098,154612,209102,90.21,0.0601,0.0591,33,378.00,374.59,-1.02,0,0.356,1.000,0.881,1,1,
2026-05-06 00:26:12,1777994772.097,153955,207018,86.04,0.0586,0.0591,33,375.00,375.13,-3.12,0,0.333,1.000,0.925,1,1,
2026-05-06 00:26:13,1777994773.097,154516,208577,85.01,0.0577,0.0588,34,378.00,375.78,1.02,0,0.339,1.000,0.918,1,1,
2026-05-06 00:26:14,1777994774.097,155232,211007,84.37,0.0571,0.0586,34,378.00,376.51,-3.26,0,0.326,1.000,0.918,1,1,
2026-05-06 00:26:15,1777994775.097,154861,209963,86.28,0.0520,0.0576,34,381.00,377.36,1.02,0,0.349,1.000,0.915,1,1,
2026-05-06 00:26:16,1777994776.097,155453,211933,86.99,0.0516,0.0567,34,380.00,378.10,-1.02,0,0.345,1.000,0.923,1,1,
2026-05-06 00:26:17,1777994777.097,155035,210639,90.22,0.0554,0.0565,34,379.00,379.03,-6.12,0,0.363,1.000,0.885,1,1,
2026-05-06 00:26:18,1777994778.097,155588,212134,89.42,0.0545,0.0562,35,383.00,379.86,4.08,0,0.400,1.000,0.885,1,1,
2026-05-06 00:26:19,1777994779.097,155542,212037,92.01,0.0535,0.0558,37,381.00,380.69,-2.04,0,0.374,1.000,0.877,1,1,
2026-05-06 00:26:20,1777994780.100,155825,212895,91.72,0.0518,0.0551,38,385.00,381.49,4.35,0,0.418,1.000,0.900,1,1,
2026-05-06 00:26:21,1777994781.097,156082,213953,88.52,0.0518,0.0546,38,385.00,382.27,4.09,0,0.400,1.000,0.891,1,1,
2026-05-06 00:26:22,1777994782.097,156831,216500,84.69,0.0521,0.0543,38,385.00,382.86,0.00,0,0.339,1.000,0.871,1,1,
2026-05-06 00:26:23,1777994783.097,157086,217333,81.05,0.0459,0.0530,39,388.00,383.67,-1.02,0,0.323,1.000,0.833,1,1,
2026-05-06 00:26:24,1777994784.097,156626,215602,81.05,0.0459,0.0519,39,386.00,384.41,-3.26,0,0.326,1.000,0.833,1,1,
2026-05-06 00:26:25,1777994785.097,156749,215623,81.05,0.0459,0.0509,39,385.00,385.20,1.02,0,0.339,1.000,0.833,1,1,
2026-05-06 00:26:26,1777994786.097,155485,211841,81.05,0.0459,0.0502,39,388.00,385.97,3.06,0,0.361,1.000,0.833,1,1,
2026-05-06 00:26:27,1777994787.097,155721,212390,81.05,0.0459,0.0495,39,392.00,386.79,2.08,0,0.353,1.000,0.833,1,1,
2026-05-06 00:26:28,1777994788.101,154721,209295,85.46,0.0496,0.0495,38,389.00,387.53,0.00,0,0.356,0.992,0.795,1,1,
2026-05-06 00:26:29,1777994789.097,155029,210060,86.47,0.0496,0.0495,38,390.00,388.27,3.13,0,0.393,1.000,0.814,1,1,
2026-05-06 00:26:30,1777994790.097,154865,209394,85.54,0.0465,0.0491,38,389.00,389.00,0.00,0,0.358,1.000,0.861,1,1,
2026-05-06 00:26:31,1777994791.097,154790,209214,86.65,0.0452,0.0485,38,389.00,389.81,-1.04,0,0.366,1.000,0.866,1,1,
2026-05-06 00:26:32,1777994792.097,155523,211498,85.39,0.0457,0.0480,38,393.00,390.55,3.26,0,0.393,1.000,0.866,1,1,
2026-05-06 00:26:33,1777994793.097,154516,208613,82.20,0.0440,0.0474,38,393.00,391.30,-2.17,0,0.344,1.000,0.884,1,1,
2026-05-06 00:26:34,1777994794.097,155066,210326,82.79,0.0447,0.0470,38,392.00,392.01,0.00,0,0.349,1.000,0.910,1,1,
2026-05-06 00:26:35,1777994795.097,155570,211848,83.68,0.0442,0.0466,38,395.00,392.69,3.27,0,0.387,1.000,0.921,1,1,
2026-05-06 00:26:36,1777994796.097,154800,209568,84.82,0.0443,0.0462,38,393.00,393.42,-1.04,0,0.362,1.000,0.927,1,1,
2026-05-06 00:26:37,1777994797.097,155258,210956,86.78,0.0443,0.0459,38,394.00,393.98,1.09,0,0.384,1.000,0.925,1,1,
2026-05-06 00:26:38,1777994798.097,154397,208358,87.19,0.0447,0.0457,38,396.00,394.54,-3.12,0,0.376,1.000,0.936,1,1,
2026-05-06 00:26:39,1777994799.097,155045,210322,85.72,0.0447,0.0456,38,396.00,395.15,-1.09,0,0.368,1.000,0.959,1,1,
2026-05-06 00:26:40,1777994800.097,154384,208476,86.27,0.0434,0.0453,37,396.00,395.84,-3.12,0,0.372,1.000,0.964,1,1,
2026-05-06 00:26:41,1777994801.097,155170,210960,86.86,0.0429,0.0449,37,397.00,396.36,2.17,0,0.398,1.000,0.963,1,1,
2026-05-06 00:26:42,1777994802.097,154813,210023,87.78,0.0423,0.0445,38,400.00,397.11,-2.04,0,0.382,1.000,0.962,1,1,
2026-05-06 00:26:43,1777994803.097,155482,212274,86.08,0.0428,0.0443,38,399.00,397.85,-3.26,0,0.374,1.000,0.962,1,1,
2026-05-06 00:26:44,1777994804.097,155556,212547,87.37,0.0433,0.0441,38,399.00,398.56,2.04,0,0.402,1.000,1.000,1,1,
2026-05-06 00:26:45,1777994805.097,155511,212514,87.37,0.0433,0.0440,38,401.00,399.19,2.08,0,0.402,1.000,1.000,1,1,
2026-05-06 00:26:46,1777994806.097,155024,210908,87.37,0.0433,0.0439,38,397.00,399.81,-7.16,0,0.382,1.000,1.000,1,1,
2026-05-06 00:26:47,1777994807.097,157126,217520,87.37,0.0433,0.0438,38,390.00,399.01,-6.37,0,0.382,1.000,1.000,1,1,
2026-05-06 00:26:48,1777994808.097,158601,222760,90.50,0.0447,0.0439,34,386.00,396.57,-2.04,0,0.399,1.000,0.924,1,1,
2026-05-06 00:26:49,1777994809.097,159537,226265,95.69,0.0452,0.0441,34,384.00,393.69,-2.04,0,0.426,1.000,0.842,1,1,
2026-05-06 00:26:50,1777994810.100,159858,227699,95.69,0.0452,0.0443,34,388.00,390.82,0.00,0,0.425,1.000,0.842,1,1,
2026-05-06 00:26:51,1777994811.097,159774,228085,95.69,0.0452,0.0445,34,387.00,388.01,-1.02,0,0.425,1.000,0.842,1,1,
2026-05-06 00:26:52,1777994812.097,158793,225951,95.69,0.0452,0.0446,34,386.00,386.63,-7.14,0,0.425,1.000,0.842,1,1,
2026-05-06 00:26:53,1777994813.097,157933,223217,95.69,0.0452,0.0447,34,388.00,386.62,2.04,0,0.445,1.000,0.842,1,1,
2026-05-06 00:26:54,1777994814.097,157313,219561,95.69,0.0452,0.0448,34,387.00,386.84,4.08,0,0.465,1.000,0.842,1,1,
2026-05-06 00:26:55,1777994815.097,157262,218323,95.69,0.0452,0.0448,34,384.00,386.91,-3.06,0,0.424,1.000,0.842,1,1,
2026-05-06 00:26:56,1777994816.097,157427,218284,87.14,0.0607,0.0473,28,390.00,386.86,5.10,0,0.422,0.499,0.499,1,1,
2026-05-06 00:26:57,1777994817.097,157674,218904,83.88,0.0601,0.0492,29,386.00,386.71,-2.17,0,0.349,0.560,0.536,1,1,
2026-05-06 00:26:58,1777994818.097,156698,216109,82.46,0.0585,0.0507,31,383.00,386.39,-1.02,0,0.337,0.619,0.571,1,1,
2026-05-06 00:26:59,1777994819.097,157217,217015,82.72,0.0580,0.0518,31,377.00,385.38,-6.12,0,0.335,1.000,0.927,1,1,
2026-05-06 00:27:00,1777994820.097,156388,214164,87.22,0.0599,0.0530,31,374.00,383.02,-6.27,0,0.356,1.000,0.810,1,1,
2026-05-06 00:27:01,1777994821.098,156748,215079,87.59,0.0593,0.0540,31,374.00,380.13,0.00,0,0.355,1.000,0.819,1,1,
2026-05-06 00:27:02,1777994822.097,155819,211860,91.10,0.0592,0.0548,31,370.00,377.34,0.00,0,0.372,0.988,0.793,1,1,
2026-05-06 00:27:03,1777994823.099,156186,212762,91.09,0.0588,0.0554,31,374.00,374.67,3.26,0,0.403,1.000,0.800,1,1,
2026-05-06 00:27:04,1777994824.097,155794,211219,91.33,0.0587,0.0559,31,375.00,373.07,0.00,0,0.370,1.000,0.812,1,1,
2026-05-06 00:27:05,1777994825.097,156340,212652,94.19,0.0589,0.0564,31,374.00,372.78,-1.09,0,0.385,0.986,0.791,1,1,
2026-05-06 00:27:06,1777994826.097,155998,211524,90.64,0.0588,0.0568,32,373.00,373.04,-3.26,0,0.364,1.000,0.857,1,1,
2026-05-06 00:27:07,1777994827.097,156627,213438,89.76,0.0595,0.0572,31,371.00,373.24,-6.25,0,0.359,1.000,0.889,1,1,
2026-05-06 00:27:08,1777994828.097,156015,211593,88.85,0.0584,0.0574,32,372.00,373.36,1.09,0,0.364,1.000,0.938,1,1,
2026-05-06 00:27:09,1777994829.097,156583,213209,90.55,0.0584,0.0575,32,373.00,373.46,-3.12,0,0.362,1.000,0.952,1,1,
2026-05-06 00:27:10,1777994830.097,155960,211360,92.39,0.0579,0.0576,32,371.00,373.35,-4.35,0,0.372,1.000,0.974,1,1,
2026-05-06 00:27:11,1777994831.099,155307,209535,92.86,0.0578,0.0576,32,360.00,371.55,-7.29,0,0.374,1.000,0.976,1,1,
2026-05-06 00:27:12,1777994832.097,156049,212032,92.86,0.0578,0.0576,32,358.00,368.51,1.09,0,0.385,1.000,0.976,1,1,
2026-05-06 00:27:13,1777994833.097,155769,211571,89.42,0.0607,0.0581,30,355.00,365.03,2.05,0,0.375,1.000,0.942,1,1,
2026-05-06 00:27:14,1777994834.097,156477,213993,87.10,0.0607,0.0585,30,356.00,361.58,1.04,0,0.351,1.000,0.922,1,1,
2026-05-06 00:27:15,1777994835.097,156751,214919,85.92,0.0601,0.0587,31,356.00,358.33,2.05,0,0.354,1.000,0.940,1,1,
2026-05-06 00:27:16,1777994836.097,156895,215504,83.15,0.0595,0.0589,32,357.00,356.72,1.04,0,0.329,1.000,0.889,1,1,
2026-05-06 00:27:17,1777994837.097,158017,218902,83.22,0.0590,0.0589,33,353.00,356.31,-1.02,0,0.319,1.000,0.881,1,1,
2026-05-06 00:27:18,1777994838.097,158132,219353,85.53,0.0577,0.0587,34,350.00,355.57,-3.13,0,0.332,1.000,0.863,1,1,
2026-05-06 00:27:19,1777994839.097,158569,220873,85.53,0.0577,0.0586,34,347.00,354.21,-1.02,0,0.332,1.000,0.863,1,1,
2026-05-06 00:27:20,1777994840.097,158251,219964,85.53,0.0577,0.0584,34,347.00,352.65,0.00,0,0.332,1.000,0.863,1,1,
2026-05-06 00:27:21,1777994841.098,157884,218806,85.53,0.0577,0.0583,34,347.00,351.06,-6.12,0,0.333,1.000,0.863,1,1,
2026-05-06 00:27:22,1777994842.097,158066,219483,85.53,0.0577,0.0582,34,351.00,349.68,4.09,0,0.374,1.000,0.863,1,1,
2026-05-06 00:27:23,1777994843.098,157161,216963,85.53,0.0577,0.0581,34,348.00,349.05,2.04,0,0.353,1.000,0.863,1,1,
2026-05-06 00:27:24,1777994844.100,156219,214233,85.53,0.0577,0.0581,34,351.00,349.02,4.35,0,0.377,1.000,0.863,1,1,
2026-05-06 00:27:25,1777994845.097,156436,214429,85.53,0.0577,0.0580,34,352.00,349.40,2.04,0,0.354,1.000,0.863,1,1,
2026-05-06 00:27:26,1777994846.097,156395,213693,86.51,0.0405,0.0553,32,350.00,349.65,-3.26,0,0.346,1.000,0.898,1,1,
2026-05-06 00:27:27,1777994847.097,156746,214690,88.86,0.0410,0.0531,32,349.00,349.92,1.02,0,0.375,1.000,0.903,1,1,
2026-05-06 00:27:28,1777994848.097,156227,213050,90.52,0.0413,0.0513,32,350.00,350.19,1.02,0,0.389,1.000,0.994,1,1,
2026-05-06 00:27:29,1777994849.097,156950,215398,87.78,0.0411,0.0498,32,351.00,350.48,-2.04,0,0.368,1.000,0.931,1,1,
2026-05-06 00:27:30,1777994850.097,157653,217815,87.95,0.0411,0.0484,32,351.00,350.70,0.00,0,0.373,1.000,0.949,1,1,
2026-05-06 00:27:31,1777994851.097,157459,217474,85.10,0.0412,0.0473,32,354.00,351.11,-1.04,0,0.360,1.000,0.929,1,1,
2026-05-06 00:27:32,1777994852.097,157821,218675,82.65,0.0418,0.0465,32,352.00,351.51,-1.09,0,0.349,1.000,0.891,1,1,
2026-05-06 00:27:33,1777994853.097,157401,217402,82.65,0.0418,0.0457,32,352.00,351.98,0.00,0,0.351,1.000,0.891,1,1,
2026-05-06 00:27:34,1777994854.097,157230,216406,82.65,0.0418,0.0451,32,355.00,352.45,3.26,0,0.386,1.000,0.891,1,1,
2026-05-06 00:27:35,1777994855.097,157818,217868,82.65,0.0418,0.0446,32,356.00,352.90,1.04,0,0.365,1.000,0.891,1,1,
2026-05-06 00:27:36,1777994856.097,157755,217501,81.34,0.0425,0.0443,27,354.00,353.29,-2.04,0,0.348,1.000,0.874,1,1,
2026-05-06 00:27:37,1777994857.097,157467,216584,82.10,0.0432,0.0441,27,353.00,353.82,1.05,0,0.363,1.000,0.905,1,1,
2026-05-06 00:27:38,1777994858.097,157670,217285,80.69,0.0440,0.0441,27,355.00,354.29,1.08,0,0.356,1.000,0.899,1,1,
2026-05-06 00:27:39,1777994859.097,156896,215061,81.36,0.0439,0.0441,27,359.00,354.88,3.25,0,0.381,1.000,0.961,1,1,
2026-05-06 00:27:40,1777994860.097,156541,214174,82.11,0.0448,0.0442,26,357.00,355.52,2.08,0,0.373,1.000,0.996,1,1,
2026-05-06 00:27:41,1777994861.097,156807,215302,80.86,0.0455,0.0444,26,361.00,356.12,2.18,0,0.367,1.000,0.994,1,1,
2026-05-06 00:27:42,1777994862.098,155989,212834,79.64,0.0438,0.0443,28,359.00,356.72,1.04,0,0.350,1.000,0.996,1,1,
2026-05-06 00:27:43,1777994863.097,155948,212931,81.05,0.0417,0.0439,28,363.00,357.38,7.61,0,0.424,1.000,0.995,1,1,
2026-05-06 00:27:44,1777994864.097,156401,214353,80.18,0.0424,0.0437,28,359.00,357.93,0.00,0,0.344,1.000,0.996,1,1,
2026-05-06 00:27:45,1777994865.097,155567,211985,81.96,0.0426,0.0435,28,362.00,358.54,5.43,0,0.408,1.000,0.984,1,1,
2026-05-06 00:27:46,1777994866.097,155907,213216,84.24,0.0421,0.0433,28,360.00,359.06,0.00,0,0.367,1.000,0.957,1,1,
2026-05-06 00:27:47,1777994867.097,155135,210938,88.50,0.0391,0.0427,28,359.00,359.64,0.00,0,0.391,1.000,0.890,1,1,
2026-05-06 00:27:48,1777994868.097,155524,212187,88.40,0.0368,0.0418,28,362.00,360.08,3.06,0,0.424,1.000,0.888,1,1,
2026-05-06 00:27:49,1777994869.097,156424,215121,86.47,0.0368,0.0410,28,362.00,360.60,-2.17,0,0.385,1.000,0.896,1,1,
2026-05-06 00:27:50,1777994870.097,157189,218059,88.22,0.0385,0.0406,30,360.00,361.04,1.02,0,0.406,1.000,0.875,1,1,
2026-05-06 00:27:51,1777994871.097,158058,221450,90.10,0.0386,0.0403,32,361.00,361.45,1.04,0,0.417,1.000,0.864,1,1,
2026-05-06 00:27:52,1777994872.100,158488,223258,85.70,0.0433,0.0408,33,362.00,361.85,0.00,0,0.381,1.000,0.864,1,1,
2026-05-06 00:27:53,1777994873.097,158840,224804,85.70,0.0433,0.0412,33,365.00,362.29,3.14,0,0.412,1.000,0.864,1,1,
2026-05-06 00:27:54,1777994874.098,158801,224940,85.70,0.0433,0.0415,33,364.00,362.57,1.02,0,0.390,1.000,0.864,1,1,
2026-05-06 00:27:55,1777994875.100,157262,220038,85.70,0.0433,0.0418,33,364.00,362.90,-1.06,0,0.379,1.000,0.864,1,1,
2026-05-06 00:27:56,1777994876.097,157100,218618,85.70,0.0433,0.0420,33,363.00,363.21,0.00,0,0.378,1.000,0.864,1,1,
2026-05-06 00:27:57,1777994877.097,155842,213904,85.70,0.0433,0.0422,33,365.00,363.58,2.04,0,0.398,1.000,0.864,1,1,
2026-05-06 00:27:58,1777994878.097,155659,212521,85.70,0.0433,0.0424,33,366.00,364.10,-2.04,0,0.377,1.000,0.864,1,1,
2026-05-06 00:27:59,1777994879.097,156012,212821,90.41,0.0510,0.0437,30,365.00,364.71,-1.02,0,0.399,0.976,0.786,1,1,
2026-05-06 00:28:00,1777994880.097,155971,212301,87.22,0.0526,0.0451,30,369.00,365.40,1.02,0,0.388,0.998,0.799,1,1,
2026-05-06 00:28:01,1777994881.097,156104,212675,85.74,0.0526,0.0462,30,368.00,366.12,0.00,0,0.367,0.976,0.786,1,1,
2026-05-06 00:28:02,1777994882.097,156297,213431,84.82,0.0520,0.0471,30,369.00,366.81,3.06,0,0.390,1.000,0.806,1,1,
2026-05-06 00:28:03,1777994883.097,155157,210111,85.02,0.0517,0.0478,31,370.00,367.54,1.09,0,0.369,1.000,0.864,1,1,
2026-05-06 00:28:04,1777994884.097,155563,211612,86.19,0.0514,0.0484,32,369.00,368.13,3.06,0,0.394,1.000,0.881,1,1,
2026-05-06 00:28:05,1777994885.097,154513,208641,89.05,0.0532,0.0491,34,370.00,368.88,1.09,0,0.388,1.000,0.865,1,1,
2026-05-06 00:28:06,1777994886.100,154929,209898,88.71,0.0538,0.0498,34,374.00,369.47,6.10,0,0.434,1.000,0.878,1,1,
2026-05-06 00:28:07,1777994887.097,154336,208086,90.43,0.0534,0.0504,34,372.00,370.12,-2.05,0,0.381,1.000,0.885,1,1,
2026-05-06 00:28:08,1777994888.097,155066,210331,91.45,0.0526,0.0507,35,374.00,370.69,0.00,0,0.385,1.000,0.887,1,1,
2026-05-06 00:28:09,1777994889.097,154439,208442,92.16,0.0546,0.0513,35,372.00,371.33,-2.04,0,0.387,1.000,0.893,1,1,
2026-05-06 00:28:10,1777994890.097,155165,210818,90.73,0.0546,0.0518,35,376.00,371.93,1.04,0,0.389,1.000,0.893,1,1,
2026-05-06 00:28:11,1777994891.097,154516,208971,89.24,0.0542,0.0522,35,375.00,372.60,-1.02,0,0.369,1.000,0.913,1,1,
2026-05-06 00:28:12,1777994892.097,154876,210059,90.81,0.0546,0.0526,35,372.00,373.24,-5.21,0,0.377,1.000,0.922,1,1,
2026-05-06 00:28:13,1777994893.097,154064,207570,87.21,0.0547,0.0529,35,376.00,373.87,4.08,0,0.397,1.000,0.919,1,1,
2026-05-06 00:28:14,1777994894.097,154757,209612,87.75,0.0553,0.0533,35,376.00,374.61,-2.08,0,0.358,1.000,0.920,1,1,
2026-05-06 00:28:15,1777994895.097,154747,209508,83.24,0.0552,0.0536,35,378.00,375.31,2.04,0,0.354,1.000,0.894,1,1,
2026-05-06 00:28:16,1777994896.097,154476,208864,79.82,0.0556,0.0539,35,380.00,376.04,3.13,0,0.345,1.000,0.831,1,1,
2026-05-06 00:28:17,1777994897.097,155032,210641,81.15,0.0569,0.0543,35,378.00,376.84,-1.09,0,0.320,1.000,0.827,1,1,
2026-05-06 00:28:18,1777994898.097,154106,207893,84.18,0.0564,0.0546,35,379.00,377.62,3.26,0,0.368,1.000,0.845,1,1,
2026-05-06 00:28:19,1777994899.097,154464,208879,83.95,0.0567,0.0550,35,380.00,378.39,2.09,0,0.354,1.000,0.891,1,1,
2026-05-06 00:28:20,1777994900.097,153898,206919,88.37,0.0554,0.0550,35,382.00,379.25,2.17,0,0.379,1.000,0.875,1,1,
2026-05-06 00:28:21,1777994901.097,154060,207194,86.41,0.0567,0.0553,35,384.00,380.13,4.17,0,0.387,1.000,0.876,1,1,
2026-05-06 00:28:22,1777994902.097,154727,209019,87.12,0.0535,0.0550,35,382.00,380.81,0.00,0,0.350,1.000,0.875,1,1,
2026-05-06 00:28:23,1777994903.097,153881,206327,85.79,0.0459,0.0536,36,383.00,381.70,-4.08,0,0.347,1.000,0.896,1,1,
2026-05-06 00:28:24,1777994904.097,154431,207897,83.20,0.0456,0.0524,37,384.00,382.51,1.04,0,0.347,1.000,0.886,1,1,
2026-05-06 00:28:25,1777994905.100,153989,206449,83.28,0.0448,0.0512,39,384.00,383.23,-3.05,0,0.340,1.000,0.892,1,1,
2026-05-06 00:28:26,1777994906.097,154195,206967,81.41,0.0448,0.0502,40,387.00,384.07,3.14,0,0.364,1.000,0.891,1,1,
2026-05-06 00:28:27,1777994907.097,155015,209441,83.17,0.0455,0.0495,41,389.00,384.89,5.10,0,0.395,1.000,0.933,1,1,
2026-05-06 00:28:28,1777994908.097,154080,206624,84.37,0.0449,0.0488,43,389.00,385.62,0.00,0,0.352,1.000,0.930,1,1,
2026-05-06 00:28:29,1777994909.097,154708,208489,85.78,0.0447,0.0482,44,390.00,386.37,5.10,0,0.413,1.000,0.929,1,1,
2026-05-06 00:28:30,1777994910.097,153639,205264,88.33,0.0433,0.0474,44,388.00,387.00,-2.17,0,0.377,1.000,0.910,1,1,
2026-05-06 00:28:31,1777994911.097,154336,207320,88.46,0.0433,0.0468,44,390.00,387.71,2.04,0,0.400,1.000,0.928,1,1,
2026-05-06 00:28:32,1777994912.097,153398,204619,87.14,0.0438,0.0463,44,390.00,388.42,1.06,0,0.385,1.000,0.929,1,1,
2026-05-06 00:28:33,1777994913.097,153850,205997,85.69,0.0438,0.0460,44,392.00,388.99,4.08,0,0.408,1.000,0.931,1,1,
2026-05-06 00:28:34,1777994914.100,154507,208005,84.71,0.0434,0.0456,44,392.00,389.72,1.06,0,0.374,1.000,0.931,1,1,
2026-05-06 00:28:35,1777994915.097,153875,206055,85.03,0.0412,0.0449,44,391.00,390.40,2.04,0,0.387,1.000,0.946,1,1,
2026-05-06 00:28:36,1777994916.097,154726,208364,84.38,0.0402,0.0442,44,393.00,390.99,3.19,0,0.397,1.000,0.946,1,1,
2026-05-06 00:28:37,1777994917.098,153965,206018,84.83,0.0410,0.0437,43,394.00,391.64,5.11,0,0.420,1.000,0.971,1,1,
2026-05-06 00:28:38,1777994918.097,154805,208554,84.28,0.0404,0.0432,43,394.00,392.42,0.00,0,0.367,1.000,0.970,1,1,
2026-05-06 00:28:39,1777994919.097,154801,208468,84.82,0.0393,0.0426,43,393.00,393.07,2.04,0,0.392,1.000,0.970,1,1,
2026-05-06 00:28:40,1777994920.097,154775,208461,86.07,0.0397,0.0421,43,395.00,393.77,2.04,0,0.400,1.000,0.994,1,1,
2026-05-06 00:28:41,1777994921.097,154737,208132,89.26,0.0398,0.0418,43,394.00,394.52,-3.06,0,0.398,1.000,0.968,1,1,
2026-05-06 00:28:42,1777994922.097,154576,207472,89.26,0.0398,0.0415,43,397.00,395.18,3.06,0,0.429,1.000,0.968,1,1,
2026-05-06 00:28:43,1777994923.098,155093,208933,89.26,0.0398,0.0412,43,394.00,395.77,-6.11,0,0.399,1.000,0.968,1,1,
2026-05-06 00:28:44,1777994924.100,154539,207247,88.72,0.0390,0.0409,41,398.00,396.42,2.17,0,0.419,1.000,0.970,1,1,
2026-05-06 00:28:45,1777994925.097,155181,209225,86.67,0.0391,0.0406,41,400.00,396.96,5.21,0,0.439,1.000,0.966,1,1,
2026-05-06 00:28:46,1777994926.097,154503,207301,87.62,0.0385,0.0403,42,398.00,397.53,-2.18,0,0.393,1.000,0.978,1,1,
2026-05-06 00:28:47,1777994927.097,155440,210146,85.99,0.0370,0.0398,42,397.00,398.09,1.04,0,0.396,1.000,0.971,1,1,
2026-05-06 00:28:48,1777994928.097,155261,209899,88.27,0.0372,0.0394,42,399.00,398.53,1.09,0,0.410,1.000,0.981,1,1,
2026-05-06 00:28:49,1777994929.097,156013,212040,90.17,0.0369,0.0390,42,403.00,399.16,3.13,0,0.442,1.000,0.964,1,1,
2026-05-06 00:28:50,1777994930.097,155391,210126,89.02,0.0365,0.0386,42,401.00,399.88,-3.26,0,0.405,1.000,0.978,1,1,
2026-05-06 00:28:51,1777994931.097,155783,211025,89.02,0.0365,0.0383,42,404.00,400.53,4.17,0,0.448,1.000,0.978,1,1,
2026-05-06 00:28:52,1777994932.097,155220,209256,89.02,0.0365,0.0380,42,403.00,401.12,2.17,0,0.429,1.000,0.978,1,1,
2026-05-06 00:28:53,1777994933.097,155855,210942,88.73,0.0342,0.0374,39,401.00,401.88,-3.26,0,0.407,1.000,0.990,1,1,
2026-05-06 00:28:54,1777994934.097,154976,208158,86.62,0.0336,0.0368,39,405.00,402.58,-1.04,0,0.397,1.000,0.979,1,1,
2026-05-06 00:28:55,1777994935.097,155697,210369,85.37,0.0336,0.0363,39,403.00,403.19,-3.26,0,0.392,1.000,0.979,1,1,
2026-05-06 00:28:56,1777994936.097,156434,212608,84.57,0.0329,0.0358,39,406.00,403.86,-1.04,0,0.389,1.000,0.967,1,1,
2026-05-06 00:28:57,1777994937.097,155830,210795,82.67,0.0321,0.0352,39,405.00,404.54,-1.09,0,0.380,1.000,0.929,1,1,
2026-05-06 00:28:58,1777994938.097,156356,212505,84.76,0.0322,0.0348,39,407.00,405.21,-1.04,0,0.393,1.000,0.928,1,1,
2026-05-06 00:28:59,1777994939.097,155464,209783,85.00,0.0317,0.0343,39,407.00,405.88,-3.26,0,0.395,1.000,0.964,1,1,
2026-05-06 00:29:00,1777994940.097,156050,211581,86.18,0.0318,0.0339,39,407.00,406.48,3.06,0,0.433,1.000,0.964,1,1,
2026-05-06 00:29:01,1777994941.097,155199,209069,87.36,0.0310,0.0335,39,407.00,406.98,0.00,0,0.410,1.000,0.966,1,1,
2026-05-06 00:29:02,1777994942.097,155947,211377,89.62,0.0310,0.0331,39,407.00,407.57,-4.08,0,0.423,1.000,0.944,1,1,
2026-05-06 00:29:03,1777994943.097,154868,208151,93.05,0.0310,0.0328,39,408.00,408.07,1.04,0,0.453,1.000,0.898,1,1,
2026-05-06 00:29:04,1777994944.097,155370,209558,93.05,0.0310,0.0325,39,411.00,408.52,0.00,0,0.443,1.000,0.898,1,1,
2026-05-06 00:29:05,1777994945.097,154610,207168,89.34,0.0368,0.0332,36,409.00,408.95,-3.26,0,0.422,1.000,0.876,1,1,
2026-05-06 00:29:06,1777994946.097,155345,209413,85.93,0.0364,0.0337,36,412.00,409.54,-2.04,0,0.402,1.000,0.864,1,1,
2026-05-06 00:29:07,1777994947.097,155505,209895,85.69,0.0370,0.0342,36,411.00,409.93,-1.04,0,0.399,1.000,0.886,1,1,
2026-05-06 00:29:08,1777994948.098,155287,209138,87.38,0.0365,0.0345,36,413.00,410.54,-2.04,0,0.407,1.000,0.884,1,1,
2026-05-06 00:29:09,1777994949.097,154686,207156,88.81,0.0359,0.0347,36,413.00,411.11,0.00,0,0.415,1.000,0.879,1,1,
2026-05-06 00:29:10,1777994950.097,155226,208421,88.81,0.0359,0.0349,36,409.00,411.15,-4.08,0,0.414,1.000,0.879,1,1,
2026-05-06 00:29:11,1777994951.097,154959,207288,88.55,0.0354,0.0350,35,405.00,410.38,-6.49,0,0.412,1.000,0.864,1,1,
2026-05-06 00:29:12,1777994952.097,155429,208668,88.44,0.0346,0.0349,35,407.00,409.12,4.08,0,0.453,1.000,0.877,1,1,
2026-05-06 00:29:13,1777994953.097,156163,210806,84.66,0.0367,0.0352,36,404.00,407.73,-2.13,0,0.391,1.000,0.907,1,1,
2026-05-06 00:29:14,1777994954.098,155151,207535,82.09,0.0372,0.0355,36,403.00,406.32,-4.08,0,0.376,1.000,0.902,1,1,
2026-05-06 00:29:15,1777994955.097,155838,209423,84.33,0.0390,0.0361,36,405.00,405.48,2.04,0,0.407,1.000,0.907,1,1,
2026-05-06 00:29:16,1777994956.097,155431,207980,85.51,0.0396,0.0366,36,407.00,405.10,-2.04,0,0.392,1.000,0.915,1,1,
2026-05-06 00:29:17,1777994957.100,155730,208749,84.68,0.0396,0.0371,36,403.00,405.13,-4.35,0,0.386,1.000,0.921,1,1,
2026-05-06 00:29:18,1777994958.098,156453,211229,85.98,0.0400,0.0375,36,406.00,405.15,2.05,0,0.412,1.000,0.921,1,1,
2026-05-06 00:29:19,1777994959.097,156030,209901,86.80,0.0399,0.0379,36,406.00,405.00,0.00,0,0.395,1.000,0.927,1,1,
2026-05-06 00:29:20,1777994960.097,155221,207752,87.32,0.0405,0.0383,34,401.00,404.48,-6.12,0,0.397,1.000,0.938,1,1,
2026-05-06 00:29:21,1777994961.097,157011,213537,87.65,0.0399,0.0385,35,392.00,402.77,-10.87,0,0.398,1.000,0.937,1,1,
2026-05-06 00:29:22,1777994962.097,158243,217910,89.47,0.0497,0.0402,37,394.00,399.91,4.08,0,0.444,1.000,0.855,1,1,
2026-05-06 00:29:23,1777994963.097,159540,222752,90.96,0.0502,0.0418,37,385.00,396.76,-6.52,0,0.407,1.000,0.859,1,1,
2026-05-06 00:29:24,1777994964.097,159968,224681,93.94,0.0504,0.0431,37,388.00,393.22,1.04,0,0.430,1.000,0.827,1,1,
2026-05-06 00:29:25,1777994965.097,160006,225509,93.94,0.0504,0.0442,37,388.00,390.14,0.00,0,0.416,1.000,0.827,1,1,
2026-05-06 00:29:26,1777994966.097,158731,222435,93.94,0.0504,0.0452,37,388.00,388.27,-2.08,0,0.414,1.000,0.827,1,1,
2026-05-06 00:29:27,1777994967.098,157931,218742,93.94,0.0504,0.0460,37,378.00,386.62,-8.73,0,0.412,1.000,0.827,1,1,
2026-05-06 00:29:28,1777994968.097,157115,215432,93.94,0.0504,0.0466,37,372.00,384.12,-5.21,0,0.410,1.000,0.827,1,1,
2026-05-06 00:29:29,1777994969.097,157316,216285,93.94,0.0504,0.0472,37,374.00,381.16,1.09,0,0.419,1.000,0.827,1,1,
2026-05-06 00:29:30,1777994970.097,157677,216918,93.94,0.0504,0.0477,37,371.00,378.10,-1.09,0,0.407,1.000,0.827,1,1,
2026-05-06 00:29:31,1777994971.097,156735,213662,87.04,0.0633,0.0501,29,369.00,374.56,-1.04,0,0.363,0.816,0.690,1,1,
2026-05-06 00:29:32,1777994972.097,157070,214119,86.64,0.0628,0.0520,29,367.00,371.75,0.00,0,0.356,0.918,0.751,1,1,
2026-05-06 00:29:33,1777994973.097,156276,211097,87.70,0.0616,0.0535,29,362.00,369.47,-4.16,0,0.357,0.960,0.776,1,1,
2026-05-06 00:29:34,1777994974.097,156825,211931,87.89,0.0610,0.0547,30,361.00,367.38,-1.09,0,0.355,1.000,0.874,1,1,
2026-05-06 00:29:35,1777994975.097,156294,210060,86.75,0.0606,0.0556,31,355.00,364.64,-3.13,0,0.347,1.000,0.903,1,1,
2026-05-06 00:29:36,1777994976.097,157297,213375,85.61,0.0609,0.0564,31,353.00,361.68,-1.08,0,0.338,1.000,0.915,1,1,
2026-05-06 00:29:37,1777994977.100,157821,215160,84.74,0.0601,0.0570,31,353.00,358.91,-4.07,0,0.332,1.000,0.924,1,1,
2026-05-06 00:29:38,1777994978.097,157549,214637,87.58,0.0621,0.0577,31,351.00,356.33,-2.09,0,0.345,1.000,0.905,1,1,
2026-05-06 00:29:39,1777994979.098,158025,216221,84.15,0.0659,0.0590,31,351.00,354.13,-4.08,0,0.323,1.000,0.894,1,1,
2026-05-06 00:29:40,1777994980.097,157047,213308,84.15,0.0659,0.0600,31,349.00,352.49,-2.09,0,0.320,1.000,0.894,1,1,
2026-05-06 00:29:41,1777994981.097,156991,212855,84.15,0.0659,0.0609,31,351.00,351.18,5.12,0,0.369,1.000,0.894,1,1,
2026-05-06 00:29:42,1777994982.097,156538,211327,84.15,0.0659,0.0617,31,343.00,349.57,-8.33,0,0.316,1.000,0.894,1,1,
2026-05-06 00:29:43,1777994983.097,157378,214184,84.15,0.0659,0.0623,31,334.00,346.36,-8.16,0,0.314,1.000,0.894,1,1,
2026-05-06 00:29:44,1777994984.097,157335,214474,84.63,0.0690,0.0634,28,330.00,342.47,-5.41,0,0.314,1.000,0.914,1,1,
2026-05-06 00:29:45,1777994985.097,157737,216013,84.27,0.0673,0.0640,28,326.00,338.08,-1.02,0,0.310,1.000,0.915,1,1,
2026-05-06 00:29:46,1777994986.097,157318,215069,85.06,0.0749,0.0656,28,326.00,333.79,0.00,0,0.310,1.000,0.818,1,1,
2026-05-06 00:29:47,1777994987.098,157100,214827,85.06,0.0749,0.0671,28,324.00,329.84,-3.06,0,0.306,1.000,0.818,1,1,
2026-05-06 00:29:48,1777994988.102,156251,212388,85.06,0.0749,0.0683,28,322.00,327.27,-3.19,0,0.303,1.000,0.818,1,1,
2026-05-06 00:29:49,1777994989.098,156864,214201,85.06,0.0749,0.0693,28,320.00,325.26,-4.08,0,0.300,1.000,0.818,1,1,
2026-05-06 00:29:50,1777994990.097,156433,212908,89.99,0.0791,0.0708,25,311.00,322.63,-9.19,0,0.323,0.869,0.722,1,1,
2026-05-06 00:29:51,1777994991.097,157066,214939,91.30,0.0795,0.0721,25,290.00,317.28,-20.41,0,0.326,0.897,0.738,1,1,
2026-05-06 00:29:52,1777994992.097,157400,216162,92.63,0.0697,0.0718,25,266.00,307.74,-24.49,0,0.334,0.950,0.770,1,1,
2026-05-06 00:29:53,1777994993.097,157761,217379,95.03,0.0719,0.0718,25,260.00,294.91,-7.15,0,0.347,0.944,0.767,1,1,
2026-05-06 00:29:54,1777994994.097,157816,217732,92.58,0.0672,0.0711,25,259.00,282.76,-1.02,0,0.336,0.945,0.767,1,1,
2026-05-06 00:29:55,1777994995.097,157788,217777,92.58,0.0672,0.0705,25,257.00,271.26,-4.08,0,0.337,0.945,0.767,1,1,
2026-05-06 00:29:56,1777994996.097,157875,218173,92.58,0.0672,0.0700,25,257.00,262.70,0.00,0,0.339,0.945,0.767,1,1,
2026-05-06 00:29:57,1777994997.099,158451,219947,92.58,0.0672,0.0696,25,257.00,258.76,-2.04,0,0.340,0.945,0.767,1,1,
2026-05-06 00:29:58,1777994998.097,157923,218582,94.03,0.0668,0.0691,27,261.00,258.49,4.09,0,0.390,1.000,0.897,1,1,
2026-05-06 00:29:59,1777994999.097,157168,216452,94.03,0.0668,0.0688,27,261.00,259.07,-1.02,0,0.350,1.000,0.897,1,1,
2026-05-06 00:30:00,1777995000.097,157321,217260,94.03,0.0668,0.0685,27,261.00,259.43,0.00,0,0.351,1.000,0.897,1,1,
2026-05-06 00:30:01,1777995001.097,157175,216993,93.94,0.0677,0.0683,26,260.00,260.24,-4.17,0,0.351,1.000,0.898,1,1,
2026-05-06 00:30:02,1777995002.097,157569,218155,91.86,0.0676,0.0682,26,262.00,260.86,2.17,0,0.361,1.000,0.886,1,1,
2026-05-06 00:30:03,1777995003.097,157671,218461,89.70,0.0641,0.0676,26,262.00,261.44,-3.13,0,0.330,1.000,0.928,1,1,
2026-05-06 00:30:04,1777995004.097,157004,216715,87.27,0.0641,0.0671,26,261.00,261.74,0.00,0,0.318,1.000,0.893,1,1,
2026-05-06 00:30:05,1777995005.097,157398,217571,87.27,0.0641,0.0666,26,260.00,261.78,0.00,0,0.319,1.000,0.893,1,1,
2026-05-06 00:30:06,1777995006.097,156610,214802,87.27,0.0641,0.0662,26,261.00,261.68,1.02,0,0.331,1.000,0.893,1,1,
2026-05-06 00:30:07,1777995007.097,157333,216397,89.52,0.0696,0.0667,23,252.00,260.62,-8.35,0,0.331,1.000,0.901,1,1,
2026-05-06 00:30:08,1777995008.100,157071,215791,89.05,0.0676,0.0669,23,252.00,258.74,-1.09,0,0.328,1.000,0.958,1,1,
2026-05-06 00:30:09,1777995009.097,157712,217832,88.75,0.0623,0.0662,23,254.00,256.93,-1.09,0,0.329,1.000,0.969,1,1,
2026-05-06 00:30:10,1777995010.098,157742,218196,88.43,0.0586,0.0650,24,256.00,255.71,0.00,0,0.330,1.000,0.985,1,1,
2026-05-06 00:30:11,1777995011.097,158073,219318,88.38,0.0574,0.0638,25,256.00,254.75,-3.26,0,0.333,1.000,0.991,1,1,
2026-05-06 00:30:12,1777995012.097,157471,217561,84.63,0.0585,0.0630,26,258.00,254.83,0.00,0,0.315,1.000,0.944,1,1,
2026-05-06 00:30:13,1777995013.097,157662,218053,84.63,0.0585,0.0623,26,257.00,255.65,2.17,0,0.339,1.000,0.944,1,1,
2026-05-06 00:30:14,1777995014.097,158006,218652,84.63,0.0585,0.0617,26,257.00,256.40,0.00,0,0.318,1.000,0.944,1,1,
2026-05-06 00:30:15,1777995015.097,157703,217747,85.94,0.0601,0.0615,24,257.00,256.77,0.00,0,0.326,1.000,0.926,1,1,
2026-05-06 00:30:16,1777995016.097,157987,218627,84.05,0.0516,0.0600,24,256.00,256.99,0.00,0,0.320,1.000,0.910,1,1,
2026-05-06 00:30:17,1777995017.100,157424,216897,82.54,0.0507,0.0585,25,256.00,257.08,0.00,0,0.316,1.000,0.894,1,1,
2026-05-06 00:30:18,1777995018.100,157591,217452,84.62,0.0503,0.0573,26,255.00,256.82,1.02,0,0.341,1.000,0.919,1,1,
2026-05-06 00:30:19,1777995019.097,157913,218572,84.13,0.0500,0.0562,27,255.00,256.51,0.00,0,0.331,1.000,0.923,1,1,
2026-05-06 00:30:20,1777995020.100,156741,214932,80.68,0.0490,0.0551,28,255.00,256.26,-3.05,0,0.315,1.000,0.911,1,1,
2026-05-06 00:30:21,1777995021.097,156907,215469,81.84,0.0498,0.0543,28,256.00,255.87,1.05,0,0.334,1.000,0.931,1,1,
2026-05-06 00:30:22,1777995022.100,157072,216045,82.41,0.0499,0.0536,28,256.00,255.41,3.05,0,0.359,1.000,0.941,1,1,
2026-05-06 00:30:23,1777995023.098,156046,213164,81.97,0.0472,0.0526,28,254.00,255.18,-2.09,0,0.329,1.000,0.945,1,1,
2026-05-06 00:30:24,1777995024.097,156253,213961,82.36,0.0433,0.0512,28,257.00,255.04,0.00,0,0.335,1.000,0.951,1,1,
2026-05-06 00:30:25,1777995025.097,155494,211779,81.31,0.0433,0.0500,29,255.00,254.89,-1.06,0,0.333,1.000,0.970,1,1,
2026-05-06 00:30:26,1777995026.097,156002,213197,83.83,0.0450,0.0492,30,255.00,254.97,1.02,0,0.359,1.000,0.950,1,1,
2026-05-06 00:30:27,1777995027.097,155002,210200,89.59,0.0441,0.0484,32,255.00,255.12,0.00,0,0.381,1.000,0.879,1,1,
2026-05-06 00:30:28,1777995028.102,155509,211546,89.06,0.0420,0.0474,32,252.00,255.24,-7.10,0,0.381,1.000,0.880,1,1,
2026-05-06 00:30:29,1777995029.097,156389,214236,86.91,0.0418,0.0466,32,253.00,254.97,1.03,0,0.382,1.000,0.880,1,1,
2026-05-06 00:30:30,1777995030.097,155911,213156,83.65,0.0420,0.0459,34,254.00,254.45,1.02,0,0.367,1.000,0.886,1,1,
2026-05-06 00:30:31,1777995031.097,156332,214779,85.32,0.0419,0.0453,35,254.00,253.99,0.00,0,0.367,1.000,0.895,1,1,
2026-05-06 00:30:32,1777995032.099,155318,212032,86.53,0.0432,0.0449,35,255.00,253.43,4.07,0,0.415,1.000,0.885,1,1,
2026-05-06 00:30:33,1777995033.097,155539,212841,86.53,0.0432,0.0447,35,254.00,253.06,-1.02,0,0.375,1.000,0.885,1,1,
2026-05-06 00:30:34,1777995034.097,154882,210597,86.53,0.0432,0.0445,35,256.00,253.08,5.23,0,0.428,1.000,0.885,1,1,
2026-05-06 00:30:35,1777995035.097,155740,212569,86.53,0.0432,0.0443,35,254.00,253.31,-2.04,0,0.376,1.000,0.885,1,1,
2026-05-06 00:30:36,1777995036.097,155280,210535,91.09,0.0415,0.0438,34,256.00,253.52,1.04,0,0.412,1.000,0.868,1,1,
2026-05-06 00:30:37,1777995037.097,156165,212565,94.08,0.0411,0.0434,35,254.00,253.85,0.00,0,0.419,1.000,0.836,1,1,
2026-05-06 00:30:38,1777995038.097,155636,210576,95.96,0.0411,0.0430,36,257.00,254.11,2.08,0,0.451,1.000,0.808,1,1,
2026-05-06 00:30:39,1777995039.100,155153,208904,94.69,0.0416,0.0428,36,255.00,254.48,-1.08,0,0.424,1.000,0.829,1,1,
2026-05-06 00:30:40,1777995040.097,155553,210077,92.34,0.0421,0.0427,36,255.00,254.80,1.09,0,0.423,1.000,0.888,1,1,
2026-05-06 00:30:41,1777995041.097,155316,209317,91.86,0.0405,0.0424,36,256.00,255.06,-2.08,0,0.410,1.000,0.914,1,1,
2026-05-06 00:30:42,1777995042.097,155613,210361,90.54,0.0388,0.0418,36,255.00,255.44,-4.35,0,0.405,1.000,0.952,1,1,
2026-05-06 00:30:43,1777995043.097,155303,209544,89.16,0.0377,0.0412,38,256.00,255.81,-1.04,0,0.399,1.000,0.944,1,1,
2026-05-06 00:30:44,1777995044.097,155359,209893,90.76,0.0378,0.0407,39,257.00,256.15,2.17,0,0.431,1.000,0.950,1,1,
2026-05-06 00:30:45,1777995045.097,154491,207413,91.20,0.0371,0.0401,40,259.00,256.54,3.13,0,0.444,1.000,0.954,1,1,
2026-05-06 00:30:46,1777995046.097,154885,208650,92.08,0.0370,0.0396,40,257.00,256.97,-2.17,0,0.419,1.000,0.954,1,1,
2026-05-06 00:30:47,1777995047.097,154491,207507,89.11,0.0380,0.0394,40,259.00,257.35,-1.05,0,0.403,1.000,0.949,1,1,
2026-05-06 00:30:48,1777995048.097,154963,209128,86.91,0.0375,0.0391,40,259.00,257.69,0.00,0,0.392,1.000,0.950,1,1,
2026-05-06 00:30:49,1777995049.097,155505,210843,85.54,0.0369,0.0388,40,259.00,258.01,2.04,0,0.406,1.000,0.939,1,1,
2026-05-06 00:30:50,1777995050.100,154541,208019,81.76,0.0414,0.0392,40,259.00,258.38,1.09,0,0.375,1.000,0.867,1,1,
2026-05-06 00:30:51,1777995051.097,155059,209503,82.36,0.0434,0.0398,40,261.00,258.79,-1.02,0,0.366,1.000,0.861,1,1,
2026-05-06 00:30:52,1777995052.097,154817,208556,85.86,0.0427,0.0403,41,260.00,259.22,-2.17,0,0.384,1.000,0.871,1,1,
2026-05-06 00:30:53,1777995053.100,155306,209952,84.90,0.0426,0.0406,41,262.00,259.59,3.08,0,0.408,1.000,0.867,1,1,
2026-05-06 00:30:54,1777995054.100,155072,209169,86.20,0.0462,0.0415,41,260.00,260.05,-2.17,0,0.382,1.000,0.864,1,1,
2026-05-06 00:30:55,1777995055.097,155142,209520,88.65,0.0472,0.0424,41,263.00,260.41,3.06,0,0.424,1.000,0.854,1,1,
2026-05-06 00:30:56,1777995056.097,154892,208643,90.60,0.0455,0.0428,41,262.00,260.83,-1.06,0,0.402,1.000,0.853,1,1,
2026-05-06 00:30:57,1777995057.097,154663,207834,90.60,0.0455,0.0432,41,261.00,261.26,1.02,0,0.411,1.000,0.853,1,1,
2026-05-06 00:30:58,1777995058.097,155443,210155,87.83,0.0477,0.0439,39,263.00,261.81,1.06,0,0.395,1.000,0.861,1,1,
2026-05-06 00:30:59,1777995059.097,154639,207709,85.64,0.0470,0.0444,39,263.00,262.20,2.04,0,0.392,1.000,0.863,1,1,
2026-05-06 00:31:00,1777995060.097,155384,209935,86.58,0.0468,0.0448,39,259.00,262.35,-4.08,0,0.375,1.000,0.863,1,1,
2026-05-06 00:31:01,1777995061.097,154783,208280,84.58,0.0463,0.0450,39,255.00,261.42,-7.14,0,0.364,1.000,0.926,1,1,
2026-05-06 00:31:02,1777995062.097,155499,210755,85.91,0.0458,0.0451,39,254.00,259.86,0.00,0,0.371,1.000,0.926,1,1,
2026-05-06 00:31:03,1777995063.097,155873,212053,83.14,0.0475,0.0455,39,254.00,258.15,-2.04,0,0.355,1.000,0.899,1,1,
2026-05-06 00:31:04,1777995064.097,155308,210288,86.18,0.0480,0.0459,41,256.00,256.71,2.17,0,0.392,1.000,0.919,1,1,
2026-05-06 00:31:05,1777995065.097,155796,211276,86.76,0.0474,0.0461,42,255.00,255.56,1.02,0,0.383,1.000,0.923,1,1,
2026-05-06 00:31:06,1777995066.097,155123,208520,86.76,0.0474,0.0463,42,255.00,255.26,1.07,0,0.383,1.000,0.923,1,1,
2026-05-06 00:31:07,1777995067.097,155814,210115,86.76,0.0474,0.0465,42,255.00,255.63,0.00,0,0.372,1.000,0.923,1,1,
2026-05-06 00:31:08,1777995068.097,155071,207474,84.65,0.0479,0.0467,39,256.00,256.06,1.07,0,0.370,1.000,0.970,1,1,
2026-05-06 00:31:09,1777995069.100,155945,209942,84.15,0.0479,0.0469,39,255.00,256.37,0.00,0,0.356,1.000,0.968,1,1,
2026-05-06 00:31:10,1777995070.097,155041,207237,89.69,0.0491,0.0472,39,258.00,256.69,3.07,0,0.416,1.000,0.912,1,1,
2026-05-06 00:31:11,1777995071.100,156072,210339,87.27,0.0504,0.0477,39,255.00,257.01,-5.19,0,0.371,1.000,0.912,1,1,
2026-05-06 00:31:12,1777995072.097,157416,214811,83.80,0.0505,0.0481,39,256.00,256.90,1.02,0,0.361,1.000,0.887,1,1,
2026-05-06 00:31:13,1777995073.097,157255,214921,87.24,0.0525,0.0488,39,255.00,256.63,1.04,0,0.378,1.000,0.891,1,1,
2026-05-06 00:31:14,1777995074.097,157710,216702,85.71,0.0538,0.0496,39,256.00,256.33,1.09,0,0.368,1.000,0.888,1,1,
2026-05-06 00:31:15,1777995075.097,156784,214070,85.71,0.0538,0.0502,39,256.00,256.14,-3.12,0,0.356,1.000,0.888,1,1,
2026-05-06 00:31:16,1777995076.097,156999,214654,85.71,0.0538,0.0508,39,256.00,256.09,0.00,0,0.354,1.000,0.888,1,1,
2026-05-06 00:31:17,1777995077.097,155857,210748,85.71,0.0538,0.0512,39,258.00,256.53,2.17,0,0.375,1.000,0.888,1,1,
2026-05-06 00:31:18,1777995078.097,156284,211637,85.71,0.0538,0.0516,39,257.00,257.20,-1.04,0,0.352,1.000,0.888,1,1,
2026-05-06 00:31:19,1777995079.097,155693,209374,85.71,0.0538,0.0519,39,261.00,257.90,3.25,0,0.383,1.000,0.888,1,1,
2026-05-06 00:31:20,1777995080.100,156374,211152,85.82,0.0532,0.0521,31,259.00,258.59,1.04,0,0.361,1.000,0.857,1,1,
2026-05-06 00:31:21,1777995081.097,155875,209512,85.99,0.0522,0.0521,31,260.00,259.22,1.09,0,0.363,1.000,0.881,1,1,
2026-05-06 00:31:22,1777995082.098,156455,211371,86.81,0.0527,0.0522,31,262.00,259.91,-1.04,0,0.356,1.000,0.934,1,1,
2026-05-06 00:31:23,1777995083.097,155733,209183,84.66,0.0507,0.0520,31,263.00,260.61,3.26,0,0.378,1.000,0.975,1,1,
2026-05-06 00:31:24,1777995084.097,156572,211791,84.16,0.0485,0.0515,31,263.00,261.32,1.04,0,0.354,1.000,0.976,1,1,
2026-05-06 00:31:25,1777995085.097,156011,210203,89.38,0.0514,0.0515,31,264.00,262.09,2.17,0,0.394,1.000,0.874,1,1,
2026-05-06 00:31:26,1777995086.097,156077,210462,89.38,0.0514,0.0514,31,265.00,262.87,1.02,0,0.382,1.000,0.874,1,1,
2026-05-06 00:31:27,1777995087.097,155698,209502,89.38,0.0514,0.0514,31,264.00,263.53,-3.25,0,0.372,1.000,0.874,1,1,
2026-05-06 00:31:28,1777995088.097,157666,216057,85.23,0.0590,0.0526,29,261.00,263.68,-2.04,0,0.347,1.000,0.854,1,1,
2026-05-06 00:31:29,1777995089.097,158845,220224,87.02,0.0603,0.0538,29,261.00,263.46,0.00,0,0.353,1.000,0.878,1,1,
2026-05-06 00:31:30,1777995090.097,159844,224125,87.46,0.0598,0.0547,29,262.00,263.23,-2.04,0,0.353,1.000,0.877,1,1,
2026-05-06 00:31:31,1777995091.097,159983,225143,87.46,0.0598,0.0555,29,264.00,263.01,1.09,0,0.362,1.000,0.877,1,1,
2026-05-06 00:31:32,1777995092.100,159731,225081,87.46,0.0598,0.0562,29,266.00,263.04,2.03,0,0.369,1.000,0.877,1,1,
2026-05-06 00:31:33,1777995093.100,158412,221722,87.46,0.0598,0.0567,29,266.00,263.53,0.00,0,0.347,1.000,0.877,1,1,
2026-05-06 00:31:34,1777995094.097,157229,216762,87.46,0.0598,0.0572,29,266.00,264.30,2.04,0,0.366,1.000,0.877,1,1,
2026-05-06 00:31:35,1777995095.097,157584,217310,87.46,0.0598,0.0576,29,266.00,265.09,0.00,0,0.345,1.000,0.877,1,1,
2026-05-06 00:31:36,1777995096.097,156744,214883,87.46,0.0598,0.0580,29,268.00,265.91,0.00,0,0.344,1.000,0.877,1,1,
2026-05-06 00:31:37,1777995097.097,157024,215591,84.08,0.0643,0.0589,23,269.00,266.49,1.02,0,0.333,1.000,0.868,1,1,
2026-05-06 00:31:38,1777995098.097,157402,216313,83.79,0.0648,0.0598,23,267.00,267.09,-1.02,0,0.319,1.000,0.893,1,1,
2026-05-06 00:31:39,1777995099.097,156611,213606,83.44,0.0627,0.0603,23,268.00,267.80,0.00,0,0.316,1.000,0.943,1,1,
2026-05-06 00:31:40,1777995100.097,156917,213727,85.21,0.0633,0.0607,23,272.00,268.49,3.06,0,0.355,1.000,0.943,1,1,
2026-05-06 00:31:41,1777995101.097,156316,211381,85.21,0.0633,0.0611,23,271.00,269.23,0.00,0,0.323,1.000,0.943,1,1,
2026-05-06 00:31:42,1777995102.097,156634,212191,86.43,0.0622,0.0613,21,271.00,270.05,-1.02,0,0.329,1.000,0.939,1,1,
2026-05-06 00:31:43,1777995103.097,156009,210315,87.42,0.0625,0.0615,21,265.00,269.76,-6.52,0,0.334,1.000,0.876,1,1,
2026-05-06 00:31:44,1777995104.097,156245,211242,85.86,0.0623,0.0616,21,261.00,268.09,-3.06,0,0.325,1.000,0.889,1,1,
2026-05-06 00:31:45,1777995105.098,155924,210484,84.30,0.0594,0.0613,23,260.00,266.18,-2.17,0,0.318,1.000,0.909,1,1,
2026-05-06 00:31:46,1777995106.097,155970,210788,83.91,0.0581,0.0608,24,263.00,264.38,4.09,0,0.358,1.000,0.917,1,1,
2026-05-06 00:31:47,1777995107.097,156439,212324,86.44,0.0563,0.0601,26,263.00,262.63,2.17,0,0.354,1.000,0.940,1,1,
2026-05-06 00:31:48,1777995108.097,156039,211256,87.18,0.0552,0.0593,27,261.00,261.86,-2.08,0,0.339,1.000,0.940,1,1,
2026-05-06 00:31:49,1777995109.097,156637,213052,85.72,0.0547,0.0586,28,263.00,262.09,3.26,0,0.365,1.000,0.941,1,1,
2026-05-06 00:31:50,1777995110.097,156016,211094,85.38,0.0543,0.0580,29,261.00,262.55,-1.04,0,0.333,1.000,0.941,1,1,
2026-05-06 00:31:51,1777995111.100,156389,211977,86.25,0.0536,0.0573,29,264.00,262.91,1.09,0,0.350,1.000,0.947,1,1,
2026-05-06 00:31:52,1777995112.097,156583,212590,90.15,0.0573,0.0573,29,268.00,263.30,3.13,0,0.392,1.000,0.899,1,1,
2026-05-06 00:31:53,1777995113.100,157333,214848,91.40,0.0578,0.0574,29,267.00,263.90,1.09,0,0.378,1.000,0.912,1,1,
2026-05-06 00:31:54,1777995114.100,156388,211991,89.56,0.0538,0.0568,29,268.00,264.79,1.04,0,0.369,1.000,0.921,1,1,
2026-05-06 00:31:55,1777995115.097,157356,215190,89.08,0.0444,0.0549,29,269.00,265.76,1.02,0,0.371,1.000,0.927,1,1,
2026-05-06 00:31:56,1777995116.097,157278,215265,88.57,0.0429,0.0531,31,269.00,266.75,-1.09,0,0.363,1.000,0.945,1,1,
2026-05-06 00:31:57,1777995117.097,158009,217902,86.58,0.0428,0.0515,32,269.00,267.64,2.09,0,0.378,1.000,0.935,1,1,
2026-05-06 00:31:58,1777995118.097,157738,217355,88.77,0.0425,0.0501,33,270.00,268.37,2.17,0,0.394,1.000,0.926,1,1,
2026-05-06 00:31:59,1777995119.097,157531,217235,88.77,0.0425,0.0489,33,272.00,269.24,-1.04,0,0.376,1.000,0.926,1,1,
2026-05-06 00:32:00,1777995120.097,156443,213914,88.77,0.0425,0.0480,33,272.00,270.04,0.00,0,0.378,1.000,0.926,1,1,
2026-05-06 00:32:01,1777995121.097,156950,214836,88.77,0.0425,0.0471,33,272.00,270.71,2.04,0,0.401,1.000,0.926,1,1,
2026-05-06 00:32:02,1777995122.097,155941,211425,88.77,0.0425,0.0464,33,273.00,271.48,1.04,0,0.393,1.000,0.926,1,1,
2026-05-06 00:32:03,1777995123.097,156346,212489,88.77,0.0425,0.0458,33,275.00,272.35,-1.02,0,0.384,1.000,0.926,1,1,
2026-05-06 00:32:04,1777995124.097,155495,209720,88.35,0.0407,0.0450,32,275.00,273.05,0.00,0,0.384,1.000,0.996,1,1,
2026-05-06 00:32:05,1777995125.097,156070,211256,88.41,0.0401,0.0443,33,277.00,273.90,2.04,0,0.407,1.000,0.996,1,1,
2026-05-06 00:32:06,1777995126.097,155671,210126,89.09,0.0390,0.0434,35,277.00,274.71,3.19,0,0.424,1.000,0.992,1,1,
2026-05-06 00:32:07,1777995127.097,156469,212701,88.86,0.0385,0.0427,36,277.00,275.42,1.02,0,0.403,1.000,0.999,1,1,
2026-05-06 00:32:08,1777995128.097,156271,212244,87.18,0.0389,0.0421,36,276.00,275.99,-1.02,0,0.386,1.000,1.000,1,1,
2026-05-06 00:32:09,1777995129.097,156531,213276,87.73,0.0390,0.0416,36,276.00,276.32,-3.07,0,0.390,1.000,1.000,1,1,
2026-05-06 00:32:10,1777995130.097,156491,213229,87.92,0.0383,0.0411,36,266.00,275.15,-8.51,0,0.392,1.000,1.000,1,1,
2026-05-06 00:32:11,1777995131.097,156098,212305,87.92,0.0383,0.0407,36,266.00,272.96,-3.06,0,0.394,1.000,1.000,1,1,
2026-05-06 00:32:12,1777995132.101,156611,213774,87.92,0.0383,0.0403,36,267.00,270.53,2.12,0,0.416,1.000,1.000,1,1,
2026-05-06 00:32:13,1777995133.097,155786,211211,88.11,0.0335,0.0393,35,266.00,268.33,3.06,0,0.429,1.000,1.000,1,1,
2026-05-06 00:32:14,1777995134.097,156180,212127,88.15,0.0335,0.0384,35,267.00,266.49,1.02,0,0.411,1.000,1.000,1,1,
2026-05-06 00:32:15,1777995135.097,155432,209576,88.32,0.0336,0.0377,35,268.00,266.29,-2.04,0,0.404,1.000,1.000,1,1,
2026-05-06 00:32:16,1777995136.097,156073,211136,90.20,0.0341,0.0371,35,270.00,267.15,2.04,0,0.436,1.000,1.000,1,1,
2026-05-06 00:32:17,1777995137.097,155181,208303,87.14,0.0348,0.0367,35,270.00,268.40,-2.04,0,0.400,1.000,0.997,1,1,
2026-05-06 00:32:18,1777995138.097,156017,210600,85.69,0.0348,0.0364,35,272.00,269.50,2.04,0,0.414,1.000,0.995,1,1,
2026-05-06 00:32:19,1777995139.097,155416,208763,85.37,0.0347,0.0362,35,274.00,270.55,4.08,0,0.433,1.000,0.982,1,1,
2026-05-06 00:32:20,1777995140.097,155542,209104,84.59,0.0340,0.0358,35,272.00,271.44,-2.16,0,0.389,1.000,0.972,1,1,
2026-05-06 00:32:21,1777995141.097,156122,210879,84.11,0.0334,0.0355,35,277.00,272.26,5.10,0,0.438,1.000,0.970,1,1,
2026-05-06 00:32:22,1777995142.097,155162,208078,86.57,0.0271,0.0342,35,275.00,273.02,-2.04,0,0.404,1.000,0.978,1,1,
2026-05-06 00:32:23,1777995143.097,155851,210118,85.34,0.0265,0.0330,34,277.00,273.87,0.00,0,0.401,1.000,0.973,1,1,
2026-05-06 00:32:24,1777995144.100,155469,209082,88.74,0.0277,0.0322,35,276.00,274.63,0.00,0,0.421,1.000,0.957,1,1,
2026-05-06 00:32:25,1777995145.097,155958,210631,90.69,0.0277,0.0315,35,278.00,275.36,-1.04,0,0.434,1.000,0.938,1,1,
2026-05-06 00:32:26,1777995146.097,155199,208479,90.47,0.0286,0.0311,35,267.00,274.89,-9.78,0,0.434,1.000,0.939,1,1,
2026-05-06 00:32:27,1777995147.097,156167,211578,87.75,0.0285,0.0307,35,258.00,272.22,-10.42,0,0.420,1.000,0.933,1,1,
2026-05-06 00:32:28,1777995148.097,155780,210983,85.09,0.0249,0.0298,34,257.00,268.84,-1.02,0,0.408,1.000,0.933,1,1,
2026-05-06 00:32:29,1777995149.097,156166,212609,87.16,0.0264,0.0293,35,259.00,265.30,3.20,0,0.453,1.000,0.928,1,1,
2026-05-06 00:32:30,1777995150.097,155203,210019,87.55,0.0263,0.0288,36,262.00,262.16,3.13,0,0.455,1.000,0.934,1,1,
2026-05-06 00:32:31,1777995151.097,155196,209684,87.55,0.0263,0.0284,36,262.00,260.28,-1.09,0,0.425,1.000,0.934,1,1,
2026-05-06 00:32:32,1777995152.097,154458,206467,87.55,0.0263,0.0281,36,263.00,260.67,-2.08,0,0.426,1.000,0.934,1,1,
2026-05-06 00:32:33,1777995153.097,155380,207842,87.55,0.0263,0.0278,36,264.00,262.09,1.04,0,0.437,1.000,0.934,1,1,
2026-05-06 00:32:34,1777995154.097,156390,209925,85.94,0.0271,0.0277,36,266.00,263.53,2.04,0,0.439,1.000,0.911,1,1,
2026-05-06 00:32:35,1777995155.097,155652,207244,79.79,0.0287,0.0279,36,268.00,264.70,1.09,0,0.396,1.000,0.848,1,1,
2026-05-06 00:32:36,1777995156.097,156606,210046,76.06,0.0295,0.0281,36,269.00,265.72,2.04,0,0.384,0.993,0.796,1,1,
2026-05-06 00:32:37,1777995157.097,157181,212045,82.36,0.0457,0.0308,36,269.00,266.69,0.00,0,0.391,0.940,0.764,1,1,
2026-05-06 00:32:38,1777995158.097,156530,210312,85.86,0.0454,0.0331,36,269.00,267.59,2.05,0,0.424,0.912,0.747,1,1,
2026-05-06 00:32:39,1777995159.097,157313,212848,86.73,0.0454,0.0350,36,268.00,268.15,-1.04,0,0.403,0.902,0.741,1,1,
2026-05-06 00:32:40,1777995160.097,156336,210065,89.56,0.0461,0.0367,36,269.00,268.39,3.06,0,0.444,0.881,0.729,1,1,
2026-05-06 00:32:41,1777995161.097,156493,210787,91.04,0.0454,0.0380,37,269.00,268.64,1.09,0,0.429,0.881,0.729,1,1,
2026-05-06 00:32:42,1777995162.097,155579,208268,91.04,0.0454,0.0392,37,271.00,268.92,3.07,0,0.445,0.881,0.729,1,1,
2026-05-06 00:32:43,1777995163.100,155484,207962,90.02,0.0466,0.0403,36,271.00,269.21,1.09,0,0.417,0.907,0.744,1,1,
2026-05-06 00:32:44,1777995164.097,155306,207352,87.47,0.0471,0.0413,36,273.00,269.69,4.08,0,0.430,0.907,0.744,1,1,
2026-05-06 00:32:45,1777995165.097,156214,209908,85.89,0.0470,0.0422,36,272.00,270.62,-1.06,0,0.379,0.927,0.756,1,1,
2026-05-06 00:32:46,1777995166.100,155424,207369,83.21,0.0472,0.0430,36,273.00,271.48,-2.03,0,0.362,1.000,0.899,1,1,
2026-05-06 00:32:47,1777995167.097,156118,209526,83.26,0.0467,0.0435,36,274.00,272.19,1.04,0,0.371,1.000,0.912,1,1,
2026-05-06 00:32:48,1777995168.097,155966,209023,86.22,0.0467,0.0440,36,275.00,272.93,1.02,0,0.386,1.000,0.912,1,1,
2026-05-06 00:32:49,1777995169.097,156040,209317,88.83,0.0467,0.0444,36,275.00,273.65,0.00,0,0.388,1.000,0.895,1,1,
2026-05-06 00:32:50,1777995170.097,155310,207149,88.83,0.0467,0.0448,36,278.00,274.29,1.02,0,0.398,1.000,0.895,1,1,
2026-05-06 00:32:51,1777995171.097,156025,209244,89.54,0.0477,0.0452,34,276.00,274.91,-1.08,0,0.390,1.000,0.913,1,1,
2026-05-06 00:32:52,1777995172.097,155314,207082,87.96,0.0509,0.0461,34,279.00,275.67,3.06,0,0.410,1.000,0.909,1,1,
2026-05-06 00:32:53,1777995173.097,155780,208663,86.20,0.0515,0.0469,34,278.00,276.29,1.08,0,0.378,1.000,0.915,1,1,
2026-05-06 00:32:54,1777995174.098,156157,210013,86.87,0.0516,0.0476,34,278.00,276.98,1.02,0,0.379,1.000,0.915,1,1,
2026-05-06 00:32:55,1777995175.098,155576,208493,89.64,0.0520,0.0483,34,280.00,277.65,2.04,0,0.402,1.000,0.901,1,1,
2026-05-06 00:32:56,1777995176.097,156275,210783,89.13,0.0520,0.0489,34,281.00,278.29,4.08,0,0.419,1.000,0.936,1,1,
2026-05-06 00:32:57,1777995177.097,155894,209878,85.47,0.0520,0.0494,34,280.00,278.72,-1.02,0,0.357,1.000,0.935,1,1,
2026-05-06 00:32:58,1777995178.097,156499,212056,88.43,0.0540,0.0501,34,279.00,279.13,-3.12,0,0.371,1.000,0.921,1,1,
2026-05-06 00:32:59,1777995179.097,155394,209072,90.10,0.0531,0.0505,34,281.00,279.50,2.04,0,0.399,1.000,0.912,1,1,
2026-05-06 00:33:00,1777995180.097,155539,209569,90.10,0.0531,0.0509,34,284.00,279.99,2.08,0,0.398,1.000,0.912,1,1,
2026-05-06 00:33:01,1777995181.097,154636,206678,90.10,0.0531,0.0513,34,283.00,280.53,-1.09,0,0.376,1.000,0.912,1,1,
2026-05-06 00:33:02,1777995182.097,154896,207028,90.10,0.0531,0.0515,34,282.00,281.35,-2.08,0,0.376,1.000,0.912,1,1,
2026-05-06 00:33:03,1777995183.097,154579,205485,89.42,0.0537,0.0519,33,284.00,282.23,1.09,0,0.382,1.000,0.937,1,1,
2026-05-06 00:33:04,1777995184.097,155703,208733,88.99,0.0533,0.0521,33,285.00,283.20,1.09,0,0.379,1.000,0.937,1,1,
2026-05-06 00:33:05,1777995185.097,155824,209283,85.46,0.0525,0.0522,34,286.00,284.13,-2.08,0,0.349,1.000,0.926,1,1,
2026-05-06 00:33:06,1777995186.097,157013,213138,82.91,0.0523,0.0522,34,286.00,284.82,2.18,0,0.357,1.000,0.887,1,1,
2026-05-06 00:33:07,1777995187.098,157936,216253,84.85,0.0404,0.0504,34,287.00,285.46,-2.08,0,0.351,1.000,0.890,1,1,
2026-05-06 00:33:08,1777995188.097,157590,215497,82.50,0.0420,0.0491,34,288.00,286.10,-1.09,0,0.342,1.000,0.862,1,1,
2026-05-06 00:33:09,1777995189.097,157686,215980,82.50,0.0420,0.0480,34,289.00,286.67,3.13,0,0.376,1.000,0.862,1,1,
2026-05-06 00:33:10,1777995190.097,156355,211714,82.50,0.0420,0.0471,34,288.00,287.16,0.00,0,0.347,1.000,0.862,1,1,
2026-05-06 00:33:11,1777995191.097,157131,213741,82.50,0.0420,0.0463,34,289.00,287.83,2.08,0,0.370,1.000,0.862,1,1,
2026-05-06 00:33:12,1777995192.097,156423,211294,82.50,0.0420,0.0456,34,290.00,288.52,2.17,0,0.373,1.000,0.862,1,1,
2026-05-06 00:33:13,1777995193.097,155905,209760,87.77,0.0522,0.0467,30,292.00,289.15,3.07,0,0.407,1.000,0.845,1,1,
2026-05-06 00:33:14,1777995194.097,155813,209426,82.49,0.0573,0.0483,29,281.00,288.96,-10.87,0,0.344,0.983,0.790,1,1,
2026-05-06 00:33:15,1777995195.097,156613,211941,83.64,0.0598,0.0501,29,270.00,286.42,-15.31,0,0.345,0.981,0.789,1,1,
2026-05-06 00:33:16,1777995196.097,156172,210735,82.45,0.0610,0.0517,29,266.00,282.34,-4.17,0,0.334,0.979,0.787,1,1,
2026-05-06 00:33:17,1777995197.100,156256,211310,84.56,0.0609,0.0531,29,267.00,277.70,1.02,0,0.352,0.979,0.787,1,1,
2026-05-06 00:33:18,1777995198.097,155626,209547,88.65,0.0604,0.0543,30,268.00,273.16,1.05,0,0.371,0.991,0.795,1,1,
2026-05-06 00:33:19,1777995199.097,155684,209786,88.65,0.0604,0.0552,30,270.00,269.72,1.02,0,0.368,0.991,0.795,1,1,
2026-05-06 00:33:20,1777995200.097,155011,207411,90.42,0.0609,0.0561,29,269.00,268.58,-1.04,0,0.365,0.994,0.796,1,1,
2026-05-06 00:33:21,1777995201.097,155478,208081,89.63,0.0596,0.0566,29,271.00,269.11,2.05,0,0.380,1.000,0.812,1,1,
2026-05-06 00:33:22,1777995202.097,155209,206547,88.82,0.0566,0.0566,29,272.00,270.16,1.02,0,0.365,1.000,0.837,1,1,
2026-05-06 00:33:23,1777995203.097,155874,208154,84.90,0.0582,0.0568,29,272.00,271.17,1.02,0,0.343,1.000,0.845,1,1,
2026-05-06 00:33:24,1777995204.097,156813,210928,82.37,0.0582,0.0570,29,274.00,272.00,2.04,0,0.340,1.000,0.831,1,1,
2026-05-06 00:33:25,1777995205.097,156742,210600,83.06,0.0579,0.0572,29,273.00,272.74,1.02,0,0.333,1.000,0.875,1,1,
2026-05-06 00:33:26,1777995206.097,157229,212110,83.17,0.0574,0.0572,29,274.00,273.42,1.02,0,0.333,1.000,0.894,1,1,
2026-05-06 00:33:27,1777995207.097,157734,213843,83.23,0.0574,0.0572,29,276.00,274.04,-3.06,0,0.323,1.000,0.893,1,1,
2026-05-06 00:33:28,1777995208.100,156933,211517,85.05,0.0557,0.0570,29,276.00,274.61,-1.09,0,0.334,1.000,0.893,1,1,
2026-05-06 00:33:29,1777995209.097,156919,211631,85.05,0.0557,0.0568,29,278.00,275.15,4.08,0,0.375,1.000,0.893,1,1,
2026-05-06 00:33:30,1777995210.097,156333,209965,85.05,0.0557,0.0566,29,278.00,275.79,0.00,0,0.335,1.000,0.893,1,1,
2026-05-06 00:33:31,1777995211.097,156777,211518,85.05,0.0557,0.0565,29,277.00,276.43,1.02,0,0.345,1.000,0.893,1,1,
2026-05-06 00:33:32,1777995212.097,156102,209700,86.95,0.0553,0.0563,29,278.00,277.05,1.02,0,0.356,1.000,0.932,1,1,
2026-05-06 00:33:33,1777995213.097,156665,211720,85.57,0.0548,0.0561,30,281.00,277.80,3.13,0,0.370,1.000,0.944,1,1,
2026-05-06 00:33:34,1777995214.097,155728,209205,86.01,0.0548,0.0559,30,281.00,278.54,1.09,0,0.353,1.000,0.997,1,1,
2026-05-06 00:33:35,1777995215.100,156297,211041,86.82,0.0548,0.0557,30,279.00,279.21,-3.12,0,0.347,1.000,0.993,1,1,
2026-05-06 00:33:36,1777995216.099,155521,208906,89.56,0.0529,0.0553,30,282.00,279.91,3.07,0,0.393,1.000,0.970,1,1,
2026-05-06 00:33:37,1777995217.097,156255,211212,91.02,0.0507,0.0546,30,285.00,280.58,5.21,0,0.424,1.000,0.963,1,1,
2026-05-06 00:33:38,1777995218.100,155498,209037,92.59,0.0424,0.0527,31,283.00,281.20,0.00,0,0.386,1.000,0.944,1,1,
2026-05-06 00:33:39,1777995219.097,156230,211461,94.00,0.0419,0.0511,32,283.00,281.79,2.08,0,0.419,1.000,0.931,1,1,
2026-05-06 00:33:40,1777995220.098,155375,209178,92.62,0.0430,0.0498,34,284.00,282.35,2.17,0,0.416,1.000,0.936,1,1,
2026-05-06 00:33:41,1777995221.097,155878,210879,91.02,0.0430,0.0488,35,285.00,283.00,3.19,0,0.420,1.000,0.941,1,1,
2026-05-06 00:33:42,1777995222.097,155110,208667,87.52,0.0422,0.0478,37,284.00,283.67,1.05,0,0.383,1.000,0.928,1,1,
2026-05-06 00:33:43,1777995223.097,155695,210297,87.78,0.0413,0.0468,37,287.00,284.36,3.27,0,0.409,1.000,0.943,1,1,
2026-05-06 00:33:44,1777995224.097,154779,207710,88.05,0.0321,0.0445,37,287.00,285.18,2.08,0,0.405,1.000,0.966,1,1,
2026-05-06 00:33:45,1777995225.097,155618,210054,88.12,0.0305,0.0424,37,287.00,285.96,1.09,0,0.401,1.000,0.965,1,1,
2026-05-06 00:33:46,1777995226.097,154930,208038,88.19,0.0292,0.0403,38,289.00,286.87,-2.08,0,0.396,1.000,0.966,1,1,
2026-05-06 00:33:47,1777995227.098,155577,209998,88.21,0.0285,0.0385,38,291.00,287.75,3.26,0,0.434,1.000,0.972,1,1,
2026-05-06 00:33:48,1777995228.098,155166,208812,93.38,0.0292,0.0371,38,292.00,288.57,4.17,0,0.474,1.000,0.943,1,1,
2026-05-06 00:33:49,1777995229.097,155588,210151,95.57,0.0292,0.0359,38,292.00,289.40,-1.09,0,0.448,1.000,0.929,1,1,
2026-05-06 00:33:50,1777995230.097,155194,209287,94.52,0.0291,0.0348,40,293.00,290.17,4.09,0,0.486,1.000,0.930,1,1,
2026-05-06 00:33:51,1777995231.097,155306,209681,92.06,0.0291,0.0340,40,293.00,291.00,-1.09,0,0.434,1.000,0.932,1,1,
2026-05-06 00:33:52,1777995232.097,155254,209650,90.67,0.0291,0.0332,40,292.00,291.78,1.02,0,0.439,1.000,0.933,1,1,
2026-05-06 00:33:53,1777995233.097,155156,209310,90.46,0.0276,0.0323,40,295.00,292.58,3.12,0,0.461,1.000,0.950,1,1,
2026-05-06 00:33:54,1777995234.097,155262,209780,85.82,0.0295,0.0319,40,296.00,293.29,3.06,0,0.437,1.000,0.896,1,1,
2026-05-06 00:33:55,1777995235.097,156350,213169,85.82,0.0295,0.0316,40,293.00,293.68,-1.06,0,0.407,1.000,0.896,1,1,
2026-05-06 00:33:56,1777995236.097,156971,215249,83.09,0.0299,0.0313,39,295.00,293.92,-2.04,0,0.393,1.000,0.840,1,1,
2026-05-06 00:33:57,1777995237.097,156600,214463,83.09,0.0299,0.0311,39,295.00,294.15,0.00,0,0.394,1.000,0.840,1,1,
2026-05-06 00:33:58,1777995238.097,157468,217203,83.05,0.0306,0.0310,37,296.00,294.39,2.04,0,0.414,1.000,0.807,1,1,
2026-05-06 00:33:59,1777995239.097,156401,214247,83.05,0.0306,0.0310,37,297.00,294.70,1.06,0,0.404,1.000,0.807,1,1,
2026-05-06 00:34:00,1777995240.097,155051,209739,83.05,0.0306,0.0309,37,298.00,295.31,4.09,0,0.435,1.000,0.807,1,1,
2026-05-06 00:34:01,1777995241.097,155533,210269,83.05,0.0306,0.0309,37,297.00,295.95,-2.17,0,0.394,1.000,0.807,1,1,
2026-05-06 00:34:02,1777995242.097,155232,208740,83.05,0.0306,0.0308,37,300.00,296.56,5.10,0,0.445,1.000,0.807,1,1,
2026-05-06 00:34:03,1777995243.097,156243,211417,84.94,0.0317,0.0310,35,299.00,297.28,-1.08,0,0.404,1.000,0.887,1,1,
2026-05-06 00:34:04,1777995244.097,155849,210149,89.83,0.0316,0.0311,35,298.00,297.91,1.02,0,0.440,1.000,0.823,1,1,
2026-05-06 00:34:05,1777995245.097,156786,213149,91.36,0.0312,0.0311,36,301.00,298.62,2.13,0,0.460,1.000,0.827,1,1,
2026-05-06 00:34:06,1777995246.097,156315,211712,92.73,0.0305,0.0310,36,303.00,299.34,4.08,0,0.487,1.000,0.930,1,1,
2026-05-06 00:34:07,1777995247.097,157075,213895,91.09,0.0317,0.0311,35,302.00,300.12,0.00,0,0.437,1.000,0.938,1,1,
2026-05-06 00:34:08,1777995248.097,156450,211812,90.64,0.0329,0.0314,35,304.00,300.91,-2.08,0,0.434,1.000,1.000,1,1,
2026-05-06 00:34:09,1777995249.097,157060,213276,89.76,0.0310,0.0313,35,303.00,301.59,-1.02,0,0.429,1.000,0.996,1,1,
2026-05-06 00:34:10,1777995250.097,156563,211443,85.80,0.0297,0.0311,35,302.00,302.37,-4.17,0,0.408,1.000,0.938,1,1,
2026-05-06 00:34:11,1777995251.097,157216,213367,86.68,0.0305,0.0310,35,305.00,302.99,3.06,0,0.444,1.000,0.944,1,1,
2026-05-06 00:34:12,1777995252.097,157087,212910,86.47,0.0310,0.0310,35,305.00,303.62,3.12,0,0.443,1.000,0.938,1,1,
2026-05-06 00:34:13,1777995253.097,156781,212078,87.11,0.0310,0.0310,35,305.00,304.22,0.00,0,0.416,1.000,0.938,1,1,
2026-05-06 00:34:14,1777995254.097,157235,213482,87.52,0.0310,0.0310,35,308.00,304.84,4.17,0,0.460,1.000,0.945,1,1,
2026-05-06 00:34:15,1777995255.097,156396,210888,87.95,0.0310,0.0310,35,306.00,305.44,-1.09,0,0.420,1.000,0.965,1,1,
2026-05-06 00:34:16,1777995256.097,156769,212019,88.05,0.0310,0.0310,35,307.00,306.08,0.00,0,0.421,1.000,0.978,1,1,
2026-05-06 00:34:17,1777995257.097,156130,210004,89.38,0.0318,0.0311,35,308.00,306.69,-1.04,0,0.427,1.000,0.978,1,1,
2026-05-06 00:34:18,1777995258.097,156794,212063,87.07,0.0318,0.0312,35,308.00,307.24,1.09,0,0.426,1.000,0.985,1,1,
2026-05-06 00:34:19,1777995259.097,156077,209878,90.91,0.0339,0.0316,35,309.00,307.92,-2.08,0,0.434,1.000,0.954,1,1,
2026-05-06 00:34:20,1777995260.097,156541,211270,91.87,0.0339,0.0320,35,311.00,308.62,-2.17,0,0.439,1.000,0.954,1,1,
2026-05-06 00:34:21,1777995261.097,155783,208956,86.62,0.0359,0.0326,35,306.00,308.54,-1.02,0,0.409,1.000,0.943,1,1,
2026-05-06 00:34:22,1777995262.097,156364,210743,85.33,0.0359,0.0331,35,303.00,307.71,-3.11,0,0.400,1.000,0.943,1,1,
2026-05-06 00:34:23,1777995263.097,155537,208436,85.27,0.0359,0.0335,35,302.00,306.64,-3.06,0,0.399,1.000,0.934,1,1,
2026-05-06 00:34:24,1777995264.097,155900,209673,86.35,0.0337,0.0335,35,301.00,305.13,-1.04,0,0.405,1.000,0.934,1,1,
2026-05-06 00:34:25,1777995265.097,155175,207560,89.06,0.0333,0.0335,36,304.00,303.47,0.00,0,0.419,1.000,0.929,1,1,
2026-05-06 00:34:26,1777995266.097,155972,210029,89.72,0.0327,0.0334,36,302.00,302.52,0.00,0,0.423,1.000,0.926,1,1,
2026-05-06 00:34:27,1777995267.097,155817,209497,88.83,0.0320,0.0332,38,304.00,302.39,-2.04,0,0.419,1.000,0.936,1,1,
2026-05-06 00:34:28,1777995268.097,156121,210157,86.74,0.0319,0.0330,38,304.00,302.48,1.09,0,0.419,1.000,0.936,1,1,
2026-05-06 00:34:29,1777995269.097,156616,211405,85.42,0.0315,0.0328,39,305.00,303.00,2.04,0,0.422,1.000,0.940,1,1,
2026-05-06 00:34:30,1777995270.098,155974,209180,85.86,0.0313,0.0325,41,305.00,303.52,-1.06,0,0.405,1.000,0.970,1,1,
2026-05-06 00:34:31,1777995271.097,156649,210639,86.82,0.0309,0.0323,42,302.00,303.99,-6.12,0,0.411,1.000,0.973,1,1,
2026-05-06 00:34:32,1777995272.097,156616,210617,85.81,0.0308,0.0320,44,295.00,303.13,-5.32,0,0.406,1.000,0.980,1,1,
2026-05-06 00:34:33,1777995273.097,157766,214619,86.69,0.0310,0.0319,45,290.00,300.78,-2.04,0,0.411,1.000,0.980,1,1,
2026-05-06 00:34:34,1777995274.097,157610,214634,87.26,0.0311,0.0318,43,290.00,297.99,0.00,0,0.414,1.000,0.983,1,1,
2026-05-06 00:34:35,1777995275.097,158110,216696,87.61,0.0311,0.0317,43,291.00,295.16,2.04,0,0.437,1.000,0.989,1,1,
2026-05-06 00:34:36,1777995276.097,157390,214746,87.61,0.0311,0.0316,43,291.00,292.42,2.17,0,0.438,1.000,0.989,1,1,
2026-05-06 00:34:37,1777995277.099,157335,214896,87.61,0.0311,0.0315,43,289.00,290.74,-2.04,0,0.417,1.000,0.989,1,1,
2026-05-06 00:34:38,1777995278.097,156472,212223,87.61,0.0311,0.0314,43,289.00,290.23,0.00,0,0.417,1.000,0.989,1,1,
2026-05-06 00:34:39,1777995279.097,156724,212497,87.61,0.0311,0.0314,43,289.00,290.19,-2.04,0,0.417,1.000,0.989,1,1,
2026-05-06 00:34:40,1777995280.097,156344,210877,87.61,0.0311,0.0314,43,291.00,290.18,2.04,0,0.438,1.000,0.989,1,1,
2026-05-06 00:34:41,1777995281.098,157678,214704,87.61,0.0311,0.0313,43,291.00,290.11,3.06,0,0.448,1.000,0.989,1,1,
2026-05-06 00:34:42,1777995282.100,157799,215300,88.09,0.0292,0.0310,35,289.00,290.06,-3.26,0,0.421,1.000,1.000,1,1,
2026-05-06 00:34:43,1777995283.097,158424,217519,88.14,0.0292,0.0307,35,290.00,290.20,-2.05,0,0.422,1.000,1.000,1,1,
2026-05-06 00:34:44,1777995284.097,157736,215746,86.30,0.0300,0.0306,35,292.00,290.32,2.04,0,0.433,1.000,1.000,1,1,
2026-05-06 00:34:45,1777995285.097,157896,216489,86.30,0.0300,0.0305,35,290.00,290.47,-3.07,0,0.413,1.000,1.000,1,1,
2026-05-06 00:34:46,1777995286.097,156729,212473,86.30,0.0300,0.0305,35,287.00,290.32,-2.17,0,0.413,1.000,1.000,1,1,
2026-05-06 00:34:47,1777995287.097,157447,214298,86.30,0.0300,0.0304,35,283.00,289.14,-3.13,0,0.413,1.000,1.000,1,1,
2026-05-06 00:34:48,1777995288.101,156906,212568,86.30,0.0300,0.0303,35,283.00,287.69,3.25,0,0.446,1.000,1.000,1,1,
2026-05-06 00:34:49,1777995289.097,155803,209291,93.84,0.0355,0.0311,28,283.00,286.22,2.17,0,0.473,1.000,0.840,1,1,
2026-05-06 00:34:50,1777995290.097,156171,210111,95.87,0.0320,0.0313,28,282.00,284.56,-4.17,0,0.462,1.000,0.834,1,1,
2026-05-06 00:34:51,1777995291.100,156555,211096,90.92,0.0399,0.0326,28,274.00,281.79,-7.27,0,0.432,1.000,0.818,1,1,
2026-05-06 00:34:52,1777995292.097,156559,211344,86.32,0.0404,0.0338,27,269.00,278.94,-5.12,0,0.404,0.890,0.734,1,1,
2026-05-06 00:34:53,1777995293.097,156971,212779,81.65,0.0406,0.0348,27,269.00,276.36,2.17,0,0.398,0.737,0.642,1,1,
2026-05-06 00:34:54,1777995294.097,157570,214637,80.57,0.0406,0.0357,27,272.00,273.85,1.05,0,0.378,0.701,0.620,1,1,
2026-05-06 00:34:55,1777995295.097,156572,211776,82.28,0.0412,0.0366,27,271.00,271.41,2.17,0,0.396,0.801,0.680,1,1,
2026-05-06 00:34:56,1777995296.097,157119,213257,82.28,0.0412,0.0373,27,270.00,270.69,-3.12,0,0.372,0.801,0.680,1,1,
2026-05-06 00:34:57,1777995297.097,156357,210603,84.45,0.0435,0.0382,25,271.00,271.01,0.00,0,0.382,0.840,0.704,1,1,
2026-05-06 00:34:58,1777995298.097,156929,211945,85.67,0.0427,0.0389,25,273.00,271.50,-1.04,0,0.386,0.874,0.724,1,1,
2026-05-06 00:34:59,1777995299.100,156034,209040,87.30,0.0427,0.0395,25,272.00,271.89,-1.09,0,0.393,1.000,0.813,1,1,
2026-05-06 00:35:00,1777995300.097,156712,210760,87.64,0.0420,0.0399,25,274.00,272.34,1.02,0,0.404,1.000,0.881,1,1,
2026-05-06 00:35:01,1777995301.097,155908,208216,88.00,0.0420,0.0402,25,272.00,272.66,-2.08,0,0.395,1.000,0.879,1,1,
2026-05-06 00:35:02,1777995302.099,156091,208731,88.08,0.0412,0.0404,25,274.00,273.12,0.00,0,0.395,1.000,0.884,1,1,
2026-05-06 00:35:03,1777995303.097,155967,208378,88.17,0.0404,0.0404,25,278.00,273.60,4.17,0,0.437,1.000,0.971,1,1,
2026-05-06 00:35:04,1777995304.097,155743,207827,88.20,0.0396,0.0403,26,274.00,274.11,-1.02,0,0.396,1.000,1.000,1,1,
2026-05-06 00:35:05,1777995305.097,156609,210606,88.21,0.0396,0.0402,26,273.00,274.51,0.00,0,0.397,1.000,1.000,1,1,
2026-05-06 00:35:06,1777995306.097,155691,208028,85.20,0.0396,0.0401,27,276.00,274.91,1.02,0,0.391,1.000,1.000,1,1,
2026-05-06 00:35:07,1777995307.097,156277,210074,84.49,0.0389,0.0399,28,273.00,275.09,-4.24,0,0.377,1.000,1.000,1,1,
2026-05-06 00:35:08,1777995308.097,155390,207872,84.89,0.0389,0.0397,30,274.00,275.29,1.02,0,0.390,1.000,1.000,1,1,
2026-05-06 00:35:09,1777995309.097,155947,209715,86.11,0.0390,0.0396,31,278.00,275.48,4.08,0,0.428,1.000,1.000,1,1,
2026-05-06 00:35:10,1777995310.100,155303,207894,87.36,0.0377,0.0393,33,275.00,275.74,-3.05,0,0.394,1.000,1.000,1,1,
2026-05-06 00:35:11,1777995311.097,156006,209957,89.60,0.0378,0.0391,34,277.00,276.09,2.05,0,0.427,1.000,0.986,1,1,
2026-05-06 00:35:12,1777995312.097,155811,209449,92.69,0.0409,0.0394,34,277.00,276.68,0.00,0,0.423,1.000,0.933,1,1,
2026-05-06 00:35:13,1777995313.100,156506,211572,93.06,0.0409,0.0396,34,279.00,277.35,2.18,0,0.446,1.000,0.923,1,1,
2026-05-06 00:35:14,1777995314.097,155238,207646,93.30,0.0352,0.0389,34,280.00,278.00,2.04,0,0.448,1.000,0.915,1,1,
2026-05-06 00:35:15,1777995315.097,156406,210931,93.30,0.0352,0.0384,34,280.00,278.63,2.17,0,0.451,1.000,0.915,1,1,
2026-05-06 00:35:16,1777995316.097,156126,210032,91.52,0.0353,0.0379,35,283.00,279.34,2.04,0,0.441,1.000,0.919,1,1,
2026-05-06 00:35:17,1777995317.097,156879,212498,92.29,0.0354,0.0375,36,281.00,279.85,-2.17,0,0.426,1.000,0.921,1,1,
2026-05-06 00:35:18,1777995318.097,156434,211467,91.83,0.0356,0.0372,38,284.00,280.38,2.09,0,0.445,1.000,0.939,1,1,
2026-05-06 00:35:19,1777995319.097,156526,211930,94.53,0.0362,0.0371,38,282.00,280.89,0.00,0,0.439,1.000,0.945,1,1,
2026-05-06 00:35:20,1777995320.097,155742,209503,94.53,0.0362,0.0369,38,284.00,281.31,1.04,0,0.450,1.000,0.945,1,1,
2026-05-06 00:35:21,1777995321.097,155082,207234,94.53,0.0362,0.0368,38,282.00,281.59,-1.09,0,0.440,1.000,0.945,1,1,
2026-05-06 00:35:22,1777995322.097,156136,210106,94.53,0.0362,0.0367,38,267.00,280.61,-15.62,0,0.440,1.000,0.945,1,1,
2026-05-06 00:35:23,1777995323.098,157422,214082,88.14,0.0410,0.0374,35,246.00,275.66,-21.82,0,0.404,1.000,0.839,1,1,
2026-05-06 00:35:24,1777995324.097,158442,217627,86.31,0.0412,0.0380,34,232.00,267.01,-15.22,0,0.392,1.000,0.806,1,1,
2026-05-06 00:35:25,1777995325.097,159723,222056,90.82,0.0462,0.0392,34,231.00,256.45,0.00,0,0.413,0.988,0.793,1,1,
2026-05-06 00:35:26,1777995326.097,160461,224994,86.24,0.0532,0.0414,34,233.00,246.76,1.08,0,0.393,0.947,0.768,1,1,
2026-05-06 00:35:27,1777995327.097,160806,226515,86.24,0.0532,0.0432,34,237.00,238.69,5.21,0,0.430,0.947,0.768,1,1,
2026-05-06 00:35:28,1777995328.097,160591,226736,86.24,0.0532,0.0447,34,239.00,235.04,2.17,0,0.395,0.947,0.768,1,1,
2026-05-06 00:35:29,1777995329.097,159243,223591,86.24,0.0532,0.0460,34,243.00,235.77,1.04,0,0.380,0.947,0.768,1,1,
2026-05-06 00:35:30,1777995330.097,158375,220260,86.24,0.0532,0.0471,34,242.00,238.10,-1.09,0,0.367,0.947,0.768,1,1,
2026-05-06 00:35:31,1777995331.097,157222,216397,86.24,0.0532,0.0481,34,242.00,240.10,-2.08,0,0.364,0.947,0.768,1,1,
2026-05-06 00:35:32,1777995332.097,157510,217629,86.24,0.0532,0.0489,34,245.00,241.66,3.26,0,0.395,0.947,0.768,1,1,
