timestamp_unix,packet_ts,seq,argmax_idx,argmax_label,face_detected,latency_ms,neutral,happy,sad,angry
1774180938.928,27362.059433419,0,2,sad,1,60.64666699967347,3.3722531952662393e-05,0.00016901272465474904,0.994086503982544,0.005710744298994541
1774180939.347,27362.493556629,1,2,sad,1,44.82435300087673,2.467306148901116e-05,0.00012025234900647774,0.9958052635192871,0.0040497733280062675
1774180939.401,27362.554894517,2,2,sad,1,37.73402799924952,3.342154377605766e-05,0.00018999761960003525,0.9970071911811829,0.0027693852316588163
1774180939.450,27362.605044696,3,2,sad,1,37.12106600141851,0.000606694258749485,0.0007479664054699242,0.9948151111602783,0.0038302000612020493
1774180939.506,27362.656792318,4,2,sad,1,40.87439499926404,0.00039991800440475345,0.0005012639448978007,0.9953424334526062,0.0037563617806881666
1774180939.552,27362.707754386,5,2,sad,1,35.656455998832826,0.00031660747481510043,0.00035682026646099985,0.9958928227424622,0.003433715784922242
1774180939.596,27362.754012829,6,2,sad,1,34.083384001860395,0.0010521011427044868,0.0037083567585796118,0.9928470849990845,0.0023923940025269985
1774180939.638,27362.799314625,7,2,sad,1,30.810648000624496,0.009787429124116898,0.0024637607857584953,0.9861139059066772,0.0016348084900528193
1774180939.681,27362.840925019,8,2,sad,1,31.562960997689515,0.0462159588932991,0.04681587219238281,0.9029476046562195,0.004020471591502428
1774180939.723,27362.884120244,9,2,sad,1,30.648924999695737,0.1327272355556488,0.22709600627422333,0.6316343545913696,0.008542272262275219
1774180939.767,27362.925694471,10,2,sad,1,32.696349000616465,0.30062633752822876,0.2146085500717163,0.47518301010131836,0.009582007303833961
1774180939.809,27362.969639269,11,2,sad,1,31.149480000749463,0.33009088039398193,0.26869672536849976,0.38648515939712524,0.014727138914167881
1774180939.852,27363.012337476,12,2,sad,1,31.269072998838965,0.30486196279525757,0.20600266754627228,0.47211283445358276,0.01702243834733963
1774180939.894,27363.054660998,13,2,sad,1,31.199073000607314,0.20427314937114716,0.13400451838970184,0.6490641832351685,0.012658021412789822
1774180939.936,27363.097016187,14,2,sad,1,30.89412900226307,0.13353417813777924,0.08938904851675034,0.7681378126144409,0.008938820101320744
1774180939.978,27363.138658988,15,2,sad,1,30.943683999794303,0.08685159683227539,0.06955656409263611,0.837398886680603,0.006192823406308889
1774180940.021,27363.180867714,16,2,sad,1,31.663850000768434,0.05650787428021431,0.04805871099233627,0.8913050293922424,0.004128286615014076
1774180940.064,27363.223727514,17,2,sad,1,32.154368000192335,0.13688860833644867,0.0540599599480629,0.7874758839607239,0.02157546952366829
1774180940.109,27363.268934921,18,2,sad,1,31.524998998065712,0.19850285351276398,0.0697525218129158,0.677289605140686,0.05445494502782822
1774180940.152,27363.313411589,19,2,sad,1,30.86888799953158,0.17496126890182495,0.0727548748254776,0.6801109313964844,0.07217280566692352
1774180940.198,27363.35735285,20,0,neutral,1,32.58288600045489,0.44870108366012573,0.04731433466076851,0.4439503848552704,0.06003405898809433
1774180940.240,27363.400644575,21,0,neutral,1,31.111110001802444,0.5645958185195923,0.05191529914736748,0.3371381163597107,0.04635067284107208
1774180940.284,27363.445441113,22,2,sad,1,30.00133300156449,0.36698809266090393,0.033773381263017654,0.5691070556640625,0.030131351202726364
1774180940.329,27363.490060206,23,2,sad,1,30.897406999429222,0.24661080539226532,0.08235547691583633,0.646845281124115,0.024188360199332237
1774180940.424,27363.576110342,24,2,sad,1,39.941117000125814,0.16286318004131317,0.053784094750881195,0.7443820238113403,0.03897067904472351
1774180940.489,27363.644888739,25,2,sad,1,36.310381001385394,0.37288227677345276,0.04084019362926483,0.5273677110671997,0.058909766376018524
1774180940.535,27363.692302273,26,2,sad,1,33.92964399972698,0.3248380720615387,0.02658969908952713,0.37342628836631775,0.27514585852622986
1774180940.578,27363.737548644,27,0,neutral,1,32.627404001686955,0.4242117702960968,0.017444418743252754,0.3027676045894623,0.25557613372802734
1774180940.621,27363.780817147,28,0,neutral,1,31.891164002445294,0.5913835167884827,0.011600836180150509,0.2085190862417221,0.18849651515483856
1774180940.665,27363.822521799,29,0,neutral,1,34.26619899983052,0.6266381144523621,0.013765036128461361,0.2335767149925232,0.12602004408836365
1774180940.710,27363.868572835,30,0,neutral,1,33.16744100084179,0.4329332411289215,0.11988268047571182,0.28342294692993164,0.16376104950904846
1774180940.752,27363.912419041,31,0,neutral,1,31.128054000873817,0.3880814015865326,0.07795947045087814,0.3633241653442383,0.17063488066196442
1774180940.797,27363.954752397,32,0,neutral,1,33.84727299999213,0.37281176447868347,0.054459720849990845,0.30504465103149414,0.267683744430542
1774180940.838,27363.999590916,33,2,sad,1,30.57168500163243,0.2607155442237854,0.2380666434764862,0.2901265621185303,0.21109113097190857
1774180940.912,27364.062680079,34,2,sad,1,41.571115998522146,0.18397130072116852,0.1653406023979187,0.4442312717437744,0.2064567655324936
1774180940.973,27364.126601853,35,2,sad,1,37.72711999772582,0.15439042448997498,0.11007121950387955,0.5475393533706665,0.1879989504814148
1774180941.017,27364.17423685,36,2,sad,1,34.428476999892155,0.11333520710468292,0.0733647421002388,0.6543835401535034,0.1589164435863495
1774180941.062,27364.22022509,37,2,sad,1,34.00618099840358,0.08717196434736252,0.04771137610077858,0.5471334457397461,0.31798315048217773
1774180941.107,27364.265222331,38,2,sad,1,33.27768199960701,0.3396654427051544,0.031705498695373535,0.4161151051521301,0.21251384913921356
1774180941.154,27364.308936889,39,2,sad,1,37.265083999955095,0.23370115458965302,0.02096332237124443,0.4327199161052704,0.3126155138015747
1774180941.199,27364.356399294,40,2,sad,1,34.61823500038008,0.16184523701667786,0.017467502504587173,0.48180675506591797,0.33888041973114014
1774180941.242,27364.402850052,41,2,sad,1,30.64855499906116,0.15647703409194946,0.011714435182511806,0.6038438677787781,0.22796456515789032
1774180941.285,27364.445953203,42,2,sad,1,30.528295999829425,0.3347929120063782,0.02571398764848709,0.4858981966972351,0.15359483659267426
1774180941.328,27364.488325503,43,2,sad,1,31.541904998448445,0.21869780123233795,0.016840478405356407,0.6643944978713989,0.10006709396839142
1774180941.372,27364.533100744,44,2,sad,1,30.678924998937873,0.1604514718055725,0.011194862425327301,0.734266996383667,0.09408647567033768
1774180941.417,27364.577299227,45,2,sad,1,31.38716499961447,0.2482968419790268,0.0072965966537594795,0.6748132705688477,0.069593146443367
1774180941.462,27364.621500617,46,0,neutral,1,31.932183002936654,0.4987154006958008,0.004757470916956663,0.4507136344909668,0.04581340774893761
1774180941.505,27364.666267525,47,0,neutral,1,30.889407000358915,0.5298652648925781,0.003124861279502511,0.4314449429512024,0.03556479513645172
1774180941.551,27364.711047304,48,2,sad,1,31.263405999197857,0.37162941694259644,0.002052524359896779,0.5929250717163086,0.033392906188964844
1774180941.596,27364.755620286,49,2,sad,1,31.798535001144046,0.24766939878463745,0.0014254958368837833,0.7278165817260742,0.023088425397872925
1774180941.643,27364.802295007,50,2,sad,1,32.21733099780977,0.16902148723602295,0.001045324606820941,0.8133571147918701,0.01657601073384285
1774180941.686,27364.847577396,51,2,sad,1,30.613406997872517,0.1162152960896492,0.0007358091534115374,0.8371172547340393,0.045931559056043625
1774180941.732,27364.891388176,52,2,sad,1,32.22629299852997,0.09197128564119339,0.0006073638796806335,0.8735483884811401,0.033872902393341064
1774180941.777,27364.936985731,53,2,sad,1,31.8412199994782,0.07052411139011383,0.004831422120332718,0.8939354419708252,0.030708983540534973
1774180941.824,27364.982139879,54,2,sad,1,33.27571900081239,0.08980001509189606,0.0038519855588674545,0.8847213983535767,0.021626602858304977
1774180941.869,27365.029683543,55,2,sad,1,30.763962997298222,0.07889537513256073,0.002601542044430971,0.8990231156349182,0.019479908049106598
1774180941.911,27365.071235511,56,2,sad,1,31.78957199997967,0.05185972899198532,0.0018583156634122133,0.9335863590240479,0.012695526704192162
1774180941.954,27365.115205883,57,2,sad,1,30.42764799829456,0.03430786356329918,0.0013656846713274717,0.9558911323547363,0.008435253985226154
1774180942.000,27365.159262366,58,2,sad,1,32.75727499931236,0.022828005254268646,0.0009268018766306341,0.9706069827079773,0.005638111848384142
1774180942.045,27365.203131312,59,2,sad,1,33.38821900251787,0.023373454809188843,0.001527133397758007,0.9696186780929565,0.005480697378516197
1774180942.087,27365.247444221,60,2,sad,1,31.07844300029683,0.09642719477415085,0.0016905616503208876,0.8774224519729614,0.02445974573493004
1774180942.131,27365.289948928,61,2,sad,1,32.79484900122043,0.265534371137619,0.0024272380396723747,0.6279579401016235,0.10408040881156921
1774180942.174,27365.333908967,62,2,sad,1,31.511016997683328,0.3261811137199402,0.0030178427696228027,0.5881267786026001,0.08267420530319214
1774180942.218,27365.378940189,63,2,sad,1,31.05679600048461,0.3780771493911743,0.013267779722809792,0.5526061654090881,0.056048862636089325
1774180942.261,27365.421107323,64,2,sad,1,31.632406000426272,0.28967779874801636,0.009103703312575817,0.6637939810752869,0.03742443770170212
1774180942.305,27365.465013232,65,2,sad,1,31.793424001079984,0.19769954681396484,0.010287061333656311,0.7670421600341797,0.024971172213554382
1774180942.349,27365.509786362,66,2,sad,1,31.20118399965577,0.12940086424350739,0.006727936677634716,0.8476091623306274,0.016262026503682137
1774180942.398,27365.558418895,67,2,sad,1,31.570979997923132,0.13527294993400574,0.006355663761496544,0.8439590334892273,0.014412314631044865
1774180942.449,27365.609608629,68,2,sad,1,31.557812999380985,0.11335361748933792,0.004466160200536251,0.8661168813705444,0.016063332557678223
1774180942.500,27365.660290956,69,2,sad,1,31.513682999502635,0.16576805710792542,0.007925841026008129,0.7601156234741211,0.0661904364824295
1774180942.554,27365.711302208,70,2,sad,1,34.21447700020508,0.11551697552204132,0.035179395228624344,0.8024023771286011,0.04690118506550789
1774180942.602,27365.76205985,71,2,sad,1,32.14868199938792,0.08222834020853043,0.025106949731707573,0.552029550075531,0.3406350314617157
1774180942.653,27365.812790213,72,2,sad,1,31.90481300043757,0.07877045124769211,0.023621056228876114,0.4692839980125427,0.4283244013786316
1774180942.706,27365.863116855,73,2,sad,1,34.43581000101403,0.10684830695390701,0.03522743284702301,0.44171884655952454,0.4162052869796753
1774180942.755,27365.913649312,74,2,sad,1,33.52573700249195,0.09031939506530762,0.023505374789237976,0.5087505578994751,0.37742453813552856
1774180942.805,27365.965090286,75,2,sad,1,32.18486799960374,0.05871732905507088,0.015280143357813358,0.6806693077087402,0.24533309042453766
1774180942.858,27366.01759437,76,2,sad,1,32.21255300013581,0.03849131613969803,0.011232047341763973,0.7898544669151306,0.16042207181453705
1774180942.909,27366.067111161,77,2,sad,1,33.13920000073267,0.02518887259066105,0.0077049946412444115,0.8607102632522583,0.10639577358961105
1774180942.959,27366.11746234,78,2,sad,1,33.234755999728804,0.01644386723637581,0.005088822916150093,0.9081146717071533,0.07035259157419205
1774180943.008,27366.167894556,79,2,sad,1,32.382644996687304,0.011710216291248798,0.003403628244996071,0.925269365310669,0.059616751968860626
1774180943.059,27366.218702642,80,2,sad,1,32.381238001107704,0.007877606898546219,0.0022728582844138145,0.9509401321411133,0.038909394294023514
1774180943.110,27366.268742303,81,2,sad,1,33.05036700112396,0.0051250457763671875,0.0014803602825850248,0.9680960178375244,0.025298526510596275
1774180943.161,27366.319260889,82,2,sad,1,33.66718100005528,0.0033580579329282045,0.0010026398813351989,0.9790112376213074,0.016628030687570572
1774180943.213,27366.370824215,83,2,sad,1,33.720236002409365,0.0021992987021803856,0.0007002817583270371,0.9851521253585815,0.01194832380861044
1774180943.264,27366.42047345,84,2,sad,1,35.00045699911425,0.0014562623109668493,0.0008659420418553054,0.9892922639846802,0.008385543711483479
1774180943.315,27366.471378665,85,2,sad,1,35.06901299988385,0.0009469319484196603,0.0005724576185457408,0.9930241703987122,0.0054564145393669605
1774180943.368,27366.525619062,86,2,sad,1,33.755625001504086,0.0007047150866128504,0.0019307004986330867,0.9892088174819946,0.008155693300068378
1774180943.418,27366.575857926,87,2,sad,1,34.05271800147602,0.0006491461535915732,0.005516902077943087,0.9872822761535645,0.006551530212163925
1774180943.466,27366.624977977,88,2,sad,1,33.24179300034302,0.0004908079281449318,0.0036630171816796064,0.9907771944999695,0.005068895407021046
1774180943.512,27366.671408291,89,2,sad,1,32.580792998487595,0.00043972351704724133,0.0024509390350431204,0.9929994344711304,0.004109888803213835
1774180943.563,27366.722322339,90,2,sad,1,32.651774999976624,0.00028846185887232423,0.0016629394376650453,0.9951955080032349,0.002853088080883026
1774180943.613,27366.772752648,91,2,sad,1,32.17192299780436,0.00042487034806981683,0.002356714103370905,0.9949010014533997,0.0023173873778432608
1774180943.664,27366.82338166,92,2,sad,1,32.54046000074595,0.0006760841934010386,0.0020420029759407043,0.9948068261146545,0.0024750237353146076
1774180943.716,27366.873750691,93,2,sad,1,34.04612400117912,0.0017893760232254863,0.0014499275712296367,0.9945441484451294,0.002216404303908348
1774180943.768,27366.924719313,94,2,sad,1,34.81036499943002,0.001599723706021905,0.0009684928809292614,0.9958566427230835,0.0015750351594761014
1774180943.818,27366.975379918,95,2,sad,1,34.44023500196636,0.0010808714432641864,0.0006410396890714765,0.996841549873352,0.0014364500530064106
1774180943.870,27367.025607375,96,2,sad,1,36.343621999549214,0.0008355800528079271,0.005584579426795244,0.99055016040802,0.0030296449549496174
1774180943.919,27367.076072405,97,2,sad,1,34.68288399744779,0.0007257509278133512,0.003643436823040247,0.9935568571090698,0.002073921961709857
1774180943.974,27367.128193564,98,2,sad,1,37.385435000032885,0.0015525741036981344,0.0028914331924170256,0.9932259321212769,0.002330011921003461
1774180944.026,27367.179700204,99,2,sad,1,38.20145300051081,0.001262208679690957,0.002706952393054962,0.9909066557884216,0.00512415636330843
1774180944.071,27367.230958771,100,2,sad,1,31.750832000398077,0.0008928148308768868,0.0017773908330127597,0.9939271211624146,0.0034026571083813906
1774180944.122,27367.279947618,101,2,sad,1,33.78240299934987,0.0007605304708704352,0.0013896282762289047,0.9954625368118286,0.00238727661781013
1774180944.170,27367.329100669,102,2,sad,1,32.414163997600554,0.0006418460980057716,0.002086351392790675,0.9950932264328003,0.0021785192657262087
1774180944.220,27367.38008894,103,2,sad,1,31.847202000790276,0.00048809070722199976,0.0014135059900581837,0.9957982897758484,0.0023000971414148808
1774180944.270,27367.430097897,104,2,sad,1,31.40912800154183,0.00037931257975287735,0.0009867968037724495,0.9950335025787354,0.003600318683311343
1774180944.321,27367.480495483,105,2,sad,1,31.899165001959773,0.00036279039341025054,0.0006740696262568235,0.9906874895095825,0.008275523781776428
1774180944.374,27367.53250729,106,2,sad,1,32.91145999901346,0.0002895875368267298,0.0005108629120513797,0.9912279844284058,0.007971467450261116
1774180944.421,27367.58165223,107,2,sad,1,30.76055500059738,0.0003666554985102266,0.000934158219024539,0.9882835149765015,0.010415570810437202
1774180944.472,27367.632547315,108,2,sad,1,30.92035100053181,0.0003124205977655947,0.0006357879610732198,0.9897097945213318,0.009341930039227009
1774180944.522,27367.683185883,109,2,sad,1,30.60849900066387,0.00026653072563931346,0.0005762697546742857,0.9917912483215332,0.007365885190665722
1774180944.573,27367.733446599,110,2,sad,1,30.93142500074464,0.0010054706363007426,0.0036607785150408745,0.98870450258255,0.0066291699185967445
1774180944.624,27367.784394425,111,2,sad,1,31.47122099835542,0.0007380300085060298,0.009452441707253456,0.9851405024528503,0.0046689496375620365
1774180944.674,27367.834655882,112,2,sad,1,31.268980997992912,0.0005915997899137437,0.006305496208369732,0.9846328496932983,0.008469901978969574
1774180944.725,27367.885276098,113,2,sad,1,31.84510899882298,0.001289263367652893,0.005967407021671534,0.985897421836853,0.006845715455710888
1774180944.777,27367.936617813,114,2,sad,1,32.23023800092051,0.0008620956214144826,0.0038995775394141674,0.9901778101921082,0.005060361698269844
1774180944.826,27367.986396122,115,2,sad,1,31.73657200022717,0.0006308656302280724,0.002639077603816986,0.9897071123123169,0.007022819481790066
1774180944.878,27368.036920801,116,2,sad,1,33.093162997829495,0.0007289202185347676,0.00196135719306767,0.9895085096359253,0.0078010959550738335
1774180944.930,27368.087621202,117,2,sad,1,34.50953100036713,0.0009537091245874763,0.0020635195542126894,0.9912946820259094,0.005687939468771219
1774180944.979,27368.137796418,118,2,sad,1,33.183884999743896,0.0007278179400600493,0.0013668318279087543,0.994133710861206,0.00377152138389647
1774180945.030,27368.187768227,119,2,sad,1,34.2756800018833,0.0008997926488518715,0.0027701109647750854,0.9937429428100586,0.0025870460085570812
1774180945.079,27368.237845851,120,2,sad,1,32.82140400187927,0.0007281664293259382,0.0018833965295925736,0.9941431283950806,0.0032452289015054703
1774180945.131,27368.287801512,121,2,sad,1,34.87910499825375,0.0005938364774920046,0.0019415842834860086,0.9893825054168701,0.008082041516900063
1774180945.181,27368.338372431,122,2,sad,1,34.06808799991268,0.00046046762145124376,0.0016650627367198467,0.9749890565872192,0.022885331884026527
1774180945.231,27368.388520258,123,2,sad,1,33.97742200104403,0.000658777542412281,0.001171772601082921,0.9822522401809692,0.01591714285314083
1774180945.281,27368.439247233,124,2,sad,1,33.92662500118604,0.0008545858436264098,0.0008525384473614395,0.9875695705413818,0.010723171755671501
1774180945.332,27368.489863078,125,2,sad,1,33.72943999784184,0.0008677311707288027,0.00086016341811046,0.9912854433059692,0.006986572407186031
1774180945.383,27368.540693442,126,2,sad,1,33.86003200284904,0.0006985958898440003,0.0014897454530000687,0.993233323097229,0.004578291438519955
1774180945.433,27368.590820306,127,2,sad,1,33.80095900138258,0.0005478196544572711,0.0010972593445330858,0.9952969551086426,0.0030579490121454
1774180945.483,27368.641503059,128,2,sad,1,33.71456999957445,0.0005240910686552525,0.000812241923995316,0.99632328748703,0.0023403705563396215
1774180945.534,27368.69158222,129,2,sad,1,34.474291001970414,0.0007710492936894298,0.0006956658326089382,0.9951159954071045,0.0034172344021499157
1774180945.587,27368.742904323,130,2,sad,1,35.5044749994704,0.0010615142527967691,0.0007471590652130544,0.9943158626556396,0.003875383175909519
1774180945.637,27368.793684205,131,2,sad,1,34.59599499910837,0.0008335104212164879,0.0007017131429165602,0.9958187341690063,0.0026459251530468464
1774180945.688,27368.845773308,132,2,sad,1,34.105088001524564,0.0011099891271442175,0.001542713143862784,0.9954855442047119,0.001861699391156435
1774180945.738,27368.896058672,133,2,sad,1,33.651811001618626,0.0007358560105785728,0.0010436035227030516,0.9969965219497681,0.0012239603092893958
1774180945.788,27368.946571647,134,2,sad,1,33.226644998649135,0.0005004910635761917,0.0009141808259300888,0.9977613687515259,0.0008239491144195199
1774180945.838,27368.997152789,135,2,sad,1,32.7840149984695,0.0039829956367611885,0.02429572492837906,0.9660277366638184,0.005693474318832159
1774180945.889,27369.047171431,136,2,sad,1,33.63271800117218,0.0038878656923770905,0.017178069800138474,0.9583252668380737,0.020608719438314438
1774180945.939,27369.098565553,137,2,sad,1,32.12992400221992,0.0026807733811438084,0.01119302585721016,0.9723501205444336,0.01377593819051981
1774180945.990,27369.148992325,138,2,sad,1,32.330718997400254,0.0018756056670099497,0.007840685546398163,0.981183648109436,0.009100005961954594
1774180946.039,27369.198587949,139,2,sad,1,32.000146002246765,0.0013137534260749817,0.005208059214055538,0.9875468611717224,0.0059312619268894196
1774180946.088,27369.248907702,140,2,sad,1,31.135425000684336,0.0011197275016456842,0.003939393907785416,0.990953266620636,0.003987534902989864
1774180946.139,27369.298753419,141,2,sad,1,31.670719999965513,0.0008795388857834041,0.0038566782604902983,0.9923763871192932,0.002887381473556161
1774180946.187,27369.348420784,142,2,sad,1,30.62970300015877,0.0006943870102986693,0.002678162418305874,0.9941222667694092,0.002505104523152113
1774180946.238,27369.399267555,143,2,sad,1,30.493665999529185,0.0010641238186508417,0.0035496193449944258,0.9923763275146484,0.0030098226852715015
1774180946.289,27369.450055066,144,2,sad,1,30.464703999314224,0.002573894802480936,0.005976776126772165,0.9887769818305969,0.002672256901860237
1774180946.339,27369.500195412,145,2,sad,1,30.294166997919092,0.002204625867307186,0.00689528975635767,0.9868789315223694,0.004021067172288895
1774180946.389,27369.550332462,146,2,sad,1,30.110296000202652,0.001658603665418923,0.005085086449980736,0.9903531670570374,0.002903025597333908
1774180946.440,27369.601323158,147,2,sad,1,30.817073999060085,0.0030979453586041927,0.017186511307954788,0.9724522233009338,0.007263192906975746
1774180946.491,27369.651997837,148,2,sad,1,31.10792499865056,0.00584610877558589,0.060826897621154785,0.9110171794891357,0.022309647873044014
1774180946.542,27369.702796589,149,2,sad,1,30.849980998027604,0.005626292899250984,0.04811611399054527,0.926169753074646,0.020087720826268196
1774180946.593,27369.753222064,150,2,sad,1,31.675498001277447,0.003798255929723382,0.03202466666698456,0.950641930103302,0.01353505626320839
1774180946.644,27369.803423595,151,2,sad,1,32.43325700168498,0.003316162619739771,0.03381714969873428,0.9522085189819336,0.01065803598612547
1774180946.693,27369.854023422,152,2,sad,1,30.593461997341365,0.0025077704340219498,0.042116425931453705,0.9481701254844666,0.007205538917332888
1774180946.744,27369.904293342,153,2,sad,1,31.788293999852613,0.0019528398988768458,0.04584406316280365,0.9474183320999146,0.004784645512700081
1774180946.796,27369.95489665,154,2,sad,1,32.83629299767199,0.0020947400480508804,0.06758977472782135,0.927044153213501,0.0032712239772081375
1774180946.847,27370.005619606,155,2,sad,1,33.444126001995755,0.001617254107259214,0.31011638045310974,0.6860827803611755,0.0021835186053067446
1774180946.896,27370.055731008,156,2,sad,1,32.05671999967308,0.002585151232779026,0.20463459193706512,0.7887661457061768,0.004014052450656891
1774180946.946,27370.106362316,157,2,sad,1,31.451145998289576,0.0029663462191820145,0.16175606846809387,0.8273512125015259,0.007926316000521183
1774180946.997,27370.157172476,158,2,sad,1,31.701738000265323,0.0020298785530030727,0.10522186011075974,0.8853427767753601,0.007405384443700314
1774180947.048,27370.207417932,159,2,sad,1,32.69644199826871,0.001353233470581472,0.06958448886871338,0.9239953756332397,0.005066819489002228
1774180947.098,27370.25755763,160,2,sad,1,32.34370100108208,0.0011898797238245606,0.04778355732560158,0.947309136390686,0.003717305138707161
1774180947.150,27370.307626791,161,2,sad,1,34.10588399856351,0.000814352766610682,0.03171022981405258,0.9647448658943176,0.002730415901169181
1774180947.198,27370.35776797,162,2,sad,1,32.29712699976517,0.0007123527466319501,0.19138598442077637,0.8058505654335022,0.002050982555374503
1774180947.250,27370.408214056,163,2,sad,1,33.569348001037724,0.0008259204332716763,0.1837480366230011,0.8068413138389587,0.008584692142903805
1774180947.300,27370.458386957,164,2,sad,1,33.49619999789866,0.00131043023429811,0.15160493552684784,0.8326690196990967,0.014415537938475609
1774180947.404,27370.558567149,165,2,sad,1,37.18367699912051,0.005739867687225342,0.10022936761379242,0.8754554986953735,0.018575157970190048
1774180947.472,27370.623841939,166,2,sad,1,39.79593300027773,0.003968294244259596,0.06603822112083435,0.9085187315940857,0.021474666893482208
1774180947.522,27370.680544333,167,2,sad,1,33.59403200011002,0.14784477651119232,0.04582400992512703,0.7900210022926331,0.01631009764969349
1774180947.568,27370.726052888,168,2,sad,1,33.35425499972189,0.09654027968645096,0.04245973378419876,0.8454408645629883,0.015559029765427113
1774180947.614,27370.771477128,169,2,sad,1,34.742957999696955,0.0633281022310257,0.031227080151438713,0.8943542242050171,0.01109042763710022
1774180947.663,27370.821566844,170,2,sad,1,33.24595999947633,0.0411904901266098,0.02310364693403244,0.9273608922958374,0.008344871923327446
1774180947.707,27370.868281157,171,2,sad,1,30.76692600006936,0.10021497309207916,0.08249202370643616,0.712882399559021,0.1044105663895607
1774180947.754,27370.913998083,172,2,sad,1,31.58299799906672,0.0659269168972969,0.054315634071826935,0.8069958090782166,0.07276158779859543
1774180947.804,27370.964345743,173,2,sad,1,31.724813001346774,0.04288036376237869,0.03534308820962906,0.8734082579612732,0.04836822301149368
1774180947.853,27371.014029793,174,2,sad,1,31.23110999877099,0.027884339913725853,0.022979166358709335,0.9163235425949097,0.03281284123659134
1774180947.903,27371.063830732,175,2,sad,1,30.801517998042982,0.09187948703765869,0.018203388899564743,0.8660527467727661,0.02386421151459217
1774180947.954,27371.114766243,176,2,sad,1,30.81592599846772,0.0987197756767273,0.09115797281265259,0.7649126052856445,0.04520951956510544
1774180948.004,27371.165721866,177,2,sad,1,30.362239998794394,0.06550126522779465,0.06287648528814316,0.8299994468688965,0.04162277281284332
1774180948.055,27371.216508859,178,2,sad,1,30.63125900007435,0.042651303112506866,0.045340947806835175,0.8818361759185791,0.030171560123562813
1774180948.163,27371.317864383,179,2,sad,1,36.632029001339106,0.027737058699131012,0.02956702746450901,0.9228062629699707,0.019889675080776215
1774180948.223,27371.380533583,180,2,sad,1,34.34236600151053,0.01805287040770054,0.022530512884259224,0.9158790707588196,0.04353756457567215
1774180948.271,27371.430326152,181,2,sad,1,31.924498001899337,0.011838014237582684,0.014774556271731853,0.9445321559906006,0.02885528653860092
1774180948.318,27371.473464302,182,2,sad,1,36.351400001876755,0.05687609687447548,0.062072813510894775,0.8557249903678894,0.02532610483467579
1774180948.366,27371.522123817,183,2,sad,1,35.79099299895461,0.037024084478616714,0.04198187589645386,0.9034929275512695,0.01750112697482109
1774180948.414,27371.571499793,184,2,sad,1,33.80019899850595,0.024161530658602715,0.027819698676466942,0.9329429864883423,0.015075772069394588
1774180948.462,27371.621540565,185,2,sad,1,32.54183000171906,0.015708720311522484,0.021890265867114067,0.9517658948898315,0.010635064914822578
1774180948.513,27371.672098836,186,2,sad,1,32.61844100052258,0.01024170033633709,0.02796453982591629,0.9545431733131409,0.00725051574409008
1774180948.564,27371.723013385,187,2,sad,1,32.554737001191825,0.006711513735353947,0.01860819198191166,0.9697322845458984,0.004947940818965435
1774180948.615,27371.773539378,188,2,sad,1,32.878589001484215,0.004371238872408867,0.012219511903822422,0.9798303842544556,0.0035787629894912243
1774180948.666,27371.823973816,189,2,sad,1,33.4000519978872,0.004188423976302147,0.2186862975358963,0.7734849452972412,0.0036402586847543716
1774180948.717,27371.874071199,190,2,sad,1,34.55962400039425,0.0029336675070226192,0.4314262866973877,0.563142716884613,0.0024972320534288883
1774180948.767,27371.924440026,191,2,sad,1,33.819883999967715,0.002553601050749421,0.35796406865119934,0.6354425549507141,0.00403967872262001
1774180948.817,27371.97525263,192,2,sad,1,33.912680999492295,0.0018071066588163376,0.3930038809776306,0.6024767160415649,0.0027122253086417913
1774180948.867,27372.026072993,193,2,sad,1,32.677015999070136,0.0013124195393174887,0.25929170846939087,0.737555205821991,0.0018405640730634332
1774180948.918,27372.076534024,194,2,sad,1,33.67418099878705,0.0009526472422294319,0.1810614913702011,0.8148605227470398,0.0031252249609678984
1774180948.968,27372.127869294,195,2,sad,1,31.5242210017459,0.0009944074554368854,0.1466900110244751,0.8476355075836182,0.004680030979216099
1774180949.018,27372.178709435,196,2,sad,1,31.002776999230264,0.0007503967499360442,0.174676313996315,0.8212599158287048,0.0033132995013147593
1774180949.075,27372.229838558,197,2,sad,1,36.69573200022569,0.0006096471333876252,0.45362362265586853,0.5433620810508728,0.0024045605678111315
1774180949.128,27372.28322664,198,2,sad,1,36.79817699958221,0.0006157670868560672,0.3729124963283539,0.6244523525238037,0.002019359730184078
1774180949.173,27372.334274485,199,1,happy,1,30.443128998740576,0.0006470215739682317,0.5099891424179077,0.4877677857875824,0.0015960094751790166
1774180949.220,27372.379918669,200,2,sad,1,31.691775999206584,0.00048229750245809555,0.3695127069950104,0.6289311647415161,0.0010738188866525888
1774180949.269,27372.430015052,201,2,sad,1,30.970146999607095,0.0003947536461055279,0.242085799574852,0.7551929354667664,0.002326486399397254
1774180949.319,27372.480155528,202,2,sad,1,30.440462000115076,0.00043814824311994016,0.16379795968532562,0.8337973356246948,0.0019665441941469908
1774180949.369,27372.530204151,203,2,sad,1,30.912258000171278,0.00029892000020481646,0.37638598680496216,0.6218253374099731,0.0014897289220243692
1774180949.421,27372.581336218,204,1,happy,1,31.274183998903027,0.0011699502356350422,0.5194448828697205,0.4782882332801819,0.0010968621354550123
1774180949.472,27372.631796304,205,2,sad,1,31.524109002930345,0.0014385248068720102,0.42668670415878296,0.570963978767395,0.0009107273654080927
1774180949.521,27372.682243075,206,1,happy,1,30.619222001405433,0.0014774342998862267,0.6190280914306641,0.378852903842926,0.0006415062234736979
1774180949.573,27372.732497217,207,2,sad,1,31.857813002716284,0.0015249197604134679,0.48749101161956787,0.5104263424873352,0.0005576504627242684
1774180949.621,27372.782749026,208,2,sad,1,30.414425000344636,0.0010152244940400124,0.31715118885040283,0.6813527345657349,0.0004807772347703576
1774180949.672,27372.833258723,209,2,sad,1,30.42542500043055,0.0007914115558378398,0.20806032419204712,0.7899161577224731,0.0012320439564064145
1774180949.722,27372.883515031,210,2,sad,1,30.578907000744948,0.0005755851161666214,0.1517149806022644,0.8468973636627197,0.0008120168931782246
1774180949.773,27372.933839229,211,2,sad,1,31.453665000299225,0.0009658844792284071,0.32359758019447327,0.6728289723396301,0.00260752672329545
1774180949.824,27372.984256556,212,2,sad,1,31.50066500165849,0.0009238886414095759,0.2766777575016022,0.7192379236221313,0.003160350490361452
1774180949.874,27373.035041604,213,2,sad,1,30.871573002514197,0.0007002466591075063,0.18617716431617737,0.8099209666252136,0.0032015331089496613
1774180949.924,27373.084957932,214,2,sad,1,30.718055000761524,0.0007786492351442575,0.12260513007640839,0.8733690977096558,0.003247023094445467
1774180949.975,27373.135207462,215,2,sad,1,31.81175799909397,0.0005070535698905587,0.07969514280557632,0.9176806211471558,0.0021170945838093758
1774180950.025,27373.185986363,216,2,sad,1,31.13175799808232,0.0012991477269679308,0.1117357462644577,0.880596399307251,0.006368674337863922
1774180950.076,27373.236660578,217,2,sad,1,31.329294997703983,0.000859044783283025,0.07263308763504028,0.9217267036437988,0.004781102761626244
1774180950.182,27373.337459973,218,2,sad,1,36.62995499689714,0.0019454677822068334,0.13251903653144836,0.856723427772522,0.008812032639980316
1774180950.244,27373.400537488,219,2,sad,1,35.101715999189764,0.0019915734883397818,0.14757440984249115,0.844048023223877,0.006385986693203449
1774180950.385,27373.539308021,220,2,sad,1,37.72856399882585,0.008129386231303215,0.3687227666378021,0.6180149912834167,0.005132794845849276
1774180950.458,27373.60781977,221,2,sad,1,42.24192900073831,0.00605237390846014,0.24458517134189606,0.7457964420318604,0.003565963124856353
1774180950.506,27373.664500367,222,2,sad,1,33.257755003432976,0.004828106611967087,0.24064041674137115,0.7516136765480042,0.0029177735559642315
1774180950.552,27373.708486683,223,1,happy,1,35.55923399835592,0.004688981454819441,0.4995059669017792,0.49376651644706726,0.002038531471043825
1774180950.597,27373.755906273,224,1,happy,1,32.61410800041631,0.004113959614187479,0.6723731756210327,0.32204893231391907,0.001463862368836999
1774180950.641,27373.800680421,225,1,happy,1,31.788071999471867,0.0034050163812935352,0.7839510440826416,0.21146418154239655,0.0011796579929068685
1774180950.687,27373.845684625,226,1,happy,1,32.8805339995597,0.013395717367529869,0.8418241739273071,0.14366035163402557,0.0011196898994967341
1774180950.735,27373.895626564,227,1,happy,1,31.006627999886405,0.021947314962744713,0.8593865036964417,0.11759202927350998,0.0010740926954895258
1774180950.785,27373.946390094,228,1,happy,1,30.561351002688752,0.015528143383562565,0.8968604803085327,0.08682935684919357,0.0007819121819920838
1774180950.835,27373.996289384,229,1,happy,1,30.878481000399916,0.013148551806807518,0.9261150360107422,0.06013857573270798,0.0005977835971862078
1774180950.885,27374.046311952,230,1,happy,1,30.673018001834862,0.009873993694782257,0.9486491680145264,0.04097385331988335,0.0005029609892517328
1774180950.936,27374.096236613,231,1,happy,1,31.258238999726018,0.00836156215518713,0.9435741901397705,0.04727807641029358,0.000786145159509033
1774180950.989,27374.148152827,232,1,happy,1,32.181459999264916,0.006145330611616373,0.9561362266540527,0.03682814911007881,0.0008902484551072121
1774180951.038,27374.198220543,233,1,happy,1,31.392221000714926,0.00472746416926384,0.9462202787399292,0.04805738478899002,0.00099474866874516
1774180951.089,27374.249688832,234,1,happy,1,31.121683001401834,0.0032324285712093115,0.9621016979217529,0.033959921449422836,0.0007058875635266304
1774180951.139,27374.300095955,235,1,happy,1,30.536572998244083,0.012930014170706272,0.8591444492340088,0.11777471005916595,0.010150767862796783
1774180951.189,27374.349640264,236,1,happy,1,30.67866600031266,0.010523730888962746,0.8761047124862671,0.10595498234033585,0.0074164606630802155
1774180951.238,27374.399870054,237,1,happy,1,30.33707400027197,0.011092696338891983,0.5829693078994751,0.398370623588562,0.007567266933619976
1774180951.289,27374.450070844,238,2,sad,1,30.833684002573136,0.008195964619517326,0.3800041675567627,0.6059590578079224,0.005840739700943232
1774180951.339,27374.500294153,239,2,sad,1,30.65309099838487,0.007864842191338539,0.2825630307197571,0.7009893655776978,0.008582684211432934
1774180951.389,27374.550128591,240,2,sad,1,30.737944001884898,0.010869648307561874,0.24810175597667694,0.7329096794128418,0.008118846453726292
1774180951.496,27374.651664559,241,2,sad,1,36.309287999756634,0.036425065249204636,0.20462419092655182,0.7166122198104858,0.04233848676085472
1774180951.556,27374.71115043,242,2,sad,1,36.23088099993765,0.07485169917345047,0.27346986532211304,0.6114366054534912,0.040241748094558716
1774180951.602,27374.762665441,243,2,sad,1,31.28422000008868,0.05277290567755699,0.4582667946815491,0.46223124861717224,0.026728998869657516
1774180951.648,27374.807477182,244,1,happy,1,32.01066399924457,0.04954812675714493,0.5074033737182617,0.4242328107357025,0.01881558448076248
1774180951.697,27374.855809715,245,1,happy,1,32.67316299752565,0.033572934567928314,0.6239887475967407,0.326529324054718,0.015908924862742424
1774180951.746,27374.904508266,246,1,happy,1,33.084254999266705,0.06438092887401581,0.47810041904449463,0.42400437593460083,0.03351423144340515
1774180951.794,27374.954504112,247,1,happy,1,31.6855899982329,0.04536537453532219,0.6120380163192749,0.31655123829841614,0.02604536898434162
1774180951.850,27375.006286363,248,1,happy,1,35.63971499897889,0.037879835814237595,0.4603267312049866,0.44781166315078735,0.053981732577085495
1774180951.899,27375.056573875,249,2,sad,1,33.77899499901105,0.030247801914811134,0.3129936158657074,0.6153601408004761,0.041398439556360245
1774180951.949,27375.107300294,250,2,sad,1,33.02058900226257,0.07821554690599442,0.22444811463356018,0.656537652015686,0.040798645466566086
1774180951.998,27375.157554417,251,2,sad,1,32.608885998342885,0.05680891498923302,0.15450523793697357,0.7571642398834229,0.03152158111333847
1774180952.154,27375.309147842,252,2,sad,1,36.15167699899757,0.04385220259428024,0.43779516220092773,0.49624916911125183,0.0221034437417984
1774180952.220,27375.374179243,253,1,happy,1,37.173731998336734,0.036305367946624756,0.5867373943328857,0.3425767123699188,0.0343804657459259
1774180953.516,27376.673925012,254,1,happy,1,33.77688399996259,0.02966679260134697,0.46811431646347046,0.4639244079589844,0.03829444199800491
1774180953.578,27376.735645491,255,2,sad,1,33.952272999158595,0.020115550607442856,0.30437910556793213,0.650370717048645,0.02513459138572216
1774180953.622,27376.783179173,256,2,sad,1,30.6778510021104,0.26782792806625366,0.19843925535678864,0.5147555470466614,0.0189772117882967
1774180953.668,27376.825538251,257,0,neutral,1,34.51410500201746,0.43539488315582275,0.14082370698451996,0.3803297281265259,0.04345161095261574
1774180953.718,27376.875041838,258,2,sad,1,34.65097499793046,0.313883513212204,0.242347851395607,0.34198838472366333,0.10178019106388092
1774180953.870,27377.025884948,259,2,sad,1,35.961307999968994,0.20489518344402313,0.15846815705299377,0.5679072737693787,0.06872930377721786
1774180953.930,27377.087698724,260,2,sad,1,34.26218000095105,0.23321783542633057,0.16187599301338196,0.5552871227264404,0.0496189258992672
1774180953.979,27377.137259366,261,2,sad,1,33.073662998504005,0.24732312560081482,0.227555513381958,0.4869631826877594,0.03815804049372673
1774180954.029,27377.186098713,262,1,happy,1,34.658606000448344,0.23563642799854279,0.4033561944961548,0.33357176184654236,0.02743549272418022
1774180954.078,27377.234515672,263,1,happy,1,35.50151200033724,0.25288015604019165,0.4823480248451233,0.24468347430229187,0.020088255405426025
1774180954.237,27377.380738399,264,2,sad,1,48.38812600064557,0.2033526450395584,0.3175766170024872,0.46465104818344116,0.014419603161513805
1774180954.309,27377.456799768,265,0,neutral,1,43.46926200014423,0.4493080973625183,0.2064444124698639,0.3343341052532196,0.009913313202559948
1774180954.359,27377.514761086,266,2,sad,1,35.816233001241926,0.3719501495361328,0.23187439143657684,0.38822492957115173,0.007950467988848686
1774180954.405,27377.562530268,267,2,sad,1,34.25766100190231,0.3099144697189331,0.32654303312301636,0.3548043966293335,0.008737986907362938
1774180954.453,27377.607361657,268,2,sad,1,36.98415799954091,0.2926461696624756,0.22443245351314545,0.4771144390106201,0.0058068144135177135
1774180954.500,27377.655685671,269,2,sad,1,36.310084997239755,0.20436114072799683,0.1681356281042099,0.6200770139694214,0.007426067255437374
1774180954.545,27377.704377056,270,1,happy,1,32.614088999253,0.14794573187828064,0.4351900517940521,0.41177114844322205,0.005092928651720285
1774180954.587,27377.748610446,271,2,sad,1,30.428109999775188,0.2595159709453583,0.3184983730316162,0.39908450841903687,0.022901000455021858
1774180954.633,27377.793403853,272,0,neutral,1,31.207498999719974,0.5043514966964722,0.2072688341140747,0.27313318848609924,0.015246376395225525
1774180954.678,27377.838374798,273,0,neutral,1,31.093924000742845,0.4069862961769104,0.1865815818309784,0.3838348984718323,0.02259712480008602
1774180954.728,27377.886951571,274,2,sad,1,32.90899700004957,0.30226731300354004,0.17310279607772827,0.5019932985305786,0.022636547684669495
1774180954.778,27377.937119361,275,2,sad,1,32.61621900310274,0.26526153087615967,0.11695613712072372,0.6025083065032959,0.01527402549982071
1774180954.829,27377.987955947,276,0,neutral,1,32.754607000242686,0.47284725308418274,0.07971786707639694,0.4338892698287964,0.013545636087656021
1774180954.878,27378.038214551,277,2,sad,1,31.343462000222644,0.3546215295791626,0.05494305491447449,0.5736473798751831,0.01678798347711563
1774180954.928,27378.088352378,278,2,sad,1,31.034092000481905,0.3760339021682739,0.04608529061079025,0.5664117932319641,0.011468915268778801
1774180954.981,27378.138974871,279,2,sad,1,33.48131100210594,0.2591240704059601,0.03156197443604469,0.7017998099327087,0.007514059077948332
1774180955.031,27378.189325235,280,2,sad,1,33.521755001856945,0.20703591406345367,0.020961113274097443,0.7661178112030029,0.0058850692585110664
1774180955.080,27378.239820469,281,2,sad,1,31.81560899975011,0.19511917233467102,0.022478513419628143,0.775413453578949,0.006988799199461937
1774180955.130,27378.289888907,282,2,sad,1,32.14744200158748,0.14082209765911102,0.014640850014984608,0.8398181796073914,0.00471881777048111
1774180955.180,27378.340237697,283,2,sad,1,31.718256999738514,0.33379676938056946,0.009854888543486595,0.652873158454895,0.0034751517232507467
1774180955.233,27378.39077595,284,2,sad,1,33.706846999848494,0.2332029938697815,0.007022288162261248,0.754509687423706,0.0052650440484285355
1774180955.282,27378.440729647,285,2,sad,1,33.31140399677679,0.26984283328056335,0.004574224818497896,0.7212578058242798,0.004325118847191334
1774180955.333,27378.491855732,286,2,sad,1,33.41756999725476,0.4890524744987488,0.0031339304987341166,0.5049538612365723,0.0028597516939044
1774180955.383,27378.541970448,287,2,sad,1,32.97132999796304,0.373261958360672,0.0021150100510567427,0.621042013168335,0.0035809718538075686
1774180955.434,27378.592591441,288,2,sad,1,33.00512599889771,0.24973219633102417,0.0014893884072080255,0.7454290986061096,0.0033492096699774265
1774180955.484,27378.642814027,289,2,sad,1,32.94740400087903,0.2086724042892456,0.0011118710972368717,0.7865176200866699,0.003698005573824048
1774180955.534,27378.693849446,290,2,sad,1,32.24873799990746,0.42164552211761475,0.02648906037211418,0.5493593215942383,0.0025060211773961782
1774180955.585,27378.744378939,291,2,sad,1,32.06871999645955,0.2881453037261963,0.017458440735936165,0.6862771511077881,0.008119062520563602
1774180955.635,27378.795114691,292,2,sad,1,31.737108998640906,0.24248361587524414,0.011652178131043911,0.7358818650245667,0.009982283227145672
1774180955.685,27378.845929851,293,2,sad,1,30.880461999913678,0.4783121943473816,0.00820720661431551,0.5068705081939697,0.006610053591430187
1774180955.735,27378.896310733,294,0,neutral,1,30.97318400250515,0.5973395705223083,0.006116499658674002,0.39206942915916443,0.004474453628063202
1774180955.786,27378.946580986,295,0,neutral,1,30.947868999646744,0.6967557668685913,0.004234881140291691,0.2954426407814026,0.003566632978618145
1774180955.836,27378.996739128,296,0,neutral,1,31.40959099982865,0.739959180355072,0.0029942726250737906,0.25320082902908325,0.00384565070271492
1774180955.886,27379.046800066,297,0,neutral,1,30.9875729981286,0.69449782371521,0.002717495197430253,0.300059974193573,0.002724643563851714
1774180955.937,27379.09786404,298,2,sad,1,31.395756999700097,0.4772046208381653,0.008912961930036545,0.4981541037559509,0.01572822965681553
1774180955.988,27379.148531051,299,2,sad,1,30.75320300195017,0.33006760478019714,0.005810929927974939,0.6535360217094421,0.010585316456854343
1774180956.037,27379.198392027,300,2,sad,1,30.288777001260314,0.2619451880455017,0.06577552109956741,0.6554413437843323,0.016837850213050842
1774180956.145,27379.299579643,301,2,sad,1,36.98437999992166,0.18284602463245392,0.37096598744392395,0.4335434138774872,0.012644516304135323
1774180956.205,27379.359663661,302,2,sad,1,36.92065800350974,0.3217490017414093,0.24226024746894836,0.4274447560310364,0.008545942604541779
1774180956.397,27379.551794739,303,2,sad,1,37.05667599933804,0.29587221145629883,0.2288740575313568,0.4600299894809723,0.015223696827888489
1774180956.550,27379.703636514,304,1,happy,1,38.301786000374705,0.19522200524806976,0.4918356239795685,0.30264583230018616,0.010296537540853024
1774180956.752,27379.905665431,305,2,sad,1,37.93950899853371,0.12904660403728485,0.3200933039188385,0.5441539883613586,0.006706051994115114
1774180957.102,27380.258410662,306,2,sad,1,35.34515999854193,0.1210079938173294,0.25514689087867737,0.6139076948165894,0.009937380440533161
1774180957.162,27380.318968106,307,2,sad,1,34.7576050007774,0.26451370120048523,0.16869081556797028,0.5578213334083557,0.008974087424576283
1774180957.306,27380.460933264,308,2,sad,1,36.829288001172245,0.30416619777679443,0.23612061142921448,0.42590880393981934,0.03380430489778519
1774180957.506,27380.662532034,309,0,neutral,1,35.306549001688836,0.42940232157707214,0.1618250459432602,0.3810817003250122,0.02769085019826889
1774180957.615,27380.765807702,310,2,sad,1,41.302931000245735,0.28278079628944397,0.10940223932266235,0.5891740322113037,0.018642807379364967
1774180957.713,27380.866037115,311,2,sad,1,38.60782300034771,0.21687161922454834,0.07231821119785309,0.6979438066482544,0.012866280041635036
1774180957.814,27380.966497177,312,2,sad,1,38.89602599883801,0.16990195214748383,0.24902556836605072,0.5477877259254456,0.03328469395637512
1774180957.875,27381.033022613,313,2,sad,1,33.54801400200813,0.18142493069171906,0.18537147343158722,0.5788272619247437,0.05437624454498291
1774180958.013,27381.167414391,314,2,sad,1,37.39756499999203,0.12177862226963043,0.12599554657936096,0.7166750431060791,0.03555068373680115
1774180958.074,27381.229808073,315,2,sad,1,35.78812300111167,0.14135374128818512,0.14040127396583557,0.6675595641136169,0.050685301423072815
1774180958.121,27381.279717178,316,2,sad,1,33.51923700029147,0.11497049033641815,0.3652821481227875,0.4852190315723419,0.03452819585800171
1774180958.215,27381.369185049,317,2,sad,1,37.853213001653785,0.08631324768066406,0.2409956157207489,0.649461030960083,0.023229964077472687
1774180958.366,27381.520438436,318,2,sad,1,37.69319500133861,0.06391320377588272,0.1568032205104828,0.7640625834465027,0.01522089634090662
1774180958.517,27381.671246139,319,2,sad,1,37.817341999470955,0.05014999583363533,0.10275626182556152,0.8369759321212769,0.010117688216269016
1774180958.589,27381.738917666,320,2,sad,1,41.71307800061186,0.12575046718120575,0.07195534557104111,0.7914960384368896,0.010798092931509018
1774180958.635,27381.792932396,321,2,sad,1,33.70677299972158,0.08714987337589264,0.046909697353839874,0.8588470220565796,0.0070933811366558075
1774180958.719,27381.873773648,322,2,sad,1,36.970843000744935,0.09789859503507614,0.33013319969177246,0.5669424533843994,0.005025709979236126
1774180958.776,27381.934411314,323,2,sad,1,33.450162001827266,0.23539824783802032,0.21489138901233673,0.5447589159011841,0.0049513764679431915
1774180958.921,27382.07588012,324,2,sad,1,37.33004700188758,0.1915484368801117,0.2173161804676056,0.5523430109024048,0.03879230096936226
1774180958.984,27382.139749782,325,2,sad,1,36.16680699997232,0.15793511271476746,0.1413351148366928,0.6751062870025635,0.02562336064875126
1774180959.037,27382.191360644,326,2,sad,1,37.30597200046759,0.32881584763526917,0.09193401038646698,0.5615258812904358,0.01772415265440941
1774180959.083,27382.240174954,327,2,sad,1,34.18699499889044,0.3113531172275543,0.060134466737508774,0.6163104772567749,0.012201834470033646
1774180959.131,27382.288708968,328,2,sad,1,33.83756900075241,0.33039572834968567,0.03940402716398239,0.6210942268371582,0.00910593569278717
1774180959.178,27382.335844725,329,2,sad,1,34.1814940002223,0.28442147374153137,0.025657696649432182,0.683180570602417,0.006740155629813671
1774180959.222,27382.381988371,330,2,sad,1,32.156072000361746,0.20930807292461395,0.016806624829769135,0.7684505581855774,0.005434662569314241
1774180959.271,27382.431799476,331,2,sad,1,30.936314000427956,0.22652015089988708,0.010941161774098873,0.7583035230636597,0.004235114436596632
1774180959.321,27382.481792637,332,2,sad,1,31.379127998661716,0.25450608134269714,0.0071782986633479595,0.7345677614212036,0.003747772192582488
1774180959.379,27382.533356017,333,2,sad,1,37.469324000994675,0.2917217016220093,0.004693481605499983,0.6994898319244385,0.0040948954410851
1774180959.434,27382.586145785,334,2,sad,1,39.188341001135996,0.2068760246038437,0.0030789473094046116,0.7538573741912842,0.03618760406970978
1774180959.479,27382.637837703,335,2,sad,1,32.59366299971589,0.268756628036499,0.002197189722210169,0.7048574090003967,0.024188721552491188
1774180959.524,27382.683981609,336,2,sad,1,31.68601600191323,0.4444599151611328,0.0016868793172761798,0.5372705459594727,0.016582585871219635
1774180959.587,27382.734147343,337,2,sad,1,44.97303700190969,0.3427932560443878,0.001231395173817873,0.6420588493347168,0.013916443102061749
1774180959.634,27382.791410198,338,2,sad,1,33.87388400005875,0.24295516312122345,0.000814184604678303,0.7462652325630188,0.00996534526348114
1774180959.683,27382.83906775,339,2,sad,1,35.500085999956354,0.16919487714767456,0.0005644395714625716,0.8220335245132446,0.008207103237509727
1774180959.729,27382.887633598,340,2,sad,1,33.5463660012465,0.12731096148490906,0.0004263901792000979,0.8658889532089233,0.00637365598231554
1774180959.777,27382.936957759,341,2,sad,1,32.30914500090876,0.3495112657546997,0.0003149552794639021,0.6443942785263062,0.0057794032618403435
1774180959.829,27382.987065975,342,0,neutral,1,33.64862499802257,0.528403639793396,0.00021814275532960892,0.4669185280799866,0.0044596027582883835
1774180959.879,27383.037780282,343,0,neutral,1,32.54938600002788,0.6298975944519043,0.00025470321998000145,0.36589887738227844,0.00394873833283782
1774180959.934,27383.091084161,344,0,neutral,1,35.14401200300199,0.6440442204475403,0.0002385272237006575,0.3526422679424286,0.003074904438108206
1774180959.984,27383.142366005,345,0,neutral,1,33.360662000632146,0.5513820648193359,0.00017695767746772617,0.4433629512786865,0.005077945068478584
1774180960.033,27383.190220853,346,0,neutral,1,34.54436500032898,0.6239725947380066,0.0001599306706339121,0.37239527702331543,0.003472086740657687
1774180960.082,27383.240670698,347,2,sad,1,32.69396000177949,0.47346264123916626,0.00015542168694082648,0.5230344533920288,0.003347346791997552
1774180960.133,27383.291016895,348,2,sad,1,33.86016199874575,0.30913180112838745,0.0001226601016242057,0.6879802942276001,0.0027651775162667036
1774180960.185,27383.342021813,349,2,sad,1,34.59158699843101,0.20571836829185486,0.00013162725372239947,0.7920961976051331,0.002053731819614768
1774180960.237,27383.392684232,350,2,sad,1,35.69440100181964,0.21330010890960693,0.0001349505764665082,0.784896194934845,0.0016686676535755396
1774180960.288,27383.444455705,351,2,sad,1,35.700140997505514,0.3088645040988922,0.00013120334187988192,0.6894906759262085,0.0015134955756366253
1774180960.335,27383.494376366,352,2,sad,1,32.417070997325936,0.2945381700992584,0.00016823658370412886,0.703607439994812,0.0016860244795680046
1774180960.385,27383.54409623,353,2,sad,1,32.8696079996007,0.22364947199821472,0.00012848677579313517,0.7746161222457886,0.001605841564014554
1774180960.435,27383.594774149,354,2,sad,1,32.31477499866742,0.29121947288513184,0.00011455085768830031,0.7072819471359253,0.0013839832972735167
1774180960.485,27383.645048124,355,2,sad,1,32.0859780003957,0.3073481321334839,0.00010041851783171296,0.6914907693862915,0.0010605920106172562
1774180960.536,27383.696322171,356,2,sad,1,31.726830999105005,0.3532850742340088,0.00017700674652587622,0.6456444263458252,0.0008933788631111383
1774180960.587,27383.747371886,357,2,sad,1,31.04972100118175,0.3774755597114563,0.00013837158621754497,0.6215240955352783,0.000861881417222321
1774180960.636,27383.796946806,358,2,sad,1,31.247350001649465,0.27196815609931946,0.00010402410407550633,0.7270951867103577,0.0008325348026119173
1774180960.687,27383.847897336,359,2,sad,1,30.82940600143047,0.26577281951904297,0.00011070174514316022,0.7330561876296997,0.0010601624380797148
1774180960.737,27383.898122718,360,2,sad,1,30.941461998736486,0.19969260692596436,9.685153781902045e-05,0.7991529703140259,0.0010574170155450702
1774180960.789,27383.949005451,361,2,sad,1,31.551072002912406,0.2981821596622467,0.00010645102884154767,0.7006852626800537,0.0010260083945468068
1774180960.841,27383.999174648,362,2,sad,1,33.67686599813169,0.3441777229309082,0.00010599828965496272,0.6548336744308472,0.000882530992385
1774180960.890,27384.049466123,363,2,sad,1,32.68749699782347,0.3979611396789551,8.653533586766571e-05,0.6011899709701538,0.0007622507400810719
1774180960.939,27384.099349061,364,2,sad,1,31.076239996764343,0.2721399962902069,6.43451712676324e-05,0.7263263463973999,0.0014692007098346949
1774180960.989,27384.149423981,365,2,sad,1,31.438793997949688,0.26865652203559875,6.346660666167736e-05,0.7300953269004822,0.0011845630360767245
1774180961.041,27384.200149696,366,2,sad,1,32.66949699900579,0.21014222502708435,5.692761260434054e-05,0.788713812828064,0.0010869442485272884
1774180961.089,27384.249938579,367,2,sad,1,31.039960998896277,0.19575931131839752,9.691841114545241e-05,0.8031166791915894,0.0010270200436934829
1774180961.140,27384.300394813,368,2,sad,1,31.211942001391435,0.21169577538967133,9.18551450013183e-05,0.7874289751052856,0.000783347524702549
1774180961.190,27384.350861065,369,2,sad,1,31.015999000373995,0.20570331811904907,8.371719013666734e-05,0.793429970741272,0.0007829766254872084
1774180961.241,27384.402097761,370,2,sad,1,31.199960998492315,0.2582992911338806,8.357867773156613e-05,0.740918755531311,0.0006983226048760116
1774180961.291,27384.45195781,371,2,sad,1,31.33181299926946,0.1929980218410492,6.992807175265625e-05,0.8062421083450317,0.0006898633437231183
1774180961.343,27384.5018651,372,2,sad,1,32.598571000562515,0.21709765493869781,9.371321357320994e-05,0.7822325229644775,0.0005760537460446358
1774180961.394,27384.552959963,373,2,sad,1,32.34123800211819,0.29746150970458984,0.00014824095705989748,0.7018073797225952,0.000582806533202529
1774180961.443,27384.603150401,374,2,sad,1,31.569646002026275,0.3382817506790161,0.00012243281526025385,0.6609827876091003,0.0006129753310233355
1774180961.495,27384.654550893,375,2,sad,1,32.03703400140512,0.30057668685913086,0.00012092477118130773,0.698832631111145,0.0004697356198448688
1774180961.546,27384.704954145,376,2,sad,1,32.877681998797925,0.2149837762117386,9.697461064206436e-05,0.7843823432922363,0.0005368581623770297
1774180961.597,27384.756235396,377,2,sad,1,32.710385999962455,0.166805699467659,9.011358633870259e-05,0.832520067691803,0.0005840141675435007
1774180961.647,27384.80612402,378,2,sad,1,32.815922000736464,0.11729146540164948,7.109470607247204e-05,0.8821542263031006,0.0004831175901927054
1774180961.700,27384.856699031,379,2,sad,1,34.89192000051844,0.09243212640285492,5.7394616305828094e-05,0.9070647954940796,0.00044555438216775656
1774180961.754,27384.907745153,380,2,sad,1,37.51806500076782,0.08166521042585373,5.502933345269412e-05,0.9177693724632263,0.0005102378781884909
1774180961.802,27384.958223646,381,2,sad,1,35.614381999039324,0.10583272576332092,6.847929034847766e-05,0.8935999870300293,0.0004986209678463638
1774180961.852,27385.008448584,382,2,sad,1,35.59247500015772,0.12091600894927979,7.04476042301394e-05,0.8785460591316223,0.00046734907664358616
1774180961.903,27385.058825707,383,2,sad,1,35.910140999476425,0.2081848382949829,9.95984737528488e-05,0.7911882400512695,0.0005272437119856477
1774180961.953,27385.109376385,384,2,sad,1,34.92858699974022,0.16740605235099792,0.00013439108442980796,0.8319014310836792,0.0005580254946835339
1774180962.003,27385.160733433,385,2,sad,1,34.23158700024942,0.24361220002174377,0.00025868206284940243,0.7551668882369995,0.0009621475473977625
1774180962.054,27385.21051176,386,2,sad,1,34.78560499934247,0.2812514305114746,0.0002966794418171048,0.7176036834716797,0.000848141557071358
1774180962.104,27385.26120566,387,2,sad,1,34.36719799719867,0.26347431540489197,0.0002449500607326627,0.7356435060501099,0.0006371442577801645
1774180962.154,27385.311282635,388,2,sad,1,34.160253999289125,0.23916484415531158,0.00021705537801608443,0.7600603103637695,0.0005576603580266237
1774180962.206,27385.363005775,389,2,sad,1,34.52641999683692,0.30895793437957764,0.00024028449843171984,0.6903269290924072,0.000474771048175171
1774180962.255,27385.413051528,390,2,sad,1,33.4704029992281,0.3051024377346039,0.0002223734772996977,0.6942718029022217,0.00040330231422558427
1774180962.305,27385.463801854,391,2,sad,1,32.95084800265613,0.2847534716129303,0.000181072493433021,0.714747428894043,0.0003179947379976511
1774180962.357,27385.51487692,392,2,sad,1,34.15032799966866,0.28888899087905884,0.00018585476209409535,0.7106465101242065,0.00027857194072566926
1774180962.407,27385.564594821,393,2,sad,1,34.46499499841593,0.26439785957336426,0.0001854997972259298,0.7350425124168396,0.0003740114043466747
1774180962.455,27385.614688907,394,2,sad,1,32.496292998985155,0.2743108868598938,0.00030732143204659224,0.7248643636703491,0.0005173613899387419
1774180962.506,27385.665602826,395,2,sad,1,32.54762600045069,0.30718570947647095,0.0003349468170199543,0.692046046257019,0.00043324497528374195
1774180962.558,27385.716049374,396,2,sad,1,34.1400879988214,0.2615301012992859,0.0003315646608825773,0.7370551824569702,0.001083078095689416
1774180962.608,27385.767608811,397,2,sad,1,32.278885002597235,0.21716852486133575,0.0002474494685884565,0.7817751169204712,0.000808816752396524
1774180962.657,27385.817319119,398,2,sad,1,31.898368000838673,0.3493967652320862,0.00023090605100151151,0.6496355533599854,0.0007366968784481287
1774180962.707,27385.867344761,399,2,sad,1,31.500404998951126,0.3289484977722168,0.00022551008441951126,0.6701431274414062,0.0006827602628618479
1774180962.757,27385.916676589,400,2,sad,1,32.07462700083852,0.2400553822517395,0.0001956635678652674,0.7590945959091187,0.0006541828624904156
1774180962.809,27385.96756473,401,2,sad,1,32.97255100187613,0.1758313775062561,0.00015092373359948397,0.823310911655426,0.000706664752215147
1774180962.859,27386.018071297,402,2,sad,1,32.52847800104064,0.12898634374141693,0.0001319665025221184,0.8702870607376099,0.0005945365410298109
1774180962.911,27386.069539566,403,2,sad,1,32.80081100092502,0.12786635756492615,0.00012118274753447622,0.8714894652366638,0.0005229507223702967
1774180962.960,27386.119223542,404,2,sad,1,33.00273700006073,0.19231563806533813,0.00011437291686888784,0.8070076704025269,0.0005622422904707491
1774180963.011,27386.170137182,405,2,sad,1,32.855570996616734,0.23844215273857117,0.00011594286479521543,0.7608578205108643,0.0005839595687575638
1774180963.061,27386.219941028,406,2,sad,1,33.07358899837709,0.21912211179733276,0.00010309965000487864,0.78009432554245,0.0006803291034884751
1774180963.112,27386.271036057,407,2,sad,1,33.04223699888098,0.2528114318847656,0.00010726408800110221,0.7463250160217285,0.0007561884121969342
1774180963.163,27386.321667717,408,2,sad,1,32.832403001521016,0.3214954435825348,0.00011681983596645296,0.6776260137557983,0.000761647243052721
1774180963.213,27386.371961525,409,2,sad,1,32.67584800050827,0.303376704454422,0.00010666708112694323,0.6958707571029663,0.0006458046846091747
1774180963.263,27386.422946795,410,2,sad,1,32.177738001337275,0.3070105314254761,9.458176646148786e-05,0.6923081874847412,0.0005866560386493802
1774180963.315,27386.473808287,411,2,sad,1,33.211459001904586,0.2055310606956482,0.0004935249453410506,0.793412446975708,0.0005629633087664843
1774180963.365,27386.524511558,412,2,sad,1,32.74679300011485,0.13560838997364044,0.0005354087334126234,0.8634310960769653,0.0004250834754202515
1774180963.416,27386.574571625,413,2,sad,1,33.17264500219608,0.12361927330493927,0.0004620522086042911,0.8748830556869507,0.0010355499107390642
1774180963.467,27386.626376895,414,2,sad,1,32.85169999799109,0.2596527636051178,0.0007507575210183859,0.7367915511131287,0.002804843243211508
1774180963.517,27386.675666259,415,2,sad,1,33.077607997256564,0.3232387900352478,0.0010658307000994682,0.6718183755874634,0.003876929637044668
1774180963.567,27386.725350457,416,2,sad,1,33.545624999533175,0.26637816429138184,0.0009646733524277806,0.7284817099571228,0.00417537335306406
1774180963.617,27386.776175635,417,2,sad,1,32.75944099732442,0.4473431706428528,0.001686563715338707,0.5475354194641113,0.0034348168410360813
1774180963.666,27386.826526554,418,0,neutral,1,31.61120200093137,0.5212252140045166,0.002805116353556514,0.4722119867801666,0.0037576782051473856
1774180963.718,27386.877075399,419,0,neutral,1,32.26094099954935,0.5667672157287598,0.002550845965743065,0.42695656418800354,0.003725361078977585
1774180963.768,27386.927412707,420,0,neutral,1,32.641126002999954,0.6099448800086975,0.0050683594308793545,0.38131701946258545,0.0036696968600153923
1774180963.819,27386.978224107,421,0,neutral,1,32.25562599982368,0.7008817195892334,0.005803082138299942,0.29038047790527344,0.0029347033705562353
1774180963.869,27387.028489655,422,0,neutral,1,32.10157200010144,0.6669565439224243,0.014141005463898182,0.31371378898620605,0.005188653711229563
1774180963.921,27387.07948087,423,0,neutral,1,32.964051999442745,0.6297391057014465,0.011209554970264435,0.35475245118141174,0.004298857878893614
1774180963.969,27387.129335345,424,2,sad,1,31.498980002652388,0.42765891551971436,0.007564963307231665,0.5619065761566162,0.002869489835575223
1774180964.020,27387.180501134,425,2,sad,1,31.638294000003953,0.44464775919914246,0.0056024882942438126,0.5477672815322876,0.0019823871552944183
1774180964.071,27387.231688015,426,0,neutral,1,31.49768300136202,0.5961235761642456,0.003808428766205907,0.39873313903808594,0.0013348015490919352
1774180964.123,27387.282169508,427,0,neutral,1,32.167589000891894,0.6280996799468994,0.004998101852834225,0.3659244179725647,0.000977730262093246
1774180964.173,27387.332703501,428,0,neutral,1,32.41473700109054,0.545227587223053,0.00469175772741437,0.44927671551704407,0.0008038667729124427
1774180964.224,27387.383508178,429,0,neutral,1,32.7570339977683,0.6400473713874817,0.004256507381796837,0.35498863458633423,0.0007074292516335845
1774180964.276,27387.434035597,430,0,neutral,1,33.82499500003178,0.5970683097839355,0.0032496987842023373,0.3990764021873474,0.000605543318670243
1774180964.325,27387.485255923,431,0,neutral,1,31.21762700175168,0.5561792850494385,0.0033143158070743084,0.44005221128463745,0.0004541664384305477
1774180964.375,27387.534930713,432,0,neutral,1,31.739422996906796,0.6413061618804932,0.003992518875747919,0.35429584980010986,0.0004054071323480457
1774180964.425,27387.585635428,433,0,neutral,1,31.252794000465656,0.7361418008804321,0.0030136355198919773,0.26052385568618774,0.0003205777902621776
1774180964.483,27387.636970049,434,0,neutral,1,37.378583001554944,0.7451119422912598,0.004582053516060114,0.2499992996454239,0.0003065885975956917
1774180964.536,27387.688812577,435,0,neutral,1,38.84180400200421,0.7602207660675049,0.008036507293581963,0.2313138246536255,0.00042885146103799343
1774180964.581,27387.739386644,436,0,neutral,1,32.92303399939556,0.7922021746635437,0.009772546589374542,0.19751831889152527,0.0005068919854238629
1774180964.629,27387.786845641,437,0,neutral,1,33.93455100012943,0.6832759380340576,0.00996404979377985,0.3061695098876953,0.0005904486170038581
1774180964.678,27387.837098468,438,0,neutral,1,32.83364399976563,0.6914899349212646,0.011287250556051731,0.29644834995269775,0.0007743778405711055
1774180964.730,27387.888254812,439,0,neutral,1,33.551514003193006,0.7620463371276855,0.011441828683018684,0.22588622570037842,0.0006255559273995459
1774180964.779,27387.938344064,440,0,neutral,1,32.780699999420904,0.7405216693878174,0.009749623946845531,0.24910993874073029,0.0006187238614074886
1774180964.831,27387.989454797,441,0,neutral,1,33.003495998855215,0.8150439262390137,0.0067651900462806225,0.17761467397212982,0.0005761131760664284
1774180964.882,27388.039809161,442,0,neutral,1,34.328641999309184,0.8456912040710449,0.0064779724925756454,0.147254079580307,0.000576685881242156
1774180964.931,27388.09004308,443,0,neutral,1,32.52847800104064,0.8327550888061523,0.006225323770195246,0.16031847894191742,0.0007010418921709061
1774180964.982,27388.140200666,444,0,neutral,1,33.70790299959481,0.8529003858566284,0.006858956068754196,0.13958963751792908,0.0006509394152089953
1774180965.033,27388.190917751,445,0,neutral,1,34.07543900175369,0.6967610120773315,0.0050544110126793385,0.2975950837135315,0.0005894637433812022
1774180965.084,27388.241843947,446,2,sad,1,33.47668100104784,0.4933259189128876,0.004028529394418001,0.5019596815109253,0.0006858148844912648
1774180965.132,27388.291816311,447,0,neutral,1,31.655164999392582,0.5465192794799805,0.0031991717405617237,0.4496433138847351,0.0006382054998539388
1774180965.182,27388.342501637,448,0,neutral,1,31.538276001811028,0.6185633540153503,0.005679639056324959,0.375017911195755,0.0007390310056507587
1774180965.234,27388.39253052,449,0,neutral,1,33.036533000995405,0.7108563780784607,0.00410159956663847,0.28442928194999695,0.0006126629305072129
1774180965.284,27388.444162752,450,0,neutral,1,31.399239000165835,0.7448315620422363,0.003472489770501852,0.2511003613471985,0.0005955041851848364
1774180965.334,27388.494650559,451,0,neutral,1,31.11420299683232,0.7953591346740723,0.004687763750553131,0.19940446317195892,0.0005485443398356438
1774180965.385,27388.544967534,452,0,neutral,1,31.91168299963465,0.8084750175476074,0.0039596352726221085,0.18698352575302124,0.0005817391211166978
1774180965.435,27388.595369175,453,0,neutral,1,31.755997999425745,0.8368484973907471,0.0034959560725837946,0.15909048914909363,0.0005650085513480008
1774180965.486,27388.645706465,454,0,neutral,1,32.08314500079723,0.8277850151062012,0.0030022384598851204,0.16864609718322754,0.00056657032109797
1774180965.537,27388.696058495,455,0,neutral,1,32.575773999269586,0.6782433986663818,0.002590307965874672,0.31856805086135864,0.0005982016446068883
1774180965.588,27388.746578302,456,2,sad,1,33.1579409976257,0.4579920470714569,0.0020333861466497183,0.5393490791320801,0.000625407206825912
1774180965.637,27388.796767907,457,2,sad,1,32.103867000842,0.4816335141658783,0.0037528183311223984,0.5138850808143616,0.0007285009487532079
1774180965.689,27388.847869566,458,0,neutral,1,33.41084699786734,0.5289339423179626,0.006475752219557762,0.46389275789260864,0.0006974712596274912
1774180965.747,27388.907591566,459,0,neutral,1,30.970165000326233,0.5609399080276489,0.006072047632187605,0.43222978711128235,0.0007581611280329525
1774180965.792,27388.952169251,460,0,neutral,1,31.976794001820963,0.6268879175186157,0.005983056500554085,0.36649057269096375,0.0006383943255059421
1774180965.839,27388.999167341,461,0,neutral,1,31.96766399923945,0.6617141366004944,0.006637300364673138,0.3310242295265198,0.0006242501549422741
1774180965.889,27389.049771982,462,0,neutral,1,31.279701997846132,0.7361956834793091,0.007523007690906525,0.2557063102722168,0.0005748657858930528
1774180965.939,27389.099791161,463,0,neutral,1,30.68861000065226,0.70930415391922,0.007320189382880926,0.2828086018562317,0.000566929520573467
1774180965.990,27389.150644653,464,0,neutral,1,31.035017000249354,0.5862000584602356,0.006288156844675541,0.4069845974445343,0.0005270438268780708
1774180966.041,27389.201334442,465,0,neutral,1,31.25009100040188,0.6311812400817871,0.008867762982845306,0.3594263792037964,0.0005244555650278926
1774180966.093,27389.251734472,466,0,neutral,1,32.720810999308014,0.6497697830200195,0.007539778016507626,0.34223470091819763,0.00045560329454019666
1774180966.142,27389.302311909,467,0,neutral,1,31.444275999092497,0.6407502889633179,0.007792942691594362,0.3510657846927643,0.0003909206425305456
1774180966.192,27389.352068477,468,0,neutral,1,31.869534999714233,0.5988472104072571,0.007395073771476746,0.39341866970062256,0.00033896451350301504
1774180966.242,27389.40248597,469,0,neutral,1,31.130572999245487,0.5303232073783875,0.005991366691887379,0.4632488489151001,0.0004364974156487733
1774180966.293,27389.453166796,470,0,neutral,1,32.12307099965983,0.5844833254814148,0.005121494643390179,0.41001781821250916,0.00037728800089098513
1774180966.345,27389.504075881,471,0,neutral,1,32.71682999911718,0.5837185382843018,0.01025690883398056,0.4055222272872925,0.0005022172117605805
1774180966.395,27389.554456763,472,2,sad,1,32.31551499993657,0.4877282977104187,0.0070966556668281555,0.5046888589859009,0.00048609497025609016
1774180966.445,27389.605165404,473,2,sad,1,31.992830001399852,0.35885870456695557,0.005679250229150057,0.6350472569465637,0.00041469201096333563
1774180966.496,27389.654730953,474,2,sad,1,33.18470000158413,0.45195651054382324,0.005705499090254307,0.542006254196167,0.0003316494985483587
1774180966.550,27389.705439816,475,2,sad,1,36.0297699990042,0.409912109375,0.004497234243899584,0.5850979685783386,0.0004925949615426362
1774180966.597,27389.756137475,476,2,sad,1,33.14153300016187,0.33757954835891724,0.0034465831704437733,0.6585512161254883,0.0004225909651722759
1774180966.649,27389.807121301,477,2,sad,1,34.075438998115715,0.2988535165786743,0.0029004814568907022,0.6977899074554443,0.00045598941505886614
1774180966.698,27389.857036961,478,2,sad,1,33.25686600146582,0.2247149497270584,0.00204121763817966,0.7727190256118774,0.0005247850785963237
1774180966.748,27389.90685477,479,2,sad,1,32.540699998207856,0.22349074482917786,0.002300600055605173,0.7736126184463501,0.0005960474954918027
1774180966.798,27389.957142041,480,2,sad,1,32.99325500120176,0.21528437733650208,0.0019042131025344133,0.7822173833847046,0.0005940381670370698
1774180966.849,27390.007445423,481,2,sad,1,33.161124996695435,0.2732285261154175,0.0017531618941575289,0.724361777305603,0.0006565172225236893
1774180966.900,27390.057839508,482,2,sad,1,34.43771700040088,0.39099398255348206,0.002076229313388467,0.6063534021377563,0.0005763781955465674
1774180966.950,27390.108213446,483,2,sad,1,33.32258799855481,0.4025112986564636,0.0023001907393336296,0.594613254070282,0.0005752193392254412
1774180967.000,27390.15865442,484,2,sad,1,33.31768100179033,0.37366074323654175,0.0029509146697819233,0.6228536367416382,0.000534642138518393
1774180967.051,27390.21011743,485,2,sad,1,33.01795899824356,0.40987396240234375,0.0032219449058175087,0.5862324237823486,0.0006716578500345349
1774180967.102,27390.261224737,486,2,sad,1,32.443774998682784,0.4246152639389038,0.0029994386713951826,0.5717598795890808,0.0006253939354792237
1774180967.152,27390.311781675,487,2,sad,1,32.1074600033171,0.4215957522392273,0.0022436741273850203,0.5755797624588013,0.0005807705456390977
1774180967.202,27390.362365075,488,2,sad,1,31.407757000124548,0.45061051845550537,0.0024969889782369137,0.5462435483932495,0.0006489020306617022
1774180967.253,27390.412580086,489,0,neutral,1,32.6372560011805,0.5404619574546814,0.0034756003879010677,0.4553952217102051,0.0006671481532976031
1774180967.303,27390.463443079,490,0,neutral,1,31.060220000654226,0.5567986965179443,0.005374663509428501,0.4370344877243042,0.0007920823991298676
1774180967.354,27390.512865351,491,0,neutral,1,32.86349599875393,0.5317850112915039,0.004288207273930311,0.46330854296684265,0.0006181843928061426
1774180967.402,27390.563000196,492,0,neutral,1,31.251682998117758,0.6441541910171509,0.004101198632270098,0.3511657118797302,0.0005787619156762958
1774180967.453,27390.613895336,493,0,neutral,1,30.766407002374763,0.7154510021209717,0.006818502675741911,0.2771967947483063,0.000533540325704962
1774180967.503,27390.664087293,494,0,neutral,1,31.09383099945262,0.5573408007621765,0.005056522320955992,0.43710535764694214,0.0004971676971763372
1774180967.554,27390.714492526,495,2,sad,1,31.171036000159802,0.4249512851238251,0.004137090872973204,0.5703659653663635,0.0005455329664982855
1774180967.604,27390.764710816,496,2,sad,1,31.083701996976743,0.3615747392177582,0.0031353395897895098,0.6346597075462341,0.0006300691748037934
1774180967.655,27390.814923753,497,2,sad,1,31.495960996835493,0.3247959315776825,0.0031701219268143177,0.6715417504310608,0.0004920322098769248
1774180967.707,27390.865107617,498,2,sad,1,33.57232900089002,0.48334455490112305,0.005837908014655113,0.5098423957824707,0.0009750586468726397
1774180967.755,27390.915599332,499,0,neutral,1,31.458794001082424,0.6198828220367432,0.008650900796055794,0.37041395902633667,0.0010522410739213228
1774180967.805,27390.965537048,500,0,neutral,1,31.478774999413872,0.6056723594665527,0.007422136142849922,0.38552528619766235,0.0013801140012219548
1774180967.855,27391.015769893,501,0,neutral,1,31.267941998521565,0.6112948656082153,0.005784030072391033,0.3817424178123474,0.0011785529786720872
1774180967.906,27391.066398922,502,0,neutral,1,31.078350999450777,0.7047041654586792,0.02195589989423752,0.2718876898288727,0.001452102093026042
1774180967.956,27391.116885156,503,0,neutral,1,31.010850001621293,0.7192851305007935,0.015796005725860596,0.26386427879333496,0.0010544063989073038
1774180968.006,27391.166663076,504,0,neutral,1,31.315034997533076,0.5302942991256714,0.01065947487950325,0.45808467268943787,0.0009613954462110996
1774180968.056,27391.216813199,505,0,neutral,1,31.24433099947055,0.5318552255630493,0.01013321802020073,0.45710957050323486,0.000901851977687329
1774180968.107,27391.267644672,506,0,neutral,1,31.231961998855695,0.5197445154190063,0.00727703096345067,0.4722365140914917,0.0007418214227072895
1774180968.157,27391.31753161,507,0,neutral,1,31.425295001099585,0.5511507987976074,0.006976698525249958,0.44110816717147827,0.0007642162381671369
1774180968.208,27391.368617473,508,2,sad,1,31.301480001275195,0.4180179536342621,0.004717220552265644,0.576564371585846,0.0007003520731814206
1774180968.259,27391.419417132,509,2,sad,1,31.871848997980123,0.3144396245479584,0.003818909637629986,0.6810877323150635,0.0006536010187119246
1774180968.311,27391.469995773,510,2,sad,1,32.55964499840047,0.3396585285663605,0.003841630881652236,0.6558334827423096,0.000666183652356267
1774180968.362,27391.520101766,511,2,sad,1,33.51279200069257,0.3198474645614624,0.002857737708836794,0.6767445802688599,0.0005501201376318932
1774180968.410,27391.569920686,512,2,sad,1,31.76960799828521,0.3809053301811218,0.0037285194266587496,0.6144719123840332,0.0008940724655985832
1774180968.460,27391.620356845,513,2,sad,1,31.908274999295827,0.38032352924346924,0.003427316900342703,0.6155028343200684,0.0007462018402293324
1774180968.512,27391.670865338,514,2,sad,1,32.777385000372306,0.4411046504974365,0.007681872695684433,0.5504904389381409,0.0007229059701785445
1774180968.562,27391.721106331,515,2,sad,1,32.673571000486845,0.4192218482494354,0.006258275825530291,0.573776125907898,0.0007436758605763316
1774180968.612,27391.771780935,516,2,sad,1,32.4350709997816,0.3713015019893646,0.005504155997186899,0.6222552061080933,0.0009390367195010185
1774180968.664,27391.822359854,517,2,sad,1,32.968218001769856,0.2897101640701294,0.004776776768267155,0.7043818235397339,0.0011311598354950547
1774180968.714,27391.873021402,518,2,sad,1,32.98668099887436,0.23823612928390503,0.0035151829943060875,0.7572355270385742,0.0010131238959729671
1774180968.765,27391.924344356,519,2,sad,1,32.77794099994935,0.23289602994918823,0.002810681937262416,0.7633341550827026,0.0009590627159923315
1774180968.817,27391.974754275,520,2,sad,1,33.74951399746351,0.2806475758552551,0.006083494517952204,0.7124561071395874,0.0008126821485348046
1774180968.868,27392.025198379,521,2,sad,1,34.185994998551905,0.21803513169288635,0.004462263081222773,0.776904821395874,0.0005976869724690914
1774180968.918,27392.075730372,522,2,sad,1,34.28130900283577,0.23960910737514496,0.003624484408646822,0.7561957836151123,0.0005705354269593954
1774180968.969,27392.126223254,523,2,sad,1,34.257401999639114,0.21215574443340302,0.0031082124914973974,0.7840903997421265,0.0006455541006289423
1774180969.018,27392.178128208,524,2,sad,1,31.959922998794354,0.23612484335899353,0.0037290561012923717,0.7595135569572449,0.0006325059803202748
1774180969.069,27392.22806946,525,2,sad,1,32.53127499920083,0.3177241384983063,0.004080417566001415,0.6776506304740906,0.0005447622970677912
1774180969.120,27392.280660062,526,2,sad,1,31.160182999883546,0.29691213369369507,0.004156642593443394,0.697751522064209,0.0011796321487054229
1774180969.169,27392.329603742,527,2,sad,1,31.151405000855448,0.37651610374450684,0.0040051075629889965,0.6185753345489502,0.0009033632231876254
1774180969.219,27392.379802346,528,2,sad,1,30.640351000329247,0.47181031107902527,0.004761886782944202,0.5226439833641052,0.0007837314624339342
1774180969.270,27392.430780005,529,2,sad,1,30.934312999306712,0.38877323269844055,0.003826552303507924,0.6065333485603333,0.0008668000809848309
1774180969.321,27392.481507719,530,2,sad,1,31.50781300064409,0.4014698266983032,0.0031004694756120443,0.5947099328041077,0.0007196724181994796
1774180969.373,27392.532712822,531,2,sad,1,31.772645997989457,0.4278251528739929,0.0026494604535400867,0.5688424706459045,0.0006828293553553522
1774180969.423,27392.583267352,532,2,sad,1,31.358127998828422,0.44933652877807617,0.0028416833374649286,0.5469653606414795,0.000856270082294941
1774180969.473,27392.634275659,533,2,sad,1,30.592388000513893,0.4438169598579407,0.0029449625872075558,0.5518806576728821,0.0013572610914707184
1774180969.523,27392.684406578,534,2,sad,1,30.74536900021485,0.377373069524765,0.002509212587028742,0.6190594434738159,0.0010581675451248884
1774180969.582,27392.735886329,535,2,sad,1,37.69365699918126,0.3782854676246643,0.0023008487187325954,0.6183179616928101,0.001095650950446725
1774180969.633,27392.787157951,536,2,sad,1,37.607897000270896,0.3016567826271057,0.002211095532402396,0.6952081918716431,0.000923889281693846
1774180969.680,27392.837985591,537,2,sad,1,33.598772999539506,0.2574218809604645,0.00228387163951993,0.7395066022872925,0.0007876368472352624
1774180969.728,27392.886473864,538,2,sad,1,33.02379199885763,0.32764583826065063,0.002566596493124962,0.6691551208496094,0.0006324380519799888
1774180969.779,27392.937206968,539,2,sad,1,33.60731000066153,0.30651843547821045,0.0024831173941493034,0.6904295682907104,0.0005687993252649903
1774180969.830,27392.987718312,540,2,sad,1,34.333327999775065,0.3338366746902466,0.0026115402579307556,0.6629952788352966,0.0005563921295106411
1774180969.880,27393.03829862,541,2,sad,1,33.66871700200136,0.2530183494091034,0.0020470970775932074,0.7444263100624084,0.000508157885633409
1774180969.930,27393.088550705,542,2,sad,1,33.68225499798427,0.2447923719882965,0.00189453293569386,0.752545952796936,0.0007670561317354441
1774180969.982,27393.138842458,543,2,sad,1,34.484882999095134,0.25670915842056274,0.0015973938861861825,0.7410337924957275,0.0006596112507395446
1774180970.034,27393.189389839,544,2,sad,1,36.17204799957108,0.26394182443618774,0.001918167807161808,0.7334549427032471,0.0006850112695246935
1774180970.081,27393.239954647,545,2,sad,1,32.56812600011472,0.271293044090271,0.0019967632833868265,0.7261507511138916,0.0005593749228864908
1774180970.133,27393.290300621,546,2,sad,1,34.57567900113645,0.2111421674489975,0.0017993203364312649,0.7863283157348633,0.0007301053265109658
1774180970.186,27393.341246891,547,2,sad,1,36.46619600112899,0.15716180205345154,0.0016443961067125201,0.8405039310455322,0.0006898841820657253
1774180970.234,27393.391604088,548,2,sad,1,34.140104999096366,0.31160879135131836,0.0020697247236967087,0.685777485370636,0.0005439496599137783
1774180970.284,27393.442035692,549,2,sad,1,33.714290999341756,0.44203293323516846,0.0045847706496715546,0.5528615117073059,0.0005207372596487403
1774180970.333,27393.492391814,550,2,sad,1,32.01783099939348,0.462899386882782,0.004452643916010857,0.532225489616394,0.00042242807103320956
1774180970.384,27393.543367214,551,2,sad,1,32.57277400189196,0.49391067028045654,0.006126821972429752,0.4994903802871704,0.0004720789729617536
1774180970.434,27393.594430206,552,0,neutral,1,31.831941996642854,0.5255581736564636,0.005021211225539446,0.4687495231628418,0.0006709897425025702
1774180970.486,27393.645370346,553,2,sad,1,32.3858490010025,0.4758634567260742,0.005707600153982639,0.5177760124206543,0.0006527791265398264
1774180970.536,27393.695969857,554,0,neutral,1,32.204257000557845,0.5187528133392334,0.010914084501564503,0.46949416399002075,0.0008387858397327363
1774180970.586,27393.746443461,555,2,sad,1,31.265516998246312,0.4743940234184265,0.011176317930221558,0.5132761001586914,0.0011534539517015219
1774180970.636,27393.796974121,556,2,sad,1,30.95573899918236,0.45605695247650146,0.010723769664764404,0.5320927500724792,0.0011264384957030416
1774180970.686,27393.846718948,557,2,sad,1,31.553868000628427,0.47127875685691833,0.017374979332089424,0.5103452205657959,0.0010009427787736058
1774180970.737,27393.89811955,558,0,neutral,1,30.89768400241155,0.5504916906356812,0.02055257372558117,0.42740046977996826,0.001555190421640873
1774180970.787,27393.948071247,559,0,neutral,1,31.071591001818888,0.5064659714698792,0.02314409241080284,0.46852952241897583,0.0018603556090965867
1774180970.838,27393.998247463,560,0,neutral,1,31.74623799714027,0.513451099395752,0.024168387055397034,0.46039408445358276,0.001986399292945862
1774180970.890,27394.048961548,561,2,sad,1,32.41482999874279,0.4793882369995117,0.02593020722270012,0.4930204153060913,0.0016611028695479035
1774180970.939,27394.099188634,562,2,sad,1,31.49940499861259,0.45917195081710815,0.02030106633901596,0.518883228302002,0.0016437678132206202
1774180970.989,27394.149865904,563,2,sad,1,30.88729500086629,0.4549545645713806,0.017893077805638313,0.5253716111183167,0.0017806966789066792
1774180971.040,27394.199914656,564,2,sad,1,31.84086799956276,0.4877116084098816,0.018368273973464966,0.4917188286781311,0.0022012570407241583
1774180971.090,27394.250674815,565,2,sad,1,30.967016999056796,0.46987301111221313,0.01371512096375227,0.514578640460968,0.00183320720680058
1774180971.140,27394.300787068,566,2,sad,1,31.19492399855517,0.33198150992393494,0.00975623819977045,0.6569242477416992,0.0013379105366766453
1774180971.191,27394.351318246,567,2,sad,1,31.193553000775864,0.21915985643863678,0.006436443421989679,0.7730869054794312,0.001316743902862072
1774180971.242,27394.401860109,568,2,sad,1,31.745664000482066,0.20343638956546783,0.0044173263013362885,0.7903639078140259,0.0017823436064645648
1774180971.292,27394.452835971,569,2,sad,1,31.23809099997743,0.3893202841281891,0.005984662100672722,0.6023184657096863,0.00237654079683125
1774180971.343,27394.503621278,570,0,neutral,1,31.10557300169603,0.5261197090148926,0.00722036836668849,0.4643138647079468,0.0023460043594241142
1774180971.394,27394.55364229,571,0,neutral,1,31.92162699997425,0.6742608547210693,0.006287725642323494,0.3170742690563202,0.0023771829437464476
1774180971.445,27394.604232061,572,0,neutral,1,32.51382899907185,0.7544628381729126,0.005688825622200966,0.23683208227157593,0.003016257658600807
1774180971.494,27394.654544591,573,0,neutral,1,31.484256996918702,0.772737979888916,0.00517220189794898,0.21895843744277954,0.0031313318759202957
1774180971.546,27394.705322213,574,0,neutral,1,32.073866997961886,0.7997144460678101,0.004713111557066441,0.19192658364772797,0.00364574883133173
1774180971.596,27394.756137631,575,0,neutral,1,32.03868199852877,0.8008280992507935,0.0038276314735412598,0.19135481119155884,0.003989293705672026
1774180971.647,27394.806269976,576,0,neutral,1,31.982385997253004,0.827968955039978,0.002843000227585435,0.16499996185302734,0.004187948536127806
1774180971.697,27394.856595821,577,0,neutral,1,32.30434800207149,0.5438050031661987,0.0019361667800694704,0.4513511657714844,0.0029075900092720985
1774180971.748,27394.906957962,578,2,sad,1,32.924254999670666,0.35355639457702637,0.0012636291794478893,0.6432383060455322,0.0019416044233366847
1774180971.798,27394.957504084,579,2,sad,1,31.80777500165277,0.3107159733772278,0.001619713380932808,0.6854742765426636,0.0021899710409343243
1774180971.849,27395.008227539,580,2,sad,1,32.08440500020515,0.279960572719574,0.0016538293566554785,0.7160590887069702,0.002326415851712227
1774180971.898,27395.058041496,581,2,sad,1,31.831312000576872,0.2906007468700409,0.0015919733559712768,0.7049513459205627,0.002855835482478142
1774180971.949,27395.108331618,582,2,sad,1,32.3398679975071,0.47016704082489014,0.007063026539981365,0.520500898361206,0.0022689569741487503
1774180971.999,27395.159628073,583,0,neutral,1,31.29923899905407,0.605129063129425,0.006702696438878775,0.38609328866004944,0.0020748574752360582
1774180972.051,27395.209575918,584,0,neutral,1,33.557457998540485,0.7057442665100098,0.00694326963275671,0.2856457233428955,0.0016666946467012167
1774180972.102,27395.260454873,585,0,neutral,1,33.738050999090774,0.7443608641624451,0.00677119754254818,0.2472551465034485,0.001612741849385202
1774180972.151,27395.310082886,586,0,neutral,1,32.447329998831265,0.7854741215705872,0.0072019388899207115,0.20578843355178833,0.0015354803763329983
1774180972.201,27395.360492564,587,0,neutral,1,32.25807100170641,0.6376534104347229,0.005582047160714865,0.35508275032043457,0.0016817557625472546
1774180972.251,27395.411748907,588,0,neutral,1,30.55298099934589,0.6694282293319702,0.00464284885674715,0.3243263363838196,0.0016025626100599766
1774180972.302,27395.461945085,589,0,neutral,1,31.60199799822294,0.7113991975784302,0.003850275417789817,0.2833539843559265,0.0013965792022645473
1774180972.353,27395.51277543,590,0,neutral,1,32.11062599802972,0.7587480545043945,0.003892994485795498,0.23606190085411072,0.0012970720417797565
1774180972.402,27395.563195182,591,0,neutral,1,31.044183000631165,0.7440109848976135,0.0037066235672682524,0.25095659494400024,0.0013258035760372877
1774180972.454,27395.614633914,592,0,neutral,1,31.514608999714255,0.7750017642974854,0.004650246351957321,0.218946173787117,0.0014017310459166765
1774180972.505,27395.664799833,593,0,neutral,1,31.55868300018483,0.5053948760032654,0.003029105719178915,0.49038803577423096,0.0011878579389303923
1774180972.555,27395.715413862,594,2,sad,1,31.742516002850607,0.328554630279541,0.00197267672047019,0.6685758829116821,0.000896669749636203
1774180972.606,27395.766331484,595,2,sad,1,31.381017000967404,0.2141627073287964,0.0012841575080528855,0.7837538123130798,0.0007992240134626627
1774180972.656,27395.81690694,596,2,sad,1,30.990238999947906,0.24095997214317322,0.0009016558178700507,0.7561444640159607,0.001993797719478607
1774180972.708,27395.868509024,597,2,sad,1,31.345441999292234,0.25744014978408813,0.0006631138385273516,0.7345656156539917,0.00733100576326251
1774180972.759,27395.918587591,598,2,sad,1,32.7005699982692,0.21664348244667053,0.0005131281213834882,0.7621102333068848,0.020733021199703217
1774180972.809,27395.968744825,599,2,sad,1,31.764960000145948,0.36424121260643005,0.000639177393168211,0.6204622387886047,0.014657251536846161
1774180972.866,27396.019138947,600,0,neutral,1,38.55241500059492,0.5520091652870178,0.0005536280223168433,0.43771427869796753,0.00972282700240612
1774180972.911,27396.070470568,601,0,neutral,1,32.075775001430884,0.6593108177185059,0.0006819824920967221,0.33332493901252747,0.006682193838059902
1774180972.963,27396.121165228,602,0,neutral,1,33.68456899988814,0.714301347732544,0.0006080654566176236,0.2800668179988861,0.005023669451475143
1774180973.013,27396.17161748,603,2,sad,1,33.199606001289794,0.46959370374679565,0.000432157568866387,0.5264052152633667,0.003568836720660329
1774180973.063,27396.222663342,604,2,sad,1,32.58316299979924,0.30701860785484314,0.00032164555159397423,0.6901787519454956,0.0024809222668409348
1774180973.114,27396.273137872,605,2,sad,1,32.30032999999821,0.331917941570282,0.0012199908960610628,0.6647616028785706,0.002100396901369095
1774180973.164,27396.323420827,606,2,sad,1,32.607811997877434,0.2679217457771301,0.0014879191294312477,0.7281992435455322,0.0023910014424473047
1774180973.216,27396.374540542,607,2,sad,1,32.80838499995298,0.228441059589386,0.0016032588900998235,0.7679852843284607,0.001970303012058139
1774180973.266,27396.425531589,608,2,sad,1,32.60534799846937,0.4397605061531067,0.001422929228283465,0.5573360919952393,0.0014804219827055931
1774180973.317,27396.476619174,609,0,neutral,1,32.59866300140857,0.5693875551223755,0.0016803896287456155,0.4278300702571869,0.0011019210796803236
1774180973.367,27396.527549444,610,0,neutral,1,31.573664000461577,0.5453335046768188,0.002096644602715969,0.4515453577041626,0.0010244069853797555
1774180973.418,27396.578155658,611,0,neutral,1,31.937219999235822,0.5731275081634521,0.002597588812932372,0.4232466220855713,0.0010282048024237156
1774180973.469,27396.628491577,612,2,sad,1,31.968552997568622,0.39693692326545715,0.0017787421820685267,0.6003566980361938,0.0009275223128497601
1774180973.518,27396.6785267,613,2,sad,1,31.33725699808565,0.25801098346710205,0.0011564274318516254,0.7402142286300659,0.0006183121004141867
1774180973.567,27396.728998248,614,2,sad,1,30.186185002094135,0.1677071899175644,0.0007516959449276328,0.8311337828636169,0.0004072735027875751
1774180973.617,27396.779011167,615,2,sad,1,30.280721999588422,0.12137020379304886,0.002065822947770357,0.8745726943016052,0.0019912607967853546
1774180973.669,27396.830479677,616,2,sad,1,30.539370000042254,0.23654595017433167,0.053789395838975906,0.6770056486129761,0.03265897184610367
1774180973.719,27396.879816894,617,2,sad,1,30.633368998678634,0.18290427327156067,0.03683392331004143,0.5600833296775818,0.22017839550971985
1774180973.769,27396.930046479,618,2,sad,1,30.66414700151654,0.12790727615356445,0.025563327595591545,0.5234740972518921,0.323055237531662
1774180973.821,27396.981364174,619,2,sad,1,31.427572001121007,0.08729267865419388,0.018131736665964127,0.4683898091316223,0.4261857271194458
1774180973.870,27397.031180946,620,3,angry,1,30.642868998256745,0.058809395879507065,0.012108473107218742,0.3941444754600525,0.5349376201629639
1774180973.921,27397.081733012,621,3,angry,1,31.123701999604236,0.04045622795820236,0.0079188896343112,0.30476662516593933,0.6468582153320312
1774180973.972,27397.132388264,622,3,angry,1,31.067776002601022,0.027644312009215355,0.005334022920578718,0.289837121963501,0.6771844625473022
1774180974.022,27397.182931683,623,3,angry,1,30.819979998341296,0.019543500617146492,0.003610384650528431,0.28568708896636963,0.6911588907241821
1774180974.072,27397.233460971,624,3,angry,1,30.5839989996457,0.014361872337758541,0.002595821162685752,0.29431474208831787,0.6887274384498596
1774180974.123,27397.283525002,625,3,angry,1,31.116108999412972,0.012253586202859879,0.0017680340679362416,0.25530362129211426,0.7306746244430542
1774180974.177,27397.334226216,626,3,angry,1,34.11249499913538,0.01132548600435257,0.0012863355223089457,0.24202096462249756,0.7453671097755432
1774180974.226,27397.384798005,627,3,angry,1,33.10753299956559,0.010743891820311546,0.001170071423985064,0.2542992830276489,0.7337866425514221
1774180974.276,27397.435996682,628,3,angry,1,31.723756997962482,0.010341033339500427,0.0008501245174556971,0.23125430941581726,0.7575544118881226
1774180974.326,27397.486347804,629,3,angry,1,31.428517002495937,0.01167884562164545,0.0008733592694625258,0.348914235830307,0.6385334730148315
1774180974.377,27397.537200259,630,3,angry,1,32.07883099821629,0.010273306630551815,0.0006362341810017824,0.30941423773765564,0.6796761751174927
1774180974.429,27397.588130029,631,3,angry,1,32.323516003089026,0.010390146635472775,0.0005624493351206183,0.2683286666870117,0.7207186222076416
1774180974.482,27397.638385096,632,3,angry,1,35.38564100017538,0.011448398232460022,0.0004917173646390438,0.2632637619972229,0.7247959971427917
1774180974.529,27397.688663423,633,3,angry,1,32.297144000040134,0.012019336223602295,0.0004236658860463649,0.24637830257415771,0.7411785125732422
1774180974.579,27397.738449175,634,3,angry,1,32.36070099956123,0.009973406791687012,0.0005881686229258776,0.22908318042755127,0.7603551149368286
1774180974.629,27397.789209186,635,3,angry,1,31.76264599824208,0.00819766242057085,0.0006173916626721621,0.23634934425354004,0.7548354864120483
1774180974.688,27397.840927362,636,3,angry,1,38.84134100007941,0.009932581335306168,0.0007015893934294581,0.29745611548423767,0.6919096112251282
1774180974.740,27397.894774851,637,3,angry,1,36.72458399887546,0.009968549013137817,0.0005495287477970123,0.2436046153306961,0.7458772659301758
1774180974.785,27397.944753603,638,3,angry,1,32.140331000846345,0.008272923529148102,0.0004940179060213268,0.24913743138313293,0.7420955896377563
1774180974.833,27397.991385656,639,3,angry,1,33.078311000281246,0.007175512611865997,0.0004110498703084886,0.24824461340904236,0.744168758392334
1774180974.882,27398.041867519,640,3,angry,1,32.062219997897046,0.006658454425632954,0.0006026877090334892,0.33537721633911133,0.6573615074157715
1774180974.934,27398.092587493,641,3,angry,1,32.937384999968344,0.00585171626880765,0.000697917421348393,0.4241778254508972,0.5692723989486694
1774180974.984,27398.144246706,642,3,angry,1,31.629701999918325,0.005769162904471159,0.0006409654743038118,0.35685253143310547,0.6367372274398804
1774180975.034,27398.194798847,643,3,angry,1,31.03757300050347,0.005982871167361736,0.0006381665007211268,0.34046098589897156,0.6529178619384766
1774180975.085,27398.245677339,644,3,angry,1,31.05536899965955,0.005326410289853811,0.0004722494340967387,0.27994781732559204,0.7142534255981445
1774180975.136,27398.296075832,645,3,angry,1,32.10897800090606,0.0064283027313649654,0.00044625363079831004,0.27391159534454346,0.7192137241363525
1774180975.186,27398.346069418,646,3,angry,1,31.253294000634924,0.012678518891334534,0.0009269101428799331,0.26908236742019653,0.7173120975494385
1774180975.236,27398.396118022,647,3,angry,1,31.35997899880749,0.02827414497733116,0.004607731010764837,0.32240191102027893,0.6447161436080933
1774180975.285,27398.445864534,648,3,angry,1,30.961813001340488,0.1071104109287262,0.003937241155654192,0.3410598635673523,0.5478923916816711
1774180975.336,27398.496753897,649,3,angry,1,31.05736799989245,0.29103973507881165,0.0032620273996144533,0.3383052945137024,0.3673928380012512
1774180975.386,27398.546804075,650,0,neutral,1,31.434924003406195,0.531112551689148,0.0022750836797058582,0.2273884117603302,0.23922380805015564
1774180975.438,27398.59707079,651,0,neutral,1,32.384792997618206,0.6315762996673584,0.002201593481004238,0.21044835448265076,0.15577363967895508
1774180975.488,27398.647287875,652,0,neutral,1,32.298905000061495,0.7086918354034424,0.0034271911717951298,0.18614739179611206,0.10173346102237701
1774180975.538,27398.698026886,653,0,neutral,1,31.49866500098142,0.7750375270843506,0.005582479760050774,0.1531289666891098,0.06625090539455414
1774180975.588,27398.74857612,654,0,neutral,1,31.609237998054596,0.8136376142501831,0.006909775547683239,0.13628293573856354,0.04316946491599083
1774180975.639,27398.799317649,655,0,neutral,1,31.931663997966098,0.8469283580780029,0.006516238208860159,0.11788683384656906,0.028668414801359177
1774180975.690,27398.850253122,656,0,neutral,1,31.58625699870754,0.8787806034088135,0.007227977737784386,0.09434938430786133,0.01964188925921917
1774180975.739,27398.89959969,657,0,neutral,1,30.775092000112636,0.8759763240814209,0.007569237612187862,0.10246922075748444,0.013985035009682178
1774180975.790,27398.950047276,658,0,neutral,1,32.14627399938763,0.8979530334472656,0.005667379591614008,0.08622749894857407,0.010151884518563747
1774180975.840,27399.000326102,659,0,neutral,1,31.74621899961494,0.8194735050201416,0.005522812716662884,0.1672474890947342,0.0077559747733175755
1774180975.890,27399.050949002,660,0,neutral,1,31.273200998839457,0.7304696440696716,0.00522876251488924,0.25815820693969727,0.006143199745565653
1774180975.940,27399.101337531,661,0,neutral,1,30.9398509998573,0.7771810293197632,0.004178901202976704,0.2143978327512741,0.00424213707447052
1774180975.994,27399.15190182,662,0,neutral,1,33.80193999691983,0.7268571853637695,0.003341982141137123,0.2666723132133484,0.0031284261494874954
1774180976.044,27399.202764405,663,0,neutral,1,33.17658800006029,0.7501133680343628,0.0027190586552023888,0.24491825699806213,0.002249212469905615
1774180976.094,27399.253239509,664,0,neutral,1,32.09044100003666,0.7246724963188171,0.0031333668157458305,0.2700859308242798,0.0021081333979964256
1774180976.148,27399.303945631,665,2,sad,1,35.771029000898125,0.4710550606250763,0.00203685206361115,0.5255104303359985,0.001397597137838602
1774180976.197,27399.355120048,666,2,sad,1,33.81801300201914,0.30618831515312195,0.0013247247552499175,0.691246747970581,0.0012401081621646881
1774180976.246,27399.405975207,667,2,sad,1,32.06320100071025,0.24993371963500977,0.0011469945311546326,0.5760287046432495,0.17289043962955475
1774180976.298,27399.456709366,668,2,sad,1,33.102328998211306,0.19221356511116028,0.0016471203416585922,0.5820706486701965,0.22406858205795288
1774180976.349,27399.507219118,669,2,sad,1,33.78655000051367,0.12920653820037842,0.0018712099408730865,0.571057915687561,0.29786425828933716
1774180976.401,27399.557766795,670,2,sad,1,34.54199400221114,0.08469490706920624,0.001625866862013936,0.6845799684524536,0.22909918427467346
1774180976.450,27399.608121918,671,2,sad,1,33.50651299842866,0.05648976191878319,0.002022748813033104,0.6828758120536804,0.25861161947250366
1774180976.498,27399.658176337,672,2,sad,1,32.043348997831345,0.037824999541044235,0.00486513739451766,0.747294008731842,0.21001575887203217
1774180976.549,27399.709160847,673,2,sad,1,31.85534899967024,0.025288909673690796,0.004757821559906006,0.7873498797416687,0.18260326981544495
1774180976.601,27399.760415968,674,2,sad,1,32.60023699840531,0.018160322681069374,0.006081978790462017,0.8019522428512573,0.1738053560256958
1774180976.651,27399.811004998,675,2,sad,1,32.212960002652835,0.013779561035335064,0.0068305679596960545,0.8203420042991638,0.15904779732227325
1774180976.702,27399.861261713,676,2,sad,1,32.35044100074447,0.010490830056369305,0.006644900888204575,0.8270915746688843,0.1557726114988327
1774180976.752,27399.911895779,677,2,sad,1,31.931663997966098,0.008814160712063313,0.006307271309196949,0.8526917695999146,0.1321866810321808
1774180976.803,27399.962622142,678,2,sad,1,31.74251599921263,0.007296519819647074,0.006948930211365223,0.8726744651794434,0.11307995021343231
1774180976.852,27400.013119783,679,2,sad,1,30.770219997066306,0.005582383833825588,0.006402009632438421,0.891273021697998,0.09674248099327087
1774180976.904,27400.062773832,680,2,sad,1,32.93260699865641,0.004824901930987835,0.007084802724421024,0.9122639298439026,0.07582630217075348
1774180976.953,27400.113424676,681,2,sad,1,31.45012700042571,0.004544783849269152,0.007992000319063663,0.9044779539108276,0.08298520743846893
1774180977.003,27400.163259762,682,2,sad,1,31.159423997451086,0.005586965009570122,0.008586423471570015,0.8856699466705322,0.10015664249658585
1774180977.053,27400.213649792,683,2,sad,1,31.444145999557804,0.004661187529563904,0.006434225477278233,0.8739496469497681,0.1149548590183258
1774180977.103,27400.263703914,684,2,sad,1,31.136499001149787,0.0043585593812167645,0.005341270938515663,0.862320601940155,0.12797948718070984
1774180977.154,27400.314734165,685,2,sad,1,31.37357200102997,0.003540491685271263,0.00414029136300087,0.8485820293426514,0.14373712241649628
1774180977.204,27400.364973529,686,2,sad,1,30.77794300043024,0.0027774940244853497,0.0039714667946100235,0.8809540271759033,0.11229688674211502
1774180977.254,27400.414997744,687,2,sad,1,30.892812999809394,0.002574128331616521,0.002954530529677868,0.8306249976158142,0.1638462245464325
1774180977.306,27400.465789347,688,2,sad,1,31.59047900044243,0.00303202448412776,0.004477697424590588,0.8419408798217773,0.1505492776632309
1774180977.356,27400.515869988,689,2,sad,1,32.09842299838783,0.0032512578181922436,0.003480025799944997,0.81640625,0.17686235904693604
1774180977.406,27400.566399555,690,2,sad,1,31.114035002246965,0.005713324993848801,0.004427618347108364,0.7886252403259277,0.2012336552143097
1774180977.456,27400.616519307,691,2,sad,1,31.464145999052562,0.005086417775601149,0.0033022051211446524,0.6336178183555603,0.3579934239387512
1774180977.508,27400.667288003,692,2,sad,1,32.20949700335041,0.004266358446329832,0.0029890011064708233,0.6135371327400208,0.3792073726654053
1774180977.558,27400.718045551,693,2,sad,1,31.600330999935977,0.00464634457603097,0.002324440749362111,0.5259525775909424,0.46707651019096375
1774180977.608,27400.768276896,694,3,angry,1,31.035497999255313,0.004432650748640299,0.001673635677434504,0.3848090171813965,0.6090846061706543
1774180977.659,27400.819231147,695,3,angry,1,31.464756997593213,0.003971859347075224,0.0013260159175843,0.2947991192340851,0.6999028921127319
1774180977.711,27400.869433788,696,3,angry,1,32.921144000283675,0.0055922772735357285,0.002690261695533991,0.3642810881137848,0.6274362802505493
1774180977.762,27400.920371261,697,3,angry,1,33.08166300121229,0.0065919761545956135,0.0032528911251574755,0.4925139546394348,0.49764108657836914
1774180977.811,27400.970863124,698,2,sad,1,31.845146000705427,0.007138678338378668,0.005914272740483284,0.5511571168899536,0.4357898235321045
1774180977.862,27401.021859746,699,2,sad,1,32.34060699833208,0.006813490763306618,0.0052100676111876965,0.5392916202545166,0.4486847519874573
1774180977.913,27401.072629775,700,2,sad,1,32.30208899913123,0.004650323186069727,0.006120773963630199,0.6778178215026855,0.311411052942276
1774180977.963,27401.122608583,701,2,sad,1,32.52903300017351,0.003933348227292299,0.005822202190756798,0.6387604475021362,0.3514839708805084
1774180978.015,27401.173285038,702,3,angry,1,33.47395799937658,0.0030045730527490377,0.003878762247040868,0.47419747710227966,0.5189191102981567
1774180978.064,27401.223449494,703,3,angry,1,32.57105200100341,0.0025933615397661924,0.002565594855695963,0.35533618927001953,0.6395047903060913
1774180978.116,27401.27463443,704,3,angry,1,32.92495899950154,0.002773862797766924,0.0017976275412365794,0.27235880494117737,0.7230696678161621
1774180978.166,27401.325317607,705,3,angry,1,32.41325600174605,0.004496572073549032,0.0020964904688298702,0.42659494280815125,0.5668119192123413
1774180978.217,27401.376225933,706,3,angry,1,32.81753299961565,0.004771110136061907,0.001649949117563665,0.3390832245349884,0.6544955968856812
1774180978.268,27401.427771035,707,3,angry,1,32.09340399916982,0.0043715969659388065,0.001145753194577992,0.26402121782302856,0.7304613590240479
1774180978.319,27401.478521824,708,3,angry,1,31.9467369990889,0.003541506128385663,0.0008249308448284864,0.2444320023059845,0.7512015104293823
1774180978.369,27401.529496482,709,3,angry,1,30.935165003029397,0.003293434390798211,0.0006159667391330004,0.19210995733737946,0.8039805889129639
1774180978.421,27401.579881512,710,3,angry,1,32.57042200129945,0.004030109383165836,0.0009624494123272598,0.19830800592899323,0.7966994047164917
1774180978.470,27401.630317893,711,3,angry,1,31.164683001406956,0.004526267293840647,0.00114872632548213,0.2943691313266754,0.6999558210372925
1774180978.520,27401.680872145,712,3,angry,1,31.350720000773435,0.004190472420305014,0.0011460750829428434,0.3440065383911133,0.6506568193435669
1774180978.571,27401.731613933,713,3,angry,1,31.57035000185715,0.003755806013941765,0.0009136124863289297,0.31970450282096863,0.6756260395050049
1774180978.622,27401.782370055,714,3,angry,1,31.344628001534147,0.0026276735588908195,0.000945974315982312,0.4610865116119385,0.5353398323059082
1774180978.674,27401.833159492,715,2,sad,1,32.1636260014202,0.0018429176416248083,0.00104462297167629,0.5669440031051636,0.43016839027404785
1774180978.724,27401.883564095,716,2,sad,1,31.752109000080964,0.0015888535417616367,0.0008608862408436835,0.5103355050086975,0.4872146546840668
1774180978.774,27401.934018718,717,3,angry,1,31.611701000656467,0.0017263442277908325,0.0008542144205421209,0.45728304982185364,0.5401362776756287
1774180978.824,27401.984464488,718,2,sad,1,31.208813001285307,0.00168636254966259,0.0009261651430279016,0.5104148387908936,0.48697248101234436
1774180978.874,27402.034586647,719,2,sad,1,30.985590998170665,0.0013752162922173738,0.0008269091485999525,0.5073140263557434,0.49048376083374023
1774180978.925,27402.085241714,720,2,sad,1,31.53310899870121,0.0012146146036684513,0.0009337725350633264,0.5650202035903931,0.432831346988678
1774180978.976,27402.136291187,721,2,sad,1,31.61631200055126,0.0028123068623244762,0.001146154711022973,0.5730342268943787,0.42300722002983093
1774180979.029,27402.186840994,722,2,sad,1,33.695458001602674,0.0038873772136867046,0.0013861770275980234,0.5567034482955933,0.4380228817462921
1774180979.079,27402.237901875,723,2,sad,1,32.66084799906821,0.004322630353271961,0.0012695458717644215,0.5439094305038452,0.4504982829093933
1774180979.133,27402.288953052,724,2,sad,1,36.16560299997218,0.0077100591734051704,0.0019187132129445672,0.5215262174606323,0.4688448905944824
1774180979.182,27402.340077895,725,3,angry,1,33.944901999348076,0.009433148428797722,0.0016135342884808779,0.4545165002346039,0.5344367027282715
1774180979.233,27402.390794351,726,3,angry,1,33.61625400066259,0.007351134903728962,0.001208544010296464,0.3451310396194458,0.6463092565536499
1774180979.282,27402.440741936,727,3,angry,1,33.21525499995914,0.006625545211136341,0.0010740864090621471,0.32251349091529846,0.669786810874939
1774180979.333,27402.492070557,728,3,angry,1,33.16201399866259,0.005873262882232666,0.001023520133458078,0.2873363494873047,0.7057667970657349
1774180979.384,27402.542377587,729,3,angry,1,32.7293299997109,0.006396693177521229,0.001177564961835742,0.306709349155426,0.6857163310050964
1774180979.436,27402.593542986,730,3,angry,1,33.8214949988469,0.00549861416220665,0.0008513883803971112,0.2638927698135376,0.7297571897506714
1774180979.485,27402.64409796,731,3,angry,1,33.000829000229714,0.005060194991528988,0.0006481739692389965,0.20735321938991547,0.7869383096694946
1774180979.534,27402.694083897,732,3,angry,1,31.869831000221893,0.00499639892950654,0.0006658422062173486,0.23709410429000854,0.7572435736656189
1774180979.584,27402.744434723,733,3,angry,1,31.79175699915504,0.010711628012359142,0.0012190764537081122,0.31001371145248413,0.6780555248260498
1774180979.635,27402.794575105,734,3,angry,1,31.98840500044753,0.015297569334506989,0.0023564384318888187,0.3369597792625427,0.6453861594200134
1774180979.685,27402.844549543,735,3,angry,1,32.19162599998526,0.021552110090851784,0.005953167099505663,0.4592359662055969,0.513258695602417
1774180979.736,27402.89576096,736,2,sad,1,31.53842399842688,0.041265275329351425,0.022780168801546097,0.5269904136657715,0.40896403789520264
1774180979.792,27402.946824582,737,2,sad,1,37.381378999270964,0.16466949880123138,0.01891515590250492,0.4442867040634155,0.37212854623794556
1774180979.846,27403.000256182,738,0,neutral,1,37.21578600016073,0.42249223589897156,0.013661234639585018,0.31049227714538574,0.25335413217544556
1774180979.898,27403.052754264,739,0,neutral,1,36.67465800026548,0.6234211325645447,0.008900214917957783,0.2025410234928131,0.16513752937316895
1774180979.945,27403.103956107,740,0,neutral,1,32.67582999978913,0.685575008392334,0.005924902856349945,0.19371789693832397,0.11478211730718613
1774180979.991,27403.151351326,741,0,neutral,1,31.56099799889489,0.6351079940795898,0.005251589696854353,0.28156158328056335,0.0780787467956543
1774180980.040,27403.200111024,742,2,sad,1,32.00447899871506,0.4321175515651703,0.0035427315160632133,0.5129133462905884,0.05142630264163017
1774180980.090,27403.249979869,743,2,sad,1,31.631904999812832,0.3831939995288849,0.004343228414654732,0.5736508965492249,0.03881177306175232
1774180980.141,27403.301079954,744,2,sad,1,31.212720001349226,0.3523276448249817,0.006390922702848911,0.6112354397773743,0.03004586324095726
1774180980.190,27403.350783132,745,2,sad,1,31.145239001489244,0.43064481019973755,0.037160422652959824,0.5024610757827759,0.029733628034591675
1774180980.241,27403.401078162,746,2,sad,1,31.248571998730768,0.47099533677101135,0.026660986244678497,0.4797430634498596,0.022600535303354263
1774180980.291,27403.451403821,747,0,neutral,1,31.703887001640396,0.5631791949272156,0.026464246213436127,0.3925345242023468,0.017821984365582466
1774180980.342,27403.50208898,748,0,neutral,1,31.994700999348424,0.6878209114074707,0.02159254066646099,0.27248415350914,0.018102314323186874
1774180980.394,27403.553170379,749,0,neutral,1,32.468811001308495,0.776810884475708,0.019819654524326324,0.18867714703083038,0.01469226460903883
1774180980.444,27403.603223483,750,0,neutral,1,32.258811999781756,0.8428525924682617,0.014537284150719643,0.13199959695339203,0.010610492900013924
1774180980.494,27403.653709624,751,0,neutral,1,31.881811999483034,0.859999418258667,0.015764573588967323,0.11576496809720993,0.008471068926155567
1774180980.546,27403.704570431,752,0,neutral,1,33.503975999337854,0.7193216681480408,0.022067923098802567,0.23891590535640717,0.019694481045007706
1774180980.597,27403.755001312,753,2,sad,1,33.4321619993716,0.4688621163368225,0.014365610666573048,0.5033589601516724,0.01341323647648096
1774180980.647,27403.805583045,754,2,sad,1,32.879051999771036,0.30943581461906433,0.009499965235590935,0.6689960956573486,0.012068064883351326
1774180980.698,27403.856058352,755,2,sad,1,33.56599499966251,0.21090219914913177,0.006335769314318895,0.7707043886184692,0.012057604268193245
1774180980.748,27403.906696159,756,2,sad,1,33.4088099989458,0.15087252855300903,0.004375008400529623,0.8285143971443176,0.01623801328241825
1774180980.800,27403.958186947,757,2,sad,1,33.43555100218509,0.12283905595541,0.0037463814951479435,0.8529278039932251,0.02048663981258869
1774180980.849,27404.00818944,758,2,sad,1,33.044773001165595,0.09771157056093216,0.0031962781213223934,0.8768056631088257,0.022286443039774895
1774180980.899,27404.058193414,759,2,sad,1,32.98455199910677,0.09328879415988922,0.002366104396060109,0.867814302444458,0.036530766636133194
1774180980.951,27404.109346943,760,2,sad,1,33.0213109991746,0.06997113674879074,0.002111234702169895,0.8592515587806702,0.06866604089736938
1774180981.000,27404.15922451,761,2,sad,1,32.65534800084424,0.05450114980340004,0.002760898554697633,0.8613558411598206,0.08138210326433182
1774180981.051,27404.210387669,762,2,sad,1,32.36542199738324,0.0606951080262661,0.0028894483111798763,0.8647626638412476,0.07165268808603287
1774180981.102,27404.260785865,763,2,sad,1,32.63714399872697,0.06276102364063263,0.0034348885528743267,0.853476881980896,0.08032713830471039
1774180981.152,27404.311680042,764,2,sad,1,31.78192300038063,0.060681819915771484,0.002554254839196801,0.8755053281784058,0.061258502304553986
1774180981.202,27404.362381886,765,2,sad,1,31.630774999939604,0.058120593428611755,0.00195188052020967,0.8878481388092041,0.052079301327466965
1774180981.253,27404.412942508,766,2,sad,1,31.536627000605222,0.05465075373649597,0.0016772318631410599,0.8911945819854736,0.052477411925792694
1774180981.304,27404.464154129,767,2,sad,1,31.16403500098386,0.055725689977407455,0.0013064206577837467,0.9059544801712036,0.03701336309313774
1774180981.354,27404.514885917,768,2,sad,1,30.981795000116108,0.3414328098297119,0.002613623160868883,0.6298896074295044,0.02606392838060856
1774180981.404,27404.565420928,769,2,sad,1,30.80979500009562,0.3792102336883545,0.004473390057682991,0.597482442855835,0.018833890557289124
1774180981.456,27404.616246031,770,0,neutral,1,31.235793998348527,0.5676502585411072,0.008328991010785103,0.409737765789032,0.01428292691707611
1774180981.506,27404.666615172,771,0,neutral,1,31.152516003203345,0.7056679129600525,0.008491117507219315,0.2761066257953644,0.009734246879816055
1774180981.556,27404.71694309,772,0,neutral,1,30.87790599965956,0.772081732749939,0.008835883811116219,0.20998308062553406,0.009099187329411507
1774180981.609,27404.767340861,773,0,neutral,1,33.09975500087603,0.8362983465194702,0.00864888820797205,0.14857777953147888,0.006474851630628109
1774180981.657,27404.817885909,774,0,neutral,1,30.955424001149368,0.8680659532546997,0.014995605684816837,0.10613373667001724,0.010804589837789536
1774180981.708,27404.868820326,775,0,neutral,1,31.214776001434075,0.9039815664291382,0.015350090339779854,0.07305905222892761,0.007609167136251926
1774180981.759,27404.918445635,776,0,neutral,1,31.970514999557054,0.8990097045898438,0.012272046878933907,0.08148505538702011,0.007233161013573408
1774180981.810,27404.968836331,777,0,neutral,1,32.81708799840999,0.8175462484359741,0.012690934352576733,0.16189199686050415,0.007870769128203392
1774180981.859,27405.018948305,778,0,neutral,1,32.34151499782456,0.8585312366485596,0.011808305978775024,0.12286430597305298,0.006796026136726141
1774180981.911,27405.069813112,779,0,neutral,1,32.69638499841676,0.8722062110900879,0.031693097203969955,0.0872504711151123,0.008850036188960075
1774180981.962,27405.120406215,780,0,neutral,1,32.87945900228806,0.8437879085540771,0.04519267380237579,0.09535487741231918,0.015664350241422653
1774180982.012,27405.171175393,781,0,neutral,1,32.69236599953729,0.8593366742134094,0.0331544429063797,0.0926649197936058,0.014843774959445
1774180982.062,27405.221071663,782,0,neutral,1,32.49497800061363,0.8784209489822388,0.033436186611652374,0.07490331679582596,0.013239454478025436
1774180982.113,27405.271863248,783,0,neutral,1,32.943459002126474,0.8298279047012329,0.027830831706523895,0.1311289668083191,0.011212131939828396
1774180982.163,27405.322219759,784,0,neutral,1,32.47555200141505,0.8081557750701904,0.025546681135892868,0.15575219690799713,0.010545201599597931
1774180982.213,27405.372899085,785,0,neutral,1,32.19527400142397,0.6035988330841064,0.018025781959295273,0.3666561245918274,0.011719071306288242
1774180982.264,27405.423263225,786,0,neutral,1,32.721422001486644,0.7144195437431335,0.012328730896115303,0.2648685574531555,0.00838297326117754
1774180982.315,27405.473593903,787,0,neutral,1,33.088459000282455,0.6966325044631958,0.03469039499759674,0.25859832763671875,0.010078582912683487
1774180982.367,27405.524811524,788,0,neutral,1,33.92219799934537,0.7412363290786743,0.03263131529092789,0.2162075936794281,0.009924658574163914
1774180982.417,27405.574762554,789,0,neutral,1,33.958179999899585,0.8130897283554077,0.025311613455414772,0.15323886275291443,0.008359689265489578
1774180982.468,27405.62553125,790,0,neutral,1,34.59875300177373,0.8180587291717529,0.026802387088537216,0.14272046089172363,0.012418301776051521
1774180982.517,27405.675370928,791,0,neutral,1,33.02236600211472,0.7380163669586182,0.022709636017680168,0.22944821417331696,0.009825692512094975
1774180982.567,27405.725892569,792,0,neutral,1,33.299699000053806,0.7795411348342896,0.02005073055624962,0.1925111711025238,0.007896820083260536
1774180982.617,27405.777180319,793,0,neutral,1,32.08005299893557,0.7485321760177612,0.01741650514304638,0.22728148102760315,0.006769687402993441
1774180982.668,27405.827582497,794,0,neutral,1,32.71401500023785,0.7992756366729736,0.014952163212001324,0.1808287799358368,0.004943286068737507
1774180982.718,27405.877834249,795,0,neutral,1,31.950218999554636,0.7538432478904724,0.01852336898446083,0.22179123759269714,0.005842067766934633
1774180982.770,27405.929250314,796,0,neutral,1,32.997681002598256,0.6809688806533813,0.017450902611017227,0.2715461850166321,0.03003394603729248
1774180982.820,27405.980145213,797,0,neutral,1,31.53262799969525,0.7259001731872559,0.018702048808336258,0.22651812434196472,0.028879491612315178
1774180982.871,27406.031100483,798,0,neutral,1,31.391404998430517,0.7264068126678467,0.013274410739541054,0.24038532376289368,0.0199333094060421
1774180982.923,27406.081384457,799,0,neutral,1,33.119181000074605,0.7764276266098022,0.01179986447095871,0.19818148016929626,0.013590875081717968
1774180982.975,27406.133742225,800,0,neutral,1,33.30738400109112,0.8126055002212524,0.024587571620941162,0.15218694508075714,0.01061992533504963
1774180983.025,27406.184279736,801,0,neutral,1,32.23082999829785,0.8567631244659424,0.017970701679587364,0.11758839339017868,0.0076776654459536076
1774180983.076,27406.23473995,802,0,neutral,1,33.136607002234086,0.7763745784759521,0.019717182964086533,0.19522733986377716,0.008680788800120354
1774180983.124,27406.284570147,803,0,neutral,1,31.689257000834914,0.8200852870941162,0.014154048636555672,0.15820789337158203,0.007552609778940678
1774180983.176,27406.334874695,804,0,neutral,1,32.622607999655884,0.8663861751556396,0.014178911224007607,0.1134718805551529,0.0059629203751683235
1774180983.227,27406.385926835,805,0,neutral,1,32.90038500199444,0.9060512781143188,0.011554555967450142,0.07809575647115707,0.004298262298107147
1774180983.280,27406.436218494,806,0,neutral,1,35.45716000007815,0.9202451109886169,0.01134998258203268,0.06494670361280441,0.003458081977441907
1774180983.328,27406.486958116,807,0,neutral,1,32.84838500258047,0.9190294146537781,0.008694717660546303,0.06945713609457016,0.0028186412528157234
1774180983.377,27406.53759196,808,0,neutral,1,31.55897900069249,0.6105636358261108,0.006177704781293869,0.37946003675460815,0.0037984740920364857
1774180983.429,27406.588337063,809,0,neutral,1,32.24686699832091,0.6390371322631836,0.00641472265124321,0.350973904132843,0.0035740789026021957
1774180983.479,27406.638863555,810,0,neutral,1,32.22757100229501,0.7353593111038208,0.012617496773600578,0.24878278374671936,0.003240330144762993
1774180983.531,27406.688778252,811,0,neutral,1,34.04186500119977,0.8221333622932434,0.009370783343911171,0.16582415997982025,0.0026716506108641624
1774180983.580,27406.739120004,812,0,neutral,1,33.00188499997603,0.8745887279510498,0.00741860456764698,0.11603324860334396,0.001959421904757619
1774180983.631,27406.789900144,813,0,neutral,1,32.87523700055317,0.8105558753013611,0.008873969316482544,0.17808476090431213,0.00248538376763463
1774180983.681,27406.840637303,814,0,neutral,1,31.990625997423194,0.8282566666603088,0.009519359096884727,0.16031108796596527,0.0019128503045067191
1774180983.733,27406.891418813,815,0,neutral,1,33.568217000720324,0.8142116665840149,0.009996283799409866,0.17344693839550018,0.002344996202737093
1774180983.785,27406.942275324,816,0,neutral,1,33.9852350007277,0.8437979221343994,0.012813393026590347,0.141404926776886,0.0019836830906569958
1774180983.834,27406.992059669,817,0,neutral,1,33.39547600262449,0.5486346483230591,0.008329990319907665,0.44174277782440186,0.001292459899559617
1774180983.885,27407.042894938,818,2,sad,1,34.05618000033428,0.3566446304321289,0.005418288987129927,0.6370947360992432,0.0008422231767326593
1774180983.935,27407.093575134,819,2,sad,1,32.74957000030554,0.23386093974113464,0.003531519789248705,0.7619518637657166,0.0006555790896527469
1774180983.984,27407.143974923,820,2,sad,1,32.267700000375044,0.17718566954135895,0.00276195933111012,0.8180794715881348,0.001972810598090291
1774180984.035,27407.195030711,821,2,sad,1,31.326849002653034,0.24813255667686462,0.003398675937205553,0.6784486174583435,0.07002009451389313
1774180984.085,27407.246035721,822,2,sad,1,30.797516999882646,0.16948318481445312,0.0022842176258563995,0.6360222101211548,0.1922103464603424
1774180984.136,27407.296088158,823,2,sad,1,31.3210540007276,0.11540309339761734,0.0015085808699950576,0.5342808961868286,0.34880736470222473
1774180984.186,27407.346153558,824,2,sad,1,31.93688600003952,0.08134439587593079,0.0010080654174089432,0.4769517779350281,0.4406956434249878
1774180984.239,27407.396877699,825,2,sad,1,33.2436989992857,0.05957181006669998,0.0007385769858956337,0.5159423351287842,0.423747181892395
1774180984.288,27407.448407986,826,2,sad,1,31.625644998712232,0.05663859471678734,0.0006128459936007857,0.5261887907981873,0.4165596663951874
1774180984.339,27407.499287015,827,2,sad,1,31.550348998280242,0.05095088109374046,0.0005950345657765865,0.5489028096199036,0.3995511531829834
1774180984.389,27407.549360193,828,2,sad,1,31.84412699920358,0.03552704676985741,0.0017069797031581402,0.6493433713912964,0.31342244148254395
1774180984.439,27407.598791057,829,2,sad,1,31.875274999038083,0.03242748603224754,0.0012896551052108407,0.6577680110931396,0.30851471424102783
1774180984.489,27407.649622549,830,2,sad,1,31.440070997632574,0.02707827463746071,0.000953399227000773,0.5992429256439209,0.3727252185344696
1774180984.539,27407.699880875,831,2,sad,1,31.0512940013723,0.026311878114938736,0.0014407818671315908,0.5517423748970032,0.4205048084259033
1774180984.591,27407.750636144,832,2,sad,1,31.859201000770554,0.03439167141914368,0.0015643069054931402,0.5117861032485962,0.45225781202316284
1774180984.642,27407.801136377,833,2,sad,1,33.06251400135807,0.03947025537490845,0.005564122460782528,0.6605764627456665,0.29438909888267517
1774180984.695,27407.852622091,834,2,sad,1,34.06232700217515,0.042620524764060974,0.003703412367030978,0.7614840865135193,0.19219189882278442
1774180984.743,27407.901924955,835,2,sad,1,32.50738499991712,0.04530288651585579,0.0025129837449640036,0.8272412419319153,0.12494280934333801
1774180984.795,27407.952976928,836,2,sad,1,33.65095799745177,0.3564058542251587,0.023620881140232086,0.5385100245475769,0.08146321028470993
1774180984.844,27408.003117087,837,0,neutral,1,33.15140300037456,0.51523756980896,0.03725734353065491,0.3867016136646271,0.06080346927046776
1774180984.902,27408.054212375,838,0,neutral,1,39.31798800113029,0.5653280019760132,0.027996478602290154,0.36587628722190857,0.04079919680953026
1774180984.953,27408.107744178,839,0,neutral,1,36.90445399843156,0.666294276714325,0.02079138159751892,0.28564104437828064,0.027273258194327354
1774180985.000,27408.15847443,840,0,neutral,1,33.752030998584814,0.6146128177642822,0.0233391635119915,0.34179216623306274,0.020255792886018753
1774180985.048,27408.207024998,841,0,neutral,1,33.033089002856286,0.6578792929649353,0.01753465086221695,0.3110065460205078,0.01357943844050169
1774180985.098,27408.257049269,842,0,neutral,1,32.92299600070692,0.7120259404182434,0.01182457897812128,0.26545271277427673,0.010696709156036377
1774180985.151,27408.308188538,843,0,neutral,1,34.6418459994311,0.7951401472091675,0.007887621410191059,0.18836908042430878,0.008603098802268505
1774180985.201,27408.358696734,844,0,neutral,1,33.69616199779557,0.8503068685531616,0.005289675667881966,0.13724642992019653,0.007156889885663986
1774180985.251,27408.40865119,845,0,neutral,1,34.4779010010825,0.8954386115074158,0.0034902936313301325,0.09617098420858383,0.004899986088275909
1774180985.302,27408.460380718,846,0,neutral,1,33.82677199988393,0.9276877641677856,0.0022807384375482798,0.06665077805519104,0.0033806420397013426
1774180985.353,27408.510514729,847,0,neutral,1,33.72760599813773,0.9463813304901123,0.003282297868281603,0.04785161465406418,0.0024846491869539022
1774180985.404,27408.562461479,848,0,neutral,1,33.83677199963131,0.948702335357666,0.009388245642185211,0.03832785785198212,0.0035814568400382996
1774180985.453,27408.612378027,849,0,neutral,1,32.272218999423785,0.944675624370575,0.0073332106694579124,0.04135727882385254,0.006633751560002565
1774180985.504,27408.663310186,850,0,neutral,1,32.73469900159398,0.7992150783538818,0.007828455418348312,0.18825192749500275,0.004704385995864868
1774180985.554,27408.714379122,851,0,neutral,1,31.541848999040667,0.8499075174331665,0.010065209120512009,0.1366746872663498,0.003352407831698656
1774180985.605,27408.763416394,852,0,neutral,1,33.19551400272758,0.8475742936134338,0.007751632947474718,0.14227953553199768,0.00239442172460258
1774180985.656,27408.814368422,853,0,neutral,1,32.93666299941833,0.8429924249649048,0.005313443019986153,0.14999549090862274,0.0016985599650070071
1774180985.704,27408.864839952,854,0,neutral,1,31.449701000383357,0.8927962779998779,0.0036775784101337194,0.10233818739652634,0.001187934190966189
1774180985.755,27408.915114296,855,0,neutral,1,31.362590001663193,0.9059963226318359,0.002492225030437112,0.09070427715778351,0.0008071319316513836
1774180985.805,27408.965896381,856,0,neutral,1,31.052794001880102,0.9212576150894165,0.0017096291994675994,0.0763644203543663,0.0006682936218567193
1774180985.855,27409.015402633,857,0,neutral,1,31.51049799998873,0.9154376983642578,0.0012701618252322078,0.08278447389602661,0.0005075475201010704
1774180985.907,27409.066820476,858,0,neutral,1,31.898942001134856,0.9429295063018799,0.0009288128931075335,0.055795568972826004,0.00034594908356666565
1774180985.956,27409.116760543,859,0,neutral,1,31.187165001028916,0.96004718542099,0.0012281613890081644,0.03847036510705948,0.0002541143912822008
1774180986.006,27409.166614722,860,0,neutral,1,31.43996000289917,0.9707869291305542,0.00109036301728338,0.02791561186313629,0.00020701397443190217
1774180986.057,27409.217583084,861,0,neutral,1,31.47425600036513,0.9785941243171692,0.001161029445938766,0.020086325705051422,0.0001584351557539776
1774180986.106,27409.26737691,862,0,neutral,1,30.245313999330392,0.9255422353744507,0.0014977706596255302,0.0724240094423294,0.000535874511115253
1774180986.156,27409.317724291,863,0,neutral,1,30.23461100019631,0.6040610671043396,0.001006383798085153,0.39422807097435,0.0007043920340947807
1774180986.208,27409.368914968,864,2,sad,1,31.299886999477167,0.3926686942577362,0.0007168750744313002,0.6060761213302612,0.0005381624214351177
1774180986.258,27409.418626609,865,2,sad,1,31.087054001545766,0.25809231400489807,0.0005186092457734048,0.7409260272979736,0.0004628715105354786
1774180986.309,27409.469564249,866,2,sad,1,31.489368000620743,0.20645222067832947,0.0008520280825905502,0.7296249270439148,0.06307069212198257
1774180986.361,27409.520100093,867,2,sad,1,32.38940400115098,0.17276346683502197,0.0015544239431619644,0.5578873753547668,0.2677946090698242
1774180986.410,27409.570292678,868,2,sad,1,31.449128000531346,0.11285118758678436,0.0012331441976130009,0.6626173853874207,0.22329819202423096
1774180986.462,27409.621261281,869,2,sad,1,32.81012599836686,0.07405347377061844,0.0012114783748984337,0.6931281089782715,0.2316068857908249
1774180986.513,27409.672212402,870,2,sad,1,32.50321899759001,0.04874689504504204,0.0010203017154708505,0.6689181327819824,0.2813146114349365
1774180986.563,27409.722325636,871,2,sad,1,32.31375599716557,0.032901082187891006,0.0010748783824965358,0.6931634545326233,0.2728605270385742
1774180986.615,27409.77298348,872,2,sad,1,33.99636399990413,0.024754967540502548,0.0011709831887856126,0.6198293566703796,0.3542446196079254
1774180986.667,27409.825670617,873,2,sad,1,33.02184800122632,0.019341154024004936,0.0011316543677821755,0.5435195565223694,0.436007559299469
1774180986.718,27409.875124166,874,2,sad,1,34.18430899910163,0.019254758954048157,0.0012530805543065071,0.49751073122024536,0.4819813668727875
1774180986.767,27409.925685603,875,3,angry,1,32.78812599819503,0.014593493193387985,0.001310370396822691,0.4721561074256897,0.5119400024414062
1774180986.819,27409.975786281,876,3,angry,1,34.54167900054017,0.01009561400860548,0.0010069941636174917,0.4310009777545929,0.5578963756561279
1774180986.869,27410.027638012,877,3,angry,1,33.54634700008319,0.01017595361918211,0.0010144154075533152,0.3843783736228943,0.6044312119483948
1774180986.920,27410.07768482,878,3,angry,1,33.65125399795943,0.022465210407972336,0.0014674665872007608,0.34158480167388916,0.6344823837280273
1774180986.968,27410.127711164,879,3,angry,1,32.37042299952009,0.1221705824136734,0.002080220263451338,0.3282141387462616,0.5475349426269531
1774180987.018,27410.178177323,880,2,sad,1,31.63694199974998,0.09296829998493195,0.002482835203409195,0.5478470921516418,0.35670164227485657
