timestamp_unix,packet_ts,seq,argmax_idx,argmax_label,face_detected,latency_ms,neutral,happy,sad,angry
1774255990.083,2224.779448728,0,3,angry,1,65.97228900000118,0.003611472435295582,0.04323894530534744,0.44390520453453064,0.5092443823814392
1774255990.241,2224.941059576,1,2,sad,1,62.02128499990067,0.025399859994649887,0.04643982648849487,0.56681227684021,0.361348032951355
1774255990.322,2225.036162968,2,2,sad,1,48.65767899991624,0.016528405249118805,0.03019539639353752,0.7182799577713013,0.23499615490436554
1774255990.416,2225.130471582,3,2,sad,1,48.02275199972428,0.02325998619198799,0.10722468793392181,0.7151068449020386,0.15440842509269714
1774255990.492,2225.213299925,4,2,sad,1,41.66769000039494,0.031518347561359406,0.10983864217996597,0.754528284072876,0.10411466658115387
1774255990.583,2225.300158864,5,2,sad,1,45.487565000257746,0.025635959580540657,0.363628089427948,0.5429647564888,0.06777113676071167
1774255990.679,2225.384351542,6,2,sad,1,57.607595000263245,0.06229996681213379,0.29951733350753784,0.5904526710510254,0.04772995039820671
1774255990.743,2225.460207674,7,1,happy,1,45.040471000447724,0.047617487609386444,0.47100019454956055,0.4500294029712677,0.031352877616882324
1774255990.836,2225.546510743,8,1,happy,1,51.50169999978971,0.034199729561805725,0.5511638522148132,0.3920820653438568,0.022554293274879456
1774255990.946,2225.662642526,9,2,sad,1,45.50297199966735,0.02225099503993988,0.36461707949638367,0.5314532518386841,0.08167862892150879
1774255991.016,2225.734006358,10,2,sad,1,44.328804000087985,0.014785644598305225,0.24264037609100342,0.40773487091064453,0.33483901619911194
1774255991.077,2225.797584607,11,3,angry,1,42.05331999992268,0.009619425982236862,0.15831983089447021,0.28468993306159973,0.5473706722259521
1774255991.131,2225.852789866,12,3,angry,1,40.49506000001202,0.019287824630737305,0.2756519019603729,0.22626954317092896,0.47879061102867126
1774255991.182,2225.906619347,13,3,angry,1,37.59768600002644,0.019408343359827995,0.3539518117904663,0.24297305941581726,0.3836666941642761
1774255991.246,2225.958344269,14,1,happy,1,49.82269899983294,0.05436309799551964,0.36157166957855225,0.30571749806404114,0.2783476710319519
1774255991.304,2226.029180952,15,3,angry,1,37.785092999911285,0.0385449044406414,0.307348370552063,0.30481424927711487,0.3492923974990845
1774255991.356,2226.082038079,16,3,angry,1,36.80549999990035,0.02751908078789711,0.23538178205490112,0.3490767478942871,0.3880223333835602
1774255991.406,2226.132764278,17,3,angry,1,35.87227699972573,0.021936828270554543,0.24007883667945862,0.320923775434494,0.4170604944229126
1774255991.456,2226.182753662,18,1,happy,1,36.05512900003305,0.03050859272480011,0.4681316614151001,0.2290254831314087,0.2723342180252075
1774255991.507,2226.233271028,19,1,happy,1,35.856387999956496,0.022351006045937538,0.6049857139587402,0.1796197146177292,0.193043515086174
1774255991.556,2226.283093097,20,1,happy,1,35.70959099988613,0.10456141084432602,0.6098926067352295,0.15444424748420715,0.13110168278217316
1774255991.604,2226.332141887,21,1,happy,1,34.644478999780404,0.07241908460855484,0.6714439392089844,0.1649532914161682,0.09118358790874481
1774255991.655,2226.381940733,22,1,happy,1,35.215739999785,0.06499116122722626,0.6820048689842224,0.18971960246562958,0.06328427791595459
1774255991.716,2226.432364784,23,1,happy,1,46.68351000009352,0.050813838839530945,0.7060589790344238,0.19041775166988373,0.052709370851516724
1774255991.774,2226.494258865,24,1,happy,1,42.034079999666574,0.03425148129463196,0.4658365547657013,0.4461987614631653,0.053713180124759674
1774255991.826,2226.553408332,25,2,sad,1,34.779424000134895,0.02284693345427513,0.30472323298454285,0.6348559856414795,0.03757377713918686
1774255991.876,2226.605441699,26,2,sad,1,33.27929299985044,0.01974986307322979,0.21647495031356812,0.7246366739273071,0.03913842886686325
1774255991.931,2226.65597775,27,2,sad,1,37.45372299999872,0.06349501013755798,0.25657594203948975,0.6357564926147461,0.04417242109775543
1774255991.983,2226.709025971,28,1,happy,1,36.95994400004565,0.06255987286567688,0.45107173919677734,0.42567285895347595,0.060695432126522064
1774255992.037,2226.76131619,29,1,happy,1,38.058501000250544,0.04126352444291115,0.6251373291015625,0.2909383177757263,0.04266070947051048
1774255992.087,2226.812432223,30,1,happy,1,37.04890800008798,0.03401966020464897,0.6550370454788208,0.26190999150276184,0.049033164978027344
1774255992.151,2226.866831333,31,2,sad,1,46.666843999901175,0.025282807648181915,0.43600308895111084,0.4699171185493469,0.06879685819149017
1774255992.207,2226.928336766,32,2,sad,1,40.880856000057975,0.016670528799295425,0.3011321723461151,0.6184945106506348,0.06370266526937485
1774255992.261,2226.98644575,33,2,sad,1,37.39692700037267,0.011626426130533218,0.21145981550216675,0.43892398476600647,0.3379896283149719
1774255992.316,2227.040094415,34,3,angry,1,38.71320600001127,0.010447013191878796,0.3047473430633545,0.30787962675094604,0.37692588567733765
1774255992.369,2227.094098155,35,3,angry,1,37.6477419999901,0.006818641908466816,0.30616557598114014,0.2015419453382492,0.48547375202178955
1774255992.421,2227.146226171,36,3,angry,1,37.026703000265115,0.004501159768551588,0.3398379981517792,0.13439205288887024,0.5212687253952026
1774255992.472,2227.197966093,37,3,angry,1,36.362499999995634,0.003002952318638563,0.4371405243873596,0.08994553983211517,0.4699109196662903
1774255992.523,2227.250223349,38,3,angry,1,34.93729499996334,0.0019729698542505503,0.358422189950943,0.06134181469678879,0.5782629251480103
1774255992.573,2227.300101177,39,3,angry,1,35.696961999747145,0.004090911243110895,0.3828670382499695,0.08744291961193085,0.5255990028381348
1774255992.624,2227.350188358,40,1,happy,1,36.701424999591836,0.007164481095969677,0.5156456232070923,0.12140605598688126,0.35578376054763794
1774255992.686,2227.401892669,41,1,happy,1,46.93997300000774,0.008311702869832516,0.647134006023407,0.10668599605560303,0.23786821961402893
1774255992.741,2227.466562141,42,1,happy,1,37.377242000275146,0.007367081008851528,0.5777214169502258,0.18980571627616882,0.22510570287704468
1774255992.794,2227.519322935,43,1,happy,1,37.678704999962065,0.005841931793838739,0.5183445811271667,0.17948061227798462,0.29633283615112305
1774255992.850,2227.573415083,44,1,happy,1,39.20346499990046,0.006098844110965729,0.5438190698623657,0.19453512132167816,0.2555469274520874
1774255992.901,2227.6272741,45,1,happy,1,36.39955500011638,0.0084401685744524,0.5050367712974548,0.21212631464004517,0.274396687746048
1774255992.950,2227.677204576,46,1,happy,1,35.309184000198,0.009530149400234222,0.49709048867225647,0.19119419157505035,0.3021850883960724
1774255993.002,2227.727710886,47,3,angry,1,37.091630000304576,0.00641871290281415,0.37851765751838684,0.1364891529083252,0.47857439517974854
1774255993.054,2227.779668846,48,3,angry,1,37.273556000400276,0.004187014885246754,0.2828482985496521,0.0900614857673645,0.6229031085968018
1774255993.105,2227.830908694,49,3,angry,1,36.5449260002606,0.0030669248662889004,0.29615768790245056,0.06566478312015533,0.6351105570793152
1774255993.163,2227.883580173,50,3,angry,1,41.523207999944134,0.0022804357577115297,0.40887483954429626,0.047827016562223434,0.5410176515579224
1774255993.218,2227.941734842,51,1,happy,1,39.16931799994927,0.0035914427135139704,0.5643409490585327,0.04357993230223656,0.38848769664764404
1774255993.273,2227.996945731,52,1,happy,1,38.771151000219106,0.004099459853023291,0.43569424748420715,0.18191222846508026,0.37829405069351196
1774255993.326,2228.051780842,53,1,happy,1,37.121371000012005,0.0033953343518078327,0.3904629945755005,0.310608446598053,0.2955331802368164
1774255993.385,2228.104541025,54,1,happy,1,42.66559899997446,0.0024226021487265825,0.5520874261856079,0.2230445295572281,0.22244541347026825
1774255993.466,2228.169049034,55,1,happy,1,59.71431999978449,0.0038421775680035353,0.5310832262039185,0.20776529610157013,0.2573092579841614
1774255993.573,2228.280603795,56,1,happy,1,54.68709200022204,0.0033215200528502464,0.6063299179077148,0.17926281690597534,0.211085706949234
1774255993.655,2228.370648682,57,1,happy,1,46.57589899989034,0.002967371139675379,0.5870020389556885,0.22765600681304932,0.18237459659576416
1774255993.702,2228.428621463,58,1,happy,1,35.95351700005267,0.002586361486464739,0.5142079591751099,0.3280631899833679,0.15514250099658966
1774255993.752,2228.477166197,59,1,happy,1,37.00848100015719,0.003024718724191189,0.42840978503227234,0.418461412191391,0.1501040756702423
1774255993.801,2228.528028322,60,2,sad,1,35.82399900005839,0.0029807379469275475,0.3413219451904297,0.4212173819541931,0.2344798892736435
1774255993.852,2228.577354686,61,2,sad,1,37.16300099995351,0.011277389712631702,0.2593446671962738,0.5385617017745972,0.1908162236213684
1774255993.902,2228.628374441,62,2,sad,1,36.21324100004131,0.0092774024233222,0.23622331023216248,0.4449150562286377,0.30958420038223267
1774255993.954,2228.677609621,63,3,angry,1,38.81816800003435,0.00809451937675476,0.23907095193862915,0.3045218884944916,0.44831258058547974
1774255994.018,2228.736351884,64,1,happy,1,44.51615599964498,0.00741404527798295,0.3908056914806366,0.21128979325294495,0.39049041271209717
1774255994.071,2228.793979756,65,2,sad,1,39.847058999839646,0.006325581111013889,0.3099799156188965,0.3654288947582245,0.31826549768447876
1774255994.121,2228.845967864,66,1,happy,1,37.71111199966981,0.014903608709573746,0.5095492601394653,0.25721392035484314,0.21833312511444092
1774255994.556,2229.283003341,67,2,sad,1,36.10296299984839,0.010494221933186054,0.34270015358924866,0.46156877279281616,0.18523676693439484
1774255994.626,2229.35139991,68,2,sad,1,36.94213000017044,0.06003425642848015,0.33870401978492737,0.46357467770576477,0.13768693804740906
1774255994.675,2229.400517367,69,2,sad,1,36.69113000023572,0.043954357504844666,0.4250897765159607,0.43523406982421875,0.09572175145149231
1774255994.733,2229.4520719,70,2,sad,1,44.01108199999726,0.035854753106832504,0.3578946590423584,0.536494255065918,0.06975629180669785
1774255994.791,2229.510292903,71,2,sad,1,43.15072899998995,0.032332103699445724,0.24423547089099884,0.6777684688568115,0.045663926750421524
1774255994.847,2229.566812257,72,2,sad,1,43.093913000120665,0.02159200981259346,0.1646101027727127,0.7830185294151306,0.03077932633459568
1774255994.904,2229.624162351,73,2,sad,1,42.09532100003344,0.015866918489336967,0.2168971300125122,0.7401928901672363,0.02704300358891487
1774255994.956,2229.678998073,74,2,sad,1,39.46481799994217,0.014549952000379562,0.19483184814453125,0.7568437457084656,0.033774420619010925
1774255995.006,2229.732376664,75,2,sad,1,35.74829499984844,0.010570819489657879,0.13252155482769012,0.8293083310127258,0.027599260210990906
1774255995.059,2229.783331938,76,2,sad,1,38.141092999921966,0.009977992624044418,0.11613497138023376,0.8554586172103882,0.018428362905979156
1774255995.108,2229.834580248,77,2,sad,1,35.712184000203706,0.007661157287657261,0.08346928656101227,0.8964264392852783,0.012443017214536667
1774255995.164,2229.88626643,78,2,sad,1,40.03452200004176,0.006736900191754103,0.06165265291929245,0.9216508865356445,0.009959463961422443
1774255995.225,2229.941371152,79,2,sad,1,46.13217599990094,0.009102191776037216,0.07940419018268585,0.9036877751350403,0.007805738598108292
1774255995.282,2230.005293105,80,2,sad,1,39.5478179998463,0.023480921983718872,0.09439662098884583,0.8741751909255981,0.007947214879095554
1774255995.335,2230.058542307,81,2,sad,1,38.77503900002921,0.02846432849764824,0.09373071789741516,0.8556880354881287,0.02211688458919525
1774255995.388,2230.11148812,82,2,sad,1,39.214131999870006,0.02128269150853157,0.06758098304271698,0.8848544955253601,0.026281796395778656
1774255995.439,2230.164337376,83,2,sad,1,37.303945000076055,0.021604038774967194,0.07721365988254547,0.8637380599975586,0.03744417056441307
1774255995.491,2230.217184207,84,2,sad,1,36.49390700002186,0.01608409732580185,0.059187136590480804,0.8778165578842163,0.046912163496017456
1774255995.543,2230.269545871,85,2,sad,1,35.89740699999311,0.012116566300392151,0.04643205553293228,0.897155225276947,0.04429609701037407
1774255995.597,2230.3204357,86,2,sad,1,38.74265000013111,0.011410173028707504,0.08351819962263107,0.8532088994979858,0.05186263844370842
1774255995.667,2230.374586551,87,2,sad,1,55.40483300001142,0.007816937752068043,0.05995427444577217,0.8741742372512817,0.05805448442697525
1774255995.723,2230.445148622,88,2,sad,1,40.3667629998381,0.005943059455603361,0.0533381812274456,0.8966106176376343,0.044108036905527115
1774255995.777,2230.50308568,89,2,sad,1,36.05399900015982,0.004766288213431835,0.05264513939619064,0.9087517261505127,0.033836692571640015
1774255995.830,2230.555060288,90,2,sad,1,37.18263000018851,0.004079063888639212,0.05367781221866608,0.9151092767715454,0.027133677154779434
1774255995.882,2230.605790506,91,2,sad,1,38.40690899960464,0.004025264177471399,0.062338896095752716,0.9058651924133301,0.027770545333623886
1774255995.935,2230.658424651,92,2,sad,1,38.98965100006535,0.005085071083158255,0.0734366625547409,0.8862805366516113,0.035197652876377106
1774255995.988,2230.711418334,93,2,sad,1,39.17850300013015,0.006016859784722328,0.09166654944419861,0.8664162158966064,0.0359003022313118
1774255996.044,2230.766372426,94,2,sad,1,40.241429999696265,0.0065693361684679985,0.08729712665081024,0.858817458152771,0.04731595516204834
1774255996.110,2230.823906762,95,2,sad,1,48.69078999990961,0.005192122422158718,0.08635807782411575,0.8593212366104126,0.04912850260734558
1774255996.170,2230.889047568,96,2,sad,1,43.836043999817775,0.0052429623901844025,0.08319586515426636,0.862615168094635,0.04894591495394707
1774255996.223,2230.948357165,97,2,sad,1,37.69889000022886,0.005241550039499998,0.08936626464128494,0.8598918914794922,0.04550021141767502
1774255996.277,2231.002673275,98,2,sad,1,37.19342600015807,0.00478227436542511,0.06812585890293121,0.8861964344978333,0.040895313024520874
1774255996.328,2231.054738976,99,2,sad,1,36.01272100013375,0.003562108613550663,0.05630282312631607,0.9030985832214355,0.03703636676073074
1774255996.378,2231.105027434,100,2,sad,1,36.084443000163446,0.003155649406835437,0.04666345566511154,0.9212097525596619,0.02897101826965809
1774255996.428,2231.154160761,101,2,sad,1,35.95642499976748,0.00247811246663332,0.03948863595724106,0.9348304271697998,0.023202719166874886
1774255996.481,2231.206367795,102,2,sad,1,37.61953799994444,0.0021274506580084562,0.032841749489307404,0.9462757110595703,0.018754949793219566
1774255996.550,2231.262375444,103,2,sad,1,50.49455099970146,0.001652254955843091,0.02411123737692833,0.9603487253189087,0.013887651264667511
1774255996.608,2231.330768605,104,2,sad,1,39.81839200014292,0.003285139799118042,0.06403236091136932,0.9216733574867249,0.01100902259349823
1774255996.679,2231.387270606,105,2,sad,1,54.15216599976702,0.002615368226543069,0.04515406861901283,0.9442207217216492,0.00800974853336811
1774255996.740,2231.460663643,106,2,sad,1,42.42496899996695,0.0020939407404512167,0.03125406801700592,0.9605558514595032,0.00609605573117733
1774255996.791,2231.518366405,107,2,sad,1,35.71205399975952,0.001954268431290984,0.024596035480499268,0.9679709076881409,0.005478693172335625
1774255996.842,2231.567808825,108,2,sad,1,36.95433299981232,0.0035783336497843266,0.07417738437652588,0.9167101383209229,0.0055340612307190895
1774255996.897,2231.619490321,109,2,sad,1,40.25950400000511,0.005307851359248161,0.08001028746366501,0.9098133444786072,0.004868441727012396
1774255996.951,2231.673487042,110,2,sad,1,40.424003999760316,0.008603396825492382,0.12596943974494934,0.8574791550636292,0.00794792640954256
1774255997.018,2231.729323413,111,2,sad,1,51.46432999981698,0.012544143944978714,0.1948307752609253,0.7833643555641174,0.00926064420491457
1774255997.075,2231.797106092,112,2,sad,1,40.64904100005151,0.01751885563135147,0.23479503393173218,0.7387653589248657,0.008920679800212383
1774255997.126,2231.852379481,113,2,sad,1,36.21048100012558,0.039605025202035904,0.1974058747291565,0.7554502487182617,0.007538764271885157
1774255997.174,2231.900643308,114,2,sad,1,36.052795000159676,0.034080442041158676,0.20923390984535217,0.7452937960624695,0.011391794309020042
1774255997.226,2231.952375286,115,2,sad,1,35.890425000161486,0.05217552185058594,0.19317767024040222,0.7436133027076721,0.011033449321985245
1774255997.277,2232.002702855,116,2,sad,1,37.22713000024669,0.0765707790851593,0.1797240525484085,0.7346629500389099,0.009042180143296719
1774255997.330,2232.05530387,117,2,sad,1,37.265205000039714,0.06636317074298859,0.14728285372257233,0.7782834768295288,0.008070461452007294
1774255997.385,2232.109010369,118,2,sad,1,38.587409000228945,0.06216355413198471,0.15614306926727295,0.7736247777938843,0.008068532682955265
1774255997.450,2232.163696035,119,2,sad,1,48.76252999974895,0.04377240687608719,0.1514647752046585,0.7977733612060547,0.006989332381635904
1774255997.505,2232.226749672,120,2,sad,1,40.82135599992398,0.0561017245054245,0.18064534664154053,0.7559805512428284,0.007272286340594292
1774255997.560,2232.283148822,121,2,sad,1,39.435279999906925,0.08524817228317261,0.17506492137908936,0.7343973517417908,0.00528947776183486
1774255997.612,2232.337730617,122,2,sad,1,37.09211199975471,0.07322803884744644,0.17851731181144714,0.7417548298835754,0.006499714218080044
1774255997.661,2232.388279168,123,2,sad,1,35.36299899997175,0.06884385645389557,0.17107902467250824,0.7543421983718872,0.0057348632253706455
1774255997.713,2232.438441867,124,2,sad,1,36.923573999956716,0.05112436041235924,0.12715844810009003,0.8172354698181152,0.004481594543904066
1774255997.765,2232.489290862,125,2,sad,1,37.833223000234284,0.03711883723735809,0.09315140545368195,0.8662926554679871,0.0034369612112641335
1774255997.818,2232.541314951,126,2,sad,1,39.16878100017129,0.025094278156757355,0.06661950796842575,0.9045475125312805,0.003738601226359606
1774255997.873,2232.595732006,127,2,sad,1,40.08361399974092,0.01781478524208069,0.04885905236005783,0.9275548458099365,0.005771205760538578
1774255997.951,2232.654329417,128,2,sad,1,59.202893000019685,0.012813115492463112,0.0385444350540638,0.9366908073425293,0.011951501481235027
1774255998.006,2232.726833897,129,2,sad,1,41.62120900036825,0.012095282785594463,0.04865816980600357,0.9122406244277954,0.027005784213542938
1774255998.060,2232.785196956,130,2,sad,1,37.786685999890324,0.015723224729299545,0.12772509455680847,0.8327683210372925,0.023783177137374878
1774255998.114,2232.838905491,131,2,sad,1,37.31183400032023,0.01918838918209076,0.12161003798246384,0.8364533185958862,0.022748149931430817
1774255998.169,2232.891721804,132,2,sad,1,39.89613199973974,0.023580681532621384,0.1202484592795372,0.8357343673706055,0.020436357706785202
1774255998.223,2232.947826397,133,2,sad,1,37.66072300004453,0.02179139479994774,0.10664214193820953,0.8520470857620239,0.019519250839948654
1774255998.275,2233.001860377,134,2,sad,1,35.63988799987783,0.01468129362910986,0.07095420360565186,0.9002289175987244,0.014135478995740414
1774255998.333,2233.05486393,135,2,sad,1,40.90674500002933,0.009940246120095253,0.0472455769777298,0.9304702281951904,0.012343867681920528
1774255998.399,2233.110500505,136,2,sad,1,51.60844000010911,0.007212786935269833,0.03909949213266373,0.9337558150291443,0.0199318528175354
1774255998.456,2233.177275479,137,2,sad,1,41.04233799989743,0.00705058965831995,0.03515659645199776,0.9354422092437744,0.022350547835230827
1774255998.510,2233.233392647,138,2,sad,1,39.10518700013199,0.008363055065274239,0.05955313518643379,0.892156720161438,0.03992701694369316
1774255998.562,2233.286328774,139,2,sad,1,38.526539000031335,0.008215047419071198,0.06356175988912582,0.8891143202781677,0.03910879045724869
1774255998.617,2233.339743939,140,2,sad,1,39.90937299977304,0.010652666911482811,0.11250823736190796,0.8168931007385254,0.059945955872535706
1774255998.672,2233.394022734,141,2,sad,1,40.33204000006663,0.012044761329889297,0.10161235928535461,0.8283786773681641,0.05796416103839874
1774255998.725,2233.449320178,142,2,sad,1,37.876389999837556,0.024198992177844048,0.159561425447464,0.7517460584640503,0.06449350714683533
1774255998.778,2233.503286251,143,2,sad,1,37.540963999617816,0.028982173651456833,0.1836686134338379,0.7183912992477417,0.06895788013935089
1774255998.836,2233.555163303,144,2,sad,1,42.87608000004184,0.02374693751335144,0.17248155176639557,0.7406299114227295,0.0631415843963623
1774255998.904,2233.61271612,145,2,sad,1,53.56318399981319,0.01920587569475174,0.14057359099388123,0.777511477470398,0.0627090185880661
1774255998.964,2233.681044837,146,2,sad,1,45.86593499971059,0.030473101884126663,0.160787433385849,0.742431104183197,0.06630829721689224
1774255999.021,2233.743057381,147,2,sad,1,40.90987399968071,0.029127560555934906,0.1709122359752655,0.7343873977661133,0.06557277590036392
1774255999.089,2233.800282457,148,2,sad,1,51.525366000078066,0.02136615850031376,0.15322338044643402,0.7593889236450195,0.06602141261100769
1774255999.150,2233.869106859,149,2,sad,1,43.44796999976097,0.030636589974164963,0.17556232213974,0.7277271151542664,0.06607383489608765
1774255999.203,2233.927150751,150,2,sad,1,38.88489099972503,0.02732398360967636,0.18840692937374115,0.7196597456932068,0.06460925191640854
1774255999.256,2233.979410877,151,2,sad,1,39.368168999772024,0.02868928387761116,0.19369512796401978,0.7289077043533325,0.04870782792568207
1774255999.310,2234.034580877,152,2,sad,1,37.66929700032051,0.02824978716671467,0.18986284732818604,0.744926929473877,0.03696032613515854
1774255999.381,2234.090803971,153,2,sad,1,53.18523800042385,0.03170157968997955,0.1735377460718155,0.7660537958145142,0.028706762939691544
1774255999.449,2234.161502616,154,2,sad,1,49.72942000040348,0.030913623049855232,0.16573961079120636,0.7829045057296753,0.020442157983779907
1774255999.508,2234.227267478,155,2,sad,1,42.926449999868055,0.048763781785964966,0.16566547751426697,0.7707481384277344,0.014822553843259811
1774255999.560,2234.285231481,156,2,sad,1,36.903721999806294,0.05026387423276901,0.1355183869600296,0.8037552237510681,0.010462488979101181
1774255999.611,2234.337712033,157,2,sad,1,35.557443000016065,0.035063281655311584,0.10910525918006897,0.8468252420425415,0.009006158448755741
1774255999.665,2234.386043063,158,2,sad,1,41.175837999617215,0.03849077224731445,0.1737077534198761,0.7759556174278259,0.01184573769569397
1774255999.722,2234.44251899,159,2,sad,1,41.77322700024888,0.04314710572361946,0.2019493132829666,0.7435480356216431,0.011355426162481308
1774255999.791,2234.498374898,160,2,sad,1,55.39655600023252,0.039833053946495056,0.27182042598724365,0.6761330366134644,0.01221333909779787
1774255999.871,2234.573901455,161,2,sad,1,59.77457900007721,0.04862347990274429,0.2187909632921219,0.7232342958450317,0.009351071901619434
1774255999.929,2234.653998962,162,2,sad,1,38.06966799993461,0.04745600372552872,0.17829984426498413,0.764689564704895,0.009554452262818813
1774255999.986,2234.708513535,163,2,sad,1,39.974559000256704,0.05206699296832085,0.16878890991210938,0.771285891532898,0.007858088240027428
1774256000.038,2234.762292978,164,2,sad,1,38.08053800003108,0.04964273422956467,0.14470534026622772,0.7970339059829712,0.008617916144430637
1774256000.106,2234.818082256,165,2,sad,1,50.23856900015744,0.05963262915611267,0.1656537652015686,0.7660344243049622,0.008679065853357315
1774256000.167,2234.885619231,166,2,sad,1,43.682377000095585,0.06143943592905998,0.1935899257659912,0.7358068823814392,0.009163659997284412
1774256000.224,2234.944142531,167,2,sad,1,42.667228000027535,0.07195316255092621,0.24005579948425293,0.6785001158714294,0.009490834549069405
1774256000.276,2235.003448572,168,2,sad,1,35.5033870000625,0.06257900595664978,0.22123533487319946,0.7004641890525818,0.01572134718298912
1774256000.333,2235.057141144,169,2,sad,1,38.31544600006964,0.04859629273414612,0.19027483463287354,0.7483823299407959,0.01274639181792736
1774256000.387,2235.109746456,170,2,sad,1,40.07300300008865,0.034841388463974,0.136761873960495,0.8154396414756775,0.012956960126757622
1774256000.440,2235.164259937,171,2,sad,1,38.19270499980121,0.04959365725517273,0.18088024854660034,0.7567678093910217,0.012758156284689903
1774256000.494,2235.218733121,172,2,sad,1,37.63801900004182,0.05733808875083923,0.23149137198925018,0.6973962783813477,0.013774173334240913
1774256000.551,2235.272067545,173,2,sad,1,41.69726400004947,0.0518086776137352,0.2049410045146942,0.7307406663894653,0.012509606778621674
1774256000.614,2235.327633508,174,2,sad,1,48.847789999854285,0.04736781865358353,0.24018289148807526,0.7001171112060547,0.012332150712609291
1774256000.671,2235.390349089,175,2,sad,1,42.64674699970783,0.05487506836652756,0.2471732497215271,0.6851972341537476,0.0127543481066823
1774256000.731,2235.450151001,176,2,sad,1,43.15058100019087,0.04125385731458664,0.20232868194580078,0.7449195981025696,0.011497778818011284
1774256000.786,2235.508476523,177,2,sad,1,39.62516899991897,0.05023844540119171,0.26818007230758667,0.6717361807823181,0.009845228865742683
1774256000.840,2235.563217467,178,2,sad,1,38.92931600012162,0.05872209370136261,0.28647249937057495,0.6446020603179932,0.010203253477811813
1774256000.894,2235.617829632,179,2,sad,1,38.45002000025488,0.046480149030685425,0.20229466259479523,0.7433240413665771,0.007901057600975037
1774256000.946,2235.670169963,180,2,sad,1,38.02294500019343,0.030512738972902298,0.13240639865398407,0.8283284902572632,0.008752306923270226
1774256001.000,2235.722480608,181,2,sad,1,39.66296600037822,0.020477294921875,0.08832783252000809,0.8804839849472046,0.010710802860558033
1774256001.055,2235.776847107,182,2,sad,1,40.90767000025153,0.013936007395386696,0.06666792929172516,0.904814600944519,0.014581384137272835
1774256001.111,2235.833897071,183,2,sad,1,39.445687999887014,0.015914253890514374,0.06449373066425323,0.900456428527832,0.019135531038045883
1774256001.175,2235.888335182,184,2,sad,1,49.32414199993218,0.011787922121584415,0.06550224870443344,0.9032801389694214,0.019429590553045273
1774256001.236,2235.956415805,185,2,sad,1,42.61237600030654,0.013258159160614014,0.05730554834008217,0.9132703542709351,0.01616586744785309
1774256001.300,2236.022585131,186,2,sad,1,39.79533599977003,0.010623532347381115,0.05282016843557358,0.9224870204925537,0.01406922098249197
1774256001.355,2236.076699,187,2,sad,1,40.49557799999093,0.022007733583450317,0.08435878157615662,0.8827309608459473,0.010902460664510727
1774256001.408,2236.132907556,188,2,sad,1,37.84094599996024,0.025634698569774628,0.09935693442821503,0.8657991290092468,0.009209186770021915
1774256001.468,2236.187009759,189,2,sad,1,43.160376000287215,0.0296713225543499,0.0904572457075119,0.872389554977417,0.0074818250723183155
1774256001.536,2236.248604672,190,2,sad,1,50.048198999775195,0.022350262850522995,0.0647224634885788,0.9076606035232544,0.00526665523648262
1774256001.591,2236.316583741,191,2,sad,1,37.28198099997826,0.014842182397842407,0.04248574376106262,0.9370248913764954,0.0056471615098416805
1774256001.643,2236.369888016,192,2,sad,1,35.56770300019707,0.0100995609536767,0.029382087290287018,0.9520782232284546,0.008440046571195126
1774256001.713,2236.421945828,193,2,sad,1,53.3714980001605,0.0077684600837528706,0.02706674113869667,0.9518145322799683,0.013350225053727627
1774256001.778,2236.492495972,194,2,sad,1,48.317270999632456,0.006137401796877384,0.02733883261680603,0.9479904174804688,0.018533308058977127
1774256001.834,2236.557399371,195,2,sad,1,39.441484000235505,0.005660845898091793,0.041411787271499634,0.9339919090270996,0.018935415893793106
1774256001.898,2236.610885406,196,2,sad,1,49.20747500000289,0.01461966335773468,0.06882116943597794,0.8962612152099609,0.020297858864068985
1774256001.965,2236.677591954,197,2,sad,1,50.45923599982416,0.017167121171951294,0.08086026459932327,0.885814905166626,0.01615767367184162
1774256002.022,2236.742334853,198,2,sad,1,42.46026400005576,0.022252069786190987,0.08437345921993256,0.8805921077728271,0.012782284989953041
1774256002.076,2236.800317818,199,2,sad,1,38.148926999838295,0.01721617951989174,0.07333040237426758,0.8985992670059204,0.010854092426598072
1774256002.130,2236.851248628,200,2,sad,1,41.339948999848275,0.02216358855366707,0.08667632937431335,0.881846010684967,0.009314019232988358
1774256002.187,2236.906644795,201,2,sad,1,43.24858000018139,0.024008136242628098,0.08533848077058792,0.8815749287605286,0.009078373201191425
1774256002.255,2236.965171909,202,2,sad,1,52.30816399989635,0.02234850637614727,0.07078516483306885,0.8995276689529419,0.007338616065680981
1774256002.316,2237.034072775,203,2,sad,1,44.57174800018038,0.04288894683122635,0.0701180174946785,0.8809783458709717,0.006014620885252953
1774256002.379,2237.092554685,204,2,sad,1,48.56790100029684,0.047978900372982025,0.08698844909667969,0.8597326874732971,0.005299887154251337
1774256002.456,2237.162159403,205,2,sad,1,56.055686000036076,0.05966398864984512,0.10549244284629822,0.8278394937515259,0.007003969047218561
1774256002.518,2237.235852366,206,2,sad,1,44.44160000002739,0.06393739581108093,0.09623398631811142,0.8337723612785339,0.006056174170225859
1774256002.601,2237.302055858,207,2,sad,1,61.57398799996372,0.05362796038389206,0.08972771465778351,0.8493071794509888,0.007337063550949097
1774256002.709,2237.392460319,208,2,sad,1,79.2390050000904,0.06920401006937027,0.13470634818077087,0.7859300971031189,0.010159431025385857
1774256002.765,2237.487092154,209,2,sad,1,40.483393000158685,0.05263720825314522,0.14572270214557648,0.7671973705291748,0.03444260358810425
1774256002.836,2237.543589655,210,2,sad,1,54.73566600039703,0.05252359062433243,0.14547818899154663,0.7644968032836914,0.03750133141875267
1774256002.897,2237.616900803,211,2,sad,1,42.54228299987517,0.04944209009408951,0.1493522971868515,0.7659621238708496,0.03524339199066162
1774256002.952,2237.675238436,212,2,sad,1,39.359131999844976,0.041401639580726624,0.12586450576782227,0.8029770851135254,0.029756659641861916
1774256003.019,2237.730102213,213,2,sad,1,51.03477300008308,0.04666401445865631,0.1318073719739914,0.7992256879806519,0.022302815690636635
1774256003.092,2237.799720931,214,2,sad,1,54.5457019998139,0.05122953653335571,0.10570304095745087,0.826280415058136,0.016786908730864525
1774256003.169,2237.870181427,215,2,sad,1,61.57411700041848,0.044596776366233826,0.07514113187789917,0.8548364639282227,0.025425512343645096
1774256003.240,2237.949243525,216,2,sad,1,53.17449799986207,0.04114716500043869,0.05943999066948891,0.8598791360855103,0.0395335927605629
1774256003.300,2238.019663429,217,2,sad,1,43.1015799999841,0.04538982734084129,0.05351674184203148,0.8658559322357178,0.03523735702037811
1774256003.352,2238.076319782,218,2,sad,1,38.46911199980241,0.06051529943943024,0.05788320302963257,0.8439164757728577,0.0376848429441452
1774256003.407,2238.12899039,219,2,sad,1,40.42376300003525,0.04324589669704437,0.04247568920254707,0.8813338279724121,0.03294448181986809
1774256003.460,2238.186374614,220,2,sad,1,35.945887999787374,0.029537245631217957,0.028967343270778656,0.9066824316978455,0.034812889993190765
1774256003.512,2238.238491222,221,2,sad,1,36.13055499999973,0.02812805399298668,0.033371105790138245,0.9014202356338501,0.03708051145076752
1774256003.563,2238.289231273,222,2,sad,1,36.16911000017353,0.02556430548429489,0.027476012706756592,0.8950031995773315,0.05195637792348862
1774256003.629,2238.339151841,223,2,sad,1,52.18914500028404,0.03363729640841484,0.03920939564704895,0.8437408208847046,0.08341245353221893
1774256003.694,2238.409297189,224,2,sad,1,47.31451099996775,0.045681267976760864,0.04827261343598366,0.8030247688293457,0.10302124917507172
1774256003.748,2238.472714586,225,2,sad,1,37.500240999634116,0.06397327780723572,0.08283989876508713,0.7578955292701721,0.09529124200344086
1774256003.811,2238.524415453,226,2,sad,1,48.65525200011689,0.09159248322248459,0.09086461365222931,0.732343316078186,0.08519948273897171
1774256003.886,2238.591142964,227,2,sad,1,57.54250200016031,0.07050441205501556,0.06903261691331863,0.792220413684845,0.06824247539043427
1774256003.940,2238.663353277,228,2,sad,1,39.59479900004226,0.07435616850852966,0.07239725440740585,0.7921150326728821,0.061131469905376434
1774256003.997,2238.716723368,229,2,sad,1,43.04176499999812,0.053400248289108276,0.06113319471478462,0.8183732032775879,0.06709328293800354
1774256004.066,2238.778342837,230,2,sad,1,49.96667900013563,0.04232001304626465,0.05508814752101898,0.839076042175293,0.06351568549871445
1774256004.123,2238.851078354,231,2,sad,1,34.67968299992208,0.05639225244522095,0.0811091959476471,0.7935398817062378,0.06895860284566879
1774256004.175,2238.900822367,232,2,sad,1,36.60461000026771,0.05968105047941208,0.077830009162426,0.7971099615097046,0.06537892669439316
1774256004.228,2238.952245677,233,2,sad,1,38.589168999806134,0.057483792304992676,0.06886103004217148,0.8034461736679077,0.07020895928144455
1774256004.283,2239.005490101,234,2,sad,1,40.062429000045086,0.07734666764736176,0.07522431015968323,0.7811840176582336,0.06624496728181839
1774256004.356,2239.063620141,235,2,sad,1,55.16453600012028,0.08078522980213165,0.10075891017913818,0.7483181953430176,0.07013760507106781
1774256004.419,2239.137356233,236,2,sad,1,43.87411800007612,0.07904430478811264,0.08783997595310211,0.7546564340591431,0.07845915108919144
1774256004.483,2239.194490568,237,2,sad,1,50.77353199976642,0.08653460443019867,0.07566690444946289,0.7561202049255371,0.08167813718318939
1774256004.544,2239.260543393,238,2,sad,1,45.9255089999715,0.08518381416797638,0.06882178783416748,0.7681798934936523,0.07781438529491425
1774256004.599,2239.32333579,239,2,sad,1,38.568501000099786,0.0781465470790863,0.05853985995054245,0.786575436592102,0.07673800736665726
1774256004.653,2239.376807195,240,2,sad,1,38.3947610002906,0.15545697510242462,0.1367209255695343,0.6342209577560425,0.07360099256038666
1774256004.707,2239.429174451,241,2,sad,1,39.928539999891655,0.15959234535694122,0.21657466888427734,0.48330146074295044,0.14053140580654144
1774256004.759,2239.483406265,242,2,sad,1,37.889814999743976,0.18035446107387543,0.20356439054012299,0.4092833995819092,0.20679765939712524
1774256004.815,2239.536906263,243,2,sad,1,40.43442899956062,0.130117729306221,0.23281985521316528,0.3644181489944458,0.27264416217803955
1774256004.871,2239.591377706,244,2,sad,1,41.78028300020742,0.12246459722518921,0.19651874899864197,0.39399704337120056,0.2870195209980011
1774256004.923,2239.648327448,245,2,sad,1,37.33712999974159,0.09081552177667618,0.15434905886650085,0.40301936864852905,0.35181596875190735
1774256004.978,2239.701864465,246,3,angry,1,38.38300099960179,0.06362652033567429,0.11904872953891754,0.4003649950027466,0.416959673166275
1774256005.058,2239.760481134,247,2,sad,1,60.19324599992615,0.04161059856414795,0.07807149738073349,0.4874012768268585,0.39291656017303467
1774256005.118,2239.838673916,248,2,sad,1,41.78232000003845,0.027059106156229973,0.05081437900662422,0.6261056661605835,0.2960207462310791
1774256005.172,2239.896959604,249,2,sad,1,37.67320499991911,0.017707183957099915,0.03339036926627159,0.6835321187973022,0.2653702199459076
1774256005.225,2239.950623769,250,2,sad,1,36.96537000041644,0.012196943163871765,0.022667450830340385,0.6967675685882568,0.2683679461479187
1774256005.276,2240.002667821,251,2,sad,1,36.24975899992933,0.009931245818734169,0.02048729918897152,0.6151057481765747,0.35447561740875244
1774256005.341,2240.054144058,252,2,sad,1,49.47047499990731,0.01204252801835537,0.05863454192876816,0.5165823101997375,0.4127405285835266
1774256005.403,2240.121619959,253,3,angry,1,44.004655000208004,0.016832508146762848,0.09056948125362396,0.4152021110057831,0.47739577293395996
1774256005.454,2240.17961422,254,3,angry,1,36.84353700009524,0.02076209895312786,0.12761862576007843,0.37660303711891174,0.47501614689826965
1774256005.508,2240.229961437,255,3,angry,1,40.54261500004941,0.03377397730946541,0.14251449704170227,0.3348388671875,0.48887258768081665
1774256005.560,2240.285656901,256,3,angry,1,37.43959299981725,0.03903312236070633,0.18917056918144226,0.323067843914032,0.44872838258743286
1774256005.630,2240.338965065,257,3,angry,1,53.18299800001114,0.040517985820770264,0.2282334566116333,0.2829698324203491,0.44827866554260254
1774256005.683,2240.407947004,258,3,angry,1,37.539371000093524,0.03635012358427048,0.211927592754364,0.3075457811355591,0.44417643547058105
1774256005.744,2240.463678134,259,3,angry,1,43.40189599997757,0.05528609827160835,0.29949772357940674,0.27572712302207947,0.36948901414871216
1774256005.807,2240.520243895,260,1,happy,1,48.859382000046025,0.06588296592235565,0.34953588247299194,0.25211983919143677,0.33246123790740967
1774256005.875,2240.586099886,261,1,happy,1,51.395570000295265,0.06312796473503113,0.3747086226940155,0.22748294472694397,0.3346804082393646
1774256005.926,2240.653895065,262,1,happy,1,34.65331300003527,0.055088110268116,0.3724474310874939,0.24797850847244263,0.3244858682155609
1774256005.978,2240.702269836,263,1,happy,1,38.043407999794,0.06892848759889603,0.3587208092212677,0.26445358991622925,0.30789700150489807
1774256006.033,2240.754860463,264,1,happy,1,41.19665200005329,0.06346706300973892,0.39112553000450134,0.2793619632720947,0.26604533195495605
1774256006.084,2240.810200314,265,1,happy,1,36.51664799963328,0.06970902532339096,0.5106189250946045,0.2098507136106491,0.2098211944103241
1774256006.151,2240.865100684,266,1,happy,1,48.4641590001047,0.05647549033164978,0.6188640594482422,0.13891877233982086,0.18574154376983643
1774256006.211,2240.930916953,267,1,happy,1,42.78817299973525,0.04017612338066101,0.6891851425170898,0.09134424477815628,0.1792944073677063
1774256006.258,2240.987872659,268,1,happy,1,32.748624999840104,0.033135220408439636,0.6188559532165527,0.06289923191070557,0.28510957956314087
1774256006.306,2241.031633387,269,1,happy,1,36.44057400015299,0.02433941327035427,0.6128650903701782,0.043928179889917374,0.3188672661781311
1774256006.368,2241.083340124,270,1,happy,1,47.344380999675195,0.016946082934737206,0.5719730854034424,0.0322776660323143,0.3788031041622162
1774256006.421,2241.14637678,271,1,happy,1,37.62000100005025,0.01286463811993599,0.6266461610794067,0.024333728477358818,0.33615541458129883
1774256006.468,2241.196790071,272,1,happy,1,34.26449700009471,0.0110800014808774,0.5574414134025574,0.020955294370651245,0.4105232357978821
1774256006.517,2241.244830693,273,3,angry,1,34.89459100001113,0.009299108758568764,0.4562470316886902,0.02144068107008934,0.5130131244659424
1774256006.565,2241.293466334,274,3,angry,1,34.087422999618866,0.009407898411154747,0.3987463116645813,0.021639488637447357,0.5702062845230103
1774256006.617,2241.34199629,275,3,angry,1,37.222092999854794,0.010536152869462967,0.47189658880233765,0.02246689796447754,0.49510031938552856
1774256006.666,2241.392674582,276,3,angry,1,36.237314000118204,0.010772190988063812,0.45945456624031067,0.021509850397706032,0.508263349533081
1774256006.715,2241.441794816,277,3,angry,1,35.36444300016228,0.00962121319025755,0.34611019492149353,0.023521514609456062,0.6207469701766968
1774256006.762,2241.489217975,278,3,angry,1,35.04984900018826,0.010675905272364616,0.30256393551826477,0.030281145125627518,0.6564788818359375
1774256006.811,2241.536064281,279,3,angry,1,37.58257399977083,0.009508962742984295,0.29502564668655396,0.02995433658361435,0.6655109524726868
1774256006.857,2241.586474257,280,3,angry,1,32.97118099999352,0.008897341787815094,0.27994248270988464,0.028471028432250023,0.6826890707015991
1774256006.903,2241.63220534,281,3,angry,1,33.05734800005666,0.009729467332363129,0.24937544763088226,0.03374307602643967,0.7071518898010254
1774256006.949,2241.67810746,282,3,angry,1,33.07729200014364,0.010235987603664398,0.2632116675376892,0.032134439796209335,0.6944177746772766
1774256006.997,2241.724985544,283,3,angry,1,34.49134899983619,0.011704124510288239,0.2625076174736023,0.030482657253742218,0.6953054666519165
1774256007.046,2241.773869259,284,3,angry,1,34.62503499986269,0.013575558550655842,0.25551503896713257,0.03219093382358551,0.6987183094024658
1774256007.091,2241.820525454,285,3,angry,1,32.89999600019655,0.011646808125078678,0.24536247551441193,0.0347256064414978,0.708264946937561
1774256007.139,2241.866778148,286,3,angry,1,35.0221280000369,0.009208017960190773,0.1853078007698059,0.02814178541302681,0.7773422598838806
1774256007.187,2241.915076919,287,3,angry,1,34.88858999980948,0.01126519963145256,0.14833350479602814,0.03141601011157036,0.80898517370224
1774256007.247,2241.960832983,288,3,angry,1,48.678197000299406,0.012428565882146358,0.16056323051452637,0.03778843954205513,0.7892196178436279
1774256007.308,2242.025116677,289,3,angry,1,45.24115599997458,0.012997557409107685,0.15106281638145447,0.03753910958766937,0.7984004020690918
1774256007.357,2242.085484274,290,3,angry,1,34.36014599992632,0.010593634098768234,0.1587989330291748,0.03331891447305679,0.7972884178161621
1774256007.406,2242.134625509,291,3,angry,1,33.515865999561356,0.00981697253882885,0.31130486726760864,0.028391215950250626,0.6504868865013123
1774256007.454,2242.182724205,292,3,angry,1,33.58114399998158,0.007852887734770775,0.3651781678199768,0.027815062552690506,0.5991537570953369
1774256007.502,2242.22950664,293,3,angry,1,35.52949899994928,0.005343723576515913,0.28430354595184326,0.021795110777020454,0.688557505607605
1774256007.551,2242.277966541,294,3,angry,1,35.5601830001433,0.01271888054907322,0.3845384120941162,0.03665526583790779,0.5660873651504517
1774256007.598,2242.326661923,295,3,angry,1,33.852385000045615,0.018090015277266502,0.2793632745742798,0.16988825798034668,0.5326583981513977
1774256007.647,2242.373874192,296,3,angry,1,35.72505400006776,0.020536599680781364,0.20882512629032135,0.24595129489898682,0.5246869325637817
1774256007.696,2242.422927723,297,3,angry,1,35.36118299962254,0.01916114240884781,0.14409193396568298,0.34132009744644165,0.4954267740249634
1774256007.746,2242.471734716,298,3,angry,1,37.23527800002557,0.018335454165935516,0.10336843878030777,0.38988953828811646,0.4884065091609955
1774256007.802,2242.524776917,299,3,angry,1,39.743076999911864,0.01193054486066103,0.06771573424339294,0.26349613070487976,0.6568574905395508
1774256007.857,2242.578540563,300,3,angry,1,41.52032000001782,0.007755163591355085,0.04406861960887909,0.171922504901886,0.7762535810470581
1774256007.911,2242.635565342,301,3,angry,1,38.35185399975671,0.005040992051362991,0.02868916466832161,0.1124078705906868,0.8538618683815002
1774256007.965,2242.689609489,302,3,angry,1,38.41933500007144,0.00327669526450336,0.018679555505514145,0.07336720824241638,0.9046764373779297
1774256008.023,2242.74481897,303,3,angry,1,40.72068899995429,0.002129897940903902,0.012166456319391727,0.048023294657468796,0.9376802444458008
1774256008.077,2242.801338471,304,3,angry,1,37.88709300033588,0.0013845079811289907,0.007943881675601006,0.031883712857961655,0.9587877988815308
1774256008.142,2242.85450545,305,3,angry,1,50.14327199978652,0.0009000319987535477,0.005191748961806297,0.02228916436433792,0.9716189503669739
1774256008.215,2242.921668054,306,3,angry,1,55.592315000012604,0.0005851811729371548,0.0034188642166554928,0.017373228445649147,0.9786226153373718
1774256008.270,2242.993877552,307,3,angry,1,38.90216900026644,0.0003806205641012639,0.0022977956105023623,0.015887979418039322,0.9814335107803345
1774256008.323,2243.048520236,308,3,angry,1,36.96038899988707,0.0013341419398784637,0.006049417890608311,0.27530768513679504,0.7173086404800415
1774256008.375,2243.100720381,309,3,angry,1,36.59212899992781,0.016591982915997505,0.0501258559525013,0.2835110127925873,0.6497710347175598
1774256008.435,2243.152588711,310,3,angry,1,45.22347099964463,0.015744080767035484,0.05869422107934952,0.283380925655365,0.6421806812286377
1774256008.529,2243.218760795,311,3,angry,1,72.58040599981541,0.018203089013695717,0.09664833545684814,0.2671663463115692,0.6179821491241455
1774256008.586,2243.305422715,312,3,angry,1,43.369968999741104,0.01561669073998928,0.09567423909902573,0.24404868483543396,0.6446602940559387
1774256008.640,2243.361598956,313,3,angry,1,41.15322699999524,0.014932150021195412,0.09712055325508118,0.21060222387313843,0.6773449778556824
1774256008.694,2243.420125682,314,3,angry,1,36.975017999793636,0.00985444150865078,0.06384687125682831,0.18609870970249176,0.7401999235153198
1774256008.746,2243.472797271,315,3,angry,1,36.14664699989589,0.006468420382589102,0.04204433783888817,0.22232133150100708,0.7291658520698547
1774256008.801,2243.524533823,316,3,angry,1,38.58227899991107,0.00456025917083025,0.02957860566675663,0.27140742540359497,0.6944536566734314
1774256008.858,2243.57769858,317,3,angry,1,42.590302000007796,0.004658240359276533,0.03811430558562279,0.3354359269142151,0.621791422367096
1774256008.912,2243.63519873,318,3,angry,1,39.37477999988914,0.011224926449358463,0.135707288980484,0.2927681803703308,0.5602995157241821
1774256008.982,2243.694248696,319,3,angry,1,50.23036500006128,0.008048651739954948,0.18926385045051575,0.215235635638237,0.5874517560005188
1774256009.052,2243.761137263,320,3,angry,1,53.11044200016113,0.006302841939032078,0.16385716199874878,0.17109587788581848,0.6587439775466919
1774256009.117,2243.835999319,321,3,angry,1,43.12930199967013,0.012027403339743614,0.21828532218933105,0.18251481652259827,0.5871723294258118
1774256009.171,2243.895167971,322,3,angry,1,38.014816000213614,0.04756029322743416,0.2631978988647461,0.23600494861602783,0.45323675870895386
1774256009.224,2243.948869839,323,1,happy,1,37.25992599993333,0.22422370314598083,0.3088746666908264,0.17000986635684967,0.2968916594982147
1774256009.273,2244.0022383,324,3,angry,1,33.56579299997975,0.198358416557312,0.2676248550415039,0.13358056545257568,0.40043607354164124
1774256009.322,2244.049195069,325,3,angry,1,35.68612800017945,0.12893609702587128,0.17489542067050934,0.08848611265420914,0.6076823472976685
1774256009.374,2244.098870674,326,3,angry,1,38.2130570001209,0.09205783903598785,0.1271880865097046,0.05922579765319824,0.7215282320976257
1774256009.424,2244.151964505,327,3,angry,1,34.94831300031365,0.08354481309652328,0.14377599954605103,0.28992509841918945,0.48275402188301086
1774256009.473,2244.201138869,328,2,sad,1,34.48049700000411,0.05787651985883713,0.10816942900419235,0.500978410243988,0.3329755663871765
1774256009.527,2244.248536694,329,2,sad,1,41.29413400005433,0.04371120035648346,0.0796382874250412,0.654150128364563,0.222500279545784
1774256009.578,2244.305182491,330,2,sad,1,35.73122100033288,0.04069337248802185,0.08998128026723862,0.6896816492080688,0.1796436309814453
1774256009.629,2244.356065153,331,2,sad,1,35.526572999970085,0.06211473047733307,0.17524072527885437,0.605889081954956,0.15675538778305054
1774256009.678,2244.40598124,332,2,sad,1,34.93479400003707,0.05791230499744415,0.20639553666114807,0.5934014320373535,0.1422906517982483
1774256009.725,2244.452946639,333,2,sad,1,34.765831000186154,0.05031921714544296,0.19798311591148376,0.6318214535713196,0.11987617611885071
1774256009.776,2244.501478261,334,2,sad,1,36.64507399980721,0.035945065319538116,0.14591577649116516,0.7256634831428528,0.09247561544179916
1774256009.829,2244.552134275,335,2,sad,1,39.59461300019029,0.04114039987325668,0.13005973398685455,0.76164710521698,0.0671527236700058
1774256009.898,2244.607874386,336,2,sad,1,52.201700000296114,0.05554533749818802,0.12100152671337128,0.7680172920227051,0.055435795336961746
1774256009.951,2244.676173639,337,2,sad,1,36.78974100012056,0.08427117764949799,0.11656319350004196,0.7565306425094604,0.04263491928577423
1774256009.999,2244.72677369,338,2,sad,1,34.846072000163986,0.14070457220077515,0.1767115294933319,0.6386126279830933,0.04397118091583252
1774256010.047,2244.774854516,339,2,sad,1,35.23390500004098,0.1678546518087387,0.14625218510627747,0.6551623344421387,0.030730772763490677
1774256010.095,2244.822995564,340,2,sad,1,34.353218999967794,0.167778879404068,0.11253451555967331,0.698129415512085,0.021557101979851723
1774256010.141,2244.869829036,341,2,sad,1,34.02499699996042,0.11799749732017517,0.07952930778265,0.7866995334625244,0.015773560851812363
1774256010.191,2244.918083973,342,2,sad,1,35.0900539997383,0.09384965896606445,0.06902286410331726,0.8250319957733154,0.012095356360077858
1774256010.239,2244.966723318,343,2,sad,1,34.90992400020332,0.07040123641490936,0.06590178608894348,0.854529619216919,0.00916721485555172
1774256010.287,2245.016046626,344,2,sad,1,33.13669999988633,0.05222291871905327,0.05723893642425537,0.883446455001831,0.007091599982231855
1774256010.336,2245.062333636,345,2,sad,1,36.207146999913675,0.05630342662334442,0.09360978752374649,0.8323663473129272,0.017720339819788933
1774256010.386,2245.111927518,346,2,sad,1,36.19055500030299,0.0545385368168354,0.181148499250412,0.7355613112449646,0.028751559555530548
1774256010.436,2245.161344142,347,2,sad,1,37.60833400019692,0.05275415629148483,0.19137226045131683,0.7323037385940552,0.02356979064643383
1774256010.484,2245.211097358,348,2,sad,1,35.51777599977868,0.051333896815776825,0.20064237713813782,0.7274763584136963,0.02054731734097004
1774256010.531,2245.259122073,349,2,sad,1,34.58064500000546,0.06065675616264343,0.16938450932502747,0.7513904571533203,0.018568191677331924
1774256010.577,2245.305595767,350,2,sad,1,34.180034000200976,0.08035077899694443,0.16820946335792542,0.7355421185493469,0.01589750498533249
1774256010.621,2245.35139798,351,2,sad,1,32.65244000021994,0.05981781333684921,0.12628331780433655,0.8017966151237488,0.012102141045033932
1774256010.668,2245.396383654,352,2,sad,1,34.303367999655165,0.041550252586603165,0.09181027859449387,0.8579174280166626,0.008721914142370224
1774256010.715,2245.443020275,353,2,sad,1,34.98596000008547,0.032468363642692566,0.08663483709096909,0.8738400340080261,0.007056688889861107
1774256010.761,2245.490163322,354,2,sad,1,33.05077300001358,0.029031673446297646,0.07086081802845001,0.8948209285736084,0.005286520346999168
1774256010.805,2245.534770181,355,2,sad,1,32.492143999661494,0.022531384602189064,0.07828344404697418,0.8947678804397583,0.004417212679982185
1774256010.852,2245.579634096,356,2,sad,1,35.19409099999393,0.02436916157603264,0.13043075799942017,0.8416917324066162,0.003508291207253933
1774256010.899,2245.627515403,357,2,sad,1,34.21690499999386,0.018764572218060493,0.12350525707006454,0.854772686958313,0.002957394113764167
1774256010.945,2245.674218728,358,2,sad,1,33.75977399991825,0.016847778111696243,0.12454338371753693,0.8559378981590271,0.0026708636432886124
1774256010.990,2245.720333348,359,2,sad,1,32.33827299982295,0.017254851758480072,0.12821632623672485,0.8513396978378296,0.0031890105456113815
1774256011.036,2245.7654498,360,2,sad,1,32.69073599994954,0.020579660311341286,0.14889973402023315,0.82759690284729,0.002923602005466819
1774256011.086,2245.811503716,361,2,sad,1,37.277500000072905,0.02231130376458168,0.23481029272079468,0.7402087450027466,0.0026695565320551395
1774256011.136,2245.8617411,362,2,sad,1,36.505629000203044,0.02175048366189003,0.25359147787094116,0.7221378087997437,0.0025201248936355114
1774256011.183,2245.910572963,363,2,sad,1,35.1110910000898,0.029030872508883476,0.2313670665025711,0.7369146943092346,0.0026872872840613127
1774256011.231,2245.958327307,364,2,sad,1,35.756905999733135,0.02895413711667061,0.19540300965309143,0.7727364897727966,0.0029063106048852205
1774256011.281,2246.008203875,365,2,sad,1,34.99886899999183,0.03033488057553768,0.17266304790973663,0.7938481569290161,0.0031538032926619053
1774256011.325,2246.055446774,366,2,sad,1,32.58614400010629,0.030222102999687195,0.161549910902977,0.8047042489051819,0.003523649647831917
1774256011.385,2246.100426986,367,2,sad,1,46.680232000198885,0.022544173523783684,0.16217786073684692,0.8115300536155701,0.0037478175945580006
1774256011.445,2246.162067992,368,2,sad,1,45.345970999733254,0.01636173389852047,0.178144171833992,0.7956403493881226,0.009853621944785118
1774256011.490,2246.219746234,369,2,sad,1,33.271237000008114,0.01365363784134388,0.13265450298786163,0.8463692665100098,0.007322507910430431
1774256011.538,2246.264503001,370,2,sad,1,35.93959199997698,0.016890082508325577,0.10266570746898651,0.8751344680786133,0.005309654865413904
1774256011.603,2246.317291998,371,2,sad,1,48.33754899982523,0.020632795989513397,0.08604897558689117,0.8887892365455627,0.004528919234871864
1774256011.658,2246.382292008,372,2,sad,1,38.3412229998612,0.020376024767756462,0.06841564178466797,0.90757155418396,0.003636625362560153
1774256011.704,2246.433395225,373,2,sad,1,33.38379300021188,0.04308561608195305,0.10949984192848206,0.8437950611114502,0.003619357943534851
1774256011.753,2246.478399307,374,2,sad,1,36.83564799985106,0.0474458709359169,0.10229059308767319,0.8469256162643433,0.0033378005027770996
1774256011.801,2246.528793691,375,2,sad,1,35.09240499988664,0.04710039496421814,0.08922655880451202,0.8595033884048462,0.004169604275375605
1774256011.850,2246.577496165,376,2,sad,1,35.351684000033856,0.04735545068979263,0.09967848658561707,0.8489755392074585,0.0039904736913740635
1774256011.900,2246.626287658,377,2,sad,1,36.34053699988726,0.04583042487502098,0.10278007388114929,0.846886157989502,0.0045032743364572525
1774256011.951,2246.675821782,378,2,sad,1,37.72048199971323,0.06295913457870483,0.11439382284879684,0.8187198638916016,0.003927076701074839
1774256012.014,2246.728724075,379,2,sad,1,48.070955999719445,0.06745738536119461,0.13788598775863647,0.7915089130401611,0.0031476211734116077
1774256012.068,2246.792942732,380,2,sad,1,38.02348199997141,0.08921776711940765,0.22766661643981934,0.6805148720741272,0.002600673120468855
1774256012.115,2246.843900283,381,2,sad,1,34.145625999826734,0.09215018153190613,0.20403367280960083,0.7013283371925354,0.0024877358227968216
1774256012.164,2246.891136033,382,2,sad,1,35.778999000285694,0.08056502044200897,0.18955697119235992,0.7279102802276611,0.0019677120726555586
1774256012.218,2246.942492399,383,2,sad,1,37.621723000029306,0.09871422499418259,0.19594429433345795,0.7034331560134888,0.0019082672661170363
1774256012.276,2246.99366108,384,2,sad,1,45.34380399991278,0.08835706114768982,0.192116379737854,0.7175940871238708,0.0019323816522955894
1774256012.339,2247.054502122,385,2,sad,1,47.40239900002052,0.08410567045211792,0.16726703941822052,0.7470015287399292,0.0016256716335192323
1774256012.387,2247.116823814,386,2,sad,1,32.88905099998374,0.07286475598812103,0.15055060386657715,0.775143563747406,0.0014409706927835941
1774256012.435,2247.161663377,387,2,sad,1,36.086906000036834,0.056440889835357666,0.13954302668571472,0.8017487525939941,0.00226726196706295
1774256012.484,2247.210184648,388,2,sad,1,35.68820200007394,0.04529546946287155,0.10178665071725845,0.8511857986450195,0.0017320344923064113
1774256012.530,2247.258352473,389,2,sad,1,33.98642299998755,0.04248654469847679,0.07946628332138062,0.8762814998626709,0.0017656225245445967
1774256012.575,2247.303878797,390,2,sad,1,33.77718100000493,0.05442247539758682,0.10220178216695786,0.8408563137054443,0.0025193211622536182
1774256012.621,2247.349417935,391,2,sad,1,33.90490399988266,0.05459492653608322,0.13222236931324005,0.8106255531311035,0.002557039260864258
1774256012.669,2247.39569511,392,2,sad,1,35.743184000239125,0.05490382760763168,0.12634029984474182,0.8159032464027405,0.0028525497764348984
1774256012.715,2247.443522862,393,2,sad,1,33.84995899978094,0.0486752912402153,0.13453766703605652,0.8134962320327759,0.0032906695269048214
1774256012.761,2247.490191371,394,2,sad,1,33.69083000006867,0.03461461141705513,0.14915722608566284,0.8089591860771179,0.007268858142197132
1774256012.806,2247.535685398,395,2,sad,1,33.40027399963219,0.025118641555309296,0.12429708987474442,0.8430019617080688,0.007582212798297405
1774256012.854,2247.582706871,396,2,sad,1,34.19116299983216,0.02564450353384018,0.09528686851263046,0.8731609582901001,0.005907636601477861
1774256012.903,2247.629322158,397,2,sad,1,36.28238800001782,0.025562822818756104,0.071452297270298,0.8985141515731812,0.004470691084861755
1774256012.950,2247.677968355,398,2,sad,1,35.00457100017229,0.024896228685975075,0.051923323422670364,0.9195842742919922,0.003596117254346609
1774256012.996,2247.725132587,399,2,sad,1,33.6310699999558,0.04005369916558266,0.05009772628545761,0.9060561656951904,0.0037923133932054043
1774256013.040,2247.770089224,400,2,sad,1,32.47125500001857,0.05982448160648346,0.06806445121765137,0.8660663962364197,0.0060446178540587425
1774256013.086,2247.813535249,401,2,sad,1,35.186683000119956,0.08278654515743256,0.10600730776786804,0.8041422367095947,0.007063847966492176
1774256013.132,2247.860902629,402,2,sad,1,34.16208999988157,0.06410842388868332,0.08094167709350586,0.8354957103729248,0.019454121589660645
1774256013.179,2247.907335083,403,2,sad,1,34.29110800016133,0.04809074103832245,0.07946816086769104,0.846911609172821,0.025529369711875916
1774256013.222,2247.95298911,404,2,sad,1,32.06316199975845,0.03593131899833679,0.06384903192520142,0.8777601718902588,0.022459350526332855
1774256013.269,2247.997834673,405,2,sad,1,34.12551600013103,0.030661294236779213,0.05430758371949196,0.8937331438064575,0.021297786384820938
1774256013.315,2248.044138775,406,2,sad,1,33.35177399958411,0.02526457980275154,0.047521986067295074,0.9063773155212402,0.02083592116832733
1774256013.363,2248.091283081,407,2,sad,1,33.965367000291735,0.023157672956585884,0.0406779944896698,0.9176759719848633,0.018488235771656036
1774256013.408,2248.136493608,408,2,sad,1,33.814404000168,0.018529295921325684,0.04042288661003113,0.9216219782829285,0.019425757229328156
1774256013.455,2248.184421544,409,2,sad,1,33.05056999988665,0.014877250418066978,0.03652913123369217,0.9278604388237,0.020733118057250977
1774256013.502,2248.230216905,410,2,sad,1,33.94136699989758,0.014517465606331825,0.03426063060760498,0.9313615560531616,0.01986023411154747
1774256013.549,2248.277502507,411,2,sad,1,34.24979400006123,0.011010570451617241,0.06184796616435051,0.8962613344192505,0.0308800358325243
1774256013.597,2248.324927888,412,2,sad,1,34.98109000020122,0.007181897293776274,0.0424170158803463,0.9046838283538818,0.04571714997291565
1774256013.644,2248.372812991,413,2,sad,1,34.26738600001045,0.004730049520730972,0.03565401956439018,0.9180712699890137,0.04154456406831741
1774256013.706,2248.420113964,414,2,sad,1,48.18952999994508,0.008505488745868206,0.04254985600709915,0.8413337469100952,0.10761087387800217
1774256013.764,2248.484217028,415,2,sad,1,42.25965300020107,0.023299716413021088,0.12227348983287811,0.7672863006591797,0.08714041113853455
1774256013.808,2248.538263823,416,2,sad,1,32.09180900012143,0.025354377925395966,0.3558531403541565,0.5591632127761841,0.05962914228439331
1774256013.855,2248.58379122,417,2,sad,1,33.54975499996726,0.03242367506027222,0.2674187123775482,0.6084649562835693,0.09169252961874008
1774256013.902,2248.629451487,418,2,sad,1,35.083720999864454,0.044184669852256775,0.3915838599205017,0.46306949853897095,0.1011618971824646
1774256013.951,2248.678693148,419,2,sad,1,34.97809000009511,0.1050487533211708,0.36575785279273987,0.3997439742088318,0.12944930791854858
1774256013.999,2248.725669843,420,2,sad,1,36.03383199970267,0.13419625163078308,0.3038700222969055,0.38499581813812256,0.17693784832954407
1774256014.046,2248.774179817,421,2,sad,1,34.59070100007011,0.1404641568660736,0.22064118087291718,0.42513176798820496,0.2137628197669983
1774256014.091,2248.820343678,422,2,sad,1,33.4218289999626,0.12735310196876526,0.1580149531364441,0.43485796451568604,0.27977389097213745
1774256014.136,2248.864505536,423,2,sad,1,34.16518200037899,0.09054012596607208,0.1106511652469635,0.4128643572330475,0.38594430685043335
1774256014.185,2248.912858177,424,2,sad,1,34.66314599972975,0.09885087609291077,0.1733301877975464,0.3849518597126007,0.34286701679229736
1774256014.230,2248.959077538,425,2,sad,1,33.96121899959326,0.1154681146144867,0.16095738112926483,0.39300981163978577,0.33056461811065674
1774256014.276,2249.006262937,426,1,happy,1,32.49164299995755,0.12189440429210663,0.3565598130226135,0.27538713812828064,0.24615857005119324
1774256014.320,2249.050345351,427,1,happy,1,32.56418000000849,0.13098660111427307,0.3822806477546692,0.23624226450920105,0.25049036741256714
1774256014.368,2249.095617581,428,1,happy,1,34.764071999688895,0.15784302353858948,0.44694656133651733,0.1731489598751068,0.22206130623817444
1774256014.414,2249.142572869,429,1,happy,1,34.336052000071504,0.11322856694459915,0.6249520182609558,0.1134231835603714,0.1483960896730423
1774256014.460,2249.188896322,430,1,happy,1,33.97010800017597,0.11487002670764923,0.6816473007202148,0.07965025305747986,0.12383230030536652
1774256014.507,2249.234675497,431,1,happy,1,35.229647000051045,0.11974270641803741,0.7228689193725586,0.056032463908195496,0.10135583579540253
1774256014.557,2249.283356231,432,1,happy,1,36.11264699975436,0.12531894445419312,0.73111891746521,0.04244782030582428,0.10111427307128906
1774256014.609,2249.332678928,433,1,happy,1,39.041946999986976,0.12987777590751648,0.7332619428634644,0.0347011461853981,0.10215911269187927
1774256014.662,2249.385815537,434,1,happy,1,38.32966800018767,0.10160961747169495,0.7873855829238892,0.024836881086230278,0.08616787195205688
1774256014.721,2249.441362907,435,1,happy,1,42.668431000038254,0.11708707362413406,0.74303138256073,0.03712623566389084,0.10275525599718094
1774256014.776,2249.498355927,436,1,happy,1,40.089502000228094,0.1147875115275383,0.7053557634353638,0.050012096762657166,0.12984460592269897
1774256014.823,2249.551926239,437,1,happy,1,33.552515000337735,0.12979590892791748,0.6939162611961365,0.05221367999911308,0.12407409399747849
1774256014.870,2249.598050989,438,1,happy,1,34.88086800007295,0.1280069351196289,0.6878264546394348,0.05744035542011261,0.1267261803150177
1774256014.919,2249.645620314,439,1,happy,1,35.36777599993002,0.11937524378299713,0.7446625232696533,0.0410325862467289,0.09492956101894379
1774256014.967,2249.693463473,440,1,happy,1,36.335795000013604,0.0866086483001709,0.4920324385166168,0.34541770815849304,0.07594111561775208
1774256015.015,2249.742679207,441,2,sad,1,35.082461000001786,0.06217487156391144,0.3538992404937744,0.5271247029304504,0.05680106580257416
1774256015.063,2249.790030458,442,2,sad,1,35.561276000407815,0.052768975496292114,0.2642870843410492,0.6402403116226196,0.0427035391330719
1774256015.107,2249.837028541,443,2,sad,1,33.07312600009027,0.03845450282096863,0.23542797565460205,0.6965624094009399,0.02955503575503826
1774256015.152,2249.880786233,444,2,sad,1,34.098515000096086,0.025250324979424477,0.19998475909233093,0.7399883270263672,0.03477656468749046
1774256015.201,2249.928241021,445,2,sad,1,35.8353880001232,0.017100447788834572,0.13777165114879608,0.8202191591262817,0.02490871772170067
1774256015.250,2249.977209848,446,2,sad,1,35.56896100008089,0.01465893629938364,0.12538039684295654,0.839802622795105,0.020157992839813232
1774256015.296,2250.025414507,447,2,sad,1,33.56481100036035,0.009792801924049854,0.1379721760749817,0.8317031860351562,0.0205317921936512
1774256015.341,2250.070835107,448,2,sad,1,33.19156999987172,0.0066018844954669476,0.10598619282245636,0.8691978454589844,0.018214009702205658
1774256015.386,2250.114835799,449,2,sad,1,33.78168200015352,0.023227130994200706,0.21756938099861145,0.7220968008041382,0.03710658475756645
1774256015.433,2250.161122401,450,2,sad,1,34.081423000316136,0.020779496058821678,0.14751876890659332,0.7743459939956665,0.05735570937395096
1774256015.479,2250.207264891,451,2,sad,1,33.92051500031812,0.0178239643573761,0.09969072043895721,0.8076845407485962,0.07480074465274811
1774256015.523,2250.252833325,452,2,sad,1,33.16418199983673,0.016376234591007233,0.06847573816776276,0.8642252683639526,0.0509226992726326
1774256015.570,2250.298492389,453,2,sad,1,34.24423800015575,0.014603141695261002,0.04763209447264671,0.9035324454307556,0.034232258796691895
1774256015.619,2250.345362418,454,2,sad,1,36.52794299978268,0.016578521579504013,0.03523969650268555,0.9250838756561279,0.02309778518974781
1774256015.667,2250.394069336,455,2,sad,1,35.6660729999021,0.013009007088840008,0.03184030205011368,0.9374276995658875,0.017722871154546738
1774256015.715,2250.441889143,456,2,sad,1,35.59936900001048,0.011737339198589325,0.07500652968883514,0.862877368927002,0.050378650426864624
1774256015.762,2250.489856006,457,2,sad,1,34.36310799997955,0.00923823844641447,0.07778571546077728,0.8348789215087891,0.07809701561927795
1774256015.808,2250.53692059,458,2,sad,1,33.60632899966731,0.015343181788921356,0.11737638711929321,0.7273749113082886,0.1399053931236267
1774256015.855,2250.584788285,459,2,sad,1,32.929366000189475,0.012584494426846504,0.14102008938789368,0.7382744550704956,0.10812081396579742
1774256015.902,2250.630966905,460,2,sad,1,34.11058999972738,0.014072444289922714,0.18977363407611847,0.717282772064209,0.0788709819316864
1774256015.952,2250.678765397,461,2,sad,1,35.46988700009024,0.014688104391098022,0.21248114109039307,0.7153366804122925,0.05749395862221718
1774256015.999,2250.727007205,462,2,sad,1,34.46699699998135,0.01981833204627037,0.19360966980457306,0.7334719896316528,0.0530998669564724
1774256016.046,2250.774106418,463,2,sad,1,34.68255300003875,0.02615891769528389,0.2562781572341919,0.667961597442627,0.049601200968027115
1774256016.091,2250.820431557,464,2,sad,1,33.41842200006795,0.019174257293343544,0.21157321333885193,0.7162755131721497,0.052976906299591064
1774256016.137,2250.865426861,465,2,sad,1,34.2285520000587,0.013646330684423447,0.17147745192050934,0.7696412801742554,0.04523482173681259
1774256016.184,2250.911545777,466,2,sad,1,35.420461000285286,0.012225598096847534,0.19900676608085632,0.7475829720497131,0.04118451848626137
1774256016.232,2250.959120028,467,2,sad,1,35.64183199978288,0.009864269755780697,0.16024485230445862,0.7919619083404541,0.037928856909275055
1774256016.279,2251.00680665,468,2,sad,1,35.198942000079114,0.008645514026284218,0.1449032574892044,0.8089298009872437,0.037521298974752426
1774256016.323,2251.053305918,469,2,sad,1,32.51727299993945,0.01044943556189537,0.15431152284145355,0.8001980185508728,0.03504086658358574
1774256016.369,2251.09661335,470,2,sad,1,34.56010799982323,0.013440120965242386,0.1557575911283493,0.7868894338607788,0.04391266405582428
1774256016.415,2251.144443397,471,2,sad,1,33.64386700013711,0.01844581589102745,0.15599912405014038,0.7851213216781616,0.0404336042702198
1774256016.463,2251.191613241,472,2,sad,1,33.73145899968222,0.016301939263939857,0.15788079798221588,0.7876089811325073,0.038208164274692535
1774256016.508,2251.236810582,473,2,sad,1,33.73899600001096,0.0182518120855093,0.17220398783683777,0.7748632431030273,0.034680821001529694
1774256016.556,2251.284306777,474,2,sad,1,33.83953399998063,0.01589730754494667,0.19778290390968323,0.7494776248931885,0.036842044442892075
1774256016.603,2251.331186842,475,2,sad,1,34.2358489997423,0.01751622185111046,0.22203385829925537,0.7236518859863281,0.03679792582988739
1774256016.653,2251.378607556,476,2,sad,1,36.88722199967742,0.017925752326846123,0.29726871848106384,0.6492720246315002,0.03553338721394539
1774256016.703,2251.428128717,477,2,sad,1,37.57188899999164,0.01991190016269684,0.3676304817199707,0.5747202038764954,0.037737321108579636
1774256016.753,2251.478531211,478,2,sad,1,36.67235100010657,0.019139397889375687,0.3817949891090393,0.5664398670196533,0.03262562304735184
1774256016.802,2251.529132373,479,2,sad,1,35.53923900017253,0.017139021307229996,0.35359251499176025,0.5988743305206299,0.03039403259754181
1774256016.849,2251.576680735,480,2,sad,1,34.95142299971121,0.012834683060646057,0.23728862404823303,0.7279842495918274,0.021892348304390907
1774256016.899,2251.624140504,481,2,sad,1,37.528315000145085,0.009262753650546074,0.15998443961143494,0.8134039640426636,0.017348762601614
1774256016.950,2251.674334776,482,2,sad,1,38.264168000296195,0.008635163307189941,0.11736647039651871,0.8575096130371094,0.01648864522576332
1774256016.998,2251.725352771,483,2,sad,1,35.43996200005495,0.016443755477666855,0.28566643595695496,0.6798326969146729,0.018057027831673622
1774256017.046,2251.774544302,484,2,sad,1,34.09877400008554,0.023923266679048538,0.3681057393550873,0.5905548334121704,0.01741604134440422
1774256017.092,2251.820438199,485,2,sad,1,34.500683000260324,0.036400675773620605,0.4292740523815155,0.5170876979827881,0.017237447202205658
1774256017.138,2251.866766505,486,1,happy,1,34.12301499975001,0.04857238382101059,0.5241403579711914,0.4102431833744049,0.017043914645910263
1774256017.186,2251.913315088,487,1,happy,1,35.40181299968026,0.04447875916957855,0.5707530975341797,0.3670128285884857,0.017755184322595596
1774256017.233,2251.961177098,488,1,happy,1,34.74618300015209,0.04694008082151413,0.6207950115203857,0.3056597113609314,0.026605091989040375
1774256017.281,2252.008195571,489,1,happy,1,35.11894199982635,0.07602131366729736,0.5858941078186035,0.30513811111450195,0.03294637054204941
1774256017.331,2252.056737582,490,1,happy,1,36.58150000001115,0.08722321689128876,0.5694538354873657,0.3064667582511902,0.036856066435575485
1774256017.383,2252.10879306,491,1,happy,1,36.57357299971409,0.10263752937316895,0.550273060798645,0.31006690859794617,0.03702237457036972
1774256017.430,2252.157620516,492,1,happy,1,35.466756999994686,0.1468554437160492,0.5429912805557251,0.28026044368743896,0.0298926904797554
1774256017.477,2252.205708119,493,1,happy,1,34.37510799994925,0.16911494731903076,0.5233629941940308,0.2805407643318176,0.026981171220541
1774256017.523,2252.252125276,494,1,happy,1,33.82346000034886,0.17542043328285217,0.546740710735321,0.25650501251220703,0.021333742886781693
1774256017.571,2252.299244175,495,1,happy,1,34.305275000406255,0.12232556939125061,0.4672487676143646,0.3798562288284302,0.030569378286600113
1774256017.619,2252.345927722,496,1,happy,1,36.06159099990691,0.08633959293365479,0.4502357244491577,0.43730127811431885,0.026123367249965668
1774256017.668,2252.394648807,497,2,sad,1,36.25348000014128,0.05860167369246483,0.39324814081192017,0.5252010226249695,0.02294907532632351
1774256017.716,2252.443594374,498,2,sad,1,35.487721000208694,0.042330119758844376,0.42595869302749634,0.5105926394462585,0.02111842855811119
1774256017.765,2252.492440182,499,2,sad,1,35.22020199989129,0.03270415589213371,0.39556261897087097,0.5455701351165771,0.026162955909967422
1774256017.813,2252.541836657,500,2,sad,1,34.12116299978152,0.0394933819770813,0.3944549560546875,0.5349897146224976,0.031061789020895958
1774256017.857,2252.587363073,501,2,sad,1,32.26821700036453,0.026829935610294342,0.2641579210758209,0.6808444857597351,0.0281674824655056
1774256017.905,2252.631137431,502,2,sad,1,36.135314000148355,0.01821271888911724,0.17936712503433228,0.7763399481773376,0.026080060750246048
1774256017.954,2252.680324239,503,2,sad,1,36.25768399979279,0.012522011063992977,0.11990464478731155,0.849320650100708,0.018252592533826828
1774256018.003,2252.73005064,504,2,sad,1,36.01577699964764,0.018269754946231842,0.09542587399482727,0.8657620549201965,0.020542185753583908
1774256018.053,2252.779166059,505,2,sad,1,36.54014799985816,0.017567671835422516,0.07519793510437012,0.8817393779754639,0.025494936853647232
1774256018.103,2252.828867646,506,2,sad,1,36.63805499991213,0.09065796434879303,0.09364950656890869,0.7479435205459595,0.06774887442588806
1774256018.153,2252.879524418,507,2,sad,1,36.443350999888935,0.0897020548582077,0.09321972727775574,0.6540876626968384,0.16299043595790863
1774256018.203,2252.929367209,508,2,sad,1,35.80825700009882,0.13230852782726288,0.09695159643888474,0.5569742321968079,0.21376553177833557
1774256018.251,2252.977163349,509,2,sad,1,36.13197999993645,0.13571098446846008,0.09676343202590942,0.47230029106140137,0.29522520303726196
1774256018.298,2253.026165564,510,2,sad,1,34.58723799985819,0.12007252126932144,0.10446424782276154,0.506426215171814,0.2690369486808777
1774256018.348,2253.073004296,511,2,sad,1,37.289222000254085,0.09336861222982407,0.09603886306285858,0.567744255065918,0.24284818768501282
1774256018.397,2253.124669847,512,2,sad,1,35.304053999880125,0.061607860028743744,0.06280123442411423,0.7061618566513062,0.1694289892911911
1774256018.443,2253.171810561,513,2,sad,1,33.41094000006706,0.04585248604416847,0.04421482980251312,0.7798850536346436,0.13004755973815918
1774256018.487,2253.217170495,514,2,sad,1,32.9162909997649,0.06169416755437851,0.043240245431661606,0.7661371827125549,0.12892837822437286
1774256018.536,2253.262604225,515,2,sad,1,36.42846200000349,0.0791749358177185,0.04315687343478203,0.764790952205658,0.11287721246480942
1774256018.585,2253.311570403,516,2,sad,1,35.63870199968733,0.1030355766415596,0.062387607991695404,0.727503776550293,0.10707299411296844
1774256018.631,2253.359980414,517,2,sad,1,33.75142300001244,0.12857170403003693,0.06734466552734375,0.6953408122062683,0.10874278098344803
1774256018.676,2253.405745941,518,2,sad,1,33.07477399994241,0.14256028831005096,0.07070695608854294,0.6676207780838013,0.11911191046237946
1774256018.722,2253.450523523,519,2,sad,1,34.377886000129365,0.17306214570999146,0.08375515043735504,0.6434629559516907,0.09971970319747925
1774256018.772,2253.497359051,520,2,sad,1,37.16090700027053,0.204825758934021,0.09845219552516937,0.6095694303512573,0.08715252578258514
1774256018.821,2253.547398786,521,2,sad,1,36.06562799996027,0.2118295580148697,0.12048362195491791,0.5756529569625854,0.09203378856182098
1774256018.870,2253.595476518,522,2,sad,1,37.07179699995322,0.2124359905719757,0.12191348522901535,0.5878484845161438,0.07780196517705917
1774256018.918,2253.644794827,523,2,sad,1,36.0286840000299,0.25297409296035767,0.11267184466123581,0.5666407346725464,0.06771326810121536
1774256018.967,2253.69347169,524,2,sad,1,35.86262799990436,0.27331557869911194,0.11022904515266418,0.56058269739151,0.05587262660264969
1774256019.014,2253.741415571,525,2,sad,1,35.48398000020825,0.24860700964927673,0.11350227892398834,0.5715022087097168,0.06638844311237335
1774256019.060,2253.789693304,526,2,sad,1,32.98619899987898,0.2341582328081131,0.1344837099313736,0.5699161887168884,0.06144177168607712
1774256019.105,2253.83430207,527,2,sad,1,33.13555200020346,0.2683051526546478,0.14606145024299622,0.5297259092330933,0.05590739846229553
1774256019.153,2253.880095746,528,2,sad,1,35.67690500040044,0.2691986858844757,0.1220192015171051,0.5599495768547058,0.04883243143558502
1774256019.203,2253.928337756,529,2,sad,1,37.39927800006626,0.2945042848587036,0.1614098697900772,0.500908613204956,0.043177127838134766
1774256019.251,2253.978061861,530,2,sad,1,35.81807300042783,0.24714818596839905,0.1313721090555191,0.576510488986969,0.044969119131565094
1774256019.300,2254.027162225,531,2,sad,1,35.39799800000765,0.24212676286697388,0.13554781675338745,0.5727319717407227,0.04959335923194885
1774256019.349,2254.076859719,532,2,sad,1,34.66190400013147,0.2538587749004364,0.12379489094018936,0.5748587846755981,0.047487422823905945
1774256019.400,2254.126786639,533,2,sad,1,36.17748000033316,0.2502639889717102,0.15158918499946594,0.5508499145507812,0.04729679226875305
1774256019.450,2254.176975448,534,2,sad,1,36.11509099982868,0.2575450539588928,0.17121830582618713,0.5208786725997925,0.05035782605409622
1774256019.501,2254.226986071,535,2,sad,1,36.404870000296796,0.2521246075630188,0.15483087301254272,0.5469186902046204,0.04612569138407707
1774256019.550,2254.277300381,536,2,sad,1,34.92138600040562,0.26857760548591614,0.15035268664360046,0.5413942933082581,0.03967525437474251
1774256019.598,2254.324761909,537,2,sad,1,35.627573000056145,0.26621171832084656,0.1502443552017212,0.5476611852645874,0.035882581025362015
1774256019.665,2254.376215812,538,2,sad,1,51.105125000049156,0.2397676408290863,0.19421401619911194,0.5343096256256104,0.031708620488643646
1774256019.719,2254.442897804,539,2,sad,1,39.08048399989639,0.23059049248695374,0.17740139365196228,0.5612026453018188,0.03080538846552372
1774256019.767,2254.494573837,540,2,sad,1,34.54723799995918,0.2280590832233429,0.17649200558662415,0.5649400353431702,0.030508797615766525
1774256019.814,2254.541884014,541,2,sad,1,34.974811999745725,0.19295161962509155,0.19681879878044128,0.5857810974121094,0.024448435753583908
1774256019.862,2254.589690487,542,2,sad,1,35.15064599969264,0.14096319675445557,0.1548858880996704,0.6839699745178223,0.020180899649858475
1774256019.908,2254.636347441,543,2,sad,1,34.36821900004361,0.10734470188617706,0.24940043687820435,0.6207494735717773,0.022505290806293488
1774256019.957,2254.684567896,544,2,sad,1,34.675590000006196,0.08407025039196014,0.3680061101913452,0.5260486006736755,0.021874941885471344
1774256020.006,2254.733713519,545,1,happy,1,35.19921999986764,0.062014684081077576,0.45969992876052856,0.45796552300453186,0.02031979337334633
1774256020.055,2254.781756363,546,2,sad,1,35.98805399997218,0.0526387020945549,0.33501964807510376,0.5965296030044556,0.0158119797706604
1774256020.107,2254.832673173,547,2,sad,1,36.939536000318185,0.05568432807922363,0.3089582622051239,0.6223969459533691,0.012960373423993587
1774256020.170,2254.885839559,548,2,sad,1,46.85043500012398,0.04944610595703125,0.24504059553146362,0.6950305700302124,0.010482626035809517
1774256020.226,2254.947677231,549,2,sad,1,40.77418899987606,0.04131324589252472,0.20789852738380432,0.7426943778991699,0.008093747310340405
1774256020.272,2255.001712414,550,2,sad,1,33.19131099988226,0.03983220458030701,0.23295918107032776,0.7204495072364807,0.006759010720998049
1774256020.319,2255.04534431,551,2,sad,1,36.54940600017653,0.02855052426457405,0.17361654341220856,0.7924370169639587,0.005395868793129921
1774256020.368,2255.09478197,552,2,sad,1,35.40527599989218,0.018904004245996475,0.14728102087974548,0.6297808289527893,0.20403410494327545
1774256020.414,2255.142265461,553,2,sad,1,34.094681999704335,0.019575363025069237,0.12026342004537582,0.7168453335762024,0.14331582188606262
1774256020.461,2255.188785637,554,2,sad,1,34.439071000178956,0.013390629552304745,0.07992062717676163,0.8015655279159546,0.1051231250166893
1774256020.506,2255.234921572,555,2,sad,1,33.38421799981006,0.01612909883260727,0.1678667813539505,0.6929339170455933,0.12307002395391464
1774256020.554,2255.280518136,556,2,sad,1,36.15877599986561,0.01565021649003029,0.19262388348579407,0.6385130286216736,0.15321271121501923
1774256020.604,2255.329292128,557,2,sad,1,37.33601900012218,0.012496119365096092,0.39452239871025085,0.4785020351409912,0.11447929590940475
1774256020.654,2255.380073068,558,2,sad,1,36.89192499996352,0.03984345868229866,0.300823837518692,0.5822966694831848,0.07703585177659988
1774256020.703,2255.429469283,559,2,sad,1,36.47544400018887,0.02700796164572239,0.20075424015522003,0.5534098148345947,0.21882784366607666
1774256020.766,2255.4796255,560,2,sad,1,48.48039999978937,0.019016344100236893,0.1437283456325531,0.5323699712753296,0.30488520860671997
1774256020.826,2255.546051455,561,3,angry,1,42.61443099994722,0.012485375627875328,0.09684737026691437,0.359526127576828,0.5311410427093506
1774256020.872,2255.602781029,562,3,angry,1,32.31480999966152,0.008274450898170471,0.06580527871847153,0.2566969692707062,0.6692231893539429
1774256020.919,2255.647643055,563,3,angry,1,34.11675600000308,0.0058933403342962265,0.050542838871479034,0.17849606275558472,0.7650676369667053
1774256020.969,2255.695796344,564,3,angry,1,35.45334999989791,0.004873333964496851,0.07211844623088837,0.2038712501525879,0.7191368341445923
1774256021.019,2255.745442412,565,3,angry,1,35.9557209999366,0.006207698956131935,0.10113805532455444,0.16158775985240936,0.7310664057731628
1774256021.068,2255.795892388,566,3,angry,1,34.58859000011216,0.007248857524245977,0.201059490442276,0.1285451501607895,0.663146436214447
1774256021.115,2255.843686065,567,3,angry,1,34.26468199995725,0.005428361240774393,0.1476033627986908,0.14591316878795624,0.7010550498962402
1774256021.165,2255.891856057,568,3,angry,1,35.388201999921876,0.004567964933812618,0.1313217580318451,0.13312090933322906,0.7309893369674683
1774256021.213,2255.939284178,569,3,angry,1,35.93664700019872,0.005003813188523054,0.18415965139865875,0.11437507718801498,0.6964613795280457
1774256021.257,2255.98648804,570,3,angry,1,32.87951399988742,0.0039891935884952545,0.15730738639831543,0.1252618134021759,0.7134415507316589
1774256021.304,2256.03295916,571,3,angry,1,33.59442200007834,0.0029452566523104906,0.11985704302787781,0.10526784509420395,0.7719297409057617
1774256021.350,2256.07910478,572,3,angry,1,33.39097700018101,0.0024337461218237877,0.0983850359916687,0.11147473752498627,0.7877063751220703
1774256021.397,2256.125596881,573,3,angry,1,34.19708999990689,0.0019370360532775521,0.09890000522136688,0.10903001576662064,0.7901328802108765
1774256021.444,2256.17145726,574,3,angry,1,35.07294200016986,0.0014280325267463923,0.07548017799854279,0.09273950010538101,0.8303521871566772
1774256021.491,2256.218100843,575,3,angry,1,35.250721000011254,0.0038161538541316986,0.12224733829498291,0.1209663599729538,0.7529700398445129
1774256021.538,2256.266839447,576,3,angry,1,33.3912739997686,0.006449648179113865,0.15397195518016815,0.16097623109817505,0.6786020994186401
1774256021.586,2256.313718123,577,3,angry,1,35.139646000061475,0.015724483877420425,0.282444566488266,0.17200389504432678,0.5298269987106323
1774256021.635,2256.362100912,578,3,angry,1,35.12625699977434,0.01977265253663063,0.38254278898239136,0.17060479521751404,0.4270796775817871
1774256021.681,2256.409882941,579,1,happy,1,33.65988499990635,0.023189686238765717,0.3802037835121155,0.23760247230529785,0.3590039610862732
1774256021.727,2256.456345283,580,2,sad,1,33.19262600007278,0.02636217325925827,0.31464555859565735,0.34111475944519043,0.3178774118423462
1774256021.772,2256.501775662,581,2,sad,1,33.27034799985995,0.024808892980217934,0.2949281632900238,0.4376172423362732,0.24264557659626007
1774256021.820,2256.54814606,582,2,sad,1,34.350478000305884,0.021635450422763824,0.3050280213356018,0.46324872970581055,0.21008771657943726
1774256021.868,2256.594533383,583,2,sad,1,36.46714800015616,0.02832239493727684,0.3607589602470398,0.4456855356693268,0.16523301601409912
1774256021.916,2256.643346098,584,2,sad,1,34.90431299996999,0.031607918441295624,0.3224393427371979,0.4542587995529175,0.19169384241104126
1774256021.962,2256.690922183,585,2,sad,1,33.48168100001203,0.037710025906562805,0.28179287910461426,0.45305967330932617,0.2274373471736908
1774256022.005,2256.735721301,586,2,sad,1,32.31868000011673,0.10784733295440674,0.23263727128505707,0.42194345593452454,0.2375718653202057
1774256022.053,2256.779760919,587,2,sad,1,36.14612799992756,0.16132418811321259,0.22376926243305206,0.3936924338340759,0.22121404111385345
1774256022.102,2256.828604153,588,2,sad,1,36.395961999915016,0.16229692101478577,0.23397035896778107,0.34993794560432434,0.25379469990730286
1774256022.150,2256.877386719,589,2,sad,1,35.674147000008816,0.1920803338289261,0.20334309339523315,0.3371860384941101,0.2673904299736023
1774256022.197,2256.925274952,590,3,angry,1,34.74725699970804,0.16284498572349548,0.1562090516090393,0.34030774235725403,0.34063807129859924
1774256022.246,2256.972887203,591,3,angry,1,36.095553999984986,0.14797110855579376,0.1329340934753418,0.3544465899467468,0.36464810371398926
1774256022.294,2257.021182658,592,2,sad,1,35.46320200030095,0.1406300663948059,0.13865715265274048,0.3794732689857483,0.34123939275741577
1774256022.340,2257.068371298,593,2,sad,1,33.80886600007216,0.14965932071208954,0.13109798729419708,0.36045384407043457,0.35878872871398926
1774256022.388,2257.115402918,594,3,angry,1,35.46529499999451,0.15383005142211914,0.11432080715894699,0.3435521125793457,0.388296902179718
1774256022.437,2257.164336893,595,3,angry,1,35.62110900020343,0.1679847538471222,0.11559660732746124,0.32734978199005127,0.38906872272491455
1774256022.487,2257.212730793,596,3,angry,1,36.59746199991787,0.15263524651527405,0.11551400274038315,0.3278966546058655,0.4039539694786072
1774256022.536,2257.262461971,597,3,angry,1,35.651517000133026,0.1635502278804779,0.12343735992908478,0.3356474041938782,0.3773649334907532
1774256022.583,2257.310538278,598,2,sad,1,34.922665000067354,0.1494983285665512,0.11467288434505463,0.3839610815048218,0.3518676161766052
1774256022.631,2257.357803733,599,2,sad,1,35.530813000150374,0.16617053747177124,0.12017974257469177,0.4118840992450714,0.3017655611038208
1774256022.678,2257.404877187,600,2,sad,1,35.79148000017085,0.16118302941322327,0.131769061088562,0.39717915654182434,0.3098686933517456
1774256022.725,2257.452575623,601,2,sad,1,35.218775999965146,0.15329143404960632,0.11796900629997253,0.49626630544662476,0.23247317969799042
1774256022.774,2257.50233895,602,2,sad,1,34.62881199993717,0.11198928952217102,0.1140226274728775,0.6058244705200195,0.16816355288028717
1774256022.822,2257.549964534,603,2,sad,1,34.92177599991919,0.07343310117721558,0.39815327525138855,0.4100241959095001,0.11838936060667038
1774256022.870,2257.59701371,604,3,angry,1,35.99298100016313,0.04773396998643875,0.25903427600860596,0.3189067244529724,0.3743249475955963
1774256022.922,2257.646293019,605,3,angry,1,38.11498200002461,0.031031064689159393,0.1698402315378189,0.21653008460998535,0.5825985670089722
1774256022.972,2257.697053865,606,3,angry,1,37.467593000201305,0.02050240896642208,0.11436168849468231,0.2873894274234772,0.5777463912963867
1774256023.021,2257.7470791,607,3,angry,1,36.75607300010597,0.013403096236288548,0.08090195059776306,0.3038511276245117,0.6018437743186951
1774256023.085,2257.797573613,608,2,sad,1,50.118827000005695,0.008780722506344318,0.052965156733989716,0.5413824915885925,0.39687153697013855
1774256023.149,2257.863425197,609,2,sad,1,48.13499199963189,0.006391419563442469,0.038777366280555725,0.6916996240615845,0.2631314992904663
1774256023.197,2257.924505276,610,3,angry,1,35.59981299986248,0.004182400647550821,0.034496355801820755,0.47362464666366577,0.48769649863243103
1774256023.247,2257.974404362,611,2,sad,1,34.68962700026168,0.005690244026482105,0.02862934023141861,0.6284775733947754,0.3372027277946472
1774256023.292,2258.020700982,612,2,sad,1,34.2194599998038,0.01097220741212368,0.019455675035715103,0.6832808256149292,0.2862911820411682
1774256023.340,2258.067984473,613,2,sad,1,34.52196100033689,0.007367535028606653,0.018775848671793938,0.49439001083374023,0.4794664978981018
1774256023.389,2258.11548528,614,3,angry,1,35.68666499995743,0.004856331739574671,0.02253759279847145,0.39566826820373535,0.5769376754760742
1774256023.437,2258.163478494,615,2,sad,1,35.80144299985477,0.010500090196728706,0.025279656052589417,0.5611690282821655,0.40305113792419434
1774256023.484,2258.211220763,616,2,sad,1,35.38179500037586,0.010392027907073498,0.023077698424458504,0.5634216070175171,0.4031085968017578
1774256023.531,2258.258791885,617,2,sad,1,34.43510800025251,0.006779188755899668,0.015210576355457306,0.6284122467041016,0.34959790110588074
1774256023.576,2258.304625837,618,2,sad,1,34.36329399983151,0.006919027306139469,0.010272542014718056,0.7480731010437012,0.23473522067070007
1774256023.623,2258.351808051,619,2,sad,1,33.32818100034274,0.0062940726056694984,0.02663193829357624,0.6365619897842407,0.3305119276046753
1774256023.671,2258.397627596,620,2,sad,1,35.54977600015263,0.005836284253746271,0.026154424995183945,0.708566427230835,0.2594427466392517
1774256023.719,2258.446229756,621,2,sad,1,35.57555299994419,0.00601204764097929,0.0290573351085186,0.5904031991958618,0.3745272755622864
1774256023.770,2258.494101192,622,2,sad,1,38.27505600020231,0.009486077353358269,0.021914131939411163,0.661510705947876,0.3070889711380005
1774256023.819,2258.544910427,623,2,sad,1,37.03464799991707,0.007484648376703262,0.015201345086097717,0.691733717918396,0.2855801582336426
1774256023.869,2258.594876255,624,2,sad,1,37.21803700000237,0.004906539339572191,0.010434414260089397,0.5676077604293823,0.41705116629600525
1774256023.921,2258.644703582,625,2,sad,1,38.861557000018365,0.0035282939206808805,0.006986643653362989,0.6054238677024841,0.3840610682964325
1774256023.970,2258.696364726,626,2,sad,1,36.18120200007979,0.0030101127922534943,0.004845441784709692,0.7285979390144348,0.2635464370250702
1774256024.097,2258.81830055,627,2,sad,1,41.08174400016651,0.2051916867494583,0.06293396651744843,0.5244163274765015,0.20745792984962463
1774256024.193,2258.9131237,628,2,sad,1,42.8492829996685,0.13338585197925568,0.04112500697374344,0.46952924132347107,0.35595983266830444
1774256024.270,2258.992356685,629,2,sad,1,39.77272500014806,0.09161341190338135,0.03240980580449104,0.5659769177436829,0.3099997937679291
1774256024.323,2259.044642089,630,3,angry,1,40.513133000331436,0.0595523901283741,0.021114015951752663,0.3806961476802826,0.5386373996734619
1774256024.373,2259.096896141,631,2,sad,1,38.482242000100086,0.03927415981888771,0.02895139530301094,0.4778010845184326,0.45397329330444336
1774256024.422,2259.146389208,632,3,angry,1,38.389778999771806,0.025586990639567375,0.019000118598341942,0.44093310832977295,0.5144796967506409
1774256024.471,2259.196304072,633,2,sad,1,37.736389999736275,0.016783909872174263,0.012619396671652794,0.6105709075927734,0.36002570390701294
1774256024.520,2259.24754279,634,2,sad,1,35.38033099994209,0.011041020043194294,0.00823533721268177,0.7020654678344727,0.2786581516265869
1774256024.570,2259.296667894,635,2,sad,1,35.474905999762996,0.011623125523328781,0.0061367894522845745,0.7640287280082703,0.2182113379240036
1774256024.617,2259.344309182,636,2,sad,1,35.58740600010424,0.00792884360998869,0.007780672516673803,0.7869811058044434,0.19730933010578156
1774256024.667,2259.393387101,637,2,sad,1,36.5643509999245,0.007937358692288399,0.005611415021121502,0.8111177682876587,0.1753333956003189
1774256024.716,2259.443889429,638,2,sad,1,34.523238000019774,0.00740793626755476,0.008528380654752254,0.8013992309570312,0.18266436457633972
1774256024.766,2259.4931012,639,2,sad,1,35.482219999721565,0.14880238473415375,0.11627906560897827,0.5984132289886475,0.13650524616241455
1774256024.818,2259.543004101,640,2,sad,1,37.472926000191364,0.10447171330451965,0.39360755681991577,0.4022749066352844,0.09964573383331299
1774256024.868,2259.59516719,641,2,sad,1,35.38675699974192,0.093215212225914,0.385507732629776,0.40962690114974976,0.11165007948875427
1774256024.919,2259.644705794,642,1,happy,1,37.18846299989309,0.13168862462043762,0.40879660844802856,0.35616087913513184,0.1033538281917572
1774256025.005,2259.722230741,643,2,sad,1,45.02315599984286,0.08627688139677048,0.29533615708351135,0.5272340774536133,0.09115277975797653
1774256025.073,2259.795871888,644,2,sad,1,39.84324300017761,0.058053139597177505,0.19973276555538177,0.6365295648574829,0.10568448901176453
1774256025.127,2259.851545832,645,2,sad,1,37.91027900024346,0.03777423873543739,0.13001218438148499,0.49833446741104126,0.3338790833950043
1774256025.174,2259.902237401,646,2,sad,1,34.27708999970491,0.02619936875998974,0.08479349315166473,0.5903725624084473,0.29863446950912476
1774256025.221,2259.947813298,647,2,sad,1,36.11229500029367,0.019970590248703957,0.057287391275167465,0.594765305519104,0.3279765844345093
1774256025.271,2259.995274475,648,2,sad,1,38.38348199997199,0.013104883022606373,0.03750171512365341,0.7126929759979248,0.23670032620429993
1774256025.320,2260.044899616,649,2,sad,1,37.35287100016649,0.008716455660760403,0.024777693673968315,0.7480559349060059,0.21844983100891113
1774256025.367,2260.094624684,650,2,sad,1,35.44742400026735,0.006079596932977438,0.046186886727809906,0.7153116464614868,0.23242181539535522
1774256025.416,2260.144563789,651,2,sad,1,34.235366999837424,0.004526165314018726,0.09743689000606537,0.68284010887146,0.21519675850868225
1774256025.463,2260.191391687,652,2,sad,1,34.70059000028414,0.0031526661477983,0.06381043791770935,0.7800946235656738,0.15294216573238373
1774256025.510,2260.237703548,653,2,sad,1,34.54781200025536,0.0024034094531089067,0.04213773459196091,0.768069863319397,0.18738886713981628
1774256025.557,2260.284226483,654,2,sad,1,34.99590499995975,0.001727029331959784,0.029606128111481667,0.7181663513183594,0.2505003809928894
1774256025.604,2260.332606457,655,2,sad,1,34.367088999715634,0.003449502633884549,0.14515744149684906,0.65024733543396,0.20114564895629883
1774256025.652,2260.379873485,656,2,sad,1,35.00421999979153,0.0027585402131080627,0.0991818979382515,0.6999266147613525,0.19813284277915955
1774256025.700,2260.42691755,657,2,sad,1,35.945091000030516,0.002473212778568268,0.07320152968168259,0.7453931570053101,0.17893201112747192
1774256025.748,2260.475762858,658,2,sad,1,34.47381099977065,0.003357375506311655,0.1562010496854782,0.6513104438781738,0.18913109600543976
1774256025.813,2260.5264305,659,2,sad,1,48.75958599996011,0.0025815994013100863,0.10156165808439255,0.7708590626716614,0.12499761581420898
1774256025.869,2260.591333861,660,2,sad,1,40.69290999996156,0.0018099681474268436,0.06934452801942825,0.6159350872039795,0.31291040778160095
1774256025.918,2260.645299044,661,2,sad,1,35.56307200005904,0.0017588851042091846,0.04584866762161255,0.7094148397445679,0.2429775595664978
1774256025.967,2260.693963036,662,2,sad,1,35.614758000065194,0.0012166529195383191,0.03133975714445114,0.6797943115234375,0.2876491844654083
1774256026.016,2260.742602899,663,2,sad,1,35.561721000249236,0.0011903626145794988,0.022184647619724274,0.7595365047454834,0.21708837151527405
1774256026.124,2260.843068906,664,2,sad,1,43.11643199980608,0.001123478403314948,0.030780993402004242,0.8014318943023682,0.16666360199451447
1774256026.191,2260.914469218,665,2,sad,1,39.599446000011085,0.055525291711091995,0.03186992183327675,0.7761585712432861,0.13644617795944214
1774256026.241,2260.967709678,666,2,sad,1,35.68318299994644,0.06319110840559006,0.059797100722789764,0.7395800948143005,0.13743168115615845
1774256026.290,2261.016066522,667,2,sad,1,36.724814000081096,0.04109325259923935,0.03918280079960823,0.6364464163780212,0.2832774817943573
1774256026.340,2261.063788069,668,2,sad,1,38.995538000108354,0.026728393509984016,0.025600606575608253,0.7060193419456482,0.24165157973766327
1774256026.390,2261.114637656,669,2,sad,1,37.49192599980233,0.017555607482790947,0.021478621289134026,0.7011889219284058,0.2597768008708954
1774256026.437,2261.163505186,670,2,sad,1,35.812073000215605,0.011469626799225807,0.014044494368135929,0.5661125183105469,0.40837332606315613
1774256026.486,2261.214633051,671,2,sad,1,34.23175699981584,0.02262977324426174,0.048678211867809296,0.5212718844413757,0.4074200987815857
1774256026.535,2261.26270921,672,2,sad,1,34.95864599972265,0.019300684332847595,0.06103955954313278,0.5010046362876892,0.41865503787994385
1774256026.586,2261.312417833,673,3,angry,1,36.07259199998225,0.01484655775129795,0.05008916184306145,0.42406168580055237,0.5110024809837341
1774256026.637,2261.36299805,674,2,sad,1,36.87675899982423,0.011731933802366257,0.0358986034989357,0.49233776330947876,0.4600316286087036
1774256026.687,2261.413203933,675,2,sad,1,36.22925799982113,0.01300605945289135,0.02924322336912155,0.6204553842544556,0.337295264005661
1774256026.737,2261.462426482,676,2,sad,1,36.78544400008832,0.01693885214626789,0.01940044015645981,0.7037347555160522,0.25992581248283386
1774256026.784,2261.511487586,677,2,sad,1,35.52590500021324,0.050938911736011505,0.10058645159006119,0.657287061214447,0.19118744134902954
1774256026.867,2261.58869194,678,2,sad,1,41.41824499993163,0.037293706089258194,0.25709736347198486,0.5596624612808228,0.14594635367393494
1774256026.939,2261.661729531,679,2,sad,1,40.31000299983134,0.024966556578874588,0.17222528159618378,0.45668408274650574,0.34612393379211426
1774256026.990,2261.717157567,680,2,sad,1,35.909961000015755,0.03758980333805084,0.13021351397037506,0.460430383682251,0.3717661201953888
1774256027.039,2261.764202428,681,2,sad,1,37.2602040001766,0.02479943446815014,0.08498323708772659,0.6338702440261841,0.2563469409942627
1774256027.088,2261.812844717,682,2,sad,1,38.0295559998558,0.019660769030451775,0.057433802634477615,0.7224010825157166,0.20050424337387085
1774256027.138,2261.862911674,683,2,sad,1,37.60483399992154,0.014329073950648308,0.03940397500991821,0.799588143825531,0.14667871594429016
1774256027.187,2261.911529759,684,2,sad,1,37.92237099969498,0.020614778622984886,0.1384962797164917,0.7200107574462891,0.12087813019752502
1774256027.237,2261.961702068,685,2,sad,1,37.85961200037491,0.01472095213830471,0.09395860135555267,0.7961517572402954,0.09516867995262146
1774256027.287,2262.012551711,686,2,sad,1,37.04286999982287,0.03733620420098305,0.06607162952423096,0.8234893083572388,0.07310281693935394
1774256027.338,2262.062524408,687,2,sad,1,38.166296999861515,0.03087651915848255,0.06672677397727966,0.8148745894432068,0.08752204477787018
1774256027.399,2262.11376157,688,2,sad,1,47.38338000015574,0.04657990485429764,0.20442235469818115,0.6828052401542664,0.06619241833686829
1774256027.461,2262.177173818,689,2,sad,1,46.731397999792534,0.03231172636151314,0.13502153754234314,0.7843855619430542,0.04828109219670296
1774256027.507,2262.236658488,690,2,sad,1,32.75747699990461,0.027423998340964317,0.09237218648195267,0.8444828987121582,0.035720862448215485
1774256027.552,2262.280629161,691,2,sad,1,34.44416399997863,0.043959423899650574,0.06616679579019547,0.8395258188247681,0.050347886979579926
1774256027.614,2262.329400413,692,2,sad,1,47.58984300042357,0.06586423516273499,0.08249683678150177,0.7946445345878601,0.05699438601732254
1774256027.673,2262.39254479,693,2,sad,1,43.38065399997504,0.04294300079345703,0.05371110886335373,0.772671103477478,0.13067474961280823
1774256027.720,2262.448129679,694,2,sad,1,34.65270100014095,0.11312675476074219,0.08234062790870667,0.6372240781784058,0.167308509349823
1774256052.876,2287.592807361,695,2,sad,1,45.32757600009063,0.0751265212893486,0.05450982600450516,0.7286574840545654,0.14170610904693604
1774256052.948,2287.667807596,696,2,sad,1,43.158917000255315,0.05081936717033386,0.03996698185801506,0.7858943939208984,0.12331920117139816
1774256052.998,2287.725837629,697,2,sad,1,35.128095999880316,0.043944522738456726,0.0280668493360281,0.8467718362808228,0.08121675997972488
1774256053.045,2287.774338982,698,2,sad,1,33.54069800025172,0.28636664152145386,0.08786490559577942,0.5724778175354004,0.05329061299562454
1774256053.091,2287.820708397,699,2,sad,1,33.19056600003023,0.31149137020111084,0.20790089666843414,0.445296049118042,0.03531164675951004
1774256053.137,2287.864775466,700,2,sad,1,35.1678179999908,0.21461546421051025,0.2806381583213806,0.4810665249824524,0.0236798282712698
1774256053.186,2287.913368171,701,1,happy,1,35.051779999776045,0.19338476657867432,0.4667631685733795,0.3242737650871277,0.015578283928334713
1774256053.233,2287.959493825,702,1,happy,1,36.47365799997715,0.1663738489151001,0.4382604956626892,0.3845059275627136,0.010859678499400616
1774256053.280,2288.008770848,703,2,sad,1,34.08999700013737,0.13601087033748627,0.33499017357826233,0.521471381187439,0.007527513895183802
1774256053.324,2288.054550315,704,2,sad,1,32.02867199979664,0.1419478952884674,0.3002173900604248,0.5521177053451538,0.005716984160244465
1774256053.371,2288.09849144,705,2,sad,1,35.09889099996144,0.14099717140197754,0.265949547290802,0.5891828536987305,0.0038703500758856535
1774256053.419,2288.14740885,706,2,sad,1,33.978088999901956,0.12895244359970093,0.2301337718963623,0.6379426717758179,0.0029709457885473967
1774256053.468,2288.19651939,707,2,sad,1,34.44027700015795,0.10842475295066833,0.15760023891925812,0.7319678068161011,0.0020071123726665974
1774256053.518,2288.247129328,708,2,sad,1,33.61134599981597,0.1836148202419281,0.12472295761108398,0.6902953386306763,0.0013667987659573555
1774256053.568,2288.296821983,709,2,sad,1,34.032736999961344,0.2165350317955017,0.09565182030200958,0.6868178844451904,0.000995198730379343
1774256053.620,2288.346933677,710,2,sad,1,35.68811700006336,0.21655896306037903,0.07757402956485748,0.7049227952957153,0.0009441274451091886
1774256053.671,2288.39779482,711,2,sad,1,35.84958000010374,0.2612760663032532,0.06772375106811523,0.6701312065124512,0.0008688813541084528
1774256053.720,2288.448700759,712,2,sad,1,33.515179000005446,0.2696460485458374,0.0612611398100853,0.6684081554412842,0.0006845907773822546
1774256053.770,2288.499603753,713,2,sad,1,32.88330599980327,0.3687048554420471,0.059818606823682785,0.5708522200584412,0.0006242384552024305
1774256053.820,2288.549884912,714,2,sad,1,32.50221100006456,0.365141361951828,0.12240302562713623,0.5117745399475098,0.0006809692131355405
1774256053.870,2288.600400497,715,2,sad,1,32.14045000004262,0.3326280117034912,0.2492554634809494,0.4172907769680023,0.0008256743894889951
1774256053.921,2288.651023286,716,2,sad,1,32.1474689999377,0.2862168550491333,0.31455984711647034,0.39826083183288574,0.0009623649530112743
1774256053.971,2288.701855892,717,1,happy,1,31.77687400011564,0.24197201430797577,0.44225502014160156,0.3148705065250397,0.0009023861493915319
1774256054.020,2288.751462713,718,1,happy,1,31.62518799990721,0.21289582550525665,0.5588721036911011,0.22750383615493774,0.0007281121797859669
1774256054.072,2288.802963785,719,1,happy,1,31.513279000137118,0.15847507119178772,0.6635638475418091,0.17735029757022858,0.0006106796208769083
1774256054.123,2288.852733106,720,1,happy,1,32.42198799989637,0.12222535908222198,0.7479344606399536,0.1292933076620102,0.000546779774595052
1774256054.174,2288.903405173,721,1,happy,1,33.54623499990339,0.0954183042049408,0.8100155591964722,0.09407279640436172,0.0004932362935505807
1774256054.224,2288.953962999,722,1,happy,1,32.72215700008019,0.06244518235325813,0.8656963109970093,0.07152323424816132,0.0003351480991113931
1774256054.275,2289.005110847,723,1,happy,1,32.25065399965388,0.0425039678812027,0.8319755792617798,0.12512578070163727,0.00039458018727600574
1774256054.367,2289.055366726,724,1,happy,1,74.31363799969404,0.028120912611484528,0.8522943258285522,0.11927579343318939,0.0003089117235504091
1774256054.413,2289.142274802,725,1,happy,1,33.39747500012891,0.018886886537075043,0.8972142934799194,0.08367478102445602,0.00022394710686057806
1774256054.458,2289.188081343,726,1,happy,1,32.737953000378184,0.01256061065942049,0.9298278093338013,0.05744987726211548,0.0001615795335965231
1774256054.504,2289.231975337,727,1,happy,1,34.41347999978461,0.010358176194131374,0.9433804750442505,0.04607163742184639,0.00018961873138323426
1774256054.552,2289.279859723,728,1,happy,1,34.4367580000835,0.006998689379543066,0.9598560333251953,0.03300900012254715,0.0001361513277515769
1774256054.598,2289.327189957,729,1,happy,1,33.35541900014505,0.0061107235960662365,0.9611674547195435,0.0325738824903965,0.00014781982463318855
1774256054.642,2289.372491107,730,1,happy,1,32.53500700020595,0.004666222725063562,0.9685652256011963,0.02664899080991745,0.00011942633136641234
1774256054.687,2289.417106493,731,1,happy,1,32.905324999774166,0.01663125306367874,0.9514710903167725,0.0317041277885437,0.00019339346908964217
1774256054.735,2289.463801928,732,1,happy,1,34.047738000026584,0.017642224207520485,0.9553780555725098,0.02674083411693573,0.00023880155640654266
1774256054.784,2289.512824857,733,1,happy,1,34.060737999880075,0.013108835555613041,0.9618359804153442,0.024833744391798973,0.00022132424055598676
1774256054.831,2289.560521371,734,1,happy,1,33.442659999764146,0.010229307226836681,0.9621523022651672,0.0273725725710392,0.0002457412192597985
1774256054.881,2289.610638565,735,1,happy,1,32.90550900010203,0.014774210751056671,0.9492872953414917,0.03554065525531769,0.000397853902541101
1774256054.933,2289.661574263,736,1,happy,1,33.5614020000321,0.01098969392478466,0.9587467312812805,0.029964063316583633,0.0002994998649228364
1774256054.983,2289.711500901,737,1,happy,1,33.62762400001884,0.00827292911708355,0.9121584892272949,0.07934419810771942,0.0002243277704110369
1774256055.034,2289.761805336,738,1,happy,1,35.22629899998719,0.008331874385476112,0.8504444360733032,0.14104320108890533,0.00018044159514829516
1774256055.083,2289.812344384,739,1,happy,1,33.70136500006993,0.008718990720808506,0.717635989189148,0.2734754979610443,0.0001694471575319767
1774256055.135,2289.862824431,740,1,happy,1,34.31712800011155,0.007072183303534985,0.5712707042694092,0.4214709997177124,0.00018600800831336528
1774256055.184,2289.91276879,741,1,happy,1,34.10744099983276,0.03908207640051842,0.5795712471008301,0.3811260759830475,0.000220516201807186
1774256055.235,2289.963110059,742,1,happy,1,34.81205600019166,0.14727260172367096,0.4685721695423126,0.38394126296043396,0.00021385573199950159
1774256055.286,2290.01433861,743,1,happy,1,33.88610699994388,0.2710699439048767,0.39947932958602905,0.3291432559490204,0.0003073509142268449
1774256055.337,2290.065146511,744,2,sad,1,34.064163000039116,0.27292847633361816,0.35150784254074097,0.37513068318367004,0.00043284008279442787
1774256055.386,2290.116167987,745,2,sad,1,32.856156999969244,0.2427455186843872,0.2752956748008728,0.4811832904815674,0.0007753857644274831
1774256055.437,2290.167067703,746,2,sad,1,32.76134199995795,0.25321123003959656,0.26838424801826477,0.4775571823120117,0.0008471754845231771
1774256055.487,2290.216994451,747,2,sad,1,32.38472799966985,0.22712014615535736,0.2579243779182434,0.5140688419342041,0.0008865093113854527
1774256055.537,2290.267924464,748,2,sad,1,32.0991150001646,0.23954007029533386,0.21828943490982056,0.5410733222961426,0.0010970730800181627
1774256055.590,2290.318401122,749,2,sad,1,34.00740400002178,0.24226981401443481,0.191830575466156,0.5644597411155701,0.0014397908234968781
1774256055.638,2290.36873578,750,2,sad,1,32.23911600025531,0.2967357337474823,0.16100218892097473,0.5411356687545776,0.001126307062804699
1774256055.688,2290.418673787,751,2,sad,1,31.909762999930535,0.3990647792816162,0.11724193394184113,0.4829334616661072,0.0007596942596137524
1774256055.741,2290.469318631,752,2,sad,1,34.28862800001298,0.40461301803588867,0.08929464221000671,0.5055563449859619,0.000535832776222378
1774256055.790,2290.520361256,753,2,sad,1,32.49143199991522,0.3842579126358032,0.08346688747406006,0.5317680239677429,0.0005070713814347982
1774256055.840,2290.570228929,754,2,sad,1,32.194856999922195,0.33991774916648865,0.07156408578157425,0.587993323802948,0.0005247493390925229
1774256055.891,2290.621353054,755,2,sad,1,31.995948000258068,0.31677308678627014,0.06863238662481308,0.6140420436859131,0.0005524575244635344
1774256055.942,2290.671917805,756,2,sad,1,32.300080000368325,0.3225821554660797,0.06555510312318802,0.6113004684448242,0.0005622357130050659
1774256055.992,2290.72249426,757,2,sad,1,31.82646699997349,0.23268333077430725,0.052204109728336334,0.7144924402236938,0.0006200483185239136
1774256056.042,2290.772944048,758,2,sad,1,31.655983999826276,0.19954021275043488,0.04387424886226654,0.7556483745574951,0.0009371130727231503
1774256056.093,2290.823727134,759,2,sad,1,32.21131999998761,0.22764049470424652,0.08878999203443527,0.682270884513855,0.001298585906624794
1774256056.144,2290.874228125,760,2,sad,1,32.249264999791194,0.24813750386238098,0.16342955827713013,0.5869085788726807,0.0015242848312482238
1774256056.196,2290.925735955,761,2,sad,1,33.18575100001908,0.28318700194358826,0.18502876162528992,0.5301790833473206,0.0016050998819991946
1774256056.246,2290.975662481,762,2,sad,1,33.29388099973585,0.286751925945282,0.2339964509010315,0.4778710603713989,0.0013804810587316751
1774256056.298,2291.026520215,763,1,happy,1,34.30105300003561,0.23908540606498718,0.4118505120277405,0.3479923903942108,0.0010715554235503078
1774256056.348,2291.077448375,764,1,happy,1,33.45975199999884,0.19740842282772064,0.5092909336090088,0.29243767261505127,0.0008628761279396713
1774256056.398,2291.127315752,765,1,happy,1,33.084472000155074,0.1490912139415741,0.5737008452415466,0.27615824341773987,0.0010495797032490373
1774256056.450,2291.178155615,766,1,happy,1,33.98295900024095,0.11685176193714142,0.6398591995239258,0.24213185906410217,0.001157046528533101
1774256056.501,2291.229546204,767,1,happy,1,34.0436999999838,0.09532584995031357,0.6982473134994507,0.20521925389766693,0.001207481138408184
1774256056.552,2291.280111381,768,1,happy,1,34.424202000082005,0.08100125938653946,0.7352025508880615,0.18252506852149963,0.0012709920993074775
1774256056.603,2291.330659317,769,1,happy,1,34.695481000198924,0.06914350390434265,0.7419148683547974,0.18776088953018188,0.001180628896690905
1774256056.652,2291.381137771,770,1,happy,1,33.56017900023289,0.07336083054542542,0.7225832939147949,0.20274339616298676,0.0013124006800353527
1774256056.703,2291.431186649,771,1,happy,1,34.11045999973794,0.060535840690135956,0.7884941697120667,0.14998412132263184,0.0009857864351943135
1774256056.754,2291.48277098,772,1,happy,1,33.450103999712155,0.046461157500743866,0.843557596206665,0.10924892127513885,0.000732278625946492
1774256056.804,2291.533246638,773,1,happy,1,33.002083000155835,0.04134285822510719,0.8304742574691772,0.1272476613521576,0.0009351673070341349
1774256056.854,2291.583797333,774,1,happy,1,32.44143200026883,0.04387988522648811,0.8421761989593506,0.1133001446723938,0.0006437110714614391
1774256056.904,2291.634194916,775,1,happy,1,32.68474900005458,0.03449540212750435,0.648731529712677,0.31619513034820557,0.0005778489867225289
1774256056.955,2291.685442819,776,2,sad,1,32.59221100006471,0.0245625339448452,0.48406654596328735,0.49094411730766296,0.00042673913412727416
1774256057.005,2291.735338085,777,1,happy,1,32.75747099996806,0.019529005512595177,0.5222114324569702,0.45790547132492065,0.00035402431967668235
1774256057.055,2291.785970799,778,2,sad,1,31.8406699998377,0.024079464375972748,0.45803871750831604,0.5174967050552368,0.0003850286011584103
1774256057.108,2291.837403444,779,2,sad,1,33.49140000000261,0.02340484969317913,0.4593380391597748,0.5169090628623962,0.000347963476087898
1774256057.158,2291.887731748,780,1,happy,1,32.4711359999128,0.020608114078640938,0.5484880208969116,0.43056344985961914,0.0003403833252377808
1774256057.208,2291.938506982,781,1,happy,1,32.54033899975184,0.01849176362156868,0.6247375011444092,0.35649818181991577,0.00027245868113823235
1774256057.258,2291.988868287,782,1,happy,1,31.914299000163737,0.01899108663201332,0.6477139592170715,0.33295249938964844,0.00034234163467772305
1774256057.308,2292.03881146,783,1,happy,1,32.24600500016095,0.0212312750518322,0.6821499466896057,0.29623574018478394,0.0003829509951174259
1774256057.361,2292.089763101,784,1,happy,1,33.789495000291936,0.030479295179247856,0.7395694255828857,0.22967004776000977,0.00028118991758674383
1774256057.414,2292.14167973,785,1,happy,1,34.812315000181115,0.03521187603473663,0.7581301927566528,0.20641867816448212,0.00023918306396808475
1774256057.463,2292.191007881,786,1,happy,1,34.97098299976642,0.029800621792674065,0.7569606304168701,0.2130083441734314,0.00023039005463942885
1774256057.514,2292.241836503,787,1,happy,1,34.42096100025083,0.02990618161857128,0.7810837030410767,0.18875356018543243,0.0002564922906458378
1774256057.563,2292.292626811,788,1,happy,1,33.29628800020146,0.033552441745996475,0.8246176242828369,0.141539067029953,0.0002907620510086417
1774256057.613,2292.342492743,789,1,happy,1,33.55173399995692,0.04614679515361786,0.758307158946991,0.19493907690048218,0.0006068929797038436
1774256057.663,2292.392639917,790,1,happy,1,33.47549299996899,0.045009858906269073,0.7865406274795532,0.1679631471633911,0.0004863492213189602
1774256057.714,2292.442995944,791,1,happy,1,33.81208800010427,0.04794174060225487,0.8187798261642456,0.13288964331150055,0.00038876559119671583
1774256057.765,2292.493615658,792,1,happy,1,33.86840299981486,0.03945241868495941,0.8492394685745239,0.1109752506017685,0.00033286979305557907
1774256057.816,2292.543585943,793,1,happy,1,35.145094000199606,0.03618428483605385,0.8614125847816467,0.10204804688692093,0.00035508984001353383
1774256057.865,2292.593705932,794,1,happy,1,33.68769799999427,0.03799508512020111,0.852438747882843,0.10922953486442566,0.00033661903580650687
1774256057.916,2292.644298849,795,1,happy,1,33.93323600039366,0.034276776015758514,0.8592648506164551,0.10616081207990646,0.000297520135063678
1774256057.969,2292.694973137,796,1,happy,1,37.01891999980944,0.039221882820129395,0.8335096836090088,0.12699581682682037,0.0002725493395701051
1774256058.025,2292.747024155,797,1,happy,1,40.677956999843445,0.03418019041419029,0.842094898223877,0.1234486922621727,0.0002761569630820304
1774256058.075,2292.802637025,798,1,happy,1,35.05670499998814,0.03149561211466789,0.827888011932373,0.14029639959335327,0.000319870887324214
1774256058.121,2292.851259802,799,1,happy,1,32.54070999992109,0.05065558850765228,0.7949380874633789,0.15415117144584656,0.0002550097706262022
1774256058.169,2292.897302065,800,1,happy,1,34.67001799981517,0.04239736124873161,0.831705629825592,0.12568211555480957,0.00021477226982824504
1774256058.221,2292.947713852,801,1,happy,1,35.486669999954756,0.04324262589216232,0.789154052734375,0.16741123795509338,0.00019198210793547332
1774256058.271,2292.998420232,802,1,happy,1,35.147371999755705,0.04142843559384346,0.7461116313934326,0.21218904852867126,0.00027077191043645144
1774256058.320,2293.04835122,803,1,happy,1,33.99651400013681,0.050315797328948975,0.738694429397583,0.21066465973854065,0.0003249822184443474
1774256058.369,2293.099025748,804,1,happy,1,33.000620000166236,0.04169553518295288,0.7359204292297363,0.22208553552627563,0.0002984237507916987
1774256058.422,2293.149700684,805,1,happy,1,35.07179799998994,0.03577088192105293,0.7847754955291748,0.17915454506874084,0.00029898222419433296
1774256058.471,2293.200170453,806,1,happy,1,33.13258300022426,0.03136587142944336,0.7641259431838989,0.20420938730239868,0.0002987449406646192
1774256058.523,2293.251196094,807,1,happy,1,34.595313999943755,0.027777304872870445,0.7908744215965271,0.1810259222984314,0.00032230844954028726
1774256058.572,2293.301579399,808,1,happy,1,32.99182299997483,0.02771925926208496,0.816714882850647,0.15523862838745117,0.0003272262401878834
1774256058.623,2293.351857611,809,1,happy,1,33.39817699998093,0.02874533087015152,0.8427039980888367,0.1282266229391098,0.0003239791258238256
1774256058.671,2293.40194984,810,1,happy,1,32.1411889999581,0.02546161413192749,0.8730074763298035,0.10122760385274887,0.00030320914811454713
1774256058.722,2293.452373163,811,1,happy,1,32.22226399975625,0.04264533519744873,0.8736207485198975,0.08340515196323395,0.0003286413266323507
1774256058.774,2293.503753566,812,1,happy,1,32.76787799995873,0.045412033796310425,0.8743054270744324,0.07986603677272797,0.0004163991252426058
1774256058.823,2293.553740443,813,1,happy,1,31.879594999736582,0.04829738289117813,0.8764322996139526,0.07485056668519974,0.0004196603549644351
1774256058.875,2293.604720603,814,1,happy,1,32.514747000277566,0.04316796734929085,0.8878951072692871,0.0685410350561142,0.00039581279270350933
1774256058.924,2293.654557534,815,1,happy,1,31.890780999674462,0.05214782431721687,0.8879725337028503,0.05953619256615639,0.0003434075624682009
1774256058.976,2293.705322415,816,1,happy,1,33.26660299990181,0.042266812175512314,0.8843702077865601,0.07295595109462738,0.0004069843562319875
1774256059.026,2293.755530349,817,1,happy,1,32.6931920003517,0.04163149744272232,0.9034488201141357,0.054554060101509094,0.0003656110493466258
1774256059.077,2293.806222766,818,1,happy,1,33.803105000060896,0.037913598120212555,0.9064960479736328,0.05517653003334999,0.000413718749769032
1774256059.128,2293.856740034,819,1,happy,1,33.44314000014492,0.04055576026439667,0.904228925704956,0.05470447242259979,0.0005107937613502145
1774256059.178,2293.906941837,820,1,happy,1,33.65614199992706,0.04029826447367668,0.9116525650024414,0.04737962409853935,0.0006695008487440646
1774256059.228,2293.957348809,821,1,happy,1,33.40991799996118,0.037727948278188705,0.913489043712616,0.04801151156425476,0.0007714154780842364
1774256059.280,2294.008082319,822,1,happy,1,34.37766399974862,0.07797874510288239,0.8854723572731018,0.035688042640686035,0.0008607641793787479
1774256059.330,2294.058702865,823,1,happy,1,33.86723499988875,0.18555757403373718,0.7764738202095032,0.036523956805467606,0.0014445644337683916
1774256059.380,2294.108911854,824,1,happy,1,34.134588000142685,0.20666028559207916,0.7574679851531982,0.0316418893635273,0.004229764454066753
1774256059.430,2294.159249343,825,1,happy,1,33.44243700030347,0.2971552014350891,0.6527661085128784,0.040690936148166656,0.009387711994349957
1774256059.481,2294.209808445,826,1,happy,1,33.97175400004926,0.27517569065093994,0.6776841282844543,0.03876525163650513,0.008374900557100773
1774256059.532,2294.260070526,827,1,happy,1,34.435776000009355,0.25320711731910706,0.7087883949279785,0.030921107158064842,0.007083345670253038
1774256059.582,2294.310229292,828,1,happy,1,34.28573800010781,0.2807115912437439,0.6837040185928345,0.028540778905153275,0.007043533027172089
1774256059.633,2294.361486787,829,1,happy,1,33.67180799978087,0.231606125831604,0.7388101816177368,0.022873956710100174,0.006709683686494827
1774256059.683,2294.411973147,830,1,happy,1,33.684789999824716,0.21170328557491302,0.7614378929138184,0.02016691118478775,0.006691893562674522
1774256059.733,2294.46197819,831,1,happy,1,33.61501199970007,0.25858625769615173,0.7113437652587891,0.022941622883081436,0.0071283429861068726
1774256059.784,2294.512839053,832,1,happy,1,34.095181000338926,0.30082881450653076,0.6662907004356384,0.026007845997810364,0.006872603669762611
1774256059.835,2294.562788096,833,1,happy,1,35.1482969999779,0.3101784586906433,0.6602826118469238,0.022973429411649704,0.006565442308783531
1774256059.885,2294.613348123,834,1,happy,1,34.54673900023408,0.30165737867355347,0.6615768074989319,0.026166502386331558,0.010599290952086449
1774256059.936,2294.663606631,835,1,happy,1,34.79529599962916,0.314220666885376,0.6363867521286011,0.03427288681268692,0.01511966809630394
1774256059.985,2294.713623674,836,1,happy,1,34.047421000195754,0.35014718770980835,0.601884126663208,0.03443508222699165,0.01353354100137949
1774256060.036,2294.764275887,837,1,happy,1,34.81325899974763,0.3090492784976959,0.648289680480957,0.030028631910681725,0.012632288038730621
1774256060.087,2294.815570048,838,1,happy,1,34.26208899963967,0.27748873829841614,0.6887937784194946,0.024231689050793648,0.009485648944973946
1774256060.136,2294.865909574,839,1,happy,1,32.910026000081416,0.19176295399665833,0.7810757756233215,0.019886314868927002,0.007274836767464876
1774256060.188,2294.916546342,840,1,happy,1,33.779624000089825,0.13573692739009857,0.8391194343566895,0.01784529909491539,0.007298232987523079
1774256060.239,2294.968575081,841,1,happy,1,33.37621399987256,0.10953345894813538,0.8670313358306885,0.017029210925102234,0.006405848544090986
1774256060.288,2295.017837453,842,1,happy,1,32.494895000127144,0.08663447201251984,0.887485921382904,0.01981493830680847,0.0060645174235105515
1774256060.339,2295.068025867,843,1,happy,1,33.59032600019418,0.09402992576360703,0.8794919848442078,0.02079087868332863,0.005687100812792778
1774256060.388,2295.118329097,844,1,happy,1,32.15472600004432,0.10134994983673096,0.8713020086288452,0.021985843777656555,0.005362135823816061
1774256060.439,2295.169555146,845,1,happy,1,31.854298999860475,0.09227295964956284,0.8798242807388306,0.02214454859495163,0.005758172366768122
1774256060.490,2295.219360373,846,1,happy,1,32.81746999982715,0.12537847459316254,0.8515268564224243,0.01837518811225891,0.004719412885606289
1774256060.540,2295.270575848,847,1,happy,1,32.48917199971402,0.08722030371427536,0.8801872730255127,0.027946338057518005,0.0046459985896945
1774256060.591,2295.319890387,848,1,happy,1,33.80532699975447,0.06071225553750992,0.85007244348526,0.08282503485679626,0.0063901422545313835
1774256060.640,2295.370645841,849,1,happy,1,31.711780000023282,0.04191460832953453,0.8625627756118774,0.08761057257652283,0.00791198294609785
1774256060.691,2295.420747329,850,1,happy,1,33.11956400011695,0.02973213791847229,0.8534941673278809,0.10923939943313599,0.007534210570156574
1774256060.740,2295.471232097,851,1,happy,1,31.75661199975366,0.03694324195384979,0.7349916696548462,0.21098262071609497,0.01708238199353218
1774256060.791,2295.521959606,852,1,happy,1,31.319887999870843,0.0351824052631855,0.756941556930542,0.18878935277462006,0.019086625427007675
1774256060.841,2295.572150928,853,1,happy,1,31.95315099992513,0.023617655038833618,0.8287256956100464,0.13392485678195953,0.013731730170547962
1774256060.892,2295.622552324,854,1,happy,1,32.45365400016453,0.01608915813267231,0.8793856501579285,0.0952720195055008,0.009253126569092274
1774256060.943,2295.673431464,855,1,happy,1,32.42498700001306,0.012566211633384228,0.9042924046516418,0.07683016359806061,0.006311240140348673
1774256060.995,2295.723563897,856,1,happy,1,33.994884000094316,0.01150098443031311,0.9167641401290894,0.06745150685310364,0.004283376038074493
1774256061.045,2295.774441185,857,1,happy,1,33.27612000020963,0.013103262521326542,0.8921837210655212,0.09119594097137451,0.003517012344673276
1774256061.094,2295.824735044,858,1,happy,1,32.22911500006376,0.013814527541399002,0.8586542010307312,0.12414321303367615,0.0033880050759762526
1774256061.147,2295.875692961,859,1,happy,1,33.82230900024297,0.014997167512774467,0.7391955852508545,0.241522878408432,0.004284244030714035
1774256061.202,2295.926523527,860,1,happy,1,37.66084700009742,0.015602299943566322,0.6632055044174194,0.3173096179962158,0.0038824412040412426
1774256061.251,2295.978092522,861,1,happy,1,35.260463999748026,0.01965997740626335,0.6346763968467712,0.3387386202812195,0.006924894638359547
1774256061.300,2296.027488524,862,1,happy,1,34.647145999770146,0.020505353808403015,0.4997975528240204,0.46567827463150024,0.014018731191754341
1774256061.349,2296.077676604,863,1,happy,1,33.80166100032511,0.023135798051953316,0.5181392431259155,0.4466850161552429,0.012039842084050179
1774256061.401,2296.128106816,864,1,happy,1,35.04529599968009,0.021847261115908623,0.5693800449371338,0.39853984117507935,0.010232776403427124
1774256061.450,2296.178070987,865,1,happy,1,34.954629999901954,0.020351067185401917,0.6421160697937012,0.3302133083343506,0.007319445721805096
1774256061.500,2296.227803399,866,1,happy,1,34.436497000115196,0.018701136112213135,0.652184247970581,0.32269394397735596,0.006420621648430824
1774256061.551,2296.278729001,867,1,happy,1,35.090204999960406,0.022852886468172073,0.6407463550567627,0.33064889907836914,0.005751767195761204
1774256061.602,2296.328971638,868,1,happy,1,35.92189400023926,0.01873074658215046,0.6956079006195068,0.28080880641937256,0.004852432757616043
1774256061.653,2296.380164205,869,1,happy,1,35.070111000095494,0.016736581921577454,0.5779849290847778,0.3979945778846741,0.007283804006874561
1774256061.702,2296.430490619,870,2,sad,1,34.40764500010118,0.01769089326262474,0.4779450297355652,0.49748677015304565,0.006877155043184757
1774256061.753,2296.480117067,871,2,sad,1,35.38463200038677,0.01496872678399086,0.4732944369316101,0.5051153898239136,0.006621325388550758
1774256061.803,2296.530461852,872,2,sad,1,34.856461999879684,0.013265188783407211,0.4486578106880188,0.531867504119873,0.006209423765540123
1774256061.853,2296.581202824,873,2,sad,1,34.0116800002761,0.011617426760494709,0.45091336965560913,0.5302221179008484,0.007246959023177624
1774256061.903,2296.632612022,874,2,sad,1,32.80080300010013,0.01209572609513998,0.45626866817474365,0.5235494375228882,0.008086045272648335
1774256061.953,2296.682246581,875,1,happy,1,32.96774899990851,0.012373166158795357,0.5509227514266968,0.42948129773139954,0.0072226254269480705
1774256062.004,2296.733798817,876,2,sad,1,32.76296999956685,0.014653457328677177,0.4767111539840698,0.4992799758911133,0.00935528427362442
1774256062.054,2296.78463353,877,2,sad,1,32.32831900004385,0.015599221922457218,0.38977089524269104,0.5862412452697754,0.008388550952076912
1774256062.105,2296.835043834,878,2,sad,1,32.62550499994177,0.01494978554546833,0.4335147738456726,0.5440249443054199,0.007510391995310783
1774256062.157,2296.886255512,879,1,happy,1,33.10069300005125,0.014058362692594528,0.5077667236328125,0.4722691476345062,0.00590567197650671
1774256062.207,2296.936240017,880,1,happy,1,33.00797000019884,0.02032964676618576,0.5940790772438049,0.38067400455474854,0.00491719413548708
1774256062.257,2296.986560764,881,1,happy,1,33.34076900000582,0.02068983018398285,0.6023767590522766,0.3718281686306,0.005105184856802225
1774256062.310,2297.037330291,882,1,happy,1,34.9025549999169,0.018855249509215355,0.5919495820999146,0.3843348026275635,0.00486025121062994
1774256062.358,2297.087583001,883,1,happy,1,33.018860000083805,0.01922483928501606,0.5180477499961853,0.457771360874176,0.004955928772687912
1774256062.408,2297.137170134,884,1,happy,1,33.50454700012051,0.026010975241661072,0.4862120747566223,0.48297685384750366,0.004799963440746069
1774256062.458,2297.188055292,885,2,sad,1,32.74576499961768,0.024039998650550842,0.44847172498703003,0.5230883359909058,0.004399796482175589
1774256062.509,2297.23815339,886,2,sad,1,33.072747999995045,0.017406966537237167,0.3849804997444153,0.5942452549934387,0.0033671297132968903
1774256062.559,2297.288302303,887,2,sad,1,33.426917000269896,0.013916891068220139,0.3349835276603699,0.6479976177215576,0.003101796144619584
1774256062.611,2297.339225498,888,2,sad,1,34.87701699987156,0.010846411809325218,0.3752993941307068,0.6114140748977661,0.002439951989799738
1774256062.663,2297.390173378,889,2,sad,1,35.20094500026971,0.01056422758847475,0.42576083540916443,0.5615342855453491,0.0021404768340289593
1774256062.713,2297.44162278,890,2,sad,1,34.420384999975795,0.010750510729849339,0.3666032552719116,0.6195905208587646,0.0030555096454918385
1774256062.765,2297.491374728,891,2,sad,1,35.927614999764046,0.00844525545835495,0.30341893434524536,0.6853729486465454,0.0027626894880086184
1774256062.813,2297.541477178,892,2,sad,1,33.910289999766974,0.007518158294260502,0.24672840535640717,0.7429218292236328,0.002831500954926014
1774256062.862,2297.591437627,893,2,sad,1,33.072193000407424,0.007320042699575424,0.20722641050815582,0.7828629016876221,0.002590553369373083
1774256062.916,2297.641808948,894,2,sad,1,36.3250440000229,0.011506948620080948,0.2641538083553314,0.721808671951294,0.002530505880713463
1774256062.964,2297.69280657,895,2,sad,1,33.798845000092115,0.011979084461927414,0.2774248719215393,0.7076325416564941,0.002963428618386388
1774256063.016,2297.743745894,896,2,sad,1,34.774405999996816,0.00916699506342411,0.21783201396465302,0.7700448632240295,0.0029560690745711327
1774256063.071,2297.794460255,897,2,sad,1,38.73175999979139,0.010555382817983627,0.2636474668979645,0.722886323928833,0.002910798182711005
1774256063.128,2297.848556763,898,2,sad,1,41.5864970000257,0.011241534724831581,0.2378377467393875,0.7476998567581177,0.003220783080905676
1774256063.181,2297.906178604,899,2,sad,1,36.95299099990734,0.011933723464608192,0.31298959255218506,0.6718078851699829,0.0032687392085790634
1774256063.226,2297.955662531,900,2,sad,1,32.61411699986638,0.011644816026091576,0.3427625000476837,0.6418277621269226,0.0037648333236575127
1774256063.271,2298.001606477,901,2,sad,1,32.39100499968117,0.009866648353636265,0.40834325551986694,0.5783684253692627,0.0034215301275253296
1774256063.321,2298.048721856,902,2,sad,1,34.7689239997635,0.008069630712270737,0.3736369013786316,0.6146801710128784,0.003613194217905402
1774256063.373,2298.097689429,903,2,sad,1,38.00531199976831,0.007020171731710434,0.3025459945201874,0.6871597170829773,0.0032740393653512
1774256063.436,2298.151900511,904,2,sad,1,46.456671000214556,0.005715274717658758,0.31487104296684265,0.6764611005783081,0.0029525337740778923
1774256063.488,2298.213417891,905,2,sad,1,36.73550899975453,0.006474360357969999,0.26910144090652466,0.7211712002754211,0.0032529733143746853
1774256063.535,2298.263156876,906,2,sad,1,34.66059000038513,0.006261481903493404,0.36574414372444153,0.6247920989990234,0.003202247666195035
1774256063.582,2298.310366384,907,1,happy,1,34.58703499973126,0.006334766745567322,0.5146452188491821,0.47669899463653564,0.002320946892723441
1774256063.630,2298.358444194,908,1,happy,1,33.860011999877315,0.004737793002277613,0.6657986044883728,0.32786259055137634,0.0016009635291993618
1774256063.677,2298.405001087,909,1,happy,1,34.58153500014305,0.004423048347234726,0.740547776222229,0.2539602220058441,0.0010689147748053074
1774256063.723,2298.452488579,910,1,happy,1,33.57667699992817,0.003446669317781925,0.8244157433509827,0.17142057418823242,0.0007169498130679131
1774256063.773,2298.502712844,911,1,happy,1,32.80250599982537,0.002753717824816704,0.6927977800369263,0.3039560317993164,0.0004924223758280277
1774256063.823,2298.552477143,912,1,happy,1,33.40619499977038,0.0020578799303621054,0.5826596021652222,0.4149056077003479,0.0003768723108805716
1774256063.874,2298.602649445,913,1,happy,1,33.720807999998215,0.0015834770165383816,0.5233304500579834,0.47478893399238586,0.00029707240173593163
1774256063.924,2298.653988512,914,2,sad,1,33.0195259998618,0.0012855243403464556,0.45321139693260193,0.5452438592910767,0.00025917321909219027
1774256063.975,2298.704620039,915,1,happy,1,33.128600000054576,0.001336458371952176,0.6363914012908936,0.3620837330818176,0.00018835451919585466
1774256064.026,2298.75535664,916,1,happy,1,32.761968999693636,0.002102507511153817,0.7604185342788696,0.23735381662845612,0.00012505917402449995
1774256064.076,2298.806480705,917,1,happy,1,32.628061000195885,0.0029415530152618885,0.839113712310791,0.15785478055477142,8.982797589851543e-05
1774256064.127,2298.855967151,918,1,happy,1,33.16630499966777,0.003673138562589884,0.8828598260879517,0.11335720866918564,0.00010968673450406641
1774256064.177,2298.906745123,919,1,happy,1,32.58672700030729,0.0030355260241776705,0.8139218091964722,0.18291592597961426,0.00012657088518608361
1774256064.229,2298.957368371,920,1,happy,1,33.907327000179066,0.0022601797245442867,0.6077364683151245,0.3898557424545288,0.0001474620366934687
1774256064.280,2299.007834896,921,2,sad,1,35.039480999785155,0.00295265787281096,0.40910542011260986,0.5878307819366455,0.00011108139005955309
1774256064.331,2299.058200958,922,2,sad,1,35.16912900022362,0.0029905422125011683,0.3353945314884186,0.6615256071090698,8.92842945177108e-05
1774256064.380,2299.108507352,923,2,sad,1,33.87982699996428,0.003621188458055258,0.2982333302497864,0.6980637311935425,8.169910142896697e-05
1774256064.429,2299.158388374,924,2,sad,1,33.445417000166344,0.0032876022160053253,0.2518678903579712,0.7447792291641235,6.521499017253518e-05
1774256064.480,2299.208661139,925,2,sad,1,33.55193600009443,0.003933277912437916,0.290729820728302,0.7052611708641052,7.562529935967177e-05
1774256064.532,2299.25975802,926,2,sad,1,34.96012799996606,0.00341511657461524,0.30802589654922485,0.6884918212890625,6.705735722789541e-05
1774256064.581,2299.309820691,927,2,sad,1,34.106087000054686,0.004271563142538071,0.39637094736099243,0.5992673635482788,9.007558401208371e-05
1774256064.632,2299.359834621,928,2,sad,1,34.33155099992291,0.004503630101680756,0.44459229707717896,0.5508208274841309,8.316526509588584e-05
1774256064.682,2299.410771186,929,2,sad,1,33.64536199978829,0.004098563455045223,0.3716171383857727,0.624214231967926,6.997481978032738e-05
1774256064.733,2299.461644546,930,2,sad,1,34.196272999906796,0.003643237054347992,0.3149236738681793,0.6813804507255554,5.256549775367603e-05
1774256064.783,2299.511623828,931,2,sad,1,34.365310999874055,0.003730819094926119,0.30457156896591187,0.6916568875312805,4.061816798639484e-05
1774256064.836,2299.562881172,932,2,sad,1,35.31868600020971,0.006028957199305296,0.4232633709907532,0.5706671476364136,4.045680907438509e-05
1774256064.886,2299.613367494,933,2,sad,1,35.06222199985132,0.005440777167677879,0.3590288460254669,0.6354963779449463,3.393876613699831e-05
1774256064.937,2299.663699537,934,2,sad,1,35.438334999980725,0.004189676605165005,0.3126622438430786,0.683110237121582,3.774938886635937e-05
1774256064.987,2299.714010561,935,2,sad,1,35.12588900002811,0.0031524416990578175,0.22762484848499298,0.7691758871078491,4.679836274590343e-05
1774256065.036,2299.764147844,936,2,sad,1,34.1782539999258,0.0037315567024052143,0.17133918404579163,0.8248893618583679,3.981252302764915e-05
1774256065.087,2299.813856846,937,2,sad,1,35.46987200024887,0.003636798821389675,0.23001500964164734,0.7662659287452698,8.212312968680635e-05
1774256065.137,2299.864479353,938,2,sad,1,35.284166999645095,0.0034221624955534935,0.28185945749282837,0.7146243453025818,9.393328218720853e-05
1774256065.188,2299.915916068,939,2,sad,1,34.77696099980676,0.002911635907366872,0.4661903381347656,0.5308223366737366,7.562163227703422e-05
1774256065.238,2299.966081054,940,1,happy,1,34.21273599997221,0.0027317656204104424,0.6226236820220947,0.3745858371257782,5.8592817367753014e-05
1774256065.289,2300.017144916,941,1,happy,1,34.455533000254945,0.002630531322211027,0.7443706393241882,0.2529531717300415,4.5531785872299224e-05
1774256065.339,2300.067329735,942,1,happy,1,34.003715999915585,0.0023553003557026386,0.8289544582366943,0.16865773499011993,3.248282155254856e-05
1774256065.390,2300.117939483,943,1,happy,1,34.276550999948086,0.002193248365074396,0.8864383101463318,0.11134547740221024,2.2953339794185013e-05
1774256065.441,2300.168795213,944,1,happy,1,34.479071000077965,0.0027552784886211157,0.9183502197265625,0.07887423783540726,2.0260567907826044e-05
1774256065.489,2300.218806847,945,1,happy,1,32.65391200011436,0.0022300451528280973,0.9437520503997803,0.054003383964300156,1.4518502212013118e-05
1774256065.540,2300.269450465,946,1,happy,1,33.06139599999369,0.002716033486649394,0.9548693299293518,0.04239916801452637,1.540810990263708e-05
1774256065.592,2300.319347691,947,1,happy,1,35.729095000078814,0.0031816852279007435,0.9651383757591248,0.03166606277227402,1.3759223293163814e-05
1774256065.641,2300.370512386,948,1,happy,1,33.56476899989502,0.0032831199932843447,0.9723871946334839,0.024317897856235504,1.1658920811896678e-05
1774256065.693,2300.421156819,949,1,happy,1,34.34490300014659,0.0035552382469177246,0.9772285223007202,0.01920563355088234,1.0471514542587101e-05
1774256065.743,2300.471308842,950,1,happy,1,33.96912300013355,0.002714703790843487,0.9836841821670532,0.013592944480478764,8.096541023405734e-06
1774256065.791,2300.521664403,951,1,happy,1,32.234058999620174,0.002171498956158757,0.9874887466430664,0.01033318042755127,6.4742225731606595e-06
1774256065.842,2300.571962316,952,1,happy,1,32.518300999981875,0.0017159911803901196,0.9903724193572998,0.00790572538971901,5.7410488807363436e-06
1774256065.895,2300.622317729,953,1,happy,1,35.19225900026868,0.002129438566043973,0.9832364320755005,0.014625144191086292,8.850714948493987e-06
1774256065.945,2300.672560401,954,1,happy,1,35.115555000174936,0.0020611330401152372,0.9873789548873901,0.010552240535616875,7.587181244161911e-06
1774256065.996,2300.723417557,955,1,happy,1,34.988313999747334,0.002301451051607728,0.9892382025718689,0.008452879264950752,7.326384547923226e-06
1774256066.047,2300.774003157,956,1,happy,1,35.338407999915944,0.0021094928961247206,0.9911176562309265,0.0067666517570614815,6.083420885261148e-06
1774256066.096,2300.824320569,957,1,happy,1,33.83464099988487,0.0020906722638756037,0.9896934628486633,0.008208343759179115,7.3662149588926695e-06
1774256066.146,2300.875446393,958,1,happy,1,33.25367500019638,0.0032896301709115505,0.9884477853775024,0.008253753185272217,8.679384336574003e-06
1774256066.197,2300.925908399,959,1,happy,1,34.11836499981291,0.0030471438076347113,0.9900592565536499,0.006886152550578117,7.323391855607042e-06
1774256066.248,2300.976893389,960,1,happy,1,33.3584529998916,0.0029789304826408625,0.9878953099250793,0.009118850342929363,6.81194978824351e-06
1774256066.303,2301.028216103,961,1,happy,1,37.33273399984682,0.0030645281076431274,0.9879027605056763,0.009026290848851204,6.323251000139862e-06
1774256066.353,2301.078995278,962,1,happy,1,36.661692000052426,0.0032095431815832853,0.986714243888855,0.010066873393952847,9.24540563573828e-06
1774256066.416,2301.130637382,963,1,happy,1,47.907807000228786,0.0023536072112619877,0.9896897673606873,0.007949793711304665,6.729236702085473e-06
1774256066.475,2301.193971456,964,1,happy,1,43.335450000085984,0.002240268047899008,0.9903297424316406,0.007422618567943573,7.239277238113573e-06
1774256066.520,2301.248566928,965,1,happy,1,34.11088300026677,0.0018584254430606961,0.9920199513435364,0.006115918979048729,5.598089956038166e-06
1774256066.568,2301.295406229,966,1,happy,1,35.22214799977519,0.0016397667350247502,0.9921649694442749,0.006189800798892975,5.380313268688042e-06
1774256066.615,2301.34299459,967,1,happy,1,35.08490699960021,0.001420443644747138,0.9915895462036133,0.006984602194279432,5.3375492825580295e-06
1774256066.667,2301.390851323,968,1,happy,1,38.63283300006515,0.0015730346785858274,0.9928409457206726,0.005580587312579155,5.343349585018586e-06
1774256066.717,2301.442219519,969,1,happy,1,37.59199400019497,0.0021317144855856895,0.9764448404312134,0.021417034789919853,6.3821444200584665e-06
1774256066.767,2301.492851489,970,1,happy,1,37.025231000370695,0.0017711296677589417,0.9813804030418396,0.0168437659740448,4.667652319767512e-06
1774256066.814,2301.542567972,971,1,happy,1,34.13882799986823,0.0016201348043978214,0.9848639965057373,0.013511797413229942,4.04357797378907e-06
1774256066.860,2301.589159124,972,1,happy,1,33.3605460000399,0.002200203947722912,0.9760591387748718,0.021732952445745468,7.6154860835231375e-06
1774256066.906,2301.635227774,973,1,happy,1,33.77017699995122,0.0024879565462470055,0.974641740322113,0.022862879559397697,7.347198334173299e-06
1774256066.956,2301.685148758,974,1,happy,1,33.21687799962092,0.0030447058379650116,0.9785251617431641,0.018422815948724747,7.198156708909664e-06
1774256067.004,2301.735072354,975,1,happy,1,31.88677900016046,0.003970974124968052,0.9784217476844788,0.017596401274204254,1.0766250852611847e-05
1774256067.056,2301.78597514,976,1,happy,1,32.22429800007376,0.00331308227032423,0.9761720299720764,0.020504672080278397,1.0119505532202311e-05
1774256067.106,2301.836261681,977,1,happy,1,32.37854000008156,0.0027426155284047127,0.9816274642944336,0.015619211830198765,1.057922600011807e-05
1774256067.156,2301.887122911,978,1,happy,1,31.7878330001804,0.00263400049880147,0.984047532081604,0.013309204019606113,9.142933777184226e-06
1774256067.210,2301.939094054,979,1,happy,1,33.97395599995434,0.002157483948394656,0.9884275197982788,0.00940779596567154,7.04687863617437e-06
1774256067.261,2301.989121168,980,1,happy,1,34.98453599968343,0.002480452647432685,0.9894815683364868,0.008030172437429428,7.677715984755196e-06
1774256067.310,2302.039528896,981,1,happy,1,32.634912000048644,0.0021213984582573175,0.9918468594551086,0.006025142036378384,6.519440830743406e-06
1774256067.360,2302.089494436,982,1,happy,1,32.77472699983264,0.001775610726326704,0.9937690496444702,0.004449987318366766,5.286656687530922e-06
1774256067.411,2302.139795311,983,1,happy,1,33.40308199994979,0.002916619647294283,0.9928396940231323,0.004237181972712278,6.413203664124012e-06
1774256067.461,2302.190423965,984,1,happy,1,32.80222800003685,0.0025370039511471987,0.9929625988006592,0.0044940924271941185,6.2335429902304895e-06
1774256067.512,2302.240733729,985,1,happy,1,33.6993809996784,0.0028210277669131756,0.9924763441085815,0.004696868360042572,5.70322936255252e-06
1774256067.562,2302.291012919,986,1,happy,1,33.91019599985157,0.003363389056175947,0.990231990814209,0.006398490164428949,6.0578058764804155e-06
1774256067.612,2302.341651814,987,1,happy,1,32.926079999924696,0.003352516330778599,0.7711632251739502,0.2254498153924942,3.4415355912642553e-05
1774256067.664,2302.392122208,988,1,happy,1,34.716331000254286,0.002729418221861124,0.5122388005256653,0.4848625361919403,0.00016913794388528913
1774256067.714,2302.442333583,989,2,sad,1,34.14473499969972,0.0021336236968636513,0.34847426414489746,0.6492319703102112,0.00016004816279746592
1774256067.763,2302.492281549,990,2,sad,1,33.80225099999734,0.0035033677704632282,0.28976428508758545,0.6979417204856873,0.008790530264377594
1774256067.814,2302.542471868,991,2,sad,1,34.086492999904294,0.0026251627132296562,0.1942364126443863,0.6959481835365295,0.10719013214111328
1774256067.863,2302.592836335,992,2,sad,1,33.105322000210435,0.023984475061297417,0.12908793985843658,0.761132001876831,0.08579544723033905
1774256067.915,2302.643053062,993,2,sad,1,34.133456999825285,0.03355596959590912,0.0926252231001854,0.6468345522880554,0.2269841432571411
1774256067.967,2302.694178645,994,2,sad,1,35.36898199990901,0.05358850210905075,0.06639976799488068,0.6035839915275574,0.27642762660980225
1774256069.293,2304.009586182,995,2,sad,1,46.297798000068724,0.041424281895160675,0.06734083592891693,0.7095718383789062,0.181662917137146
1774256069.373,2304.08753272,996,2,sad,1,48.22714100009762,0.045060232281684875,0.0647382065653801,0.7668983936309814,0.12330304831266403
1774256069.422,2304.147075865,997,2,sad,1,37.47223300024416,0.03329141438007355,0.051343586295843124,0.8314521908760071,0.0839126780629158
1774256069.470,2304.196144788,998,2,sad,1,36.065280999991955,0.027113929390907288,0.03461605682969093,0.8819876909255981,0.0562821663916111
1774256069.519,2304.243670129,999,2,sad,1,38.03445800031113,0.03664780408143997,0.032948579639196396,0.8905160427093506,0.0398874469101429
1774256069.566,2304.292952091,1000,2,sad,1,35.18681299965465,0.0247641708701849,0.27147209644317627,0.6763166785240173,0.027446959167718887
1774256069.612,2304.340667822,1001,2,sad,1,33.976826000071014,0.025976723060011864,0.26750925183296204,0.6720188856124878,0.034495092928409576
1774256069.656,2304.385976114,1002,2,sad,1,32.1502239999063,0.03377491235733032,0.3164888620376587,0.6098196506500244,0.03991648554801941
1774256069.702,2304.431190314,1003,2,sad,1,33.84913999980199,0.02963470108807087,0.30082041025161743,0.6410391330718994,0.028505662456154823
1774256069.748,2304.477022887,1004,2,sad,1,33.31865599966477,0.03400060161948204,0.2748803496360779,0.6636183261871338,0.027500620111823082
1774256069.795,2304.524360079,1005,2,sad,1,33.62589800008209,0.024389954283833504,0.18555083870887756,0.7708135843276978,0.01924552023410797
1774256069.843,2304.571208046,1006,2,sad,1,34.447791000275174,0.04093031585216522,0.19568687677383423,0.7469449043273926,0.016437876969575882
1774256069.893,2304.621504735,1007,2,sad,1,34.42716199970164,0.03698214143514633,0.19188793003559113,0.7306980490684509,0.04043186083436012
1774256069.943,2304.672076944,1008,2,sad,1,33.12308100021255,0.032820746302604675,0.17806462943553925,0.7516798973083496,0.03743467479944229
1774256069.995,2304.722376244,1009,2,sad,1,35.54194500020458,0.0236494317650795,0.11841099709272385,0.8317244648933411,0.02621503733098507
1774256070.045,2304.773086954,1010,2,sad,1,34.02965899977062,0.017987031489610672,0.14941173791885376,0.8151131868362427,0.017487986013293266
1774256070.094,2304.823369402,1011,2,sad,1,33.571379000022716,0.028796622529625893,0.14489690959453583,0.8079248070716858,0.018381580710411072
1774256070.145,2304.873780628,1012,2,sad,1,33.61984200000734,0.020792925730347633,0.09743969142436981,0.7365326285362244,0.14523470401763916
1774256072.619,2307.345317596,1013,2,sad,1,36.37420800032487,0.15097516775131226,0.18741539120674133,0.5563745498657227,0.10523480921983719
