timestamp_unix,packet_ts,seq,argmax_idx,argmax_label,face_detected,latency_ms,neutral,happy,sad,angry
1774268438.009,3477.725310329,0,2,sad,1,38.81606599998122,0.0034989535342901945,0.0013156285276636481,0.8633885383605957,0.13179683685302734
1774268438.128,3477.84205949,1,2,sad,1,40.486386000338825,0.0030622887425124645,0.0016098031774163246,0.8844491839408875,0.11087861657142639
1774268438.183,3477.897412504,2,2,sad,1,39.92269900027168,0.04078767076134682,0.019260307773947716,0.7932525873184204,0.14669932425022125
1774268438.234,3477.94959621,3,2,sad,1,39.19706699980452,0.03179055452346802,0.018442543223500252,0.6885794401168823,0.261187344789505
1774268438.284,3478.002912272,4,2,sad,1,35.36833100042713,0.025876980274915695,0.03019878640770912,0.5653120875358582,0.37861204147338867
1774268438.331,3478.052323432,5,2,sad,1,33.30863800010775,0.020906949415802956,0.03379380702972412,0.4977434575557709,0.44755566120147705
1774268438.377,3478.097979633,6,3,angry,1,33.714380000219535,0.018647100776433945,0.038899488747119904,0.4285848140716553,0.5138684511184692
1774268438.424,3478.144670338,7,3,angry,1,33.84491799988609,0.01750708371400833,0.05532103031873703,0.41450703144073486,0.5126646757125854
1774268438.469,3478.19152408,8,3,angry,1,32.028393000018696,0.01915852352976799,0.05750046670436859,0.44559645652770996,0.4777444005012512
1774268438.514,3478.236292019,9,3,angry,1,32.344950000151584,0.0283733569085598,0.08967912197113037,0.4389721155166626,0.4429752826690674
1774268438.561,3478.282598908,10,3,angry,1,32.601339999928314,0.022999674081802368,0.08306781947612762,0.43450844287872314,0.4594239592552185
1774268438.607,3478.328569425,11,3,angry,1,33.08828600029301,0.023865655064582825,0.08011285960674286,0.42167845368385315,0.474342942237854
1774268438.653,3478.375608706,12,3,angry,1,32.49646799986294,0.019934626296162605,0.0650082677602768,0.4222952723503113,0.4927617311477661
1774268438.703,3478.423352618,13,3,angry,1,34.07143799995538,0.0192231647670269,0.07719049602746964,0.429734468460083,0.4738517999649048
1774268438.749,3478.470724103,14,3,angry,1,32.62345099983577,0.014090972021222115,0.09264546632766724,0.3379388153553009,0.5553246736526489
1774268438.795,3478.516290193,15,3,angry,1,33.597917000406596,0.016192888841032982,0.10341541469097137,0.3795778155326843,0.5008138418197632
1774268438.841,3478.562967657,16,3,angry,1,33.07148999965648,0.023663120344281197,0.09440359473228455,0.35933971405029297,0.5225934982299805
1774268438.888,3478.609186361,17,3,angry,1,33.194063999872014,0.019382717087864876,0.0861683040857315,0.3423839509487152,0.5520649552345276
1774268438.933,3478.655809677,18,3,angry,1,31.83989199987991,0.018549393862485886,0.09437350928783417,0.36100488901138306,0.5260721445083618
1774268438.979,3478.701183266,19,3,angry,1,32.46920899982797,0.02332669496536255,0.10442844033241272,0.36659592390060425,0.5056489109992981
1774268439.028,3478.746598355,20,3,angry,1,36.1033710000811,0.01905091665685177,0.12236713618040085,0.3061474561691284,0.5524344444274902
1774268439.074,3478.796355775,21,3,angry,1,32.68878400012909,0.02543165720999241,0.11517064273357391,0.33456239104270935,0.5248352289199829
1774268439.121,3478.841802068,22,3,angry,1,34.15545600000769,0.020162153989076614,0.09001386165618896,0.3870924413204193,0.502731442451477
1774268439.166,3478.889629296,23,3,angry,1,30.923926000014035,0.023959852755069733,0.07381737232208252,0.3855619430541992,0.516660749912262
1774268439.212,3478.9341274,24,3,angry,1,32.39144999997734,0.02147846668958664,0.0692957267165184,0.38264042139053345,0.5265852808952332
1774268439.258,3478.980331733,25,3,angry,1,32.500727999831724,0.019723569974303246,0.08443808555603027,0.38239800930023193,0.5134402513504028
1774268439.307,3479.02884913,26,3,angry,1,33.254101000238734,0.017929676920175552,0.06286998838186264,0.4071670174598694,0.5120332837104797
1774268439.358,3479.079484886,27,3,angry,1,33.15480499986734,0.022641398012638092,0.06615789234638214,0.4006171226501465,0.5105835199356079
1774268439.409,3479.129931346,28,3,angry,1,33.263434000218695,0.03172599524259567,0.06645267456769943,0.40287667512893677,0.49894458055496216
1774268439.459,3479.180595454,29,3,angry,1,33.47763900001155,0.02856232225894928,0.07991808652877808,0.4260353446006775,0.4654841423034668
1774268439.509,3479.230508467,30,3,angry,1,33.3155639996221,0.02390322834253311,0.06484980881214142,0.4432700574398041,0.46797680854797363
1774268439.560,3479.281144501,31,3,angry,1,33.395230999758496,0.02339325100183487,0.062334511429071426,0.4421387016773224,0.47213345766067505
1774268439.610,3479.332719742,32,3,angry,1,32.22904199992627,0.025636781007051468,0.05906572565436363,0.4341279864311218,0.4811694324016571
1774268439.661,3479.384491466,33,3,angry,1,30.717369000285544,0.02030511572957039,0.04557225853204727,0.4497564136981964,0.48436611890792847
1774268439.712,3479.434959258,34,3,angry,1,31.85922600005142,0.017512064427137375,0.039870403707027435,0.41767746210098267,0.5249399542808533
1774268439.762,3479.484985938,35,3,angry,1,32.09948599987911,0.020968355238437653,0.046696946024894714,0.436210572719574,0.4961240291595459
1774268439.812,3479.536861681,36,3,angry,1,30.31433099977221,0.023854374885559082,0.052122652530670166,0.45826297998428345,0.46575990319252014
1774268439.862,3479.586036043,37,3,angry,1,31.058314999881986,0.03220000118017197,0.0597725510597229,0.43703675270080566,0.4709905982017517
1774268439.913,3479.63704993,38,2,sad,1,30.674259000079473,0.030659547075629234,0.06723187863826752,0.46972739696502686,0.4323810935020447
1774268439.964,3479.688073003,39,2,sad,1,30.752517999644624,0.02413623034954071,0.05099737271666527,0.4758697748184204,0.44899654388427734
1774268440.015,3479.738285165,40,2,sad,1,30.97188899982939,0.02854239195585251,0.05397506058216095,0.4906062185764313,0.4268762469291687
1774268440.065,3479.78846029,41,2,sad,1,31.05868600005124,0.04355685040354729,0.11161723732948303,0.443989634513855,0.40083616971969604
1774268440.115,3479.838814434,42,2,sad,1,31.236130999786837,0.0369529202580452,0.09403494745492935,0.4886128604412079,0.3803991675376892
1774268440.165,3479.889149226,43,2,sad,1,30.63935099999071,0.033086419105529785,0.071880042552948,0.5128710865974426,0.38216233253479004
1774268440.216,3479.939817409,44,2,sad,1,30.480886999612267,0.0290069542825222,0.06074882671236992,0.5047048926353455,0.40553921461105347
1774268440.267,3479.989889034,45,2,sad,1,31.870744000116247,0.040919575840234756,0.0788174569606781,0.4613516628742218,0.4189111590385437
1774268440.318,3480.040637716,46,2,sad,1,31.700780999926792,0.034773778170347214,0.06254400312900543,0.4635400176048279,0.43914204835891724
1774268440.368,3480.091049805,47,2,sad,1,31.456243000320683,0.04693503677845001,0.09595704078674316,0.442948579788208,0.41415923833847046
1774268440.418,3480.1410483,48,2,sad,1,32.081153000035556,0.03627471998333931,0.07005073130130768,0.46850258111953735,0.4251718819141388
1774268440.469,3480.191429333,49,2,sad,1,31.837966999773926,0.03814689442515373,0.06474017351865768,0.47990524768829346,0.4172075390815735
1774268440.518,3480.241685514,50,3,angry,1,31.226650000007794,0.03452450409531593,0.06399203091859818,0.4269523322582245,0.47453102469444275
1774268440.569,3480.2923379,51,2,sad,1,31.64489200025855,0.030772775411605835,0.05714480206370354,0.4586114287376404,0.453470915555954
1774268440.619,3480.342688433,52,3,angry,1,31.1808349997591,0.02879488840699196,0.05919042229652405,0.4490202069282532,0.46299442648887634
1774268440.671,3480.393946877,53,2,sad,1,32.026503999986744,0.02717120572924614,0.04991268739104271,0.5030879974365234,0.41982802748680115
1774268440.722,3480.444180336,54,2,sad,1,32.14694899997994,0.02939494326710701,0.057133741676807404,0.4777268171310425,0.43574440479278564
1774268440.775,3480.494649666,55,2,sad,1,34.99084800023411,0.027940813452005386,0.04555951803922653,0.529019832611084,0.397479772567749
1774268440.823,3480.545080421,56,2,sad,1,32.53726599996298,0.025876114144921303,0.04271470010280609,0.5260015726089478,0.40540754795074463
1774268440.880,3480.596828941,57,2,sad,1,38.025692000246636,0.029253702610731125,0.04801815748214722,0.5299352407455444,0.39279282093048096
1774268440.932,3480.651078414,58,2,sad,1,35.205053000026965,0.03062235377728939,0.05098635330796242,0.5452307462692261,0.3731604814529419
1774268440.977,3480.700379462,59,2,sad,1,31.766058999892266,0.027830757200717926,0.04418432340025902,0.5612294673919678,0.3667553663253784
1774268441.026,3480.748091411,60,2,sad,1,32.66289599969241,0.028306253254413605,0.05932994186878204,0.5630509853363037,0.3493127226829529
1774268441.076,3480.798454722,61,2,sad,1,32.50226599993766,0.027679841965436935,0.06737323850393295,0.5102786421775818,0.39466819167137146
1774268441.126,3480.848977312,62,2,sad,1,32.14787500019156,0.02686617337167263,0.05858560651540756,0.5143722295761108,0.40017592906951904
1774268441.177,3480.899942699,63,2,sad,1,32.00324499994167,0.03288775682449341,0.0626479983329773,0.5462906360626221,0.35817354917526245
1774268441.228,3480.951106143,64,2,sad,1,31.905762999940634,0.03071151301264763,0.05445539951324463,0.4931144714355469,0.4217185080051422
1774268441.278,3481.001758529,65,2,sad,1,31.215537999742082,0.029704634100198746,0.0718379020690918,0.5100183486938477,0.3884390592575073
1774268441.329,3481.051902006,66,2,sad,1,31.61879899971609,0.024709707126021385,0.059454478323459625,0.5128472447395325,0.4029885232448578
1774268441.379,3481.102551947,67,2,sad,1,31.482243000027665,0.02273271605372429,0.05773993209004402,0.49495235085487366,0.42457491159439087
1774268441.429,3481.152171681,68,2,sad,1,31.12059400018552,0.02824893593788147,0.13634316623210907,0.4625651240348816,0.3728427290916443
1774268441.479,3481.203507052,69,2,sad,1,30.453794000095513,0.04143068939447403,0.1175287514925003,0.4503842294216156,0.3906562626361847
1774268441.531,3481.253908881,70,2,sad,1,31.540317000235518,0.043268345296382904,0.10000739991664886,0.46937263011932373,0.38735151290893555
1774268441.582,3481.304259007,71,2,sad,1,32.202709000102914,0.04332553595304489,0.13705554604530334,0.46909254789352417,0.35052624344825745
1774268441.631,3481.354952967,72,2,sad,1,30.965482000283373,0.04120554029941559,0.12905332446098328,0.47665151953697205,0.35308951139450073
1774268441.681,3481.405439057,73,2,sad,1,30.756054999983462,0.03295115754008293,0.1053745448589325,0.4709669351577759,0.3907072842121124
1774268441.732,3481.455470829,74,2,sad,1,30.87414899982832,0.030218910425901413,0.09993351995944977,0.5119221210479736,0.35792532563209534
1774268441.783,3481.505746529,75,2,sad,1,32.22896799979935,0.02506057545542717,0.08264057338237762,0.5185773968696594,0.3737213611602783
1774268441.833,3481.556632416,76,2,sad,1,30.833185000119556,0.026162661612033844,0.07379987090826035,0.4963175654411316,0.40371978282928467
1774268441.884,3481.607265061,77,2,sad,1,31.206946000111202,0.024949289858341217,0.0704546570777893,0.4840567409992218,0.4205392003059387
1774268441.935,3481.658099485,78,2,sad,1,31.533114000012574,0.026284344494342804,0.06218566745519638,0.5189347267150879,0.39259517192840576
1774268441.985,3481.708831057,79,2,sad,1,31.08233399962046,0.022847697138786316,0.04566960036754608,0.5556419491767883,0.3758406639099121
1774268442.036,3481.758963867,80,2,sad,1,31.585705999987113,0.02610749378800392,0.044227808713912964,0.5830167531967163,0.34664788842201233
1774268442.087,3481.809469771,81,2,sad,1,32.28054200008046,0.03060128167271614,0.044128838926553726,0.6017440557479858,0.32352572679519653
1774268442.137,3481.859585007,82,2,sad,1,32.03302299971256,0.030209980905056,0.058632638305425644,0.531028687953949,0.3801286518573761
1774268442.189,3481.910856433,83,2,sad,1,33.24080499987758,0.026978831738233566,0.04728984087705612,0.5484974384307861,0.3772338032722473
1774268442.238,3481.960441426,84,2,sad,1,32.71063599959234,0.04435443505644798,0.061413347721099854,0.5352969765663147,0.3589351773262024
1774268442.289,3482.011059238,85,2,sad,1,32.61300599979222,0.0599297434091568,0.05846153944730759,0.5342370271682739,0.34737157821655273
1774268442.341,3482.062391293,86,2,sad,1,32.96504499985531,0.04606357589364052,0.04805801436305046,0.5319892168045044,0.37388908863067627
1774268442.390,3482.111954953,87,2,sad,1,33.213120000255,0.053875911980867386,0.06565628945827484,0.49475720524787903,0.3857104778289795
1774268442.440,3482.162185523,88,2,sad,1,32.78935900016222,0.04511210322380066,0.058559030294418335,0.47633498907089233,0.4199937582015991
1774268442.492,3482.212318111,89,2,sad,1,33.99582600013673,0.04345566779375076,0.04898571968078613,0.5027753710746765,0.40478312969207764
1774268442.543,3482.263207369,90,2,sad,1,34.94340299994292,0.034648969769477844,0.0393267497420311,0.4787306487560272,0.4472935199737549
1774268442.592,3482.314296701,91,3,angry,1,32.13907899998958,0.03550459444522858,0.042703330516815186,0.4400198459625244,0.48177212476730347
1774268442.645,3482.36547433,92,2,sad,1,34.384735000003275,0.0446220263838768,0.04657631367444992,0.4788164496421814,0.4299851059913635
1774268442.695,3482.41581727,93,2,sad,1,34.23214200029179,0.04322124645113945,0.05751996487379074,0.4682011008262634,0.4310576319694519
1774268442.746,3482.467469919,94,2,sad,1,32.98800799984747,0.04024861007928848,0.0621623620390892,0.4823675751686096,0.4152213931083679
1774268442.795,3482.51794599,95,2,sad,1,32.17643100015266,0.0398787185549736,0.07159843295812607,0.451118528842926,0.4374042749404907
1774268442.846,3482.568726581,96,2,sad,1,32.425189999685244,0.04209689050912857,0.06993797421455383,0.5039249062538147,0.3840401768684387
1774268442.897,3482.619365115,97,2,sad,1,32.01546699983737,0.03890414908528328,0.06570068746805191,0.48265135288238525,0.4127437472343445
1774268442.947,3482.670055038,98,2,sad,1,31.999170999824855,0.039134133607149124,0.08830184489488602,0.47115588188171387,0.4014080762863159
1774268442.998,3482.720546016,99,2,sad,1,32.25987600035296,0.033989228308200836,0.08545808494091034,0.4611264169216156,0.41942620277404785
1774268443.049,3482.772695815,100,3,angry,1,31.11194599978262,0.02489158883690834,0.08178698271512985,0.3872841000556946,0.5060372352600098
1774268443.098,3482.821302805,101,3,angry,1,31.156056999861903,0.023563554510474205,0.07174034416675568,0.3624100387096405,0.5422859191894531
1774268443.149,3482.871427653,102,3,angry,1,32.2614120000253,0.023538462817668915,0.07502787560224533,0.404849112033844,0.496584415435791
1774268443.199,3482.921796279,103,3,angry,1,31.631058000129997,0.020911239087581635,0.06756681203842163,0.3842315971851349,0.5272902250289917
1774268443.248,3482.971855755,104,3,angry,1,30.676759000016318,0.02741287648677826,0.07650257647037506,0.37828898429870605,0.5177954435348511
1774268443.300,3483.022833439,105,3,angry,1,31.383372000163945,0.023413648828864098,0.06863085925579071,0.3769281208515167,0.5310272574424744
1774268443.349,3483.072534359,106,3,angry,1,31.004500999642914,0.020692529156804085,0.07337591052055359,0.3739185631275177,0.5320128798484802
1774268443.399,3483.122911078,107,3,angry,1,30.84970300005807,0.015115447342395782,0.05287129804491997,0.2901705503463745,0.6418426036834717
1774268443.450,3483.174096688,108,3,angry,1,30.915241000002425,0.016226470470428467,0.053101297467947006,0.3794100880622864,0.5512620210647583
1774268443.502,3483.224966482,109,3,angry,1,32.1793200000684,0.014402324333786964,0.04437308758497238,0.38525819778442383,0.5559662580490112
1774268443.552,3483.275000811,110,3,angry,1,31.976189000033628,0.015053845010697842,0.05477450042963028,0.36491063237190247,0.5652608871459961
1774268443.604,3483.326126903,111,3,angry,1,32.69169099985447,0.016466034576296806,0.058669835329055786,0.355569064617157,0.5692949295043945
1774268443.654,3483.376269546,112,3,angry,1,32.79302600003575,0.016437258571386337,0.061516646295785904,0.39810776710510254,0.5239381790161133
1774268443.706,3483.426719358,113,3,angry,1,34.09580800007461,0.015408891253173351,0.07157242298126221,0.4016087055206299,0.5114098787307739
1774268443.760,3483.479397418,114,3,angry,1,34.98682999997982,0.01620069332420826,0.09107600152492523,0.42697930335998535,0.4657439589500427
1774268443.809,3483.529456469,115,3,angry,1,34.24236400041991,0.013501002453267574,0.08119648694992065,0.40326374769210815,0.5020387172698975
1774268443.861,3483.578780424,116,3,angry,1,37.28959799991571,0.01177158858627081,0.061747461557388306,0.4255034923553467,0.5009773969650269
1774268443.912,3483.631452725,117,3,angry,1,35.65885099988009,0.009515563026070595,0.04718116670846939,0.4120289981365204,0.5312741994857788
1774268443.959,3483.681383609,118,3,angry,1,32.64639500002886,0.009067384526133537,0.039202965795993805,0.42406588792800903,0.5276637077331543
1774268444.008,3483.729471986,119,3,angry,1,32.818580999901314,0.008512895554304123,0.03497469052672386,0.4029586911201477,0.5535537004470825
1774268444.059,3483.779753963,120,3,angry,1,33.859288999792625,0.007285976316779852,0.03214826434850693,0.4009367823600769,0.559628963470459
1774268444.109,3483.830520239,121,3,angry,1,32.86841499993898,0.006045958958566189,0.03273528441786766,0.35653671622276306,0.6046820282936096
1774268444.160,3483.881018032,122,3,angry,1,33.2598049999433,0.007262185215950012,0.05099140480160713,0.37315523624420166,0.5685911178588867
1774268444.210,3483.931630548,123,3,angry,1,32.814803999826836,0.006785975769162178,0.04625466838479042,0.38651928305625916,0.5604400038719177
1774268444.260,3483.983148049,124,3,angry,1,31.6301879997809,0.007134735584259033,0.04985128715634346,0.33690762519836426,0.6061062216758728
1774268444.311,3484.033568767,125,3,angry,1,32.180838999920525,0.0080031156539917,0.05191916972398758,0.39562803506851196,0.5444495677947998
1774268444.361,3484.084556822,126,3,angry,1,30.87333299981765,0.00627930648624897,0.03767232969403267,0.3690853714942932,0.5869629383087158
1774268444.412,3484.135175226,127,3,angry,1,31.825208000100247,0.006191540509462357,0.03216060996055603,0.37569305300712585,0.5859547257423401
1774268444.463,3484.185252351,128,3,angry,1,32.16530200006673,0.0058023277670145035,0.030992422252893448,0.34949344396591187,0.6137117147445679
1774268444.514,3484.236934667,129,3,angry,1,32.05367100008516,0.005051652435213327,0.025176439434289932,0.3422399163246155,0.627531886100769
1774268444.564,3484.287498442,130,3,angry,1,31.5468549997604,0.0061469185166060925,0.041369207203388214,0.31716811656951904,0.6353156566619873
1774268444.614,3484.337631919,131,3,angry,1,31.496594999680383,0.006833601742982864,0.04899358004331589,0.3125898838043213,0.6315827965736389
1774268444.665,3484.388503714,132,3,angry,1,31.549854000331834,0.006122250109910965,0.04361603781580925,0.29657307267189026,0.6536885499954224
1774268444.715,3484.438583283,133,3,angry,1,30.657740000151534,0.006046188995242119,0.04164333641529083,0.2611737847328186,0.6911365985870361
1774268444.766,3484.488893483,134,3,angry,1,31.319464999796764,0.005376914516091347,0.03287036344408989,0.26917731761932373,0.6925753355026245
1774268444.816,3484.539427276,135,3,angry,1,30.85646399995312,0.004931519739329815,0.0292414091527462,0.2192096710205078,0.746617317199707
1774268444.866,3484.590070922,136,3,angry,1,31.003501000213873,0.004232444334775209,0.024926556274294853,0.1782444417476654,0.7925964593887329
1774268444.918,3484.640694605,137,3,angry,1,31.921558999783883,0.003667276818305254,0.023190613836050034,0.16759748756885529,0.8055444955825806
1774268444.967,3484.690846137,138,3,angry,1,31.272354000066116,0.003980409353971481,0.12252522259950638,0.13918541371822357,0.7343088984489441
1774268445.019,3484.741603968,139,3,angry,1,31.956615999661153,0.004034290090203285,0.27921125292778015,0.11553732305765152,0.6012170910835266
1774268445.071,3484.792041576,140,3,angry,1,33.392787000138924,0.0038331211544573307,0.4102238416671753,0.08767044544219971,0.49827253818511963
1774268445.121,3484.843104797,141,3,angry,1,32.18446800019592,0.008826207369565964,0.3586794137954712,0.23046371340751648,0.4020306169986725
1774268445.171,3484.893751313,142,1,happy,1,32.42682100017191,0.007240544073283672,0.44102907180786133,0.20052361488342285,0.3512067198753357
1774268445.222,3484.943976013,143,1,happy,1,32.734581000113394,0.007479345425963402,0.46103280782699585,0.2468094378709793,0.2846783697605133
1774268445.272,3484.994316917,144,1,happy,1,32.31217199981984,0.007698599714785814,0.4308333992958069,0.308022677898407,0.25344526767730713
1774268445.324,3485.045061544,145,1,happy,1,33.66049199985355,0.006831606850028038,0.47740912437438965,0.26718777418136597,0.2485714554786682
1774268445.375,3485.095303874,146,1,happy,1,34.22240100007912,0.005496692843735218,0.599273681640625,0.2056640088558197,0.189565509557724
1774268445.425,3485.146265317,147,1,happy,1,33.00624799976504,0.004352983087301254,0.5321703553199768,0.2657202482223511,0.19775627553462982
1774268445.475,3485.196954222,148,1,happy,1,32.401802000094904,0.028261493891477585,0.40943169593811035,0.39410799741744995,0.16819870471954346
1774268445.525,3485.247409978,149,1,happy,1,32.62552499973026,0.020072583109140396,0.37495681643486023,0.29738229513168335,0.30758821964263916
1774268445.576,3485.298158735,150,3,angry,1,32.835562999935064,0.016337044537067413,0.3541432321071625,0.26270782947540283,0.3668118119239807
1774268445.628,3485.349733199,151,1,happy,1,32.79154399979234,0.02232953906059265,0.4944177269935608,0.19193734228610992,0.2913152873516083
1774268445.678,3485.400567697,152,3,angry,1,32.44306099986716,0.018109383061528206,0.3335113227367401,0.15158390998840332,0.49679529666900635
1774268445.728,3485.451253898,153,1,happy,1,31.71831800000291,0.016671570017933846,0.4387415647506714,0.14343640208244324,0.40115034580230713
1774268445.779,3485.502328453,154,1,happy,1,31.346613000096113,0.0115895364433527,0.6157945394515991,0.1079806312918663,0.26463520526885986
1774268445.830,3485.55298658,155,1,happy,1,31.356317000245326,0.01149820163846016,0.7063033580780029,0.09960070997476578,0.18259762227535248
1774268445.879,3485.603320224,156,1,happy,1,30.820204000065132,0.00750927347689867,0.7802647352218628,0.08110290765762329,0.13112300634384155
1774268445.934,3485.653946129,157,1,happy,1,34.354419999999664,0.0055969636887311935,0.5185530185699463,0.26576343178749084,0.21008644998073578
1774268445.991,3485.706387133,158,1,happy,1,38.918103000014526,0.004888611845672131,0.6141992807388306,0.21501529216766357,0.16589675843715668
1774268446.040,3485.759899585,159,1,happy,1,34.841737000078865,0.0037460080347955227,0.6658776998519897,0.21165381371974945,0.11872245371341705
1774268446.087,3485.809195856,160,1,happy,1,32.82230300010269,0.005545064806938171,0.5224521160125732,0.19830696284770966,0.27369576692581177
1774268446.136,3485.858230959,161,3,angry,1,32.379541999944195,0.003797932295128703,0.3503948152065277,0.18257099390029907,0.4632362127304077
1774268446.187,3485.909069772,162,1,happy,1,32.699635999961174,0.0026216190308332443,0.4065344035625458,0.2834247052669525,0.30741921067237854
1774268446.239,3485.960792477,163,1,happy,1,33.0445080003301,0.00583712849766016,0.46955788135528564,0.2547094523906708,0.26989543437957764
1774268446.290,3486.010958454,164,1,happy,1,33.26806499990198,0.004575919359922409,0.46775323152542114,0.2764136493206024,0.25125715136528015
1774268446.339,3486.061290951,165,2,sad,1,32.43430199972863,0.0068476395681500435,0.357745885848999,0.47038012742996216,0.1650262475013733
1774268446.950,3486.668918828,166,2,sad,1,35.400590999870474,0.012068686075508595,0.35213702917099,0.5014019012451172,0.13439229130744934
1774268447.021,3486.740879291,167,1,happy,1,34.85384799978419,0.010474048554897308,0.4766327738761902,0.41900917887687683,0.09388390183448792
1774268447.072,3486.792313162,168,2,sad,1,34.368809000170586,0.009731888771057129,0.36681807041168213,0.5593360662460327,0.06411387026309967
1774268447.204,3486.921851593,169,2,sad,1,37.26983799970185,0.00831928662955761,0.2958899438381195,0.6123100519180298,0.08348066359758377
1774268447.266,3486.984812579,170,2,sad,1,35.35014599992792,0.010219857096672058,0.24486497044563293,0.6018829345703125,0.14303216338157654
1774268447.314,3487.035726152,171,2,sad,1,32.7596550000635,0.014318118803203106,0.20391367375850677,0.5410672426223755,0.24070090055465698
1774268447.359,3487.080741333,172,2,sad,1,33.102175000294665,0.03713751211762428,0.23036737740039825,0.46462687849998474,0.26786813139915466
1774268447.406,3487.126840184,173,2,sad,1,33.700159000090935,0.06148728355765343,0.32109197974205017,0.4133239984512329,0.20409666001796722
1774268447.455,3487.176837791,174,2,sad,1,33.20760100041298,0.046109721064567566,0.2704891562461853,0.5243363380432129,0.15906469523906708
1774268447.506,3487.227629493,175,2,sad,1,33.26361999961591,0.03605135530233383,0.2943519055843353,0.5603816509246826,0.10921501368284225
1774268447.555,3487.278033934,176,2,sad,1,31.598335999660776,0.025458550080657005,0.32851743698120117,0.5554137229919434,0.09061023592948914
1774268447.607,3487.328783006,177,1,happy,1,32.51526500025648,0.024540986865758896,0.48007720708847046,0.42768412828445435,0.06769756972789764
1774268447.659,3487.379257021,178,2,sad,1,34.147198000027856,0.1359182596206665,0.3899228572845459,0.39996740221977234,0.07419134676456451
1774268447.708,3487.429073275,179,1,happy,1,33.43795399996452,0.0981571227312088,0.4095923602581024,0.3822171688079834,0.11003325134515762
1774268447.760,3487.479820866,180,2,sad,1,34.450217000085104,0.07741628587245941,0.38619863986968994,0.44017529487609863,0.09620963037014008
1774268448.015,3487.731517367,181,1,happy,1,37.87493300023925,0.072543203830719,0.4383240342140198,0.3808620274066925,0.10827060043811798
1774268448.081,3487.798838628,182,1,happy,1,37.34917200017662,0.10032887756824493,0.3991234302520752,0.38289034366607666,0.11765721440315247
1774268448.215,3487.933529244,183,2,sad,1,36.65209600012531,0.08299854397773743,0.33043038845062256,0.4457375407218933,0.14083345234394073
1774268448.284,3488.002267011,184,2,sad,1,36.01235199994335,0.062151454389095306,0.237741619348526,0.60023033618927,0.0998765155673027
1774268448.334,3488.052217117,185,2,sad,1,36.68504000006578,0.040640056133270264,0.3459175229072571,0.5468509197235107,0.06659145653247833
1774268448.382,3488.103011023,186,2,sad,1,33.47234300008495,0.02807488851249218,0.40776580572128296,0.5115320682525635,0.05262715741991997
1774268448.429,3488.150001044,187,1,happy,1,33.866789000057906,0.027226924896240234,0.537138044834137,0.37915119528770447,0.05648372322320938
1774268448.479,3488.197024011,188,1,happy,1,36.358074999952805,0.01937803253531456,0.5807107090950012,0.29980888962745667,0.10010230541229248
1774268448.528,3488.246101391,189,1,happy,1,36.24074199979077,0.01689826138317585,0.49203309416770935,0.2711724042892456,0.21989616751670837
1774268448.572,3488.294721956,190,1,happy,1,31.665391999922576,0.022097937762737274,0.6094031929969788,0.19854530692100525,0.16995348036289215
1774268448.615,3488.33944408,191,1,happy,1,30.591981000270607,0.01540369912981987,0.6777485609054565,0.14269913733005524,0.16414855420589447
1774268448.663,3488.386794177,192,1,happy,1,31.180705000224407,0.010343971662223339,0.72083580493927,0.10001944750547409,0.16880077123641968
1774268448.714,3488.438061122,193,1,happy,1,31.098944999939704,0.011026835069060326,0.7833771705627441,0.07995330542325974,0.12564271688461304
1774268448.765,3488.488948305,194,1,happy,1,31.205649999719753,0.007390919607132673,0.8316859006881714,0.05583375319838524,0.10508947819471359
1774268448.816,3488.539396228,195,1,happy,1,30.87140800016641,0.005505562759935856,0.7051273584365845,0.06783643364906311,0.22153069078922272
1774268448.866,3488.589464872,196,1,happy,1,30.960297000092396,0.004503349773585796,0.7534353137016296,0.0539383739233017,0.18812298774719238
1774268448.918,3488.640417093,197,1,happy,1,31.773744000020088,0.003457888960838318,0.6349256634712219,0.06633052229881287,0.2952858805656433
1774268448.966,3488.690100346,198,1,happy,1,30.67125900042811,0.0027280275244265795,0.6658333539962769,0.05782388523221016,0.27361464500427246
1774268449.018,3488.740775252,199,1,happy,1,31.470484000237775,0.002066338900476694,0.6736234426498413,0.05894544720649719,0.26536470651626587
1774268449.068,3488.791279693,200,1,happy,1,31.191946000035387,0.0014986798632889986,0.5176905393600464,0.05569203197956085,0.42511868476867676
1774268449.118,3488.841768709,201,3,angry,1,31.381242999941605,0.001639756141230464,0.42282986640930176,0.07015378773212433,0.5053764581680298
1774268449.171,3488.892661985,202,3,angry,1,32.584248000148364,0.0013428953243419528,0.35312020778656006,0.14156480133533478,0.5039719343185425
1774268449.221,3488.943513317,203,3,angry,1,32.559044000208814,0.0013934463495388627,0.2507127821445465,0.30745649337768555,0.44043710827827454
1774268449.272,3488.993690387,204,2,sad,1,32.783619000383624,0.0024737571366131306,0.19666863977909088,0.41618213057518005,0.38467535376548767
1774268449.321,3489.043881106,205,2,sad,1,31.992836999961582,0.002634675707668066,0.14111900329589844,0.46228447556495667,0.39396172761917114
1774268449.371,3489.094850308,206,2,sad,1,31.153279000136536,0.0025704381987452507,0.1062566488981247,0.5011923313140869,0.3899804949760437
1774268449.423,3489.145579602,207,2,sad,1,32.12863499993546,0.002426875289529562,0.10078420490026474,0.533114492893219,0.3636743426322937
1774268449.475,3489.196718028,208,2,sad,1,32.63491400002749,0.002344086766242981,0.09251011908054352,0.5181195735931396,0.3870261311531067
1774268449.528,3489.247207247,209,2,sad,1,35.013718999834964,0.0032161641865968704,0.07639896869659424,0.5553696155548096,0.3650151491165161
1774268449.576,3489.297999449,210,2,sad,1,33.07021199998417,0.002601309446617961,0.08773598074913025,0.46538832783699036,0.44427427649497986
1774268449.627,3489.348503261,211,3,angry,1,33.283102000041254,0.005897339899092913,0.09585585445165634,0.4365668296813965,0.4616798758506775
1774268449.678,3489.399490057,212,3,angry,1,33.14295299969672,0.00426171300932765,0.2009965479373932,0.3438677191734314,0.4508739113807678
1774268449.729,3489.450302277,213,3,angry,1,32.843822999893746,0.002981088124215603,0.3100590705871582,0.23548859357833862,0.45147114992141724
1774268449.779,3489.501163294,214,1,happy,1,32.765359000222816,0.002088267356157303,0.4199051558971405,0.23583409190177917,0.34217238426208496
1774268449.831,3489.552657425,215,1,happy,1,32.656895000400255,0.0014539023395627737,0.5454431176185608,0.16541987657546997,0.28768301010131836
1774268449.881,3489.603438534,216,1,happy,1,31.985634000193386,0.001105863368138671,0.6303356885910034,0.11239517480134964,0.2561631500720978
1774268449.930,3489.653610697,217,1,happy,1,31.36663099985526,0.0007353076944127679,0.7548218965530396,0.07401005923748016,0.17043262720108032
1774268449.982,3489.704074712,218,1,happy,1,32.56059900013497,0.0006336359074339271,0.7778156399726868,0.056438665837049484,0.16511189937591553
1774268450.034,3489.756101122,219,1,happy,1,32.456357999762986,0.00046555529115721583,0.8186790943145752,0.04286772757768631,0.13798747956752777
1774268450.082,3489.805880895,220,1,happy,1,30.93114900002547,0.0004141046665608883,0.731407880783081,0.03622554615139961,0.23195230960845947
1774268450.133,3489.856825079,221,1,happy,1,30.840204000014637,0.00032891656155698,0.7796932458877563,0.02977738529443741,0.1902003288269043
1774268450.182,3489.906836815,222,1,happy,1,30.290739000065514,0.000435956142609939,0.6944850087165833,0.05575649440288544,0.24932241439819336
1774268450.234,3489.957528943,223,1,happy,1,31.239038999956392,0.000519650406204164,0.6508802175521851,0.09665869176387787,0.2519412934780121
1774268450.284,3490.007650698,224,1,happy,1,30.853925999963394,0.0009408538462594151,0.7229665517807007,0.08674199134111404,0.18935047090053558
1774268450.335,3490.058470974,225,1,happy,1,31.335168999703455,0.0006697326898574829,0.8100025653839111,0.060627181082963943,0.1287003755569458
1774268450.387,3490.108764378,226,1,happy,1,32.667839999703574,0.0004364914202596992,0.875641942024231,0.03982746973633766,0.08409397304058075
1774268450.437,3490.158886837,227,1,happy,1,32.42100599982223,0.00031291652703657746,0.8563050031661987,0.06670691072940826,0.07667507231235504
1774268450.488,3490.210054689,228,1,happy,1,32.603413999822806,0.0002830412413459271,0.8186028003692627,0.09031014889478683,0.09080389142036438
1774268450.539,3490.260916798,229,1,happy,1,32.39148800003022,0.0001931380102178082,0.811504602432251,0.10270290076732635,0.08559930324554443
1774268450.590,3490.312058742,230,1,happy,1,32.63217400035501,0.0003234872710891068,0.777000904083252,0.10367223620414734,0.11900326609611511
1774268450.641,3490.362133942,231,1,happy,1,33.96584499978417,0.0003818241530098021,0.8364312052726746,0.07689948379993439,0.08628736436367035
1774268450.692,3490.412434753,232,1,happy,1,33.8171590001366,0.0009580202167853713,0.8667627573013306,0.06094029173254967,0.07133879512548447
1774268450.742,3490.463386919,233,1,happy,1,33.655342999736604,0.0038250423967838287,0.7852878570556641,0.123125359416008,0.08776160329580307
1774268450.791,3490.513440359,234,1,happy,1,32.545968999784236,0.005099812522530556,0.7213459014892578,0.13546574115753174,0.1380884200334549
1774268450.843,3490.564476765,235,1,happy,1,33.1748419998803,0.003526704153046012,0.7345237135887146,0.09798945486545563,0.1639600247144699
1774268450.893,3490.615330894,236,1,happy,1,32.65428399981829,0.0035560457035899162,0.7825448513031006,0.0856364369392395,0.12826251983642578
1774268450.943,3490.665443834,237,1,happy,1,32.446764999804145,0.002865989925339818,0.5436962842941284,0.11215194314718246,0.3412856459617615
1774268450.995,3490.716943779,238,1,happy,1,32.252431999950204,0.008194219321012497,0.37588414549827576,0.3387792706489563,0.2771422863006592
1774268451.050,3490.767867074,239,2,sad,1,36.9642819996443,0.05423983186483383,0.28707513213157654,0.44846904277801514,0.21021589636802673
1774268451.764,3491.47632945,240,1,happy,1,42.57033900012175,0.03793769329786301,0.433270126581192,0.376144140958786,0.15264792740345
1774268451.832,3491.547513392,241,1,happy,1,39.324512999883154,0.025940531864762306,0.5354847311973572,0.31260231137275696,0.12597228586673737
1774268451.880,3491.601621255,242,1,happy,1,32.57774700023219,0.017882782965898514,0.4511672258377075,0.29734617471694946,0.23360365629196167
1774268452.411,3492.131149632,243,1,happy,1,34.76655199983725,0.017869791015982628,0.5396053791046143,0.2612679600715637,0.18125677108764648
1774268452.474,3492.192146815,244,1,happy,1,36.291002000325534,0.03571363538503647,0.4422585368156433,0.35636425018310547,0.165663480758667
1774268452.523,3492.243895484,245,1,happy,1,33.410916999855544,0.04656946286559105,0.443528950214386,0.35811132192611694,0.15179020166397095
1774268452.570,3492.29189838,246,1,happy,1,32.32780200005436,0.03526157885789871,0.5619864463806152,0.27092838287353516,0.13182350993156433
1774268452.614,3492.337233784,247,1,happy,1,31.33328000012625,0.050261884927749634,0.5112209916114807,0.2198294997215271,0.21868756413459778
1774268452.663,3492.384889012,248,1,happy,1,32.595933000266086,0.11633658409118652,0.41217753291130066,0.23508183658123016,0.23640397191047668
1774268452.712,3492.434696452,249,1,happy,1,31.68598499996733,0.17091397941112518,0.30516672134399414,0.26463833451271057,0.25928089022636414
1774268452.761,3492.484376891,250,3,angry,1,31.75794800017684,0.16566722095012665,0.22589796781539917,0.281909704208374,0.3265250325202942
1774268452.810,3492.534858314,251,3,angry,1,30.125979000331427,0.15248721837997437,0.17695295810699463,0.3118692636489868,0.358690470457077
1774268452.862,3492.585482571,252,2,sad,1,31.16350100026466,0.1601867377758026,0.1372971385717392,0.3689330220222473,0.3335830271244049
1774268452.913,3492.637116221,253,2,sad,1,30.95237100023951,0.1373949646949768,0.1276620328426361,0.42728012800216675,0.3076627850532532
1774268452.963,3492.686960271,254,2,sad,1,31.083779000255163,0.1463852971792221,0.12608706951141357,0.43916434049606323,0.2883632183074951
1774268453.014,3492.738004011,255,2,sad,1,30.94366799996351,0.11066509783267975,0.30337101221084595,0.3850308954715729,0.20093290507793427
1774268453.064,3492.788124359,256,1,happy,1,30.612296000072092,0.08585198223590851,0.46664974093437195,0.3012459874153137,0.14625218510627747
1774268453.115,3492.839018969,257,1,happy,1,31.104927000342286,0.06867168843746185,0.4050266146659851,0.37805137038230896,0.14825022220611572
1774268453.165,3492.888912779,258,1,happy,1,30.819315000371716,0.05314535275101662,0.5107589960098267,0.30579033493995667,0.13030526041984558
1774268453.217,3492.939893297,259,1,happy,1,31.660892000218155,0.04231191799044609,0.4937360882759094,0.3159084618091583,0.1480434685945511
1774268453.266,3492.990169849,260,1,happy,1,30.78648200016687,0.02768844924867153,0.5079790949821472,0.3037196695804596,0.16061273217201233
1774268453.374,3493.091844828,261,1,happy,1,37.08611599995493,0.021076655015349388,0.341625839471817,0.31364354491233826,0.3236538767814636
1774268453.437,3493.157520121,262,2,sad,1,34.412642999996024,0.0377410426735878,0.3402896225452423,0.37121981382369995,0.2507494390010834
1774268453.484,3493.206554484,263,1,happy,1,32.13520899998912,0.029804904013872147,0.44562387466430664,0.3093571364879608,0.21521399915218353
1774268453.531,3493.253865377,264,1,happy,1,32.1740240001418,0.019503101706504822,0.6346707344055176,0.2044498175382614,0.14137625694274902
1774268453.580,3493.300775732,265,1,happy,1,34.28995700005544,0.012905084528028965,0.7477811574935913,0.13664855062961578,0.10266509652137756
1774268453.629,3493.347575753,266,1,happy,1,36.27983500018672,0.009149824269115925,0.7488259673118591,0.1232510656118393,0.11877302080392838
1774268453.676,3493.396289763,267,1,happy,1,34.08849300012662,0.006131741683930159,0.7790659666061401,0.10067494213581085,0.11412724107503891
1774268453.721,3493.444243473,268,1,happy,1,31.925134000175603,0.004160395357757807,0.7358498573303223,0.1209212988615036,0.1390683650970459
1774268453.773,3493.494607859,269,1,happy,1,33.00482299982832,0.0027402278501540422,0.8116508722305298,0.08400395512580872,0.1016049012541771
1774268453.821,3493.544599892,270,1,happy,1,31.276946000161843,0.0018135501304641366,0.8470458984375,0.06642238050699234,0.08471810072660446
1774268453.873,3493.594962074,271,1,happy,1,32.509969000329875,0.0012046587653458118,0.8762322664260864,0.05203802138566971,0.0705249160528183
1774268453.924,3493.645124848,272,1,happy,1,33.27882400026283,0.0008213102701120079,0.8774242401123047,0.05059373378753662,0.07116056233644485
1774268453.974,3493.695206159,273,1,happy,1,33.051822999823344,0.000620004371739924,0.793749988079071,0.12146327644586563,0.08416658639907837
1774268454.024,3493.746236973,274,1,happy,1,32.10624599978473,0.00043879309669137,0.7460852265357971,0.15781375765800476,0.09566205739974976
1774268454.073,3493.796089709,275,1,happy,1,31.8115779996333,0.00032874755561351776,0.7002786993980408,0.19547581672668457,0.10391657054424286
1774268454.124,3493.846395965,276,1,happy,1,32.39609800039034,0.00030763779068365693,0.6353180408477783,0.23362910747528076,0.130745068192482
1774268454.175,3493.89682961,277,1,happy,1,32.43759899987708,0.00028234932688064873,0.6538606286048889,0.23225165903568268,0.11360523849725723
1774268454.225,3493.947611183,278,1,happy,1,32.24965400022484,0.0003264669794589281,0.5445853471755981,0.33632031083106995,0.11876779794692993
1774268454.276,3493.997937476,279,2,sad,1,32.42152499979056,0.0006756686489097774,0.4183107018470764,0.47649139165878296,0.10452215373516083
1774268454.326,3494.048349825,280,2,sad,1,32.585395999831235,0.0009853339288383722,0.40185999870300293,0.5005502700805664,0.09660428762435913
1774268454.378,3494.098904138,281,2,sad,1,33.760048000203824,0.0012997363228350878,0.29174792766571045,0.5959746837615967,0.11097751557826996
1774268454.426,3494.149339283,282,2,sad,1,31.818023000141693,0.0011844391701743007,0.23073819279670715,0.6417926549911499,0.12628458440303802
1774268454.479,3494.200417949,283,2,sad,1,33.49391800020385,0.0013188071316108108,0.16068275272846222,0.7119995355606079,0.1259988248348236
1774268454.528,3494.250757465,284,2,sad,1,32.01557900001717,0.0012616916792467237,0.12411711364984512,0.651802122592926,0.2228190004825592
1774268454.577,3494.300455293,285,2,sad,1,31.645224999920174,0.0016638950910419226,0.13555112481117249,0.622105598449707,0.2406793236732483
1774268454.682,3494.401461232,286,2,sad,1,35.72601899986694,0.004694012925028801,0.26644495129585266,0.5112833976745605,0.21757760643959045
1774268454.743,3494.461822654,287,2,sad,1,35.64712899969891,0.026913996785879135,0.23271867632865906,0.5143622159957886,0.22600507736206055
1774268454.794,3494.512746802,288,2,sad,1,35.593166000126075,0.04489066079258919,0.23259955644607544,0.4346134066581726,0.2878963351249695
1774268454.850,3494.563879616,289,2,sad,1,40.62887000009141,0.048187173902988434,0.16453540325164795,0.546829342842102,0.2404479831457138
1774268454.899,3494.619360817,290,2,sad,1,33.788621999974566,0.059951089322566986,0.118158258497715,0.6103217601776123,0.21156877279281616
1774268454.949,3494.668887274,291,2,sad,1,34.28053099969475,0.04245291277766228,0.12225937843322754,0.4528420865535736,0.3824455142021179
1774268454.997,3494.717589228,292,2,sad,1,33.64134399998875,0.04062679409980774,0.16166982054710388,0.5304246544837952,0.26727861166000366
1774268455.046,3494.766129793,293,1,happy,1,34.56651400028932,0.027295183390378952,0.4094513952732086,0.3615894615650177,0.2016637772321701
1774268455.094,3494.814218096,294,1,happy,1,34.35788400020101,0.018048454076051712,0.40211227536201477,0.38521480560302734,0.19462434947490692
1774268455.144,3494.862201474,295,2,sad,1,36.23064900011741,0.012533669359982014,0.35308974981307983,0.4321750998497009,0.20220136642456055
1774268455.196,3494.913302936,296,2,sad,1,37.56228400015971,0.00875156931579113,0.32495322823524475,0.4552260637283325,0.2110689878463745
1774268455.248,3494.966701167,297,2,sad,1,36.16505700028938,0.005902189761400223,0.37857723236083984,0.43374520540237427,0.18177524209022522
1774268455.296,3495.018234668,298,1,happy,1,32.82284100032484,0.003958310931921005,0.48094916343688965,0.32273757457733154,0.19235485792160034
1774268455.346,3495.065417246,299,1,happy,1,35.286553999867465,0.0026064766570925713,0.6503833532333374,0.21170645952224731,0.13530363142490387
1774268455.395,3495.114420016,300,1,happy,1,35.58399899975484,0.0021886853501200676,0.7315186262130737,0.14988264441490173,0.11640994250774384
1774268455.447,3495.163848732,301,1,happy,1,38.00524899997981,0.002622865606099367,0.7861783504486084,0.1173570305109024,0.0938415676355362
1774268455.496,3495.21578705,302,1,happy,1,35.05214500000875,0.001907456899061799,0.8350403308868408,0.09091322869062424,0.07213881611824036
1774268455.546,3495.264521689,303,1,happy,1,36.01848200014501,0.0016632915940135717,0.8710678815841675,0.06628184020519257,0.06098678708076477
1774268455.593,3495.314193443,304,1,happy,1,33.96254900007989,0.0012117347214370966,0.8576931953430176,0.04813108965754509,0.0929637998342514
1774268455.640,3495.362048357,305,1,happy,1,32.17000500035283,0.0008179323631338775,0.8327405452728271,0.03614090010523796,0.13030049204826355
1774268455.688,3495.41055494,306,1,happy,1,31.961318999947252,0.0007473671576008201,0.6142988204956055,0.06147533655166626,0.3234784007072449
1774268455.738,3495.461101123,307,1,happy,1,31.463447000078304,0.003503423882648349,0.47974449396133423,0.21389690041542053,0.30285513401031494
1774268455.789,3495.511212304,308,1,happy,1,32.470599000134825,0.002818312728777528,0.5487685203552246,0.24813523888587952,0.20027782022953033
1774268455.840,3495.561670339,309,1,happy,1,32.63278399981573,0.0021773693151772022,0.5472032427787781,0.31478816270828247,0.13583113253116608
1774268455.889,3495.612102873,310,2,sad,1,31.982357000288175,0.0022237757220864296,0.3713381290435791,0.5373644828796387,0.089073546230793
1774268455.939,3495.662145332,311,2,sad,1,31.385076999868033,0.0020673475228250027,0.2434794306755066,0.6963014602661133,0.058151725679636
1774268455.990,3495.712934979,312,2,sad,1,32.218098000157624,0.0018234574235975742,0.15968899428844452,0.8004769682884216,0.03801051527261734
1774268456.041,3495.763700626,313,2,sad,1,32.00852299960388,0.0024483047891408205,0.10457190126180649,0.8681726455688477,0.024807089939713478
1774268456.091,3495.814123641,314,2,sad,1,31.923374999678344,0.002157879061996937,0.06864307820796967,0.9130022525787354,0.016196757555007935
1774268456.142,3495.864272397,315,2,sad,1,32.36921000006987,0.0017196396365761757,0.04508545249700546,0.9425052404403687,0.010689634829759598
1774268456.193,3495.914635987,316,2,sad,1,33.02678599993669,0.001388430129736662,0.029427390545606613,0.9621059894561768,0.007078149355947971
1774268456.243,3495.965220318,317,2,sad,1,32.804193000174564,0.0011269707465544343,0.01920340023934841,0.9748472571372986,0.0048223533667624
1774268456.293,3496.015953854,318,2,sad,1,32.092133999867656,0.0007767834467813373,0.012489876709878445,0.9835644960403442,0.003168761497363448
1774268456.343,3496.066222739,319,2,sad,1,31.90602300037426,0.0005562836886383593,0.00815141573548317,0.9891467094421387,0.0021455162204802036
1774268456.394,3496.116619829,320,2,sad,1,31.789652000043134,0.0003937135625164956,0.005302732810378075,0.9928756952285767,0.0014278095914050937
1774268456.444,3496.166927956,321,2,sad,1,31.42479899997852,0.0003474590484984219,0.0034520640037953854,0.9952389001846313,0.0009614875889383256
1774268456.494,3496.217152619,322,2,sad,1,31.26139100004366,0.00028528569964691997,0.0022493309807032347,0.9968175888061523,0.0006476443377323449
1774268456.544,3496.267361857,323,2,sad,1,31.27031599979091,0.0003171518910676241,0.0014967321185395122,0.9977356195449829,0.0004503322415985167
1774268456.593,3496.317548668,324,2,sad,1,30.386109999653854,0.00039290604763664305,0.0010183061240240932,0.9982451796531677,0.00034353387309238315
1774268456.644,3496.368150796,325,2,sad,1,30.969204000030004,0.0010908887488767505,0.0006925268098711967,0.9979682564735413,0.00024823073181323707
1774268456.695,3496.418829072,326,2,sad,1,30.608370000209106,0.001472790027037263,0.0004775017441716045,0.9978741407394409,0.00017543655121698976
1774268456.747,3496.469264458,327,2,sad,1,32.657137000114744,0.005210964474827051,0.0003888288338202983,0.9942485094070435,0.0001516207557870075
1774268456.799,3496.521293961,328,2,sad,1,31.904004999887547,0.005862358957529068,0.0003198810154572129,0.9936503171920776,0.00016743938613217324
1774268456.852,3496.570720436,329,2,sad,1,35.66000000000713,0.008336077444255352,0.00023008338757790625,0.991252064704895,0.0001817415759433061
1774268456.906,3496.622764051,330,2,sad,1,37.64595099983126,0.005463923793286085,0.00015698034258093685,0.9941953420639038,0.0001837096642702818
1774268456.956,3496.67768262,331,2,sad,1,33.32745400030035,0.003564039943739772,0.0001048479025484994,0.996181070804596,0.0001499606150900945
1774268457.004,3496.725908646,332,2,sad,1,32.7490630002103,0.0024776547215878963,7.201875268947333e-05,0.9972952604293823,0.00015495670959353447
1774268457.052,3496.774274414,333,2,sad,1,32.070578999991994,0.0021332628093659878,5.2587805839721113e-05,0.9976182579994202,0.0001957501663127914
1774268457.099,3496.823560167,334,2,sad,1,30.50607300019692,0.0015310363378375769,4.681037171394564e-05,0.9982568025588989,0.00016528458218090236
1774268457.151,3496.874524148,335,2,sad,1,30.929740999908972,0.0014083910500630736,4.360940511105582e-05,0.9983972311019897,0.00015067629283294082
1774268457.203,3496.924757959,336,2,sad,1,32.49648800010618,0.0011275744764134288,4.1201943531632423e-05,0.9987120628356934,0.00011906022700713947
1774268457.252,3496.975685255,337,2,sad,1,31.259132000286627,0.0009352124761790037,6.772380584152415e-05,0.9988824129104614,0.00011457344953669235
1774268457.359,3497.076206063,338,2,sad,1,37.54454399995666,0.006233174819499254,0.07104547321796417,0.8611897230148315,0.06153155863285065
1774268457.430,3497.145792667,339,2,sad,1,39.02986399998554,0.007861831225454807,0.06248605623841286,0.8880748748779297,0.04157719016075134
1774268457.479,3497.198941989,340,2,sad,1,35.014571999909094,0.027123522013425827,0.09957975149154663,0.8131216168403625,0.06017504632472992
1774268457.528,3497.246459402,341,2,sad,1,35.79751900042538,0.0676167830824852,0.15723520517349243,0.6167736053466797,0.1583743542432785
1774268457.574,3497.295042134,342,2,sad,1,33.97401199981687,0.05557712912559509,0.3839476704597473,0.45164838433265686,0.10882674902677536
1774268458.974,3498.694415389,343,1,happy,1,34.61929200011582,0.06236797943711281,0.4255470633506775,0.42139849066734314,0.0906863883137703
1774268459.228,3498.94633045,344,1,happy,1,36.42339099997116,0.06142941862344742,0.5420147180557251,0.32524725794792175,0.07130855321884155
1774268459.379,3499.097591461,345,1,happy,1,36.08050100001492,0.059401873499155045,0.6107672452926636,0.2811892032623291,0.04864158853888512
1774268459.530,3499.24903738,346,1,happy,1,35.6016109999473,0.04417160898447037,0.5263028144836426,0.39729976654052734,0.03222576901316643
1774268459.682,3499.40128908,347,1,happy,1,34.93923799987897,0.31376907229423523,0.3874785900115967,0.27603864669799805,0.02271362580358982
1774268459.939,3499.6539437,348,0,neutral,1,39.42773499966279,0.5414122939109802,0.26043352484703064,0.18280856311321259,0.015345572493970394
1774268460.086,3499.806089899,349,0,neutral,1,34.95158999976411,0.5383174419403076,0.3178049921989441,0.13226354122161865,0.011613968759775162
1774268460.149,3499.868062624,350,0,neutral,1,35.45805500016286,0.37140342593193054,0.33356571197509766,0.27984708547592163,0.015183696523308754
1774268460.291,3500.007514426,351,2,sad,1,38.24110200002906,0.24248021841049194,0.3171885013580322,0.41526174545288086,0.025069452822208405
1774268460.358,3500.077790366,352,2,sad,1,34.778441000071325,0.16246294975280762,0.20855680108070374,0.5619903802871704,0.06698980182409286
1774268460.448,3500.16021648,353,2,sad,1,42.76946999971187,0.29216763377189636,0.1610245406627655,0.4987850785255432,0.04802268370985985
1774268460.515,3500.231485738,354,0,neutral,1,38.07393399983994,0.38901597261428833,0.19661803543567657,0.3670910894870758,0.04727480560541153
1774268460.563,3500.281637235,355,0,neutral,1,35.78735200017036,0.4722127914428711,0.17741897702217102,0.30660390853881836,0.04376419261097908
1774268460.611,3500.329877576,356,0,neutral,1,36.09579800013307,0.44990235567092896,0.28126516938209534,0.23220375180244446,0.03662862256169319
1774268460.945,3500.664611327,357,1,happy,1,35.25259100024414,0.2931716740131378,0.5291640162467957,0.15271520614624023,0.024949010461568832
1774268461.015,3500.731689144,358,1,happy,1,37.74328500003321,0.19175733625888824,0.6920570135116577,0.09990721195936203,0.016278330236673355
1774268461.061,3500.781376399,359,1,happy,1,34.342754000135756,0.16989277303218842,0.5367178916931152,0.27606311440467834,0.017326073721051216
1774268461.106,3500.826662785,360,1,happy,1,33.68432600018423,0.19210009276866913,0.4460577964782715,0.3387924134731293,0.023049548268318176
1774268461.553,3501.27171214,361,1,happy,1,35.598480999851745,0.15167783200740814,0.3628377318382263,0.31837165355682373,0.16711264848709106
1774268461.759,3501.473420835,362,1,happy,1,40.36683100002847,0.2285245656967163,0.37270569801330566,0.27944067120552063,0.11932893842458725
1774268461.822,3501.54133147,363,1,happy,1,35.8491850001883,0.15097855031490326,0.5826019048690796,0.18823687732219696,0.07818253338336945
1774268461.877,3501.594190013,364,1,happy,1,37.631785000030504,0.3068445920944214,0.47883737087249756,0.1603555828332901,0.053962305188179016
1774268461.928,3501.645427903,365,1,happy,1,37.391727999875,0.20481719076633453,0.6544641256332397,0.10551111400127411,0.03520740196108818
1774268463.230,3502.93819152,366,1,happy,1,46.184685999833164,0.21127119660377502,0.6200826168060303,0.1421840339899063,0.026462044566869736
1774268463.624,3503.340768444,367,1,happy,1,37.45583899990379,0.27513277530670166,0.5374004244804382,0.1544468253850937,0.033019859343767166
1774268463.774,3503.491895659,368,1,happy,1,36.52687300018442,0.28776219487190247,0.4386065900325775,0.20847152173519135,0.06515958160161972
1774268463.837,3503.557366804,369,1,happy,1,34.157012999912695,0.2755616307258606,0.4525056481361389,0.20728260278701782,0.06464999914169312
1774268465.169,3504.887369966,370,1,happy,1,36.71400400025959,0.1942237913608551,0.417870432138443,0.32444214820861816,0.06346350908279419
1774268465.237,3504.958930467,371,0,neutral,1,33.1626199999846,0.35895466804504395,0.2906852960586548,0.29968053102493286,0.05067935585975647
1774268465.298,3505.021487509,372,0,neutral,1,31.28963200015278,0.5343078374862671,0.20559467375278473,0.2265060842037201,0.03359130397439003
1774268465.366,3505.089768479,373,0,neutral,1,31.242001999999047,0.5965912342071533,0.15528829395771027,0.18975310027599335,0.058367300778627396
1774268465.433,3505.156654778,374,0,neutral,1,31.475966000016342,0.7141293287277222,0.10448051989078522,0.14342881739139557,0.037961285561323166
1774268465.499,3505.222835907,375,0,neutral,1,30.56014799994955,0.6828621625900269,0.1990486979484558,0.09331602603197098,0.024773022159934044
1774268465.566,3505.28981565,376,0,neutral,1,30.540980999830936,0.7472933530807495,0.1387120485305786,0.09749120473861694,0.01650329679250717
1774268465.630,3505.354678663,377,0,neutral,1,30.48224099984509,0.4858996570110321,0.09017851948738098,0.41300198435783386,0.010919743217527866
1774268465.692,3505.415792811,378,1,happy,1,31.32503999995606,0.34608620405197144,0.36788371205329895,0.272228866815567,0.013801144436001778
1774268465.751,3505.47332102,379,2,sad,1,31.87411599992629,0.22646798193454742,0.24386776983737946,0.514866292476654,0.014797886833548546
1774268465.802,3505.525183431,380,2,sad,1,31.52165099982085,0.17359286546707153,0.1780044585466385,0.6225153207778931,0.025887273252010345
1774268465.855,3505.577645862,381,2,sad,1,32.25585800009867,0.11291515827178955,0.12267562747001648,0.7452995777130127,0.01910960115492344
1774268465.905,3505.627434321,382,2,sad,1,32.40589500001079,0.07340249419212341,0.07978406548500061,0.8341352939605713,0.012678077444434166
1774268465.955,3505.677492373,383,2,sad,1,32.18863500023872,0.047745559364557266,0.052841316908597946,0.8903349041938782,0.009078169241547585
1774268466.007,3505.728854874,384,2,sad,1,33.31739900022512,0.031111005693674088,0.03519304469227791,0.9261304140090942,0.007565486244857311
1774268466.058,3505.779949578,385,2,sad,1,33.23030599995036,0.02034826949238777,0.02443312667310238,0.9376833438873291,0.01753518544137478
1774268466.108,3505.829387295,386,2,sad,1,33.18804700029432,0.013247765600681305,0.016322575509548187,0.9575542211532593,0.012875367887318134
1774268466.157,3505.879171476,387,2,sad,1,32.05828299996938,0.008634750731289387,0.010653005912899971,0.9657950401306152,0.014917129650712013
1774268466.208,3505.929585289,388,2,sad,1,33.20513900007427,0.005705345422029495,0.007212163880467415,0.9664973020553589,0.02058512158691883
1774268466.260,3505.981481848,389,2,sad,1,33.028953000211914,0.00381134869530797,0.005038718227297068,0.9709702134132385,0.020179646089673042
1774268466.310,3506.032235365,390,2,sad,1,32.501859000149125,0.0036950651556253433,0.020206011831760406,0.9542219042778015,0.021876979619264603
1774268466.359,3506.081124617,391,2,sad,1,32.657433999702334,0.006121071521192789,0.019182074815034866,0.9098706245422363,0.06482616066932678
1774268466.410,3506.131252281,392,2,sad,1,33.3510280001974,0.009929005056619644,0.02483382448554039,0.8566833734512329,0.10855372995138168
1774268466.460,3506.183671823,393,2,sad,1,31.271965999621898,0.007986823096871376,0.018907662481069565,0.8809781074523926,0.09212736040353775
1774268466.511,3506.233437671,394,2,sad,1,31.77157799973429,0.006231578066945076,0.012810657732188702,0.8949000835418701,0.0860576182603836
1774268466.560,3506.283368907,395,2,sad,1,31.39180000016495,0.004381925333291292,0.009741084650158882,0.8959493637084961,0.0899275541305542
1774268466.611,3506.333810331,396,2,sad,1,31.564188999709586,0.003323973622173071,0.00792898703366518,0.8848484754562378,0.10389847308397293
1774268466.662,3506.385456149,397,2,sad,1,30.799648999618512,0.002223437884822488,0.005402333103120327,0.8894742727279663,0.10289987921714783
1774268466.712,3506.435782776,398,2,sad,1,31.115538999983983,0.0016949082491919398,0.013304296880960464,0.8927337527275085,0.09226696193218231
1774268466.762,3506.48561779,399,2,sad,1,31.308150999848294,0.005976480897516012,0.02523975446820259,0.792425274848938,0.1763584315776825
1774268466.812,3506.536519457,400,2,sad,1,30.48598099985611,0.003943039570003748,0.01643942855298519,0.8621936440467834,0.11742382496595383
1774268466.862,3506.585669858,401,2,sad,1,30.62274100011564,0.009094389155507088,0.012733274139463902,0.8761882185935974,0.10198404639959335
1774268466.914,3506.637877233,402,2,sad,1,30.465018000086275,0.015494709834456444,0.009127276949584484,0.9007166028022766,0.07466135919094086
1774268466.964,3506.688255379,403,2,sad,1,30.793388999882154,0.028561357408761978,0.008498167619109154,0.9138482809066772,0.04909215122461319
1774268467.014,3506.737329946,404,2,sad,1,30.91883399974904,0.028161432594060898,0.009030292741954327,0.9299398064613342,0.032868385314941406
1774268467.065,3506.789441654,405,2,sad,1,30.328906000249845,0.04340434819459915,0.01840461604297161,0.7372366189956665,0.20095433294773102
1774268467.116,3506.840087967,406,2,sad,1,30.322018000333628,0.3724276125431061,0.014244447462260723,0.4806995391845703,0.13262829184532166
1774268467.165,3506.889383202,407,2,sad,1,30.676889000005758,0.28594720363616943,0.010999081656336784,0.6164929866790771,0.08656066656112671
1774268467.216,3506.940192609,408,0,neutral,1,30.945538000196393,0.5148249864578247,0.011647593230009079,0.40952906012535095,0.06399829685688019
1774268467.266,3506.990071846,409,2,sad,1,30.98313100008454,0.368862122297287,0.010361305437982082,0.5762670636177063,0.04450943320989609
1774268467.315,3507.038421577,410,2,sad,1,31.128335000175866,0.3701165020465851,0.01112195011228323,0.587039589881897,0.03172190114855766
1774268467.362,3507.085175006,411,2,sad,1,31.21268799986865,0.31098195910453796,0.041118036955595016,0.6085610389709473,0.039338916540145874
1774268467.410,3507.131259081,412,2,sad,1,33.1231950003712,0.23767748475074768,0.03457655385136604,0.7001779079437256,0.027567986398935318
1774268467.460,3507.180308111,413,2,sad,1,34.40525499991054,0.31939247250556946,0.0893828347325325,0.5630849003791809,0.028139721602201462
1774268467.508,3507.229555716,414,2,sad,1,33.44234399992274,0.445715069770813,0.059121955186128616,0.4755569100379944,0.01960601657629013
1774268467.556,3507.277569687,415,0,neutral,1,32.9763049999201,0.6252065896987915,0.03904008865356445,0.3222408592700958,0.013512404635548592
1774268467.609,3507.327493757,416,2,sad,1,35.99774199983585,0.46908774971961975,0.0271419920027256,0.48814457654953003,0.015625592321157455
1774268467.658,3507.378117645,417,2,sad,1,34.1031979996842,0.38574811816215515,0.02221670001745224,0.5812764167785645,0.010758687742054462
1774268467.704,3507.426335209,418,0,neutral,1,32.82695300003979,0.5002050399780273,0.04032466188073158,0.45077091455459595,0.008699264377355576
1774268467.755,3507.476068575,419,0,neutral,1,34.043530999952054,0.6675528883934021,0.0272994264960289,0.2977299690246582,0.007417588960379362
1774268467.803,3507.524658622,420,0,neutral,1,33.40606599977036,0.7784494757652283,0.019581263884902,0.19636110961437225,0.005608064122498035
1774268467.850,3507.572950927,421,0,neutral,1,32.015728000260424,0.8435977697372437,0.025009384378790855,0.12767620384693146,0.0037165270186960697
1774268467.898,3507.621307066,422,0,neutral,1,31.618207000065013,0.7091965675354004,0.019253471866250038,0.26849693059921265,0.0030528916977345943
1774268467.946,3507.668599553,423,0,neutral,1,31.66079999982685,0.5139088034629822,0.015247611328959465,0.46854037046432495,0.0023031141608953476
1774268467.997,3507.718931476,424,2,sad,1,32.26078400030019,0.4911283850669861,0.014961381442844868,0.4917775094509125,0.002132632303982973
1774268468.046,3507.768900102,425,0,neutral,1,31.891135000023496,0.5840151309967041,0.013565067201852798,0.3989272117614746,0.003492581658065319
1774268468.095,3507.81773665,426,0,neutral,1,31.981449999875622,0.5933774709701538,0.03665085509419441,0.3618863821029663,0.008085299283266068
1774268468.143,3507.865081489,427,0,neutral,1,33.074175999900035,0.712544858455658,0.03383570909500122,0.24640598893165588,0.007213431876152754
1774268468.192,3507.913446406,428,0,neutral,1,33.57754800026669,0.6354666352272034,0.027570145204663277,0.3294637203216553,0.007499482482671738
1774268468.239,3507.960591373,429,0,neutral,1,33.11756499988405,0.7543257474899292,0.020556708797812462,0.21977578103542328,0.005341718904674053
1774268468.290,3508.010816778,430,0,neutral,1,33.476715000233526,0.7940258383750916,0.019781077280640602,0.1812373697757721,0.004955627024173737
1774268468.342,3508.061304703,431,0,neutral,1,35.63909199965565,0.5373716354370117,0.0146672073751688,0.4441027343273163,0.003858370939269662
1774268468.400,3508.113701578,432,0,neutral,1,41.16152000005968,0.637658417224884,0.015903515741229057,0.3406749367713928,0.005763052962720394
1774268468.453,3508.172729682,433,0,neutral,1,34.80292299991561,0.4901745915412903,0.0143912173807621,0.4895491302013397,0.005884966347366571
1774268468.498,3508.221737841,434,2,sad,1,31.373318000078143,0.32017412781715393,0.010147112421691418,0.6654874086380005,0.004191249143332243
1774268468.547,3508.269926628,435,2,sad,1,31.434539999736444,0.21086838841438293,0.033866457641124725,0.7331891655921936,0.022075897082686424
1774268468.593,3508.315134533,436,2,sad,1,32.78393399978086,0.15828801691532135,0.17650046944618225,0.6447640657424927,0.02044738084077835
1774268468.643,3508.364742065,437,2,sad,1,33.0314160000853,0.10947085916996002,0.14468343555927277,0.7306070327758789,0.015238609164953232
1774268468.694,3508.415164878,438,2,sad,1,33.09738000007201,0.07983169704675674,0.09977252781391144,0.8092200756072998,0.011175621300935745
1774268468.745,3508.466169249,439,2,sad,1,33.710714999870106,0.05267414078116417,0.06654815375804901,0.873227596282959,0.007550068199634552
1774268468.796,3508.517303916,440,2,sad,1,32.94952700025533,0.056699082255363464,0.05029178410768509,0.885921835899353,0.007087233476340771
1774268468.845,3508.567100393,441,2,sad,1,32.72460099969976,0.08982869237661362,0.035005439072847366,0.8624957799911499,0.012670001946389675
1774268468.895,3508.617489225,442,2,sad,1,32.36563600012232,0.22664020955562592,0.05669785290956497,0.6983623504638672,0.01829949952661991
1774268468.945,3508.668171779,443,2,sad,1,31.78130099968257,0.14883296191692352,0.037724822759628296,0.8012937307357788,0.012148373760282993
1774268468.995,3508.718351203,444,2,sad,1,31.78424499992616,0.09819025546312332,0.04944407194852829,0.8442440629005432,0.008121519349515438
1774268469.045,3508.768351551,445,2,sad,1,31.213002000185952,0.06712936609983444,0.09504898637533188,0.7985085248947144,0.03931303694844246
1774268469.096,3508.81918481,446,2,sad,1,31.083631999990757,0.046714261174201965,0.14370247721672058,0.7785646319389343,0.031018508598208427
1774268469.146,3508.868836657,447,2,sad,1,32.31652500016935,0.04926756024360657,0.11276904493570328,0.804940938949585,0.033022377640008926
1774268469.197,3508.91976312,448,2,sad,1,32.00776499988933,0.04625295475125313,0.08377569913864136,0.8466356992721558,0.02333555556833744
1774268469.249,3508.971344882,449,2,sad,1,32.17393200020524,0.07910137623548508,0.05565280839800835,0.8471936583518982,0.01805208995938301
1774268469.299,3509.021505231,450,2,sad,1,31.907764000152383,0.07022376358509064,0.04783831164240837,0.8665326833724976,0.015405144542455673
1774268469.350,3509.072066878,451,2,sad,1,32.14211700014857,0.08766248822212219,0.04239131882786751,0.8581129312515259,0.011833169497549534
1774268469.400,3509.122234727,452,2,sad,1,32.38622900016708,0.0780138224363327,0.3207632005214691,0.5870265364646912,0.014196394011378288
1774268469.451,3509.172518114,453,2,sad,1,32.7980629999729,0.05954412370920181,0.2562809884548187,0.4532586932182312,0.2309161126613617
1774268469.500,3509.222534795,454,2,sad,1,31.852746000367915,0.051500286906957626,0.20900802314281464,0.4020126461982727,0.3374789357185364
1774268469.551,3509.273413481,455,2,sad,1,32.543433000228106,0.08599889278411865,0.14840680360794067,0.5254461765289307,0.24014803767204285
1774268469.602,3509.323868368,456,2,sad,1,33.02865699970425,0.060588158667087555,0.10141614079475403,0.6603906154632568,0.17760497331619263
1774268469.651,3509.374009513,457,2,sad,1,31.91054199987775,0.08448930829763412,0.06870941817760468,0.7195102572441101,0.12729090452194214
1774268469.702,3509.42489192,458,2,sad,1,32.114653999997245,0.08568453788757324,0.046111252158880234,0.7835592031478882,0.08464492857456207
1774268469.755,3509.475146566,459,2,sad,1,34.40734700006942,0.12481485307216644,0.033556316047906876,0.7662590742111206,0.07536972314119339
1774268469.804,3509.526176715,460,2,sad,1,32.11950500008243,0.11957600712776184,0.03152590990066528,0.7903121113777161,0.05858592689037323
1774268469.855,3509.576449027,461,2,sad,1,33.36128799992366,0.32252582907676697,0.037015192210674286,0.5896862745285034,0.050772666931152344
1774268469.906,3509.627159545,462,2,sad,1,33.60056700012137,0.2405514270067215,0.024987172335386276,0.6968328952789307,0.03762850910425186
1774268469.958,3509.677308598,463,2,sad,1,35.18316500003493,0.19806638360023499,0.01906491629779339,0.7325553894042969,0.05031329393386841
1774268470.008,3509.728315098,464,2,sad,1,34.59745899999689,0.1531120091676712,0.016003821045160294,0.6449811458587646,0.18590301275253296
1774268470.056,3509.778562059,465,2,sad,1,32.231728000169824,0.14920289814472198,0.026574905961751938,0.5796606540679932,0.24456149339675903
1774268470.109,3509.828964094,466,2,sad,1,34.50016199985839,0.10096893459558487,0.020980171859264374,0.7100541591644287,0.16799664497375488
1774268470.160,3509.879766204,467,2,sad,1,34.69188600001871,0.0966121032834053,0.020524337887763977,0.7168471813201904,0.16601628065109253
1774268470.209,3509.929821461,468,2,sad,1,34.32517999999618,0.10087248682975769,0.020967578515410423,0.7329095602035522,0.14525029063224792
1774268470.260,3509.980239644,469,2,sad,1,34.72979300022416,0.10596941411495209,0.017135465517640114,0.7496342658996582,0.12726078927516937
1774268470.310,3510.030932366,470,2,sad,1,33.64162200023202,0.08245542645454407,0.012216722592711449,0.8038008213043213,0.10152693092823029
1774268470.360,3510.080989492,471,2,sad,1,33.66173400036132,0.08152692764997482,0.02090107649564743,0.7326551079750061,0.16491682827472687
1774268470.411,3510.132180567,472,2,sad,1,33.145454000077734,0.12674877047538757,0.019042210653424263,0.6316547393798828,0.22255417704582214
1774268470.461,3510.182495306,473,2,sad,1,32.85448999986329,0.10131651908159256,0.016618192195892334,0.6627829074859619,0.219282329082489
1774268470.512,3510.234056031,474,2,sad,1,32.23441299996921,0.08802764862775803,0.01534765213727951,0.6082236766815186,0.28840094804763794
1774268470.562,3510.284911104,475,3,angry,1,31.955376000041724,0.061518557369709015,0.013397987931966782,0.4354208707809448,0.4896625280380249
1774268470.612,3510.335391436,476,3,angry,1,31.346096000106627,0.04899165779352188,0.014331154525279999,0.426790714263916,0.5098864436149597
1774268470.662,3510.38520384,477,2,sad,1,31.644706999941263,0.16134889423847198,0.01748489774763584,0.43819427490234375,0.3829719126224518
1774268470.714,3510.436265637,478,2,sad,1,32.36169100000552,0.1610569953918457,0.01424778625369072,0.4799554944038391,0.3447396755218506
1774268470.765,3510.486474967,479,2,sad,1,32.84693499972491,0.33909258246421814,0.021637950092554092,0.3785974085330963,0.26067203283309937
1774268470.815,3510.537954951,480,0,neutral,1,31.913005000205885,0.5076397657394409,0.020804109051823616,0.2787263095378876,0.19282981753349304
1774268470.864,3510.58697724,481,0,neutral,1,31.31924399986019,0.635367751121521,0.018750958144664764,0.1976737380027771,0.14820748567581177
1774268470.915,3510.63780724,482,0,neutral,1,31.53324499999144,0.7342763543128967,0.0195828378200531,0.13983701169490814,0.10630372166633606
1774268470.965,3510.688319424,483,0,neutral,1,31.674837000082334,0.8023792505264282,0.029811786487698555,0.09524838626384735,0.07256047427654266
1774268471.016,3510.738671144,484,0,neutral,1,31.65109700012181,0.8524938821792603,0.026612918823957443,0.0702051892876625,0.050687823444604874
1774268471.066,3510.788689271,485,0,neutral,1,31.694078000327863,0.8897734880447388,0.022628137841820717,0.04962335526943207,0.037974920123815536
1774268471.116,3510.839340455,486,0,neutral,1,31.399447999774566,0.9014386534690857,0.02800779417157173,0.04033024236559868,0.030223190784454346
1774268471.167,3510.889822824,487,0,neutral,1,31.473151999762194,0.8975608348846436,0.04466730356216431,0.0316024087369442,0.026169415563344955
1774268471.217,3510.940233674,488,0,neutral,1,31.197798999983206,0.9142275452613831,0.03365834057331085,0.027389448136091232,0.024724602699279785
1774268471.267,3510.990177504,489,0,neutral,1,31.243891000031,0.913702130317688,0.034305647015571594,0.02672351896762848,0.025268660858273506
1774268471.318,3511.041021671,490,0,neutral,1,31.42176199980895,0.9320381283760071,0.026887379586696625,0.0220311488956213,0.01904325932264328
1774268471.369,3511.091437539,491,0,neutral,1,31.947209000009025,0.9429911375045776,0.023579273372888565,0.018606992438435555,0.014822568744421005
1774268471.419,3511.14184676,492,0,neutral,1,31.662188999689533,0.9560667276382446,0.019462935626506805,0.013432224281132221,0.01103814598172903
1774268471.471,3511.191930868,493,0,neutral,1,34.04916099998445,0.9118947982788086,0.03731274604797363,0.029714927077293396,0.021077508106827736
1774268471.520,3511.242244292,494,0,neutral,1,32.435395999982575,0.934390664100647,0.028863757848739624,0.02096981182694435,0.01577572524547577
1774268471.570,3511.292338622,495,0,neutral,1,32.718064000164304,0.8456505537033081,0.10586085170507431,0.021790023893117905,0.026698516681790352
1774268471.621,3511.343349345,496,0,neutral,1,32.745118999628176,0.814110517501831,0.1346532106399536,0.023065585643053055,0.028170615434646606
1774268471.673,3511.394064141,497,0,neutral,1,33.17234299993288,0.8264172077178955,0.11846237629652023,0.029374688863754272,0.02574571967124939
1774268471.723,3511.444283731,498,0,neutral,1,32.91723100028321,0.6947651505470276,0.08627942949533463,0.1681315153837204,0.05082389712333679
1774268471.776,3511.495257694,499,0,neutral,1,35.1836650002042,0.5837419629096985,0.10502596199512482,0.14568431675434113,0.165547713637352
1774268471.825,3511.546066583,500,0,neutral,1,33.402824999939185,0.5757448077201843,0.18875358998775482,0.11275815963745117,0.12274337559938431
1774268471.874,3511.595891227,501,0,neutral,1,32.77526700003364,0.528389036655426,0.228437602519989,0.1118796095252037,0.13129369914531708
1774268471.926,3511.646834616,502,0,neutral,1,34.22225399981471,0.44061535596847534,0.22396692633628845,0.18712139129638672,0.1482962667942047
1774268471.977,3511.697525375,503,0,neutral,1,34.22625399980461,0.45747536420822144,0.17784589529037476,0.20222289860248566,0.16245578229427338
1774268472.026,3511.748364152,504,0,neutral,1,32.30948800000988,0.5958980321884155,0.12678907811641693,0.16041989624500275,0.1168929859995842
1774268472.077,3511.798326316,505,0,neutral,1,33.23371299984501,0.5936046838760376,0.10495512187480927,0.19021424651145935,0.1112259030342102
1774268472.128,3511.849325501,506,0,neutral,1,33.31823300004544,0.6054975986480713,0.11254996061325073,0.1786823570728302,0.103270024061203
1774268472.177,3511.899352739,507,0,neutral,1,32.40515500010588,0.5794925093650818,0.08298776298761368,0.2405218482017517,0.09699785709381104
1774268472.228,3511.950193887,508,0,neutral,1,32.81465700001718,0.5760905742645264,0.06443166732788086,0.26079061627388,0.09868710488080978
1774268472.278,3512.000384273,509,0,neutral,1,32.61637800005701,0.6576673984527588,0.046060338616371155,0.22267648577690125,0.07359578460454941
1774268472.329,3512.051350237,510,0,neutral,1,32.543303000238666,0.7269506454467773,0.04451815038919449,0.16878795623779297,0.05974322184920311
1774268472.379,3512.101799846,511,0,neutral,1,32.17554299999392,0.7077401876449585,0.1151602640748024,0.12795278429985046,0.04914670065045357
1774268472.430,3512.152484309,512,0,neutral,1,31.993374999728985,0.7770162224769592,0.0944666862487793,0.0912584662437439,0.03725854307413101
1774268472.479,3512.202060082,513,0,neutral,1,31.6341329998977,0.7619425058364868,0.12613648176193237,0.06911326944828033,0.042807698249816895
1774268472.529,3512.252294913,514,0,neutral,1,31.471744000100443,0.7337391376495361,0.15787994861602783,0.061964377760887146,0.04641646146774292
1774268472.579,3512.302350002,515,0,neutral,1,31.689985999946657,0.7539198398590088,0.16577036678791046,0.043273504823446274,0.03703623265028
1774268472.631,3512.353869523,516,0,neutral,1,31.644597000195063,0.7524803876876831,0.1790349781513214,0.03606925904750824,0.032415248453617096
1774268472.680,3512.403298648,517,0,neutral,1,31.624503999864828,0.7754347324371338,0.12669631838798523,0.06796182692050934,0.029906995594501495
1774268472.732,3512.45451926,518,0,neutral,1,31.94250500018825,0.7231815457344055,0.0988755002617836,0.14303947985172272,0.03490340709686279
1774268472.783,3512.505550002,519,0,neutral,1,32.13522800024293,0.6775990724563599,0.07078003138303757,0.21092718839645386,0.04069364815950394
1774268472.834,3512.556292797,520,0,neutral,1,32.34330299983412,0.7101185917854309,0.05722658336162567,0.18567493557929993,0.04697982221841812
1774268472.884,3512.605966237,521,0,neutral,1,32.23395100030757,0.6824127435684204,0.09055936336517334,0.182453915476799,0.044573910534381866
1774268472.932,3512.655453492,522,0,neutral,1,31.70896699975856,0.6689236164093018,0.09143757820129395,0.1864739954471588,0.05316475033760071
1774268472.983,3512.705891286,523,0,neutral,1,31.54705999986618,0.5307872295379639,0.26926156878471375,0.1484258621931076,0.051525287330150604
1774268473.035,3512.756768879,524,0,neutral,1,33.06302800001504,0.5339323282241821,0.2938553988933563,0.11795330047607422,0.05425889790058136
1774268473.085,3512.807469527,525,0,neutral,1,32.27665399981561,0.5931476354598999,0.24197541177272797,0.1131419762969017,0.05173485726118088
1774268473.137,3512.858384397,526,0,neutral,1,33.02332400016894,0.5848599672317505,0.23239341378211975,0.11024154722690582,0.07250497490167618
1774268473.187,3512.908603154,527,0,neutral,1,33.10212099995624,0.625070333480835,0.21102285385131836,0.08873704820871353,0.07516966760158539
1774268473.239,3512.959145412,528,0,neutral,1,34.94540500014409,0.7205331921577454,0.14341838657855988,0.07762207090854645,0.05842623859643936
1774268473.288,3513.009986042,529,0,neutral,1,32.859100999758084,0.7584913969039917,0.1227293387055397,0.06550047546625137,0.05327864736318588
1774268473.339,3513.060645486,530,0,neutral,1,32.86093399992751,0.8058182001113892,0.08502345532178879,0.06585096567869186,0.04330722987651825
1774268473.390,3513.111324022,531,0,neutral,1,33.46854799974608,0.8209918737411499,0.07856680452823639,0.0634331926703453,0.037008099257946014
1774268473.443,3513.162401134,532,0,neutral,1,35.18622100000357,0.8727315068244934,0.0542321503162384,0.046192824840545654,0.02684347704052925
1774268473.499,3513.214908288,533,0,neutral,1,38.590474000102404,0.8948848247528076,0.05045336112380028,0.03482532501220703,0.019836418330669403
1774268473.549,3513.268735577,534,0,neutral,1,34.66203400012091,0.9053168296813965,0.045852180570364,0.031905397772789,0.016925491392612457
1774268473.596,3513.318306461,535,0,neutral,1,32.4304700002358,0.9138082265853882,0.03582845255732536,0.037362389266490936,0.013000862672924995
1774268473.645,3513.365527448,536,0,neutral,1,33.69025199981479,0.9135278463363647,0.03258253633975983,0.04241667687892914,0.01147282775491476
1774268473.694,3513.416340281,537,0,neutral,1,32.15109900020252,0.9391569495201111,0.022751744836568832,0.029914800077676773,0.008176427334547043
1774268473.745,3513.466575964,538,0,neutral,1,33.05771299983462,0.9495752453804016,0.01754293404519558,0.024304458871483803,0.00857728160917759
1774268473.796,3513.517765373,539,0,neutral,1,32.841415999882884,0.9574233293533325,0.014873689040541649,0.01900431141257286,0.008698605932295322
1774268473.845,3513.567924889,540,0,neutral,1,32.24543199985419,0.9636102914810181,0.011624814011156559,0.017303602769970894,0.007461220026016235
1774268473.896,3513.61850411,541,0,neutral,1,32.012394000048516,0.9626931548118591,0.01080000214278698,0.01881982386112213,0.007686939090490341
1774268473.946,3513.669237758,542,0,neutral,1,31.488096000430232,0.9472043514251709,0.010104604065418243,0.026300102472305298,0.016390860080718994
1774268473.996,3513.719732331,543,0,neutral,1,31.456355000045733,0.9582704305648804,0.008368726819753647,0.021103035658597946,0.01225766260176897
1774268474.048,3513.771060592,544,0,neutral,1,31.530762999864237,0.9510028958320618,0.007618006318807602,0.02555171400308609,0.015827247872948647
1774268474.098,3513.821504127,545,0,neutral,1,31.420429999798216,0.9479050636291504,0.006836521439254284,0.029453665018081665,0.01580456644296646
1774268474.149,3513.871885996,546,0,neutral,1,31.596762999924977,0.9381966590881348,0.012736220844089985,0.03451445326209068,0.014552506618201733
1774268474.199,3513.922308513,547,0,neutral,1,31.88357899989569,0.9167038798332214,0.013211795128881931,0.05182896554470062,0.01825523003935814
1774268474.249,3513.972531696,548,0,neutral,1,31.611986000370962,0.8287102580070496,0.028233904391527176,0.10559670627117157,0.03745902702212334
1774268474.301,3514.022999547,549,0,neutral,1,32.30182100014645,0.619871973991394,0.030783509835600853,0.3110220432281494,0.038322389125823975
1774268474.351,3514.073501379,550,0,neutral,1,32.028319999881205,0.6520613431930542,0.03627978265285492,0.2714275121688843,0.04023129120469093
1774268474.402,3514.124469435,551,0,neutral,1,32.12963500027399,0.5481606125831604,0.04106690734624863,0.35016632080078125,0.06060611829161644
1774268474.453,3514.175143619,552,2,sad,1,32.51958199962246,0.3797869384288788,0.03555402159690857,0.5268827676773071,0.05777622014284134
1774268474.504,3514.225298802,553,2,sad,1,33.47291799991581,0.31998205184936523,0.03285260125994682,0.5473299026489258,0.09983540326356888
1774268474.555,3514.276046802,554,2,sad,1,33.27130599973316,0.22526590526103973,0.03719280660152435,0.5084894895553589,0.22905175387859344
1774268474.607,3514.326901135,555,2,sad,1,34.326162000070326,0.15897992253303528,0.025848815217614174,0.6433702707290649,0.17180098593235016
1774268474.656,3514.377565764,556,2,sad,1,32.87947200033159,0.11035803705453873,0.020022686570882797,0.7213494777679443,0.14826980233192444
1774268474.707,3514.427512594,557,2,sad,1,33.85292000029949,0.09244325757026672,0.014661533758044243,0.7856690883636475,0.10722608864307404
1774268474.760,3514.478309465,558,2,sad,1,36.30803899977764,0.10002017021179199,0.014862803742289543,0.7426676750183105,0.1424492746591568
1774268474.808,3514.529052409,559,2,sad,1,33.41313999999329,0.06995613873004913,0.011420986615121365,0.7886497378349304,0.12997306883335114
1774268474.859,3514.579762353,560,2,sad,1,34.00360499972521,0.07083409279584885,0.009221634827554226,0.8119328022003174,0.10801137238740921
1774268474.908,3514.62986172,561,2,sad,1,33.291806999841356,0.0938391238451004,0.014074640348553658,0.8154429793357849,0.07664314657449722
1774268474.959,3514.680941647,562,2,sad,1,32.50709999974788,0.1185842901468277,0.01347322203218937,0.8092896938323975,0.05865271016955376
1774268475.012,3514.730922014,563,2,sad,1,35.50970400010556,0.17006240785121918,0.016095921397209167,0.7675755620002747,0.04626600816845894
1774268475.061,3514.781753496,564,2,sad,1,33.52843699985897,0.17540079355239868,0.015163639560341835,0.767331600189209,0.0421038419008255
1774268475.111,3514.831392584,565,2,sad,1,33.906291000221245,0.1507231891155243,0.015355118550360203,0.7843354344367981,0.04958617687225342
1774268475.161,3514.881796324,566,2,sad,1,34.10634600004414,0.10576263815164566,0.010576296597719193,0.8113207817077637,0.07234016805887222
1774268475.211,3514.933085566,567,2,sad,1,32.832972000051086,0.08748504519462585,0.007150959223508835,0.853280782699585,0.05208306014537811
1774268475.262,3514.9842124,568,2,sad,1,32.58082299998932,0.10601002722978592,0.004900502972304821,0.8544291853904724,0.03466019034385681
1774268475.312,3515.034923104,569,2,sad,1,31.88083800023378,0.1128196120262146,0.0041471123695373535,0.86012864112854,0.022904563695192337
1774268475.363,3515.085490418,570,2,sad,1,32.10091299979467,0.11900736391544342,0.002800264162942767,0.8604350090026855,0.017757311463356018
1774268475.413,3515.136271121,571,2,sad,1,31.334243999936007,0.09616486728191376,0.0021346828434616327,0.8633372783660889,0.038363076746463776
1774268475.464,3515.187159677,572,2,sad,1,31.703689999631024,0.0712762176990509,0.001682152971625328,0.8850276470184326,0.04201388359069824
1774268475.514,3515.237234693,573,2,sad,1,31.211131999953068,0.059766970574855804,0.0020622932352125645,0.8907715678215027,0.047399092465639114
1774268475.565,3515.287795303,574,2,sad,1,32.019116999890684,0.05335107818245888,0.0016726116882637143,0.8955169916152954,0.04945923388004303
1774268475.616,3515.338512729,575,2,sad,1,32.29191400032505,0.20360791683197021,0.004202745389193296,0.7542848587036133,0.037904441356658936
1774268475.667,3515.388986876,576,2,sad,1,32.20935799981817,0.1384827196598053,0.003049725666642189,0.7423340678215027,0.1161334291100502
1774268475.717,3515.4393013,577,2,sad,1,32.13446900008421,0.25644147396087646,0.014350643381476402,0.6508175730705261,0.0783902257680893
1774268475.771,3515.490113244,578,2,sad,1,35.99451999980374,0.17400948703289032,0.011058425530791283,0.6719372272491455,0.14299477636814117
1774268475.819,3515.541520469,579,2,sad,1,32.669488999999885,0.15154892206192017,0.011106187477707863,0.6984759569168091,0.13886889815330505
1774268475.871,3515.591438039,580,2,sad,1,33.884976000081224,0.19976529479026794,0.015668829903006554,0.6686704158782959,0.11589538305997849
1774268475.921,3515.642500707,581,2,sad,1,32.95032400001219,0.3548511862754822,0.03317798674106598,0.5090328454971313,0.10293792188167572
1774268475.972,3515.693099854,582,0,neutral,1,33.8886609997644,0.48336389660835266,0.026998169720172882,0.40818944573402405,0.08144840598106384
1774268476.022,3515.743626131,583,0,neutral,1,33.18606499988164,0.6052056550979614,0.03216681256890297,0.29091501235961914,0.07171247154474258
1774268476.073,3515.794725206,584,0,neutral,1,33.34536200009097,0.6694296598434448,0.032507672905921936,0.225527822971344,0.07253476977348328
1774268476.125,3515.844956723,585,0,neutral,1,34.39482900012081,0.6703388094902039,0.02889251708984375,0.2410578578710556,0.059710703790187836
1774268476.175,3515.895829149,586,0,neutral,1,34.17738400003145,0.7440359592437744,0.021289953961968422,0.18694208562374115,0.04773185774683952
1774268476.225,3515.946171925,587,0,neutral,1,33.246066000174324,0.7658350467681885,0.0203787200152874,0.17112700641155243,0.042659107595682144
1774268476.277,3515.996819887,588,0,neutral,1,34.433606999755284,0.835008978843689,0.01621069759130478,0.11840349435806274,0.030376704409718513
1774268476.327,3516.047793407,589,0,neutral,1,33.87178999992102,0.7124302387237549,0.01995912939310074,0.1948074847459793,0.0728030800819397
1774268476.378,3516.098996501,590,0,neutral,1,33.44001000004937,0.5977462530136108,0.023264577612280846,0.2877616882324219,0.09122738987207413
1774268476.428,3516.150238299,591,0,neutral,1,32.62997000001633,0.5731077194213867,0.018939075991511345,0.29355835914611816,0.11439475417137146
1774268476.478,3516.200505963,592,0,neutral,1,32.63176700011172,0.6023432016372681,0.017868585884571075,0.2876608669757843,0.0921272337436676
1774268476.529,3516.251145963,593,0,neutral,1,32.24515400006567,0.64130699634552,0.015904244035482407,0.21854014694690704,0.12424854189157486
1774268476.579,3516.301687999,594,0,neutral,1,31.771079000009195,0.5054823756217957,0.04332078993320465,0.18276074528694153,0.2684359848499298
1774268476.629,3516.351490199,595,0,neutral,1,31.761837999965792,0.5237163305282593,0.09016352891921997,0.17194761335849762,0.21417245268821716
1774268476.680,3516.402796034,596,0,neutral,1,31.441151999842987,0.49036937952041626,0.21280699968338013,0.15167386829853058,0.14514967799186707
1774268476.731,3516.453778998,597,0,neutral,1,31.6817819998505,0.4032306969165802,0.3938518762588501,0.10739681124687195,0.09552054107189178
1774268476.782,3516.503840236,598,1,happy,1,32.77380400004404,0.33472609519958496,0.4588170051574707,0.1401176154613495,0.06633924692869186
1774268476.832,3516.554973718,599,1,happy,1,31.988395000098535,0.24925431609153748,0.5427632331848145,0.16187511384487152,0.04610726982355118
1774268476.883,3516.605099197,600,1,happy,1,32.930731999840646,0.24381181597709656,0.5027633905410767,0.22032827138900757,0.03309650719165802
1774268476.934,3516.65636507,601,1,happy,1,32.20932100020946,0.27010098099708557,0.4220685064792633,0.2821670472621918,0.02566348761320114
1774268476.984,3516.706954402,602,1,happy,1,31.606948999979068,0.2483651489019394,0.4242948889732361,0.30772435665130615,0.01961563341319561
1774268477.034,3516.756522305,603,1,happy,1,31.93846800013489,0.28603890538215637,0.3876878023147583,0.3074800968170166,0.018793202936649323
1774268477.085,3516.807321287,604,1,happy,1,32.290320999891264,0.30238860845565796,0.411394864320755,0.26923686265945435,0.016979660838842392
1774268477.135,3516.857229024,605,1,happy,1,32.05630200000087,0.27377957105636597,0.4067715108394623,0.30401402711868286,0.015434850007295609
1774268477.186,3516.907811116,606,0,neutral,1,32.86297199974797,0.34874218702316284,0.3197152316570282,0.311946839094162,0.019595691934227943
1774268477.237,3516.958904062,607,0,neutral,1,32.98850900000616,0.3915490210056305,0.2961730360984802,0.29624372720718384,0.01603413186967373
1774268477.287,3517.00866128,608,0,neutral,1,33.472122000148374,0.465202659368515,0.2949475049972534,0.22764605283737183,0.012203698046505451
1774268477.338,3517.05931015,609,0,neutral,1,33.42823299999509,0.6048388481140137,0.21519944071769714,0.17027609050273895,0.009685545228421688
1774268477.388,3517.109430222,610,0,neutral,1,33.54215900026247,0.6778962016105652,0.17154502868652344,0.1411762535572052,0.009382463991641998
1774268477.439,3517.16012537,611,0,neutral,1,33.45919599996705,0.7080003023147583,0.1413969248533249,0.1404382288455963,0.010164475068449974
1774268477.490,3517.210925962,612,0,neutral,1,33.500344999993104,0.6948094964027405,0.10256382822990417,0.1896025538444519,0.013024061918258667
1774268477.540,3517.261520462,613,0,neutral,1,33.2307129997389,0.7739313244819641,0.06901854276657104,0.1458406001329422,0.011209437623620033
1774268477.591,3517.311534033,614,0,neutral,1,33.8287899999159,0.5815895199775696,0.09210687130689621,0.31548529863357544,0.010818214155733585
1774268477.642,3517.362595219,615,0,neutral,1,33.76877099981357,0.510749101638794,0.07492703199386597,0.4067780673503876,0.007545685861259699
1774268477.693,3517.412468827,616,2,sad,1,35.69781500027602,0.4008152484893799,0.07830879837274551,0.5157691836357117,0.005106668453663588
1774268477.744,3517.462798862,617,0,neutral,1,36.2104470000304,0.46652811765670776,0.14432205259799957,0.38569891452789307,0.003450825810432434
1774268477.796,3517.513666085,618,2,sad,1,37.437210000007326,0.3474437892436981,0.10658761858940125,0.5436693429946899,0.00229918141849339
1774268477.846,3517.564740623,619,2,sad,1,35.98868700009916,0.2506542205810547,0.08207103610038757,0.665655255317688,0.0016193445771932602
1774268477.896,3517.614967584,620,2,sad,1,35.73879699979443,0.19291327893733978,0.08271598815917969,0.7224966287612915,0.0018739851657301188
1774268477.946,3517.665281767,621,2,sad,1,35.64576000007946,0.12912040948867798,0.06248638406395912,0.8069320917129517,0.001460997387766838
1774268477.997,3517.716522713,622,2,sad,1,35.08422100003372,0.08538953959941864,0.056129250675439835,0.8572771549224854,0.001203965861350298
1774268478.048,3517.76673023,623,2,sad,1,35.4458510000768,0.060665808618068695,0.059697896242141724,0.8785122632980347,0.0011238915612921119
1774268478.098,3517.817439767,624,2,sad,1,35.00388700012991,0.041729819029569626,0.0970212072134018,0.860191822052002,0.0010570521699264646
1774268478.148,3517.868308026,625,2,sad,1,34.407793000355014,0.028627121821045876,0.06574144214391708,0.9048135280609131,0.0008178329444490373
1774268478.199,3517.919374435,626,2,sad,1,34.078012999998464,0.022101568058133125,0.043921589851379395,0.9333778619766235,0.0005988230695948005
1774268478.248,3517.969297432,627,2,sad,1,33.64930799989452,0.015214293263852596,0.029261142015457153,0.9550751447677612,0.00044932510354556143
1774268478.300,3518.019616652,628,2,sad,1,35.337554999841814,0.010805279016494751,0.019200144335627556,0.9695742130279541,0.00042023585410788655
1774268478.349,3518.068819147,629,2,sad,1,34.3262730002607,0.007386217825114727,0.01303294487297535,0.9790785312652588,0.0005022151162847877
1774268478.400,3518.120972485,630,2,sad,1,33.71766000009302,0.004995689261704683,0.009847356006503105,0.9845070838928223,0.0006498011643998325
1774268478.450,3518.171952801,631,2,sad,1,33.215898999969795,0.0057646422646939754,0.033572565764188766,0.9554600119590759,0.0052027213387191296
1774268478.502,3518.222276503,632,2,sad,1,33.94108699967546,0.037229571491479874,0.07297022640705109,0.8776944875717163,0.012105667963624
1774268478.556,3518.273188281,633,2,sad,1,37.41132200002539,0.0249542947858572,0.05118482559919357,0.9145736694335938,0.009287103079259396
1774268478.619,3518.330025914,634,2,sad,1,43.59040000008463,0.019014563411474228,0.06548106670379639,0.9046084880828857,0.010895799845457077
1774268478.668,3518.389173426,635,2,sad,1,33.458733999850665,0.015294216573238373,0.05596977472305298,0.9197560548782349,0.00897982344031334
1774268478.715,3518.435827819,636,2,sad,1,33.91458699979921,0.031810954213142395,0.05325553938746452,0.9085686206817627,0.006364800035953522
1774268478.764,3518.483488233,637,2,sad,1,35.51062999986243,0.08956951647996902,0.10789740830659866,0.797004222869873,0.005528726615011692
1774268478.815,3518.533472527,638,2,sad,1,36.27033600014329,0.14635156095027924,0.26802894473075867,0.5818758010864258,0.0037435677368193865
1774268478.862,3518.584555084,639,2,sad,1,32.402655000169034,0.19720031321048737,0.3783433437347412,0.42188405990600586,0.002572151366621256
1774268478.908,3518.629587544,640,1,happy,1,32.68810100007613,0.1825706958770752,0.5283891558647156,0.28725844621658325,0.0017816040199249983
1774268478.955,3518.676787957,641,1,happy,1,33.032601999821054,0.22949650883674622,0.555435836315155,0.2138097733259201,0.0012577497400343418
1774268479.005,3518.727606439,642,1,happy,1,32.33208100027696,0.2103416919708252,0.6135395765304565,0.1751329004764557,0.0009857050608843565
1774268479.059,3518.777834622,643,1,happy,1,35.710260000087146,0.1709863245487213,0.582902729511261,0.24478502571582794,0.0013257835526019335
1774268479.106,3518.828137083,644,1,happy,1,32.86213899991708,0.13176411390304565,0.6456561088562012,0.22111517190933228,0.0014644565526396036
1774268479.157,3518.878961899,645,1,happy,1,33.1423980001091,0.08623416721820831,0.732675313949585,0.1796598732471466,0.0014305219519883394
1774268479.209,3518.929541842,646,1,happy,1,33.855771999697026,0.06239963322877884,0.7007632255554199,0.2344994992017746,0.0023375721648335457
1774268479.258,3518.979379543,647,1,happy,1,33.20471400002134,0.041095070540905,0.7527264356613159,0.20410846173763275,0.0020699230954051018
1774268479.309,3519.030127006,648,1,happy,1,33.92984599986448,0.027395926415920258,0.8166512250900269,0.15449684858322144,0.0014559327391907573
1774268479.361,3519.080788746,649,1,happy,1,34.2190319997826,0.017884938046336174,0.5591893196105957,0.42178574204444885,0.001139932544901967
1774268479.411,3519.131181282,650,2,sad,1,34.71373799993671,0.011733734048902988,0.3700062334537506,0.6174330115318298,0.0008269579848274589
1774268479.461,3519.181667151,651,2,sad,1,33.863623999877746,0.007757252082228661,0.2481311857700348,0.7435561418533325,0.0005553857772611082
1774268479.510,3519.23186976,652,2,sad,1,32.56771199994546,0.005273482296615839,0.1903456747531891,0.8038927316665649,0.00048808183055371046
1774268479.560,3519.282035147,653,2,sad,1,32.60047100002339,0.005156675353646278,0.24953168630599976,0.7447671890258789,0.0005444100243039429
1774268479.611,3519.333806632,654,2,sad,1,31.92808000039804,0.006200188770890236,0.2831012010574341,0.7094419002532959,0.00125661282800138
1774268479.663,3519.384866319,655,2,sad,1,32.46837799997593,0.004945990163832903,0.2500219941139221,0.7440906763076782,0.0009412755025550723
1774268479.713,3519.435297392,656,2,sad,1,32.411766000223,0.004680072423070669,0.36748170852661133,0.6262321472167969,0.0016059933695942163
1774268479.764,3519.485876817,657,2,sad,1,32.83197199971255,0.01181796658784151,0.3036160469055176,0.6833864450454712,0.0011794478632509708
1774268479.815,3519.537092985,658,2,sad,1,32.11774700002934,0.008226331323385239,0.24923211336135864,0.7410039901733398,0.0015374227659776807
1774268479.864,3519.586997279,659,2,sad,1,31.840374999774212,0.005494411569088697,0.18672636151313782,0.8055211305618286,0.0022579559590667486
1774268479.915,3519.637515389,660,2,sad,1,32.52695200035305,0.004665968008339405,0.2147587239742279,0.7775866985321045,0.0029885193798691034
1774268479.965,3519.687577201,661,2,sad,1,32.506582000223716,0.0037381774745881557,0.19522517919540405,0.7981802821159363,0.0028562932275235653
1774268480.020,3519.741403009,662,2,sad,1,33.11288000031709,0.0029124736320227385,0.18988639116287231,0.8046445846557617,0.0025565100368112326
1774268480.067,3519.789387795,663,2,sad,1,32.68152700002247,0.003320363350212574,0.2283937633037567,0.7652801275253296,0.0030056913383305073
1774268480.117,3519.839018735,664,2,sad,1,32.869695000044885,0.0027563530020415783,0.18730559945106506,0.8052935600280762,0.004644378088414669
1774268480.167,3519.889582068,665,2,sad,1,31.95700600008422,0.002664481056854129,0.15040095150470734,0.8407424688339233,0.006192004308104515
1774268480.218,3519.940067271,666,2,sad,1,32.42243300019254,0.002806206699460745,0.1374269723892212,0.8543350696563721,0.00543169304728508
1774268480.269,3519.990834549,667,2,sad,1,33.04047200026616,0.0025026630610227585,0.2934153974056244,0.6994928121566772,0.004589027725160122
1774268480.319,3520.041266881,668,2,sad,1,32.80708300007973,0.0042403265833854675,0.24860240519046783,0.7428345084190369,0.004322676453739405
1774268480.371,3520.092860736,669,2,sad,1,32.624785999814776,0.0031454970594495535,0.1904665231704712,0.8015545010566711,0.004833401180803776
1774268480.420,3520.142678418,670,2,sad,1,32.22852500039153,0.0026839051861315966,0.16251428425312042,0.8296958208084106,0.005105878226459026
1774268480.471,3520.193281695,671,2,sad,1,32.25869199968656,0.0027176099829375744,0.17638221383094788,0.8118795156478882,0.009020526893436909
1774268480.522,3520.244208048,672,2,sad,1,32.770156999959,0.0025251407641917467,0.377716988325119,0.6132748126983643,0.00648290291428566
1774268480.574,3520.295122882,673,1,happy,1,32.9406759997255,0.002653406234458089,0.515845775604248,0.4766785502433777,0.004822172224521637
1774268480.625,3520.345100083,674,1,happy,1,34.43956999990405,0.002453901804983616,0.6039491891860962,0.3899197578430176,0.003677061526104808
1774268480.676,3520.396308325,675,2,sad,1,34.239291999710986,0.0023748748935759068,0.4783132076263428,0.5160074234008789,0.0033044537995010614
1774268480.727,3520.446376656,676,2,sad,1,35.554055999909906,0.0023051074240356684,0.38881751894950867,0.605187714099884,0.0036896183155477047
1774268480.777,3520.496662525,677,1,happy,1,35.38509200006956,0.0020832503214478493,0.531922459602356,0.4632684290409088,0.00272578839212656
1774268480.826,3520.546942394,678,2,sad,1,33.770215999993525,0.002465762197971344,0.3827323913574219,0.611596941947937,0.0032048465218394995
1774268480.876,3520.597252281,679,2,sad,1,33.922328000244306,0.002583129098638892,0.2615894377231598,0.7327044010162354,0.003122993977740407
1774268480.926,3520.647251427,680,2,sad,1,33.1436390001727,0.014703800901770592,0.3046129643917084,0.6686726808547974,0.012010501697659492
1774268480.978,3520.698292724,681,2,sad,1,34.12110599992957,0.013522855937480927,0.3530694842338562,0.620314359664917,0.013093220070004463
1774268481.027,3520.749177317,682,1,happy,1,32.775509000202874,0.010007249191403389,0.5649557709693909,0.4164808392524719,0.008556090295314789
1774268481.077,3520.798796091,683,2,sad,1,33.03086100004293,0.010723887011408806,0.36904242634773254,0.6085131764411926,0.01172044686973095
1774268481.128,3520.849949852,684,2,sad,1,32.30909900003098,0.010406878776848316,0.24114981293678284,0.7307639718055725,0.01767927035689354
1774268481.179,3520.899693978,685,2,sad,1,33.72791899982985,0.025958489626646042,0.33859020471572876,0.6233339905738831,0.012117225676774979
1774268481.229,3520.95008681,686,2,sad,1,33.31595500003459,0.019294794648885727,0.22107356786727905,0.7517318725585938,0.007899613119661808
1774268481.278,3521.001074922,687,2,sad,1,32.058301999768446,0.013118593953549862,0.20042967796325684,0.7812023758888245,0.005249218083918095
1774268481.328,3521.051092272,688,2,sad,1,31.92820899994331,0.008557392284274101,0.1468617469072342,0.8410643339157104,0.0035163825377821922
1774268481.379,3521.101749623,689,2,sad,1,32.023709999975836,0.005576829891651869,0.1007513478398323,0.8913469314575195,0.0023247613571584225
1774268481.429,3521.152244308,690,2,sad,1,31.440374000339943,0.0036417983938008547,0.07008848339319229,0.9247077703475952,0.0015618075849488378
1774268481.480,3521.203072752,691,2,sad,1,31.754302000081225,0.0024279511999338865,0.05069757625460625,0.9458322525024414,0.0010421023471280932
1774268481.531,3521.25305625,692,2,sad,1,32.161412999812455,0.0015852745855227113,0.03323383629322052,0.9644973278045654,0.0006834263913333416
1774268481.581,3521.303652064,693,2,sad,1,31.742968000344263,0.0010552600724622607,0.021827561780810356,0.9766632318496704,0.0004538222274277359
1774268481.633,3521.354730973,694,2,sad,1,33.01371299994571,0.0007471592980436981,0.0153083810582757,0.9836280345916748,0.00031632353784516454
1774268481.682,3521.404894915,695,2,sad,1,31.9981539996661,0.0006300507811829448,0.010109646245837212,0.9886853694915771,0.0005749124102294445
1774268481.733,3521.455472748,696,2,sad,1,32.04246899986174,0.01780758611857891,0.0075337206944823265,0.8442980051040649,0.13036063313484192
1774268481.784,3521.506302712,697,2,sad,1,31.998004999877594,0.016925806179642677,0.005055828485637903,0.8864415884017944,0.09157667309045792
1774268481.833,3521.555779337,698,2,sad,1,32.21061700014616,0.013659458607435226,0.18991659581661224,0.7356786131858826,0.0607452392578125
1774268481.885,3521.606857079,699,2,sad,1,33.13939899999241,0.010515306144952774,0.1305088847875595,0.817483127117157,0.04149260371923447
1774268481.936,3521.657559579,700,2,sad,1,32.697359999929176,0.011283832602202892,0.22902816534042358,0.7320514917373657,0.027636438608169556
1774268481.986,3521.707708688,701,2,sad,1,32.49263699990479,0.008174990303814411,0.278778076171875,0.6949794888496399,0.01806734688580036
1774268482.036,3521.758942486,702,2,sad,1,32.038876000115124,0.00692314188927412,0.46080783009529114,0.5203214883804321,0.011947458609938622
1774268482.087,3521.809325707,703,2,sad,1,32.684544999938225,0.00758921867236495,0.36823830008506775,0.6163565516471863,0.007815864868462086
1774268482.139,3521.860165467,704,2,sad,1,33.73432699982004,0.006714219227433205,0.3803353011608124,0.607622504234314,0.005327901337295771
1774268482.189,3521.91028028,705,2,sad,1,33.712770999954955,0.0062489937990903854,0.3328080177307129,0.6557940244674683,0.005148875527083874
1774268482.240,3521.961152114,706,2,sad,1,33.534900000177004,0.004958930891007185,0.2619286775588989,0.7296435832977295,0.0034687663428485394
1774268482.290,3522.011313482,707,2,sad,1,33.501011000225844,0.00435277633368969,0.32387930154800415,0.6691152453422546,0.002652643481269479
1774268482.340,3522.061213053,708,2,sad,1,33.81492000016806,0.019755536690354347,0.28071919083595276,0.6965258121490479,0.002999459393322468
1774268482.391,3522.112141609,709,2,sad,1,33.237696000014694,0.24000141024589539,0.2047090381383896,0.5512081980705261,0.004081361927092075
1774268482.441,3522.162479942,710,1,happy,1,33.64575199975661,0.16408315300941467,0.4721497893333435,0.36089518666267395,0.0028718358371406794
1774268482.493,3522.213496961,711,1,happy,1,34.384736999982124,0.12559980154037476,0.5870671272277832,0.28100264072418213,0.006330337841063738
1774268482.544,3522.263917349,712,1,happy,1,34.96218299960674,0.08508431911468506,0.6133449673652649,0.29347243905067444,0.008098219521343708
1774268482.594,3522.314399811,713,1,happy,1,34.39775600008943,0.0641891360282898,0.7080944776535034,0.2201591432094574,0.007557137869298458
1774268482.644,3522.365455276,714,1,happy,1,33.70343699998557,0.04608429595828056,0.7819494009017944,0.16389185190200806,0.008074436336755753
1774268482.695,3522.416984853,715,1,happy,1,33.200694999777625,0.03127367049455643,0.8492001295089722,0.11362257599830627,0.005903564393520355
1774268482.746,3522.467103888,716,1,happy,1,33.62815899981797,0.10788074135780334,0.7854040861129761,0.10157510638237,0.005140031687915325
1774268482.796,3522.518171778,717,1,happy,1,32.78545300008773,0.20070935785770416,0.711463987827301,0.08356215804815292,0.004264426417648792
1774268482.846,3522.568994926,718,1,happy,1,31.54572699986602,0.16794085502624512,0.7549948692321777,0.0723765417933464,0.004687669221311808
1774268482.895,3522.618576385,719,1,happy,1,31.60268999999971,0.1299991011619568,0.7769889831542969,0.0851774513721466,0.00783441960811615
1774268482.946,3522.66943009,720,1,happy,1,31.46396600004664,0.11360474675893784,0.7838350534439087,0.09529849141836166,0.007261625956743956
1774268482.996,3522.719811051,721,1,happy,1,31.19913299997279,0.1241513192653656,0.7773888111114502,0.09169702976942062,0.006762729957699776
1774268483.048,3522.770552478,722,1,happy,1,32.292173000314506,0.11416645348072052,0.8129328489303589,0.06716518849134445,0.005735449027270079
1774268483.097,3522.820712346,723,1,happy,1,31.238576999840006,0.11286544799804688,0.8276337385177612,0.055082760751247406,0.004417981952428818
1774268483.148,3522.871258012,724,1,happy,1,31.708448999779648,0.13128182291984558,0.8220804929733276,0.04323667660355568,0.0034009162336587906
1774268483.199,3522.921836697,725,1,happy,1,32.285117999890645,0.15339018404483795,0.8035298585891724,0.03994463384151459,0.0031351938378065825
1774268483.250,3522.972469567,726,1,happy,1,31.840265000028012,0.17210105061531067,0.7931690216064453,0.0318603441119194,0.0028695377986878157
1774268483.300,3523.023002344,727,1,happy,1,32.06180300003325,0.16431519389152527,0.7951074838638306,0.03763823211193085,0.0029390589334070683
1774268483.349,3523.072551877,728,1,happy,1,31.632486000034987,0.11177381873130798,0.7067176103591919,0.15651890635490417,0.024989567697048187
1774268483.400,3523.122854765,729,1,happy,1,32.31213600020055,0.12850278615951538,0.6241934895515442,0.22848525643348694,0.018818415701389313
1774268483.450,3523.173133004,730,1,happy,1,31.558022999888635,0.10669362545013428,0.727220356464386,0.1531333029270172,0.012952672317624092
1774268483.501,3523.223584318,731,1,happy,1,31.673837999733223,0.07850270718336105,0.8117560148239136,0.10103201866149902,0.008709190413355827
1774268483.551,3523.274215522,732,1,happy,1,31.637504000173067,0.06019110232591629,0.866874098777771,0.06662669032812119,0.006308017298579216
1774268483.602,3523.325149337,733,1,happy,1,31.749061000027723,0.048843592405319214,0.9011500477790833,0.04509217292070389,0.004914103541523218
1774268483.657,3523.375689707,734,1,happy,1,35.56348199981585,0.03450140357017517,0.9326233863830566,0.029609136283397675,0.003265946637839079
1774268483.713,3523.427442267,735,1,happy,1,40.315351000117516,0.0329478457570076,0.9409631490707397,0.023280061781406403,0.002808844204992056
1774268483.763,3523.483838343,736,1,happy,1,34.21034699977099,0.024010414257645607,0.9573180675506592,0.016246497631072998,0.00242488831281662
1774268483.812,3523.533307783,737,1,happy,1,33.26230699985899,0.017692260444164276,0.9653412103652954,0.011906368657946587,0.005060084164142609
1774268483.859,3523.579892657,738,1,happy,1,33.69458599991049,0.033975984901189804,0.9437597990036011,0.015996528789401054,0.006267552264034748
1774268483.907,3523.628834188,739,1,happy,1,33.23041800013016,0.05330802500247955,0.8949297070503235,0.043501224368810654,0.008260914124548435
1774268483.958,3523.678983093,740,1,happy,1,33.2369180000569,0.056262217462062836,0.9082344770431519,0.02985711395740509,0.005646029487252235
1774268484.009,3523.729580612,741,1,happy,1,33.995938999851205,0.09171714633703232,0.8699975609779358,0.03375096619129181,0.0045342231169342995
1774268484.059,3523.780295056,742,1,happy,1,33.18338100007168,0.13608533143997192,0.8175585269927979,0.041760507971048355,0.004595550708472729
1774268484.109,3523.830666759,743,1,happy,1,32.97125000017331,0.18720132112503052,0.7597000598907471,0.04958252236247063,0.003516047727316618
1774268484.160,3523.88129274,744,1,happy,1,33.14799200006746,0.20919212698936462,0.7194710373878479,0.0664336159825325,0.004903178196400404
1774268484.211,3523.931872592,745,1,happy,1,33.95201299963446,0.2856220602989197,0.652997612953186,0.05691847950220108,0.004461800679564476
1774268484.261,3523.983155261,746,1,happy,1,32.430729000225256,0.35613587498664856,0.5731275081634521,0.06652595102787018,0.004210612736642361
1774268484.311,3524.033775964,747,1,happy,1,32.22287699963999,0.3185204863548279,0.5404737591743469,0.13584715127944946,0.005158529616892338
1774268484.361,3524.084440168,748,1,happy,1,31.615801000043575,0.3045896887779236,0.5657480955123901,0.12356921285390854,0.006092950701713562
1774268484.412,3524.135161631,749,1,happy,1,31.187670000235812,0.3098508417606354,0.5662342309951782,0.11695139855146408,0.00696348212659359
1774268484.463,3524.185609556,750,1,happy,1,31.871968999894307,0.24562378227710724,0.6304744482040405,0.11813996732234955,0.005761750508099794
1774268484.513,3524.236457298,751,1,happy,1,31.313057999796,0.1999858021736145,0.5479772686958313,0.24573203921318054,0.006304788403213024
1774268484.563,3524.286512203,752,1,happy,1,31.418615000347927,0.2399505376815796,0.5085046291351318,0.24609169363975525,0.005453005433082581
1774268484.613,3524.336646553,753,1,happy,1,31.235854999977164,0.19697356224060059,0.6292850971221924,0.1696292608976364,0.004111978691071272
1774268484.664,3524.387261367,754,1,happy,1,31.68828299976667,0.19889438152313232,0.6687572002410889,0.12760935723781586,0.004738923627883196
1774268484.714,3524.437379143,755,1,happy,1,30.82076100008635,0.24653500318527222,0.6530829071998596,0.09605094790458679,0.0043310499750077724
1774268484.766,3524.48764629,756,1,happy,1,33.17587999981697,0.1873183399438858,0.7397382259368896,0.06768626719713211,0.005257099401205778
1774268484.814,3524.53786451,757,1,happy,1,31.227281000155926,0.1801043152809143,0.7467505931854248,0.06772369891405106,0.005421382375061512
1774268484.865,3524.588255583,758,1,happy,1,31.03550300011193,0.1634034663438797,0.7722516059875488,0.05219801142811775,0.012146886438131332
1774268484.917,3524.638647416,759,1,happy,1,33.12738000022364,0.16990578174591064,0.7850341200828552,0.03501050919294357,0.010049542412161827
1774268484.967,3524.68852032,760,1,happy,1,32.77976800018223,0.20307520031929016,0.7654752731323242,0.024123163893818855,0.007326255552470684
1774268485.017,3524.739403914,761,1,happy,1,32.37837699998636,0.22745826840400696,0.7474166750907898,0.01852422021329403,0.006600741762667894
1774268485.068,3524.789991525,762,1,happy,1,32.21715400013636,0.3268952965736389,0.6471912264823914,0.02065277099609375,0.005260659381747246
1774268485.118,3524.840774451,763,1,happy,1,31.672059999891644,0.2899070084095001,0.675989031791687,0.029916293919086456,0.0041875592432916164
1774268485.168,3524.890746412,764,1,happy,1,31.81652299963389,0.27896732091903687,0.6683121919631958,0.04947954788804054,0.0032408596016466618
1774268485.220,3524.94157032,765,1,happy,1,32.91321299957417,0.21503496170043945,0.7288180589675903,0.053470540791749954,0.0026763633359223604
1774268485.270,3524.992605636,766,1,happy,1,32.359748000089894,0.26607924699783325,0.6613730192184448,0.07006199657917023,0.002485580276697874
1774268485.320,3525.042344818,767,1,happy,1,32.535656000163726,0.2192102074623108,0.7030988931655884,0.075491763651371,0.002199077047407627
1774268485.370,3525.092907095,768,1,happy,1,32.16569200003505,0.24475601315498352,0.654102623462677,0.09913310408592224,0.0020081927068531513
1774268485.422,3525.142609795,769,1,happy,1,33.712419999574195,0.3369938135147095,0.5787581205368042,0.0827125832438469,0.0015353981871157885
1774268485.473,3525.193677315,770,1,happy,1,33.619753000039054,0.38991811871528625,0.5462334156036377,0.06251607090234756,0.00133230141364038
1774268485.522,3525.243642091,771,1,happy,1,32.939435000116646,0.3572219908237457,0.5872783660888672,0.05436592549085617,0.0011336191091686487
1774268485.572,3525.294158109,772,1,happy,1,32.32785899990631,0.378525972366333,0.5812867283821106,0.03917788341641426,0.0010092981392517686
1774268485.622,3525.344479811,773,1,happy,1,32.58778600002188,0.45808377861976624,0.5036619901657104,0.037428345531225204,0.0008258165325969458
1774268485.674,3525.39556785,774,0,neutral,1,33.57604899974831,0.535651445388794,0.4340289235115051,0.029558852314949036,0.00076069007627666
1774268485.726,3525.446771926,775,0,neutral,1,33.65567899982125,0.5260355472564697,0.44798868894577026,0.02520175464451313,0.0007739702705293894
1774268485.778,3525.497314389,776,0,neutral,1,34.8857379999572,0.47282856702804565,0.46527355909347534,0.06006230041384697,0.0018354881322011352
1774268485.827,3525.54807913,777,0,neutral,1,33.73825299968303,0.4785681366920471,0.4714566469192505,0.04630083218216896,0.003674271982163191
1774268485.878,3525.599451336,778,1,happy,1,32.79239799985589,0.4582040011882782,0.5013144016265869,0.037998661398887634,0.0024828228633850813
1774268485.929,3525.650221744,779,1,happy,1,33.07445399968856,0.35625022649765015,0.6165155172348022,0.025466948747634888,0.0017672083340585232
1774268485.978,3525.700553539,780,1,happy,1,32.13135800024247,0.41312408447265625,0.5668937563896179,0.018203794956207275,0.001778255682438612
1774268486.028,3525.751653967,781,1,happy,1,31.41215200002989,0.4145076274871826,0.5637363791465759,0.01846514642238617,0.0032907389104366302
1774268486.079,3525.801957855,782,1,happy,1,31.34524400002192,0.38507071137428284,0.5676424503326416,0.0443701446056366,0.0029165917076170444
1774268486.129,3525.852329354,783,1,happy,1,31.54776299970763,0.41039228439331055,0.5236731171607971,0.060724228620529175,0.005210310686379671
1774268486.179,3525.902657667,784,1,happy,1,31.125373000122636,0.3960939049720764,0.539943277835846,0.05830298364162445,0.005659748334437609
1774268486.230,3525.953490761,785,1,happy,1,31.56941099996402,0.3104238510131836,0.6082882881164551,0.07562944293022156,0.005658323876559734
1774268486.281,3526.004034779,786,1,happy,1,31.71172700012903,0.264666885137558,0.6585578918457031,0.07133360952138901,0.005441566929221153
1774268486.331,3526.054552427,787,1,happy,1,31.569782000133273,0.19277653098106384,0.7422195672988892,0.0603911355137825,0.004612705670297146
1774268486.382,3526.104892111,788,1,happy,1,31.66869000006045,0.1488151252269745,0.7938179969787598,0.053142447024583817,0.004224361851811409
1774268486.431,3526.155242887,789,1,happy,1,30.946520999805216,0.10488980263471603,0.7880370020866394,0.10390359163284302,0.0031695093493908644
1774268486.482,3526.205752813,790,1,happy,1,31.18600300012986,0.08974375575780869,0.7294221520423889,0.17831671237945557,0.0025172766763716936
1774268486.534,3526.256584573,791,1,happy,1,31.627041999854555,0.07149148732423782,0.6000677347183228,0.3251592814922333,0.0032814457081258297
1774268486.584,3526.306721423,792,1,happy,1,31.587133999892103,0.07038399577140808,0.6503000259399414,0.27393245697021484,0.005383478477597237
1774268486.635,3526.35782011,793,1,happy,1,31.635560000268015,0.10030519962310791,0.6278395652770996,0.26510369777679443,0.006751485168933868
1774268486.686,3526.408118664,794,1,happy,1,32.93821299985211,0.10337632149457932,0.5428372621536255,0.3474442958831787,0.006342023611068726
1774268486.737,3526.458276514,795,1,happy,1,33.511696999994456,0.10710053145885468,0.5371068716049194,0.3503498136997223,0.005442677065730095
1774268486.788,3526.509029256,796,1,happy,1,34.01419800002259,0.2423916757106781,0.4219783544540405,0.3312240540981293,0.004405820742249489
1774268486.839,3526.560302684,797,0,neutral,1,33.48123300020234,0.3356989920139313,0.3346322774887085,0.32569214701652527,0.003976483829319477
1774268486.889,3526.610164033,798,0,neutral,1,33.49325199997111,0.3390157222747803,0.33122676610946655,0.3254045844078064,0.00435286620631814
1774268486.939,3526.660617477,799,2,sad,1,32.90019399992161,0.29785895347595215,0.2983142137527466,0.39993202686309814,0.0038947155699133873
1774268486.990,3526.71102992,800,2,sad,1,33.504290000109904,0.32118889689445496,0.26421651244163513,0.4109094440937042,0.0036850660108029842
1774268487.043,3526.761561901,801,2,sad,1,36.25200300029974,0.2951134145259857,0.23904696106910706,0.45989230275154114,0.005947242956608534
1774268487.092,3526.812769441,802,2,sad,1,34.331755000039266,0.2374715507030487,0.17985698580741882,0.5781809091567993,0.004490528721362352
1774268487.143,3526.862810605,803,2,sad,1,34.82562799990774,0.22781100869178772,0.1741383671760559,0.5932992696762085,0.004751332104206085
1774268487.193,3526.913410309,804,2,sad,1,34.09401399994749,0.227341428399086,0.18267711997032166,0.5855020880699158,0.004479297436773777
1774268487.244,3526.963360195,805,2,sad,1,35.69887200001176,0.24190682172775269,0.1587906926870346,0.5922791361808777,0.007023331709206104
1774268487.294,3527.01446766,806,2,sad,1,33.77525300038542,0.1817115992307663,0.11443142592906952,0.6987360715866089,0.005120889283716679
1774268487.344,3527.065007456,807,2,sad,1,33.919291000074736,0.11862000077962875,0.07887620478868484,0.7991458177566528,0.0033579508308321238
1774268487.394,3527.115441993,808,2,sad,1,33.00076799996532,0.08053094893693924,0.05704201012849808,0.8602300882339478,0.002196949440985918
1774268487.445,3527.166990922,809,2,sad,1,32.54974899982699,0.06047900393605232,0.04249434173107147,0.8955753445625305,0.0014512590132653713
1774268487.495,3527.217602848,810,2,sad,1,32.32676600009654,0.04097214341163635,0.029986035078763962,0.9280887842178345,0.0009529539383947849
1774268487.547,3527.268336663,811,2,sad,1,33.45904800016797,0.03021376021206379,0.019536377862095833,0.9494336843490601,0.0008161619189195335
1774268487.596,3527.31860444,812,2,sad,1,31.765837999955693,0.04774388670921326,0.015449793078005314,0.9302225112915039,0.006583807989954948
1774268487.647,3527.369520422,813,2,sad,1,31.802024000171514,0.07482325285673141,0.011286605149507523,0.9079241752624512,0.00596595136448741
1774268487.698,3527.420569646,814,2,sad,1,31.68011600018872,0.09088289737701416,0.009635132737457752,0.8930184841156006,0.006463472731411457
1774268487.749,3527.47057781,815,2,sad,1,32.932657999936055,0.13558891415596008,0.00968693196773529,0.8479605913162231,0.006763512268662453
1774268487.799,3527.521937554,816,2,sad,1,31.600393000189797,0.11749621480703354,0.00797712430357933,0.8662296533584595,0.008296985179185867
1774268487.849,3527.571338994,817,2,sad,1,32.34733999988748,0.0994696319103241,0.005777483806014061,0.884270429611206,0.010482370853424072
1774268487.899,3527.622057235,818,2,sad,1,31.170503000339522,0.07714827358722687,0.004126756452023983,0.910409688949585,0.008315211161971092
1774268487.949,3527.672263289,819,2,sad,1,31.892579999748705,0.08774131536483765,0.0037747942842543125,0.9007008075714111,0.007783054374158382
1774268488.000,3527.722760715,820,2,sad,1,32.39300700033709,0.07741143554449081,0.0036157267168164253,0.9108695387840271,0.008103256113827229
1774268488.050,3527.773108343,821,2,sad,1,31.832616999963648,0.07951018214225769,0.0043356893584132195,0.9063564538955688,0.009797561913728714
1774268488.100,3527.823360175,822,2,sad,1,31.49250500018752,0.08551893383264542,0.004722795449197292,0.89757239818573,0.012185756117105484
1774268488.150,3527.873646693,823,2,sad,1,31.461819000014657,0.06294304132461548,0.0033668996766209602,0.9233142137527466,0.010375780053436756
1774268488.203,3527.924447971,824,2,sad,1,32.884824000120716,0.09085893630981445,0.005674608983099461,0.8941072821617126,0.009359127841889858
1774268488.253,3527.975005045,825,2,sad,1,32.197710999753326,0.09671460092067719,0.009639725089073181,0.8845583200454712,0.009087313897907734
1774268488.305,3528.025780601,826,2,sad,1,33.892179999838845,0.09976847469806671,0.014742586761713028,0.8770691156387329,0.00841978844255209
1774268488.355,3528.076062434,827,2,sad,1,33.25930699975288,0.18943867087364197,0.04113548994064331,0.7592066526412964,0.010219126008450985
1774268488.405,3528.126457285,828,2,sad,1,33.63258599983965,0.1653028428554535,0.040971238166093826,0.7845256328582764,0.009200267493724823
1774268488.456,3528.177282545,829,2,sad,1,33.11825100036003,0.18079309165477753,0.09386847913265228,0.7132821679115295,0.012056203559041023
1774268488.508,3528.227830193,830,2,sad,1,34.370125999885204,0.1737038493156433,0.09274238348007202,0.724038302898407,0.009515381418168545
1774268488.557,3528.277884357,831,2,sad,1,33.893791000082274,0.1400623321533203,0.08546525239944458,0.7656413316726685,0.008831039071083069
1774268488.608,3528.328616969,832,2,sad,1,33.84412400009751,0.15271489322185516,0.1280747950077057,0.7117447257041931,0.00746552599593997
1774268488.660,3528.3794731,833,2,sad,1,34.8190530003194,0.14465995132923126,0.10916811227798462,0.7392479777336121,0.006923884153366089
1774268488.709,3528.430138544,834,2,sad,1,33.94106900032057,0.15367290377616882,0.1730305254459381,0.6664271950721741,0.006869307719171047
1774268488.762,3528.480720581,835,2,sad,1,35.687872000380594,0.1562443971633911,0.13255804777145386,0.7054364681243896,0.005760989151895046
1774268488.811,3528.530804635,836,2,sad,1,35.054980000040814,0.10376548767089844,0.08635582774877548,0.8057689070701599,0.004109708592295647
1774268488.860,3528.581169856,837,2,sad,1,33.581493999918166,0.0707189068198204,0.05759863555431366,0.8667147159576416,0.004967627115547657
1774268488.910,3528.631471078,838,2,sad,1,33.4955300004367,0.07851478457450867,0.04335862025618553,0.8712230920791626,0.006903414148837328
1774268488.960,3528.68169378,839,2,sad,1,33.0885280000075,0.14057810604572296,0.06780552864074707,0.7834248542785645,0.00819140300154686
1774268489.011,3528.733247913,840,2,sad,1,32.38359999977547,0.20119446516036987,0.10529914498329163,0.6867019534111023,0.00680434238165617
1774268489.061,3528.784573305,841,2,sad,1,31.415318000199477,0.23838825523853302,0.20626482367515564,0.5507017374038696,0.004645110573619604
1774268489.112,3528.834562432,842,1,happy,1,32.04022799991435,0.1719573736190796,0.4285593330860138,0.3964062035083771,0.003076991531997919
1774268489.163,3528.88574086,843,1,happy,1,31.703800999821397,0.12404251098632812,0.5081131458282471,0.36581823229789734,0.0020260149613022804
1774268489.214,3528.935770117,844,1,happy,1,32.45882299961522,0.1197710782289505,0.48304927349090576,0.3958287537097931,0.0013508128467947245
1774268489.264,3528.986209821,845,1,happy,1,32.379728999785584,0.10196413844823837,0.4757436215877533,0.4213908314704895,0.0009013662929646671
1774268489.314,3529.037326378,846,2,sad,1,31.58815299957496,0.14059527218341827,0.3756841719150543,0.4831112325191498,0.0006092443945817649
1774268489.365,3529.08760284,847,2,sad,1,31.943339000008564,0.14841093122959137,0.27801573276519775,0.5731339454650879,0.00043933402048423886
1774268489.415,3529.138466267,848,2,sad,1,31.57670800010237,0.10518435388803482,0.20569436252117157,0.6888251304626465,0.000296062818961218
1774268489.466,3529.188797414,849,2,sad,1,31.616171000223403,0.12754546105861664,0.20921877026557922,0.6630210876464844,0.0002145588950952515
1774268489.517,3529.239086154,850,2,sad,1,32.112803000018175,0.15481650829315186,0.18403099477291107,0.6609976291656494,0.00015482229355257004
1774268489.567,3529.289265486,851,2,sad,1,32.01194999974177,0.1839526891708374,0.19192159175872803,0.6239516735076904,0.0001739847648423165
1774268489.618,3529.340266043,852,2,sad,1,32.798026999898866,0.22439774870872498,0.23379838466644287,0.5416567325592041,0.000147089347592555
1774268489.669,3529.390429078,853,2,sad,1,32.92100999988179,0.24891576170921326,0.17067836225032806,0.5802297592163086,0.00017599444254301488
1774268489.720,3529.441038486,854,2,sad,1,33.36564000028375,0.2049473524093628,0.15139636397361755,0.6435053944587708,0.000150779087562114
1774268489.770,3529.49127841,855,2,sad,1,33.152602999962255,0.16025395691394806,0.22193479537963867,0.6176877617835999,0.0001233548391610384
1774268489.819,3529.541732688,856,2,sad,1,32.43489599981331,0.10576773434877396,0.17965413630008698,0.714409589767456,0.0001683838345343247
1774268489.871,3529.592069798,857,2,sad,1,33.34364100010134,0.07359014451503754,0.12521828711032867,0.8009860515594482,0.00020538855460472405
1774268489.921,3529.642706798,858,2,sad,1,33.16930700020748,0.2328145056962967,0.12805739045143127,0.6389487981796265,0.00017921021208167076
1774268489.972,3529.693295576,859,2,sad,1,33.33108500009985,0.3853449821472168,0.10265099257230759,0.5118395686149597,0.00016436987789347768
1774268490.022,3529.743573242,860,2,sad,1,33.504085000004125,0.35509344935417175,0.15811994671821594,0.48660168051719666,0.00018480901781003922
1774268490.073,3529.794631188,861,0,neutral,1,33.22499199975937,0.4351084232330322,0.16118401288986206,0.40353167057037354,0.00017574458615854383
1774268490.123,3529.845003095,862,0,neutral,1,33.18501000012475,0.5284934639930725,0.15645119547843933,0.314901739358902,0.0001534889597678557
1774268490.176,3529.8959858,863,0,neutral,1,34.467570000288106,0.5471168756484985,0.196272075176239,0.25646135210990906,0.00014962392742745578
1774268490.227,3529.9467028,864,0,neutral,1,35.01470299988796,0.5365110635757446,0.25144892930984497,0.21185076236724854,0.00018919951980933547
1774268490.275,3529.997268356,865,0,neutral,1,32.7943239999513,0.512336254119873,0.3180151581764221,0.16947537660598755,0.00017313589341938496
1774268490.327,3530.048191876,866,0,neutral,1,33.55371499992543,0.472383588552475,0.39070364832878113,0.13675792515277863,0.00015476133557967842
1774268490.377,3530.098377671,867,1,happy,1,33.02717599990501,0.36427605152130127,0.5268394947052002,0.10874347388744354,0.00014091476623434573
1774268490.428,3530.149915748,868,1,happy,1,32.847991000380716,0.3988599181175232,0.4527977705001831,0.14821290969848633,0.00012936326675117016
1774268490.478,3530.199721412,869,1,happy,1,33.08162099983747,0.31007108092308044,0.5647273063659668,0.12507054209709167,0.00013101697550155222
1774268490.529,3530.250997119,870,1,happy,1,32.313728999724844,0.33619561791419983,0.42790794372558594,0.23575237393379211,0.00014400077634491026
1774268490.579,3530.30143184,871,0,neutral,1,31.98208000003433,0.3849916458129883,0.3007696568965912,0.3141048550605774,0.00013381602184381336
1774268490.629,3530.352289804,872,0,neutral,1,31.643911999708507,0.46609193086624146,0.30893561244010925,0.22484102845191956,0.00013139506336301565
1774268490.679,3530.402133857,873,0,neutral,1,31.49755999993431,0.42360711097717285,0.2179255485534668,0.3583390712738037,0.00012819776020478457
1774268490.731,3530.453573231,874,0,neutral,1,32.30587699999887,0.4403723180294037,0.1509615182876587,0.4085509777069092,0.00011510065814945847
1774268490.782,3530.505410995,875,0,neutral,1,31.421929999851272,0.4360217750072479,0.138055682182312,0.42580753564834595,0.0001148782903328538
1774268490.832,3530.555608345,876,2,sad,1,31.40911499986032,0.39562955498695374,0.132700577378273,0.47148463129997253,0.00018512156384531409
1774268490.882,3530.605789548,877,0,neutral,1,31.188243000087823,0.45821288228034973,0.11073076725006104,0.4307946562767029,0.00026162847643718123
1774268490.934,3530.655985065,878,0,neutral,1,32.6864899998327,0.3698066473007202,0.3380759656429291,0.29151105880737305,0.0006062214379198849
1774268490.983,3530.706293693,879,1,happy,1,31.878394999694137,0.31759190559387207,0.48942703008651733,0.1924438178539276,0.0005371628212742507
1774268491.034,3530.75687423,880,1,happy,1,31.355764000181807,0.2612607479095459,0.5963519215583801,0.14050951600074768,0.001877761329524219
1774268491.084,3530.806802247,881,1,happy,1,31.745504999889818,0.19907638430595398,0.40400266647338867,0.3701799213886261,0.026740949600934982
1774268491.135,3530.857380895,882,1,happy,1,31.904338999993342,0.14865706861019135,0.5319898724555969,0.26182785630226135,0.05752512812614441
1774268491.186,3530.908051432,883,1,happy,1,32.23419300002206,0.14934472739696503,0.6138148307800293,0.1878865510225296,0.0489538237452507
1774268491.235,3530.958489302,884,1,happy,1,31.6911350000737,0.12981203198432922,0.712295651435852,0.1254073828458786,0.03248488903045654
1774268491.287,3531.008313226,885,1,happy,1,33.029212999736046,0.10736879706382751,0.7884242534637451,0.08263463526964188,0.02157224528491497
1774268491.338,3531.059024467,886,1,happy,1,34.006864999810205,0.09217492491006851,0.836772084236145,0.05629817023873329,0.014754658564925194
1774268491.388,3531.109476985,887,1,happy,1,32.874546999664744,0.08947186917066574,0.8606005907058716,0.03811770677566528,0.011809749528765678
1774268491.438,3531.159976337,888,1,happy,1,33.1414180000138,0.06314825266599655,0.8995160460472107,0.026059556752443314,0.01127607747912407
1774268491.488,3531.210564763,889,1,happy,1,32.55035999973188,0.058075178414583206,0.913466215133667,0.018441088497638702,0.010017385706305504
1774268491.539,3531.260868947,890,1,happy,1,32.60754600023574,0.0442148894071579,0.9364466071128845,0.012153533287346363,0.007184874266386032
1774268491.590,3531.311640504,891,1,happy,1,32.712767999782955,0.03832421079277992,0.9471601247787476,0.008731955662369728,0.005783573724329472
1774268491.640,3531.36189541,892,1,happy,1,32.453988999805006,0.04310039430856705,0.94368577003479,0.006703334394842386,0.006510385312139988
1774268491.692,3531.413176061,893,1,happy,1,33.12460300003295,0.05489753186702728,0.9352958798408508,0.004632282070815563,0.00517423776909709
1774268491.743,3531.462930725,894,1,happy,1,34.89077599988377,0.09718358516693115,0.8948143124580383,0.0035705009941011667,0.004431529901921749
1774268491.793,3531.513438558,895,1,happy,1,34.0863100000206,0.14636293053627014,0.8455780744552612,0.003012457862496376,0.005046472419053316
1774268491.841,3531.563890224,896,1,happy,1,32.194192000133626,0.09754457324743271,0.8945895433425903,0.002229922218248248,0.00563593115657568
1774268491.894,3531.614234816,897,1,happy,1,34.385884999664995,0.06480932235717773,0.9231280088424683,0.0023094830103218555,0.009753169491887093
1774268491.944,3531.664610241,898,1,happy,1,33.7424760000431,0.06824307143688202,0.9126437902450562,0.011241128668189049,0.007871991023421288
1774268491.994,3531.715499909,899,1,happy,1,33.082288000059634,0.04952172562479973,0.934769332408905,0.009703620336949825,0.006005278788506985
1774268492.045,3531.767416877,900,1,happy,1,32.326767000085965,0.04597888141870499,0.9351558685302734,0.012686794623732567,0.006178333889693022
1774268492.095,3531.817389949,901,1,happy,1,32.29024800020852,0.07940249145030975,0.8958301544189453,0.019162602722644806,0.005604591220617294
1774268492.145,3531.867625911,902,1,happy,1,31.802339000023494,0.1626676768064499,0.8033497333526611,0.02912379428744316,0.004858660511672497
1774268492.194,3531.917937799,903,1,happy,1,31.211189000259765,0.19039011001586914,0.7793309688568115,0.026353007182478905,0.003925737459212542
1774268492.246,3531.96864517,904,1,happy,1,31.93582099993364,0.18029826879501343,0.799098014831543,0.017877904698252678,0.00272571318782866
1774268492.296,3532.018597761,905,1,happy,1,31.783948999873246,0.22527652978897095,0.7581073045730591,0.013836534693837166,0.002779582515358925
1774268492.346,3532.068928519,906,1,happy,1,32.25487800000337,0.190719336271286,0.7945947647094727,0.012496967799961567,0.00218888814561069
1774268492.396,3532.118936702,907,1,happy,1,31.31941099991309,0.14026384055614471,0.8484923839569092,0.009609756991267204,0.0016339856665581465
1774268492.447,3532.169849704,908,1,happy,1,32.22213599974566,0.09306702017784119,0.8991655111312866,0.0066523803398013115,0.0011150563368573785
1774268492.497,3532.220257518,909,1,happy,1,31.543042000066635,0.061269648373126984,0.9327007532119751,0.00508543848991394,0.0009440931025892496
1774268492.547,3532.270887611,910,1,happy,1,31.020503000036115,0.04989245533943176,0.9431657791137695,0.006115106400102377,0.0008266117656603456
1774268492.598,3532.321765779,911,1,happy,1,31.34168899987344,0.06156478077173233,0.9310550689697266,0.0064019691199064255,0.0009781739208847284
1774268492.649,3532.371942944,912,1,happy,1,31.76130200017724,0.05281202867627144,0.9415265917778015,0.004409210756421089,0.0012520751915872097
1774268492.700,3532.422487444,913,1,happy,1,32.34543400003531,0.05536739155650139,0.9399052262306213,0.0032717373687773943,0.00145557033829391
1774268492.752,3532.472982352,914,1,happy,1,33.32967699998335,0.045922376215457916,0.9494616985321045,0.0031327782198786736,0.0014830534346401691
1774268492.801,3532.523710112,915,1,happy,1,32.324711000001116,0.05141422152519226,0.9448102712631226,0.002424048725515604,0.0013513789745047688
1774268492.851,3532.573942388,916,1,happy,1,31.310244999986026,0.0386182926595211,0.9584351778030396,0.0018779209349304438,0.001068496028892696
1774268492.902,3532.624926409,917,1,happy,1,31.884412999716005,0.02950397878885269,0.967406153678894,0.0014717277372255921,0.001618062611669302
1774268492.952,3532.675352019,918,1,happy,1,31.58822700015662,0.023428358137607574,0.9736346006393433,0.0012122772168368101,0.0017247839132323861
1774268493.003,3532.725560981,919,1,happy,1,31.82519100028003,0.01673061028122902,0.9796534776687622,0.0019145265687257051,0.0017013701144605875
1774268493.054,3532.775980777,920,1,happy,1,32.66512000027433,0.01455834973603487,0.9813059568405151,0.0021129848901182413,0.002022670116275549
1774268493.104,3532.825847719,921,1,happy,1,33.05045499973858,0.013422563672065735,0.983146071434021,0.0017916554352268577,0.001639637746848166
1774268493.154,3532.876065274,922,1,happy,1,33.051342999897315,0.01892044022679329,0.9759995937347412,0.003584102261811495,0.0014957955572754145
1774268493.206,3532.926851052,923,1,happy,1,33.55801199995767,0.01798047125339508,0.9771255850791931,0.0029714913107454777,0.001922413008287549
1774268493.256,3532.977226144,924,1,happy,1,33.74236500030747,0.01764996536076069,0.9778965711593628,0.0027463086880743504,0.0017070628236979246
1774268493.307,3533.027641811,925,1,happy,1,33.72727199985093,0.03708544746041298,0.9586396217346191,0.00271214684471488,0.001562681281939149
1774268493.358,3533.078500293,926,1,happy,1,34.479385999929946,0.02609965205192566,0.9702363610267639,0.001884373603388667,0.001779510173946619
1774268493.407,3533.129500703,927,1,happy,1,32.37184099998558,0.02646356076002121,0.9705431461334229,0.0014653606340289116,0.001527828280813992
1774268493.458,3533.179713998,928,1,happy,1,33.48378900000171,0.027833271771669388,0.9697965383529663,0.0011419154470786452,0.0012281953822821379
1774268493.508,3533.229759126,929,1,happy,1,32.77473100024508,0.030736807733774185,0.9651053547859192,0.0030581087339669466,0.001099732588045299
1774268493.560,3533.28013144,930,1,happy,1,34.128607000184275,0.03101545013487339,0.9643268585205078,0.003689727745950222,0.0009679232025519013
1774268493.609,3533.330155086,931,1,happy,1,33.34964099985882,0.040275055915117264,0.9309975504875183,0.02426588535308838,0.00446145748719573
1774268493.660,3533.380596086,932,1,happy,1,33.892309999828285,0.06512247025966644,0.911452054977417,0.019155826419591904,0.004269578494131565
1774268493.711,3533.431181697,933,1,happy,1,34.18284800000038,0.05227327719330788,0.9308280944824219,0.013911955058574677,0.0029866506811231375
1774268493.765,3533.481120047,934,1,happy,1,38.495714999953634,0.05007003992795944,0.9353200197219849,0.012231415137648582,0.002378458622843027
1774268493.818,3533.535117875,935,1,happy,1,37.80286099981822,0.05005708336830139,0.9370366334915161,0.011036298237740993,0.0018698950298130512
1774268493.866,3533.588634034,936,1,happy,1,31.73896800035436,0.05079297348856926,0.938841700553894,0.008605358190834522,0.0017598832491785288
1774268493.913,3533.634328201,937,1,happy,1,33.35071500032427,0.03590554744005203,0.956611156463623,0.006142992060631514,0.001340219983831048
1774268493.961,3533.68185282,938,1,happy,1,33.397751999928005,0.031374070793390274,0.9628136157989502,0.004736673086881638,0.0010755190160125494
1774268494.011,3533.732886396,939,1,happy,1,32.7625279996937,0.025372546166181564,0.9703831672668457,0.003438617568463087,0.0008055114885792136
1774268494.061,3533.783092451,940,1,happy,1,32.412118000138435,0.0617094412446022,0.9345661401748657,0.0028883025515824556,0.0008359537459909916
1774268494.111,3533.833807655,941,1,happy,1,32.07908100011991,0.05531890317797661,0.9405010938644409,0.003046529833227396,0.0011332626454532146
1774268494.162,3533.884276896,942,1,happy,1,32.0927840002696,0.07173676788806915,0.9120646715164185,0.014609445817768574,0.0015889588976278901
1774268494.212,3533.935214027,943,1,happy,1,31.522041000243917,0.06813512742519379,0.8960664868354797,0.03343408554792404,0.0023641884326934814
1774268494.263,3533.984767005,944,1,happy,1,33.08056600008058,0.09116315841674805,0.8823738098144531,0.024624984711408615,0.0018378967652097344
1774268494.312,3534.035173375,945,1,happy,1,31.562431000111246,0.08133842051029205,0.8972747921943665,0.019550591707229614,0.0018360575195401907
1774268494.363,3534.085881283,946,1,happy,1,31.402059999891208,0.0769629031419754,0.9044313430786133,0.016871344298124313,0.0017343449871987104
1774268494.413,3534.137122341,947,1,happy,1,30.992207000053895,0.066686250269413,0.919327974319458,0.012513945810496807,0.0014717795420438051
1774268494.464,3534.187480785,948,1,happy,1,31.520485999863013,0.08555717021226883,0.9029571413993835,0.010216031223535538,0.0012696105986833572
1774268494.515,3534.237890155,949,1,happy,1,31.953598999734822,0.07839398086071014,0.9123977422714233,0.008097429759800434,0.0011107642203569412
1774268494.565,3534.288276451,950,1,happy,1,31.189558999813016,0.09556835889816284,0.8969297409057617,0.006229768507182598,0.0012720205122604966
1774268494.616,3534.338682395,951,1,happy,1,31.525041999884706,0.1211688220500946,0.8696506023406982,0.007833953946828842,0.0013464782387018204
1774268494.665,3534.388696708,952,1,happy,1,31.361040999854595,0.15387694537639618,0.8370304107666016,0.007814683020114899,0.0012778147356584668
1774268494.716,3534.438614373,953,1,happy,1,32.18204400036484,0.20202136039733887,0.7821838855743408,0.014230355620384216,0.001564324484206736
1774268494.767,3534.488994595,954,1,happy,1,33.16647300016484,0.21112364530563354,0.7191373109817505,0.06561728566884995,0.004121711943298578
1774268494.817,3534.539550188,955,1,happy,1,32.6173230000677,0.19549626111984253,0.5974860787391663,0.20147132873535156,0.005546249449253082
1774268494.867,3534.590073539,956,1,happy,1,31.58019000011336,0.17359894514083862,0.49669528007507324,0.3229939341545105,0.006711710710078478
1774268494.917,3534.640265742,957,1,happy,1,31.781413000317116,0.14594194293022156,0.5897557735443115,0.2586379945278168,0.005664138589054346
1774268494.969,3534.690874594,958,1,happy,1,32.39817499979836,0.1454821527004242,0.46376001834869385,0.3835357427597046,0.007221960928291082
1774268495.019,3534.741293242,959,1,happy,1,32.474840999839216,0.1398504227399826,0.4752119779586792,0.377122700214386,0.007814795710146427
1774268495.070,3534.791527612,960,2,sad,1,33.40976999970735,0.15008534491062164,0.39693683385849,0.44437137246131897,0.008606377989053726
1774268495.121,3534.842965911,961,1,happy,1,33.00045499963744,0.13358883559703827,0.4625173807144165,0.3953561782836914,0.008537491783499718
1774268495.171,3534.892447056,962,1,happy,1,33.73721599973578,0.11281135678291321,0.577595055103302,0.30217280983924866,0.007420690730214119
1774268495.221,3534.943673077,963,1,happy,1,32.03371000017796,0.11585459113121033,0.602446973323822,0.27266520261764526,0.009033124893903732
1774268495.273,3534.993941669,964,1,happy,1,33.429623000301945,0.14235973358154297,0.6100531816482544,0.235630065202713,0.011956870555877686
1774268495.322,3535.044250372,965,1,happy,1,32.86149099994873,0.1905071884393692,0.5910934805870056,0.20694305002689362,0.011456153355538845
1774268495.373,3535.094364871,966,1,happy,1,32.911769000293134,0.2110288441181183,0.5421352386474609,0.23675507307052612,0.01008072029799223
1774268495.423,3535.144606036,967,1,happy,1,33.18771500016737,0.1838022768497467,0.6059713959693909,0.20035332441329956,0.00987289659678936
1774268495.475,3535.195423371,968,1,happy,1,34.42775600024106,0.15218615531921387,0.6027090549468994,0.23546791076660156,0.0096367746591568
1774268495.525,3535.246142427,969,1,happy,1,33.13732600008734,0.14166805148124695,0.5756389498710632,0.26854610443115234,0.014146803878247738
1774268495.575,3535.296090481,970,1,happy,1,33.98092099996575,0.11576684564352036,0.5363883376121521,0.33450573682785034,0.013338970020413399
1774268495.627,3535.347002131,971,1,happy,1,34.632089999831805,0.08172091841697693,0.46341121196746826,0.432699978351593,0.022167779505252838
1774268495.676,3535.39703224,972,1,happy,1,33.985457999733626,0.06731386482715607,0.6098625659942627,0.30663827061653137,0.016185222193598747
1774268495.727,3535.447646574,973,1,happy,1,33.74693900013881,0.08881472051143646,0.5140371918678284,0.3839800953865051,0.013167905621230602
1774268495.778,3535.499124004,974,1,happy,1,33.9271610000651,0.09464457631111145,0.5464373230934143,0.34631669521331787,0.012601297348737717
1774268495.828,3535.550298951,975,1,happy,1,32.36124800014295,0.07919074594974518,0.5668860673904419,0.3384270668029785,0.015495987609028816
1774268495.879,3535.600820858,976,1,happy,1,32.47732299996642,0.06318210810422897,0.6286646127700806,0.2893471419811249,0.01880606822669506
1774268495.929,3535.651334303,977,1,happy,1,32.23309899976812,0.0959153026342392,0.6155083179473877,0.2686619758605957,0.019914278760552406
1774268495.980,3535.702532453,978,1,happy,1,31.8534319999344,0.11229656636714935,0.5309616923332214,0.3371686339378357,0.019572937861084938
1774268496.029,3535.752309692,979,2,sad,1,31.543208000130107,0.117074154317379,0.3705115020275116,0.49652788043022156,0.015886306762695312
1774268496.080,3535.802693525,980,2,sad,1,31.86217199981911,0.08128505200147629,0.25191572308540344,0.6493804454803467,0.01741870678961277
1774268496.132,3535.853898009,981,2,sad,1,32.449785999688174,0.09323836117982864,0.33205708861351013,0.5621176958084106,0.012586722150444984
1774268496.182,3535.904224119,982,2,sad,1,32.093765999889,0.07294868677854538,0.315398246049881,0.601747989654541,0.009904938749969006
1774268496.232,3535.954454619,983,1,happy,1,31.872616999862657,0.07489972561597824,0.4874156713485718,0.42844054102897644,0.009243903681635857
1774268496.282,3536.00543562,984,1,happy,1,31.4465790002032,0.07423020154237747,0.6300491094589233,0.28870245814323425,0.0070181069895625114
1774268496.332,3536.055305989,985,1,happy,1,31.509245000052033,0.06073032319545746,0.6303555369377136,0.29846689105033875,0.010447142645716667
1774268496.382,3536.105756414,986,1,happy,1,31.433096999990084,0.06696943938732147,0.692955493927002,0.22568564116954803,0.014389287680387497
1774268496.432,3536.155929858,987,1,happy,1,31.059503000051336,0.07258342951536179,0.5506488680839539,0.3415624797344208,0.03520512580871582
1774268496.483,3536.205925208,988,1,happy,1,31.71120900015012,0.08896712958812714,0.6171064376831055,0.25528842210769653,0.03863787651062012
1774268496.534,3536.256996766,989,1,happy,1,32.09876599976269,0.08411439508199692,0.6373845338821411,0.24673351645469666,0.031767427921295166
1774268496.583,3536.30687569,990,1,happy,1,31.255447999683383,0.06075325980782509,0.6833442449569702,0.2320326566696167,0.023869693279266357
1774268496.634,3536.357034244,991,1,happy,1,31.297615000312362,0.04382287338376045,0.7707488536834717,0.16949406266212463,0.015934119001030922
1774268496.685,3536.407331669,992,1,happy,1,31.91639499982557,0.03401494771242142,0.7219052910804749,0.23361830413341522,0.010461421683430672
1774268496.735,3536.458094467,993,1,happy,1,31.23817000005147,0.02677414007484913,0.555866003036499,0.4104655683040619,0.006894221529364586
1774268496.788,3536.508417855,994,2,sad,1,34.01506899990636,0.020215097814798355,0.4046817123889923,0.5705103874206543,0.004592682234942913
1774268496.839,3536.559089985,995,2,sad,1,34.2733299999054,0.016556788235902786,0.29307156801223755,0.6873210072517395,0.0030505105387419462
1774268496.890,3536.610167154,996,2,sad,1,34.103125000001455,0.016701065003871918,0.2019096463918686,0.7793847322463989,0.002004457637667656
1774268496.939,3536.660336098,997,2,sad,1,33.18232500032536,0.012121113017201424,0.1317516267299652,0.8547967672348022,0.001330432714894414
1774268496.990,3536.710883061,998,2,sad,1,34.049216999846976,0.008023050613701344,0.08589053899049759,0.9051799774169922,0.0009063458419404924
1774268497.039,3536.761456154,999,2,sad,1,32.67965700024433,0.010741113685071468,0.05939964950084686,0.9291782379150391,0.0006808902253396809
1774268497.091,3536.812404045,1000,2,sad,1,32.96163899995008,0.04264504835009575,0.04617587476968765,0.9107000231742859,0.0004789251834154129
1774268497.142,3536.862599025,1001,2,sad,1,33.642994000274484,0.04840456694364548,0.08754841238260269,0.8631950616836548,0.0008517939131706953
1774268497.192,3536.913030673,1002,2,sad,1,34.10434800025541,0.03472712263464928,0.061754874885082245,0.9022095203399658,0.001308332197368145
1774268497.242,3536.963327543,1003,2,sad,1,32.95586200010803,0.02508588880300522,0.06835317611694336,0.9051886200904846,0.001372168306261301
1774268497.293,3537.014669991,1004,2,sad,1,33.15206599972953,0.016718139871954918,0.047789499163627625,0.9343035221099854,0.0011886684224009514
1774268497.345,3537.06447484,1005,2,sad,1,34.6106269998927,0.011462072841823101,0.034814488142728806,0.9527150392532349,0.0010082407388836145
1774268497.393,3537.115945344,1006,2,sad,1,31.37539299996206,0.009605065919458866,0.030681956559419632,0.9583892822265625,0.001323572127148509
1774268497.444,3537.165778694,1007,2,sad,1,33.22989900016182,0.006962992716580629,0.031689975410699844,0.9603331089019775,0.0010138230863958597
1774268497.495,3537.217302957,1008,2,sad,1,31.967025000085414,0.006114545278251171,0.02720560133457184,0.9658516645431519,0.00082809739978984
1774268497.546,3537.268092162,1009,2,sad,1,32.142561999989994,0.006031585857272148,0.036997780203819275,0.956244945526123,0.0007256604731082916
1774268497.596,3537.318671162,1010,2,sad,1,31.635263999760355,0.005282780155539513,0.033346597105264664,0.9606865644454956,0.0006839901325292885
1774268497.646,3537.369832961,1011,2,sad,1,31.280169999718055,0.005059783812612295,0.045342251658439636,0.9490296840667725,0.0005682000191882253
1774268497.698,3537.419906478,1012,2,sad,1,32.34189700015122,0.0037570237182080746,0.042557623237371445,0.9532068967819214,0.0004783828044310212
1774268497.749,3537.470646924,1013,2,sad,1,32.87284299995008,0.004617265425622463,0.07495157420635223,0.9199347496032715,0.0004963396349921823
1774268497.799,3537.521980501,1014,2,sad,1,31.529948999832413,0.00514435488730669,0.09626785665750504,0.8981232643127441,0.0004644801956601441
1774268497.848,3537.571235997,1015,2,sad,1,31.123595000281057,0.005910440348088741,0.1075003445148468,0.8858993053436279,0.0006898730061948299
1774268497.898,3537.621760923,1016,2,sad,1,31.160855000052834,0.005667360499501228,0.10925443470478058,0.8841004967689514,0.0009776297956705093
1774268497.948,3537.671444031,1017,2,sad,1,31.08605899979011,0.005091504659503698,0.10280793905258179,0.8913341760635376,0.0007662866846658289
1774268497.999,3537.722341014,1018,2,sad,1,30.867057999785175,0.0061854650266468525,0.08552969992160797,0.907630205154419,0.0006545784999616444
1774268498.050,3537.773509387,1019,2,sad,1,31.294040999910067,0.005214168690145016,0.07185377180576324,0.9223363399505615,0.0005956756649538875
1774268498.100,3537.823298089,1020,2,sad,1,31.181761999960145,0.004713376052677631,0.0950951874256134,0.899551510810852,0.0006398324621841311
1774268498.152,3537.874538869,1021,2,sad,1,31.717191000097955,0.005851841066032648,0.1191544234752655,0.8740766048431396,0.0009170456323772669
1774268498.202,3537.924431775,1022,2,sad,1,32.754565000232105,0.00957239419221878,0.0963904932141304,0.8932507038116455,0.0007862488273531199
1774268498.252,3537.975009757,1023,2,sad,1,31.90295000013066,0.022712863981723785,0.11209824681282043,0.8644093871116638,0.000779359950684011
1774268498.304,3538.025918425,1024,2,sad,1,32.52547100009906,0.032734278589487076,0.10029657185077667,0.8663251399993896,0.0006439064745791256
1774268498.355,3538.075983609,1025,2,sad,1,33.694086999730644,0.042797841131687164,0.0762467235326767,0.8803187608718872,0.0006365666631609201
1774268498.405,3538.126491406,1026,2,sad,1,33.601623000322434,0.06630878150463104,0.0639381930232048,0.8690707683563232,0.000682182377204299
1774268498.455,3538.176953017,1027,2,sad,1,33.18023300016648,0.06276926398277283,0.04933386668562889,0.8873118162155151,0.0005849889712408185
1774268498.506,3538.227443499,1028,2,sad,1,33.39528900005462,0.04318143427371979,0.03406612202525139,0.92232346534729,0.0004288780619390309
1774268498.556,3538.278299482,1029,2,sad,1,32.670545000200946,0.028085878118872643,0.022215165197849274,0.9494102001190186,0.00028869518428109586
1774268498.607,3538.328277943,1030,2,sad,1,33.17643599984876,0.018343674018979073,0.014526708982884884,0.9669311046600342,0.0001984615228138864
1774268498.658,3538.378798239,1031,2,sad,1,34.01164400020207,0.01192763913422823,0.009456473402678967,0.9784849882125854,0.000130799860926345
1774268498.751,3538.429313777,1032,2,sad,1,34.15395899992291,0.017861180007457733,0.03497384116053581,0.9470717906951904,9.315000352216884e-05
1774268498.797,3538.51921307,1033,2,sad,1,32.451211999614316,0.1045932024717331,0.1306544840335846,0.7646352052688599,0.00011703606287483126
1774268498.846,3538.564763996,1034,2,sad,1,35.70074300023407,0.08846598118543625,0.38728904724121094,0.5241294503211975,0.00011544505105121061
1774268498.900,3538.614061011,1035,1,happy,1,40.1868320000176,0.05841350555419922,0.599655032157898,0.3418515622615814,7.986430136952549e-05
1774268498.954,3538.671934223,1036,1,happy,1,36.922395000146935,0.0395282618701458,0.7367828488349915,0.2236342877149582,5.455628706840798e-05
1774268499.000,3538.721803073,1037,2,sad,1,32.5514529999964,0.02578859031200409,0.48209092020988464,0.4920807182788849,3.9733473386149853e-05
1774268499.047,3538.768244058,1038,2,sad,1,33.3022519998849,0.016765497624874115,0.32102474570274353,0.6621836423873901,2.605681584100239e-05
1774268499.094,3538.814867433,1039,2,sad,1,33.87662500017541,0.015950197353959084,0.4366571307182312,0.5471746921539307,0.00021790590835735202
1774268499.141,3538.861755717,1040,2,sad,1,33.5345859998597,0.028825830668210983,0.306577205657959,0.6641460657119751,0.0004507825360633433
1774268499.187,3538.908368999,1041,2,sad,1,32.83995400033746,0.0378582701086998,0.21883462369441986,0.7429530024528503,0.0003540038305800408
1774268499.232,3538.954077093,1042,2,sad,1,32.200525000007474,0.0438268780708313,0.16395655274391174,0.791732907295227,0.00048357844934798777
1774268499.277,3538.998883054,1043,2,sad,1,33.08732499999678,0.1823333203792572,0.15018156170845032,0.6664780974388123,0.0010069389827549458
1774268499.323,3539.045036149,1044,2,sad,1,32.32530399964162,0.18782135844230652,0.13803710043430328,0.6726020574569702,0.001539377262815833
1774268499.368,3539.09087378,1045,2,sad,1,32.0978780000587,0.3124578297138214,0.19532853364944458,0.49098625779151917,0.0012272888561710715
1774268499.417,3539.139918757,1046,0,neutral,1,31.748375999995915,0.46337875723838806,0.1572190374135971,0.3785296082496643,0.0008725192165002227
1774268499.468,3539.190432461,1047,2,sad,1,31.803949999812176,0.30730316042900085,0.10550930351018906,0.5865803360939026,0.0006071770330891013
1774268499.518,3539.240760127,1048,2,sad,1,31.825931999719614,0.20252421498298645,0.07373981922864914,0.7231159210205078,0.0006200583302415907
1774268499.568,3539.290929311,1049,2,sad,1,31.754061999890837,0.15368962287902832,0.0980011522769928,0.7455641031265259,0.002745103556662798
1774268499.619,3539.341744831,1050,2,sad,1,32.06052599989562,0.11321676522493362,0.12090978026390076,0.761520504951477,0.004352856427431107
1774268499.670,3539.392799741,1051,2,sad,1,32.331173999864404,0.08837772160768509,0.15660905838012695,0.7477065324783325,0.00730657484382391
1774268499.720,3539.443265834,1052,2,sad,1,31.87717299988435,0.06757776439189911,0.11515485495328903,0.8119537234306335,0.005313578061759472
1774268499.774,3539.494572893,1053,2,sad,1,33.63217900005111,0.06220589578151703,0.0882963314652443,0.8451839089393616,0.004313809331506491
1774268499.823,3539.544947467,1054,2,sad,1,32.430247999855055,0.05591295659542084,0.1302032172679901,0.8072018623352051,0.006681912578642368
1774268499.873,3539.595241744,1055,2,sad,1,32.73328700015554,0.04204115271568298,0.13117948174476624,0.8209561705589294,0.005823166109621525
1774268499.924,3539.64547854,1056,2,sad,1,33.66465999988577,0.034278105944395065,0.13920119404792786,0.8214634656906128,0.005057170055806637
1774268499.977,3539.696447597,1057,2,sad,1,35.41829699997834,0.04926963150501251,0.19427524507045746,0.7503368258476257,0.006118202582001686
1774268500.026,3539.746798134,1058,2,sad,1,33.6558829999376,0.04569142311811447,0.36225607991218567,0.5841726064682007,0.007879788056015968
1774268500.075,3539.79755145,1059,2,sad,1,32.41528600028687,0.05027635395526886,0.32627978920936584,0.6157024502754211,0.007741344161331654
1774268500.126,3539.8475363,1060,2,sad,1,33.096474000103626,0.044149335473775864,0.2241043746471405,0.7215793132781982,0.0101668955758214
1774268500.178,3539.89806519,1061,2,sad,1,34.79503499966086,0.03322233259677887,0.15574997663497925,0.8029727935791016,0.00805485900491476
1774268500.228,3539.948248763,1062,2,sad,1,34.182200000032026,0.021903498098254204,0.12215393781661987,0.7957249879837036,0.06021749973297119
1774268500.277,3539.999622322,1063,2,sad,1,31.958542999745987,0.015584426000714302,0.08625257760286331,0.8088428974151611,0.08931994438171387
1774268500.327,3540.050600491,1064,2,sad,1,31.480819000080373,0.010621667839586735,0.05751385539770126,0.8470957279205322,0.08476856350898743
1774268500.378,3540.100844398,1065,2,sad,1,31.76976500026285,0.007631862536072731,0.04127219691872597,0.8358524441719055,0.1152433454990387
1774268500.428,3540.151687122,1066,2,sad,1,31.325040999945486,0.006303156726062298,0.029006265103816986,0.8045985102653503,0.16009195148944855
1774268500.478,3540.201558231,1067,2,sad,1,30.827149999822723,0.004118015058338642,0.018881293013691902,0.8728979229927063,0.10410267114639282
1774268500.530,3540.253340402,1068,2,sad,1,31.200541000089288,0.003091573715209961,0.012492090463638306,0.9166650176048279,0.06775125116109848
1774268500.581,3540.303801329,1069,2,sad,1,31.44505999989633,0.01116968970745802,0.06671739369630814,0.8767154812812805,0.04539737105369568
1774268500.631,3540.35434344,1070,2,sad,1,30.955466000250453,0.0805797129869461,0.23739218711853027,0.6519727110862732,0.030055340379476547
1774268500.681,3540.404288624,1071,2,sad,1,31.760913000198343,0.06055191159248352,0.4026474058628082,0.5104153752326965,0.02638525515794754
1774268500.732,3540.45501431,1072,2,sad,1,31.230799999775627,0.050714895129203796,0.42957189679145813,0.49824386835098267,0.0214692410081625
1774268500.782,3540.505604292,1073,1,happy,1,31.15255900002012,0.037489280104637146,0.6131176948547363,0.3271535634994507,0.022239334881305695
1774268500.833,3540.555760125,1074,1,happy,1,31.633412000246608,0.030671413987874985,0.7392308712005615,0.21352078020572662,0.01657683774828911
1774268500.883,3540.605971902,1075,1,happy,1,31.5412820000347,0.02514531835913658,0.8174277544021606,0.13942380249500275,0.018003050237894058
1774268500.933,3540.656286494,1076,1,happy,1,31.36222600005567,0.017746344208717346,0.8771727085113525,0.09084581583738327,0.014235077425837517
1774268500.982,3540.706107844,1077,1,happy,1,31.040151000070182,0.01712794043123722,0.9126848578453064,0.05954284593462944,0.010644283145666122
1774268501.033,3540.756377658,1078,1,happy,1,30.925762000151735,0.014308427460491657,0.9387067556381226,0.03893527761101723,0.00804943684488535
1774268501.084,3540.807080363,1079,1,happy,1,31.60974599995825,0.01363249123096466,0.9539400935173035,0.02565646916627884,0.00677084643393755
1774268501.134,3540.858057273,1080,1,happy,1,31.109150999782287,0.01544271595776081,0.9524003863334656,0.022919505834579468,0.009237296879291534
1774268501.186,3540.90831968,1081,1,happy,1,31.90391299995099,0.020177621394395828,0.9391599297523499,0.02319219708442688,0.017470167949795723
1774268501.235,3540.958713994,1082,1,happy,1,30.977929000073345,0.019846079871058464,0.6996850371360779,0.2550866901874542,0.025382114574313164
1774268501.286,3541.009482088,1083,1,happy,1,31.542708999950264,0.016373267397284508,0.6726689338684082,0.29105573892593384,0.019902030006051064
1774268501.337,3541.059369383,1084,1,happy,1,31.990673000109382,0.012219827622175217,0.7762446999549866,0.19768768548965454,0.013847711496055126
1774268501.388,3541.109965698,1085,1,happy,1,32.815268999911495,0.008388389833271503,0.8376680612564087,0.14250177145004272,0.011441747657954693
1774268501.439,3541.160149494,1086,1,happy,1,33.04934400011916,0.007119849324226379,0.8707354068756104,0.11306441575288773,0.00908028893172741
1774268501.490,3541.210450438,1087,1,happy,1,33.87608799994268,0.005391042213886976,0.8739931583404541,0.11383739858865738,0.00677834078669548
1774268501.541,3541.261320366,1088,1,happy,1,34.81131300031848,0.004112275782972574,0.8808075785636902,0.11060228943824768,0.004477747716009617
1774268501.592,3541.312537369,1089,1,happy,1,33.86714299995219,0.0029066987335681915,0.577556848526001,0.41639983654022217,0.003136541461572051
1774268501.641,3541.362579016,1090,2,sad,1,32.65915700012556,0.015275087207555771,0.4894167184829712,0.49317726492881775,0.0021308381110429764
1774268501.693,3541.413716981,1091,2,sad,1,33.75129100004415,0.017806250602006912,0.43290749192237854,0.5475080013275146,0.00177819246891886
1774268501.745,3541.464638243,1092,1,happy,1,34.55399699987538,0.03136219456791878,0.5336604118347168,0.4326995611190796,0.0022778091952204704
1774268501.794,3541.515003372,1093,1,happy,1,34.03095899966502,0.05281298980116844,0.5373902320861816,0.4072945713996887,0.002502176444977522
1774268501.844,3541.566104282,1094,1,happy,1,32.789916999718116,0.08359241485595703,0.4814471900463104,0.43068236112594604,0.004278011154383421
1774268501.894,3541.616639783,1095,1,happy,1,32.3517299998457,0.168941468000412,0.4945271611213684,0.33314648270606995,0.003384827636182308
1774268501.944,3541.666468484,1096,1,happy,1,32.06671100042513,0.24338744580745697,0.46479272842407227,0.2880347967147827,0.0037849675863981247
1774268501.995,3541.717426301,1097,1,happy,1,32.169118999718194,0.17708329856395721,0.46283701062202454,0.3562539219856262,0.0038257166743278503
1774268502.046,3541.767878802,1098,1,happy,1,32.357267000406864,0.15372084081172943,0.5634371042251587,0.2798549234867096,0.0029870732687413692
1774268502.096,3541.818725655,1099,1,happy,1,31.759857999986707,0.20503300428390503,0.4937140941619873,0.29910656809806824,0.002146255224943161
1774268502.146,3541.869158804,1100,0,neutral,1,31.55680100007885,0.40025728940963745,0.3795660138130188,0.21838729083538055,0.0017893114127218723
1774268502.197,3541.920150065,1101,1,happy,1,31.815301999813528,0.38012826442718506,0.45128297805786133,0.1541343331336975,0.014454369433224201
1774268502.247,3541.970666029,1102,1,happy,1,31.521375000011176,0.3063470721244812,0.5386844873428345,0.12917277216911316,0.025795593857765198
1774268502.298,3542.021614809,1103,1,happy,1,31.086799000149767,0.2439701408147812,0.603400468826294,0.12167607247829437,0.030953284353017807
1774268502.349,3542.071949716,1104,1,happy,1,31.503282000358013,0.19334301352500916,0.6382701396942139,0.14535099267959595,0.023035811260342598
1774268502.399,3542.122403901,1105,1,happy,1,31.351967000318837,0.2873353064060211,0.528548002243042,0.14800195395946503,0.03611462190747261
1774268502.450,3542.172583938,1106,1,happy,1,31.725283000014315,0.3092174530029297,0.5436022281646729,0.12024632096290588,0.026933904737234116
1774268502.500,3542.222669492,1107,1,happy,1,32.025172999965434,0.25732308626174927,0.6352178454399109,0.08876264095306396,0.018696308135986328
1774268502.550,3542.27376205,1108,1,happy,1,31.133318999764015,0.24662546813488007,0.6101904511451721,0.11935670673847198,0.023827292025089264
1774268502.600,3542.323458548,1109,1,happy,1,31.115076999867597,0.2066803276538849,0.6226716637611389,0.14751477539539337,0.023133141919970512
1774268502.651,3542.37455818,1110,1,happy,1,31.386707999899954,0.1920126974582672,0.5372116565704346,0.2028709501028061,0.06790463626384735
1774268502.703,3542.425220978,1111,1,happy,1,32.615452999834815,0.24898172914981842,0.3937419354915619,0.2748633027076721,0.08241294324398041
1774268502.755,3542.475321606,1112,2,sad,1,34.32677499995407,0.24147513508796692,0.28822872042655945,0.39375630021095276,0.07653972506523132
1774268502.805,3542.526634869,1113,2,sad,1,33.06508399964514,0.2764762341976166,0.2216469943523407,0.4432866871356964,0.05858998745679855
1774268502.857,3542.576985573,1114,2,sad,1,34.22327399994174,0.20495077967643738,0.1499498039484024,0.6030627489089966,0.042036522179841995
1774268502.906,3542.627879556,1115,2,sad,1,33.24212200004695,0.30829718708992004,0.10999095439910889,0.5481290817260742,0.03358263149857521
1774268502.958,3542.678224519,1116,2,sad,1,33.965939999689,0.23606477677822113,0.07918893545866013,0.6583104133605957,0.026435745880007744
1774268503.008,3542.728969279,1117,2,sad,1,34.04214400006822,0.25552037358283997,0.06130905821919441,0.6628887057304382,0.020281748846173286
1774268503.059,3542.779933022,1118,2,sad,1,33.89168100011375,0.2590925693511963,0.04309513419866562,0.6816121339797974,0.016200076788663864
1774268503.109,3542.830714265,1119,2,sad,1,32.94508399994811,0.3053491413593292,0.03345832601189613,0.6424530148506165,0.018739446997642517
1774268503.161,3542.881438062,1120,2,sad,1,34.67333199978384,0.26476001739501953,0.032716765999794006,0.6819572448730469,0.020565904676914215
1774268503.211,3542.931687247,1121,2,sad,1,34.417552999912004,0.2541794776916504,0.03134090080857277,0.6884517073631287,0.026027880609035492
1774268503.261,3542.983600808,1122,2,sad,1,32.538805000058346,0.20363053679466248,0.045510515570640564,0.7280927300453186,0.02276615984737873
1774268503.311,3543.033115472,1123,2,sad,1,32.37304499998572,0.1471484899520874,0.03769026696681976,0.7969071865081787,0.01825401745736599
1774268503.361,3543.082949748,1124,2,sad,1,32.33923000016148,0.1212446391582489,0.04427926242351532,0.8125176429748535,0.021958351135253906
1774268503.411,3543.134135788,1125,2,sad,1,31.87987699993755,0.14689600467681885,0.038802098482847214,0.7864481210708618,0.02785361371934414
1774268503.461,3543.184463084,1126,2,sad,1,31.647597999835853,0.19175706803798676,0.040644243359565735,0.7375150918960571,0.03008344955742359
1774268503.511,3543.234685213,1127,2,sad,1,30.798335999861592,0.19692379236221313,0.0404764823615551,0.7308650016784668,0.03173451870679855
1774268503.563,3543.285368585,1128,2,sad,1,31.82252399983554,0.160884290933609,0.04502269625663757,0.7609687447547913,0.03312408924102783
1774268503.613,3543.335950215,1129,2,sad,1,31.731653999941045,0.10481181740760803,0.029673080891370773,0.8438999652862549,0.021614985540509224
1774268503.665,3543.387086107,1130,2,sad,1,32.19163699986893,0.06816446036100388,0.01931312493979931,0.8984103798866272,0.014111869037151337
1774268503.713,3543.437372403,1131,2,sad,1,30.587057000047935,0.04524766653776169,0.012961513362824917,0.932110071182251,0.00968059990555048
1774268503.767,3543.487310087,1132,2,sad,1,34.27107000015894,0.03395772725343704,0.011007994413375854,0.9464930295944214,0.008541053161025047
1774268503.818,3543.540307078,1133,2,sad,1,32.206711000071664,0.029263662174344063,0.00898424070328474,0.9534724950790405,0.008279496803879738
1774268503.865,3543.588565774,1134,2,sad,1,30.665131000205292,0.045316822826862335,0.008467938750982285,0.9337986707687378,0.012416519224643707
1774268503.915,3543.638408605,1135,2,sad,1,30.995558999620698,0.0696500688791275,0.00921797938644886,0.9066288471221924,0.014503074809908867
1774268503.972,3543.689449164,1136,2,sad,1,36.975042999984,0.08283306658267975,0.010287873446941376,0.8937073349952698,0.013171668164432049
1774268504.025,3543.741624578,1137,2,sad,1,37.908102000073995,0.0995597094297409,0.013204431161284447,0.8702974319458008,0.016938358545303345
1774268504.072,3543.794195808,1138,2,sad,1,32.84004699980869,0.10040739923715591,0.016876637935638428,0.8639906644821167,0.01872522197663784
1774268504.122,3543.843864435,1139,2,sad,1,33.2845670000097,0.07525870203971863,0.01408708468079567,0.8932949304580688,0.01735919713973999
1774268504.170,3543.891707556,1140,2,sad,1,33.40210400028809,0.19274349510669708,0.02477147988975048,0.7501248121261597,0.032360173761844635
1774268504.220,3543.9420495,1141,2,sad,1,33.021899000232224,0.1616884022951126,0.12847883999347687,0.6825237274169922,0.02730894833803177
1774268504.271,3543.992940743,1142,2,sad,1,33.122714000001,0.232052281498909,0.09382148832082748,0.6522249579429626,0.021901167929172516
1774268504.322,3544.04335804,1143,2,sad,1,33.601253000142606,0.3083951771259308,0.07593907415866852,0.5930757522583008,0.022589905187487602
1774268504.372,3544.094120448,1144,2,sad,1,33.048992000203725,0.319816529750824,0.07045074552297592,0.589806318283081,0.01992635242640972
1774268504.423,3544.14451493,1145,2,sad,1,33.022770000116,0.4245140552520752,0.04888060688972473,0.507681667804718,0.018923645839095116
1774268504.473,3544.195007968,1146,0,neutral,1,32.87891699983447,0.5778099298477173,0.038074105978012085,0.36893507838249207,0.015180837363004684
1774268504.524,3544.24506067,1147,0,neutral,1,34.01105100010682,0.666567325592041,0.037308402359485626,0.2669300138950348,0.02919423207640648
1774268504.577,3544.296228136,1148,0,neutral,1,34.99801799989655,0.7155632376670837,0.06469244509935379,0.18555855751037598,0.03418572247028351
1774268504.626,3544.346719044,1149,0,neutral,1,34.37623799982248,0.4853549003601074,0.3278830349445343,0.1569318175315857,0.02983018197119236
1774268504.676,3544.396750062,1150,1,happy,1,34.307810999962385,0.3693624436855316,0.4974716901779175,0.11296742409467697,0.020198315382003784
1774268504.725,3544.446609486,1151,1,happy,1,33.552920000147424,0.2902016341686249,0.6182019710540771,0.07699938118457794,0.014596957713365555
1774268504.777,3544.496996819,1152,1,happy,1,34.85309200004849,0.24115298688411713,0.6986857056617737,0.050224386155605316,0.009936865419149399
1774268504.827,3544.547486598,1153,1,happy,1,34.175550999862025,0.21305136382579803,0.746691882610321,0.03321150317788124,0.007045183330774307
1774268504.878,3544.598051784,1154,1,happy,1,33.88997599995491,0.16879409551620483,0.8035024404525757,0.022009607404470444,0.005693797022104263
1774268504.928,3544.649735918,1155,1,happy,1,33.06452900005752,0.17288947105407715,0.8076464533805847,0.014617531560361385,0.004846490453928709
1774268504.978,3544.700190456,1156,1,happy,1,32.983898999646044,0.16883419454097748,0.8173497915267944,0.009879783727228642,0.003936184570193291
1774268505.028,3544.750358196,1157,1,happy,1,32.739805999881355,0.13976459205150604,0.8503848314285278,0.006592079997062683,0.0032584802247583866
1774268505.079,3544.801214105,1158,1,happy,1,32.24941500002387,0.11002316325902939,0.8832468390464783,0.004359083715826273,0.002370889764279127
1774268505.129,3544.851800291,1159,1,happy,1,32.190452000122605,0.12265880405902863,0.8217601180076599,0.019956957548856735,0.035624101758003235
1774268505.180,3544.901860087,1160,1,happy,1,32.329656000001705,0.10323470085859299,0.8557751774787903,0.013840951025485992,0.027149133384227753
1774268505.231,3544.953396184,1161,1,happy,1,32.03643299957548,0.17867392301559448,0.7890194058418274,0.012639069929718971,0.019667522981762886
1774268505.282,3545.004208482,1162,1,happy,1,32.54823099996429,0.15164963901042938,0.8256137371063232,0.008644080720841885,0.014092443510890007
1774268505.332,3545.054924076,1163,1,happy,1,31.263892999959353,0.18994125723838806,0.792863130569458,0.006733642425388098,0.010461878962814808
1774268505.382,3545.105508095,1164,1,happy,1,31.275616000129958,0.20350387692451477,0.7785736918449402,0.009223556146025658,0.008698840625584126
1774268505.433,3545.155594076,1165,1,happy,1,32.18321099984678,0.26510292291641235,0.7070640921592712,0.019552715122699738,0.008280228823423386
1774268505.483,3545.206465097,1166,1,happy,1,31.238391999977466,0.2810983657836914,0.6759284734725952,0.03241443634033203,0.010558662936091423
1774268505.535,3545.257294413,1167,1,happy,1,32.11563699960607,0.4289977550506592,0.5033129453659058,0.05816511809825897,0.009524085558950901
1774268505.586,3545.308044396,1168,1,happy,1,32.62873200037575,0.38923752307891846,0.5337350368499756,0.0668802559375763,0.01014713291078806
1774268505.637,3545.359378641,1169,1,happy,1,32.55985999976474,0.40913909673690796,0.44210296869277954,0.13533523678779602,0.01342257484793663
1774268505.689,3545.409250361,1170,0,neutral,1,34.13510700011102,0.4271831810474396,0.37851235270500183,0.17561575770378113,0.018688596785068512
1774268505.740,3545.46016366,1171,0,neutral,1,34.40688599994246,0.4139440059661865,0.3881077766418457,0.17915740609169006,0.018790677189826965
1774268505.792,3545.510799346,1172,1,happy,1,35.976409999875614,0.36554664373397827,0.48527875542640686,0.13195499777793884,0.01721952296793461
1774268505.839,3545.560611585,1173,0,neutral,1,33.0989179997232,0.44142061471939087,0.3678552806377411,0.1777665913105011,0.012957436963915825
1774268505.890,3545.61130792,1174,1,happy,1,33.456492999903276,0.35777711868286133,0.4932209253311157,0.13854381442070007,0.01045804750174284
1774268505.941,3545.661673809,1175,1,happy,1,34.4634230000338,0.27684780955314636,0.5830508470535278,0.1309037059545517,0.009197579696774483
1774268505.991,3545.711945975,1176,1,happy,1,33.97782899992308,0.21382127702236176,0.6794918775558472,0.09618613123893738,0.010500703006982803
1774268506.041,3545.762394735,1177,1,happy,1,33.56458600001133,0.28198039531707764,0.6136521100997925,0.09581337869167328,0.008554065600037575
1774268506.092,3545.812505549,1178,1,happy,1,34.401941999931296,0.20077058672904968,0.7286709547042847,0.06455042958259583,0.006007960066199303
1774268506.142,3545.862605326,1179,1,happy,1,34.229903999857925,0.19557170569896698,0.5469884872436523,0.2013031542301178,0.05613657459616661
1774268506.192,3545.912826215,1180,1,happy,1,34.19425499987483,0.1289648860692978,0.362848699092865,0.3056080937385559,0.20257826149463654
1774268506.244,3545.963420771,1181,2,sad,1,34.87366599983943,0.08403263241052628,0.25731077790260315,0.5156259536743164,0.1430305689573288
1774268506.293,3546.014077421,1182,2,sad,1,33.24712199992064,0.05759390816092491,0.17620506882667542,0.6161397695541382,0.1500612050294876
1774268506.342,3546.06459457,1183,1,happy,1,31.746486999963963,0.050775088369846344,0.4435209631919861,0.40716850757598877,0.09853541105985641
1774268506.394,3546.115343719,1184,1,happy,1,33.20388199972513,0.1278933584690094,0.5306759476661682,0.27697813510894775,0.06445255130529404
1774268506.444,3546.165438274,1185,1,happy,1,33.19212200040056,0.09829273074865341,0.5633929967880249,0.2437102198600769,0.0946040004491806
1774268506.494,3546.216249906,1186,1,happy,1,32.862175999980536,0.06595373153686523,0.6935303211212158,0.17002549767494202,0.07049036026000977
1774268506.544,3546.266859814,1187,1,happy,1,32.02689599993391,0.050102680921554565,0.7913049459457397,0.11170761287212372,0.04688464105129242
1774268506.595,3546.317933724,1188,1,happy,1,31.948470000315865,0.04212811961770058,0.85406494140625,0.07298643887042999,0.030820410698652267
1774268506.645,3546.367947223,1189,1,happy,1,32.20911900007195,0.04368765652179718,0.8858703374862671,0.04986463859677315,0.02057722955942154
1774268506.695,3546.418010259,1190,1,happy,1,31.707487999938166,0.06946105509996414,0.8620833158493042,0.054493680596351624,0.013961794786155224
1774268506.746,3546.467999851,1191,1,happy,1,32.943992000127764,0.07033134996891022,0.8366752862930298,0.07780694961547852,0.015186232514679432
1774268506.797,3546.519266706,1192,1,happy,1,32.28085999990071,0.08802907168865204,0.8475277423858643,0.05367327854037285,0.010769810527563095
1774268506.845,3546.568510147,1193,1,happy,1,31.01048400003492,0.06782381981611252,0.8894816637039185,0.03534167632460594,0.007352784276008606
1774268506.896,3546.619298741,1194,1,happy,1,31.39478200000667,0.06698565930128098,0.9029725790023804,0.024734539911150932,0.0053072115406394005
1774268506.946,3546.669478593,1195,1,happy,1,31.581486000050063,0.07888263463973999,0.8976975679397583,0.019238006323575974,0.004181795287877321
1774268506.997,3546.72024702,1196,1,happy,1,31.1270219999642,0.11865497380495071,0.8515715599060059,0.026289384812116623,0.0034840162843465805
1774268507.047,3546.770146056,1197,1,happy,1,31.632856999749492,0.08819981664419174,0.8909804821014404,0.01815084181725979,0.0026687949430197477
1774268507.097,3546.82107828,1198,1,happy,1,31.06024399994567,0.07068094611167908,0.9141430854797363,0.013262488879263401,0.0019134010653942823
1774268507.148,3546.871449855,1199,1,happy,1,30.934114000046975,0.056571803987026215,0.9310249090194702,0.010889990255236626,0.0015132317785173655
1774268507.200,3546.922398024,1200,1,happy,1,31.815580000056798,0.06086261570453644,0.9268975257873535,0.010961242951452732,0.001278531621210277
1774268507.250,3546.973754435,1201,1,happy,1,31.374004000099376,0.10782898217439651,0.8802177309989929,0.01058514229953289,0.0013680709525942802
1774268507.299,3547.022750097,1202,1,happy,1,31.10489199980293,0.08323580026626587,0.9065395593643188,0.009166115894913673,0.0010584818664938211
1774268507.352,3547.074029286,1203,1,happy,1,32.19011800001681,0.06920233368873596,0.9182413816452026,0.010555198416113853,0.002001013606786728
1774268507.402,3547.124535638,1204,1,happy,1,32.509953000044334,0.1482309103012085,0.8077576756477356,0.04011085256934166,0.0039005246944725513
1774268507.454,3547.174772268,1205,1,happy,1,33.426900999984355,0.14885176718235016,0.7915299534797668,0.05341672897338867,0.006201487500220537
1774268507.504,3547.224899841,1206,1,happy,1,33.55347600017922,0.11575189232826233,0.8447222113609314,0.03538791835308075,0.004137916956096888
1774268507.552,3547.275073082,1207,1,happy,1,31.972506000329304,0.0931524932384491,0.861190915107727,0.04116731882095337,0.004489147569984198
1774268507.604,3547.325492138,1208,1,happy,1,32.81167600016488,0.08350808918476105,0.8855591416358948,0.027914052829146385,0.003018655115738511
1774268507.655,3547.376736123,1209,1,happy,1,32.93399100039096,0.1168881505727768,0.848427414894104,0.032234080135822296,0.002450312254950404
1774268507.706,3547.426512102,1210,1,happy,1,33.802865000325255,0.0908391997218132,0.8858957290649414,0.02149229682981968,0.0017726962687447667
1774268507.757,3547.477252937,1211,1,happy,1,34.42672000028324,0.09258609265089035,0.8908376693725586,0.0143903698772192,0.00218580081127584
1774268507.807,3547.528114087,1212,1,happy,1,33.16756699996404,0.06087244302034378,0.5853890776634216,0.2805722653865814,0.07316609472036362
1774268507.858,3547.578787348,1213,1,happy,1,34.066940000229806,0.03972257301211357,0.6886838674545288,0.21651840209960938,0.05507506802678108
1774268507.908,3547.629394275,1214,1,happy,1,33.70499500033475,0.04451752454042435,0.7583506107330322,0.15516269207000732,0.04196906462311745
1774268507.958,3547.679379607,1215,1,happy,1,33.64462399986223,0.08260682225227356,0.6457618474960327,0.22039881348609924,0.05123237520456314
1774268508.008,3547.729841275,1216,1,happy,1,33.33312199993088,0.0832671970129013,0.7124290466308594,0.16945454478263855,0.03484903275966644
1774268508.059,3547.780127182,1217,1,happy,1,33.626901999923575,0.08443930745124817,0.7791290283203125,0.11299114674329758,0.023440344259142876
1774268508.110,3547.830616924,1218,1,happy,1,33.833254000001034,0.0748719573020935,0.8340365886688232,0.07522415369749069,0.015867112204432487
1774268508.160,3547.881170795,1219,1,happy,1,33.4368080002605,0.1196218729019165,0.797175407409668,0.06607722491025925,0.017125273123383522
1774268508.210,3547.931228313,1220,1,happy,1,33.469216000412416,0.16659709811210632,0.7629303932189941,0.05882936716079712,0.01164296269416809
1774268508.260,3547.983317745,1221,1,happy,1,31.217151999953785,0.14472584426403046,0.7964125871658325,0.04980037361383438,0.009061048738658428
1774268508.311,3548.033577116,1222,1,happy,1,31.78909799999019,0.1340188980102539,0.8173770308494568,0.04214749112725258,0.006456476170569658
1774268508.363,3548.084374081,1223,1,happy,1,32.951768999737396,0.23558668792247772,0.7090150117874146,0.05076029524207115,0.004637913778424263
1774268508.411,3548.133831355,1224,1,happy,1,31.851376999838976,0.1661897897720337,0.7951681017875671,0.03514374420046806,0.0034983125515282154
1774268508.461,3548.183958781,1225,1,happy,1,32.10985899977459,0.1719430536031723,0.7883213758468628,0.03678169101476669,0.0029537775553762913
1774268508.511,3548.234434374,1226,1,happy,1,31.726060999972105,0.17332208156585693,0.786138653755188,0.038166556507349014,0.0023725791834294796
1774268508.563,3548.285173357,1227,1,happy,1,32.33647099978043,0.14462590217590332,0.8257715106010437,0.02776230312883854,0.001840174663811922
1774268508.614,3548.335553913,1228,1,happy,1,32.96428800013018,0.12672333419322968,0.848845899105072,0.022729380056262016,0.001701289089396596
1774268508.663,3548.386043932,1229,1,happy,1,31.476302000100986,0.1077464371919632,0.8727738857269287,0.017723390832543373,0.0017561897402629256
1774268508.713,3548.43618495,1230,1,happy,1,31.39263499997469,0.09295038133859634,0.8862063884735107,0.019325803965330124,0.0015172744169831276
1774268508.764,3548.486953804,1231,1,happy,1,31.912802999613632,0.10724900662899017,0.873447835445404,0.017917415127158165,0.0013856289442628622
1774268508.814,3548.537810028,1232,1,happy,1,31.228782000198407,0.11679179221391678,0.8226124048233032,0.056535858660936356,0.004059900529682636
1774268508.865,3548.588694679,1233,1,happy,1,31.182947999695898,0.11608516424894333,0.8245693445205688,0.05561874061822891,0.003726740600541234
1774268508.915,3548.638318213,1234,1,happy,1,31.16004100002101,0.11879181116819382,0.8385807275772095,0.039961159229278564,0.0026662542950361967
1774268508.966,3548.688816325,1235,1,happy,1,31.435246000000916,0.11937206983566284,0.8477607369422913,0.03081003949046135,0.0020570901688188314
1774268509.015,3548.739193863,1236,1,happy,1,30.88715100011541,0.13928014039993286,0.8013817071914673,0.05636845529079437,0.002969602821394801
1774268509.066,3548.789941105,1237,1,happy,1,31.082559000424226,0.11029252409934998,0.8432061672210693,0.04417900741100311,0.002322241896763444
1774268509.117,3548.840518681,1238,1,happy,1,30.95283599986942,0.1129269003868103,0.850184440612793,0.03509299084544182,0.0017956316005438566
1774268509.169,3548.890963366,1239,1,happy,1,32.73086199988029,0.13684594631195068,0.7277894020080566,0.12627729773521423,0.009087317623198032
1774268509.219,3548.941198237,1240,1,happy,1,32.66111999982968,0.18523576855659485,0.716317355632782,0.09164469689130783,0.006802132353186607
1774268509.270,3548.991668756,1241,1,happy,1,33.15997400022752,0.21071338653564453,0.7092204093933105,0.07421256601810455,0.005853617563843727
1774268509.321,3549.042658499,1242,1,happy,1,33.061195999835036,0.17495717108249664,0.7708666324615479,0.04996857792139053,0.00420759804546833
1774268509.372,3549.093161574,1243,1,happy,1,33.22612300007677,0.1673930287361145,0.7911527156829834,0.03680357709527016,0.004650575574487448
1774268509.422,3549.14379215,1244,1,happy,1,33.01025099972321,0.1261555403470993,0.8460664749145508,0.02466433309018612,0.00311359204351902
1774268509.472,3549.194382188,1245,1,happy,1,32.6594540001679,0.09499738365411758,0.8858607411384583,0.01647377945482731,0.0026680189184844494
1774268509.523,3549.245042245,1246,1,happy,1,32.92336200001955,0.08059754967689514,0.9059999585151672,0.011186711490154266,0.00221573025919497
1774268509.575,3549.296075785,1247,1,happy,1,34.01905100008662,0.06669110059738159,0.922637939453125,0.008359781466424465,0.002311103045940399
1774268509.626,3549.346704712,1248,1,happy,1,33.6234390001664,0.06818423420190811,0.9137722253799438,0.012890075333416462,0.005153362173587084
1774268509.677,3549.397733697,1249,1,happy,1,33.96334699982617,0.07599624246358871,0.8991714715957642,0.019961141049861908,0.004871052224189043
1774268509.727,3549.449131423,1250,1,happy,1,32.059839999874384,0.07397721707820892,0.9015692472457886,0.018589232116937637,0.0058642420917749405
1774268509.780,3549.501650561,1251,1,happy,1,32.58515700008502,0.05888780206441879,0.9221673011779785,0.013704725541174412,0.005240174476057291
1774268509.828,3549.551142169,1252,1,happy,1,31.74146900028063,0.04496318846940994,0.9277675151824951,0.016195738688111305,0.011073517613112926
1774268509.879,3549.601262132,1253,1,happy,1,31.89806199998202,0.03735440596938133,0.9043047428131104,0.04721126705408096,0.011129552498459816
1774268509.928,3549.651384668,1254,1,happy,1,31.111558999782574,0.029804730787873268,0.8995208740234375,0.04158993065357208,0.029084431007504463
1774268509.980,3549.702869173,1255,1,happy,1,31.234689000029903,0.03717830777168274,0.8694741725921631,0.06842267513275146,0.024924758821725845
1774268510.029,3549.752377226,1256,1,happy,1,31.70783899986418,0.08682655543088913,0.8298436999320984,0.06499993056058884,0.018329687416553497
1774268510.080,3549.803227728,1257,1,happy,1,31.16105900016919,0.06228460744023323,0.8639471530914307,0.060334376990795135,0.01343372743576765
1774268510.131,3549.85315419,1258,1,happy,1,32.373877999816614,0.05003434419631958,0.8979179859161377,0.04206853732466698,0.009979041293263435
1774268510.181,3549.904507712,1259,1,happy,1,31.55935699987822,0.0685059204697609,0.8919966816902161,0.03171168267726898,0.00778562156483531
1774268510.232,3549.954542174,1260,1,happy,1,31.925099000090995,0.04889560118317604,0.9247814416885376,0.021079687401652336,0.0052431863732635975
1774268510.282,3550.004663044,1261,1,happy,1,31.575728000007075,0.03396788612008095,0.9314206838607788,0.030333612114191055,0.0042777108028531075
1774268510.333,3550.055500602,1262,1,happy,1,32.53823100021691,0.02895032986998558,0.9309111833572388,0.03355572372674942,0.0065826657228171825
1774268510.382,3550.106059825,1263,1,happy,1,30.984391999936634,0.06801631301641464,0.9034624099731445,0.023450279608368874,0.0050709000788629055
1774268510.434,3550.156426141,1264,1,happy,1,31.838894999964396,0.07690051943063736,0.9027339220046997,0.01684892363846302,0.0035165431909263134
1774268510.484,3550.207107587,1265,1,happy,1,31.865247000041563,0.054029710590839386,0.9222350120544434,0.020881621167063713,0.0028536529280245304
1774268510.535,3550.257290586,1266,1,happy,1,32.89147399982539,0.05482856184244156,0.9250075817108154,0.017917100340127945,0.002246720250695944
1774268510.587,3550.307975755,1267,1,happy,1,33.59628999987763,0.12695147097110748,0.8134545087814331,0.05476959049701691,0.004824348725378513
1774268510.637,3550.359642871,1268,1,happy,1,32.05645200023355,0.09842047840356827,0.7011222243309021,0.1935754269361496,0.0068818023428320885
1774268510.686,3550.408228587,1269,1,happy,1,32.17032200018366,0.16359589993953705,0.6789849400520325,0.15023761987686157,0.0071814339607954025
1774268510.736,3550.459448498,1270,1,happy,1,31.578098000409227,0.24783623218536377,0.6422616243362427,0.10481126606464386,0.005090776365250349
1774268510.788,3550.509643035,1271,1,happy,1,33.20430800022223,0.2100389301776886,0.6818279027938843,0.10365939140319824,0.004473705776035786
1774268510.839,3550.560576001,1272,1,happy,1,32.633379000344576,0.17833101749420166,0.7107738256454468,0.10631684958934784,0.0045782653614878654
1774268510.889,3550.611393743,1273,1,happy,1,32.70821400019486,0.35862913727760315,0.5361142754554749,0.09845297038555145,0.00680354330688715
1774268510.941,3550.66204093,1274,0,neutral,1,33.23293700032082,0.4637952446937561,0.3679446578025818,0.15889912843704224,0.009360901080071926
1774268510.991,3550.71282558,1275,1,happy,1,33.03988100014976,0.37326616048812866,0.4319072663784027,0.181578129529953,0.013248389586806297
1774268511.043,3550.763071747,1276,0,neutral,1,34.756905999984156,0.38759565353393555,0.35911205410957336,0.21800723671913147,0.03528498485684395
1774268511.093,3550.814205269,1277,0,neutral,1,33.4090669998659,0.44316837191581726,0.27574455738067627,0.24775099754333496,0.033335961401462555
1774268511.144,3550.864480139,1278,0,neutral,1,33.73912500001097,0.4959281086921692,0.2837614417076111,0.19405661523342133,0.026253748685121536
1774268511.194,3550.914730806,1279,0,neutral,1,33.71405000007144,0.45640355348587036,0.29305005073547363,0.2301282286643982,0.020418090745806694
1774268511.245,3550.96607244,1280,0,neutral,1,33.795642999848496,0.6041596531867981,0.2214331030845642,0.1607160121202469,0.013691132888197899
1774268511.296,3551.017514759,1281,0,neutral,1,32.76954700004353,0.4937590956687927,0.37177348136901855,0.12437383830547333,0.010093503631651402
1774268511.345,3551.067360943,1282,1,happy,1,32.01274699995338,0.36256325244903564,0.47642964124679565,0.153018057346344,0.007989000529050827
1774268511.394,3551.117532535,1283,2,sad,1,31.63458000017272,0.2955953776836395,0.3284493386745453,0.3662547767162323,0.009700463153421879
1774268511.445,3551.167804517,1284,1,happy,1,31.62030199973742,0.2507026493549347,0.46077483892440796,0.28158482909202576,0.0069376141764223576
1774268511.495,3551.218441852,1285,1,happy,1,31.42774499974621,0.18375086784362793,0.6062225103378296,0.20439636707305908,0.005630147643387318
1774268511.546,3551.268880501,1286,1,happy,1,31.691431000126613,0.13742440938949585,0.7035622000694275,0.1546069234609604,0.004406351130455732
1774268511.596,3551.318799481,1287,1,happy,1,32.10110000009081,0.12184862792491913,0.7340099811553955,0.14075258374214172,0.003388680052012205
1774268511.646,3551.368727239,1288,1,happy,1,31.794802000149502,0.09904113411903381,0.7802947163581848,0.11817143857479095,0.0024925912730395794
1774268511.696,3551.418922628,1289,1,happy,1,31.559560999994574,0.07308635860681534,0.7695503234863281,0.15397194027900696,0.00339128402993083
1774268511.748,3551.469625296,1290,1,happy,1,32.95849200003431,0.06606559455394745,0.7594815492630005,0.17112331092357635,0.003329481929540634
1774268511.798,3551.5208253,1291,1,happy,1,31.914487999983976,0.07693377137184143,0.77083420753479,0.14950349926948547,0.0027284580282866955
1774268511.848,3551.570945077,1292,1,happy,1,31.696023999757017,0.05545242130756378,0.7890763282775879,0.15301616489887238,0.0024550221860408783
1774268511.898,3551.621202133,1293,1,happy,1,31.189818999791896,0.09596338123083115,0.7255164384841919,0.1758289933204651,0.0026911073364317417
1774268511.949,3551.671469929,1294,1,happy,1,31.823747000089497,0.11933917552232742,0.7018660306930542,0.17658942937850952,0.0022052391432225704
1774268511.998,3551.721591244,1295,1,happy,1,31.36574499967537,0.1346733570098877,0.6388691663742065,0.22441023588180542,0.0020471569150686264
1774268512.048,3551.771602113,1296,1,happy,1,31.463135000194598,0.15724867582321167,0.5410096049308777,0.2992390990257263,0.002502557123079896
1774268512.099,3551.821840873,1297,1,happy,1,31.641413000215834,0.18270017206668854,0.4574374556541443,0.357440710067749,0.002421594224870205
1774268512.149,3551.872910654,1298,1,happy,1,30.928020999908767,0.1549391895532608,0.5047360062599182,0.3382447063922882,0.0020800114143639803
1774268512.201,3551.923125746,1299,1,happy,1,32.140210999841656,0.1068982407450676,0.6164287328720093,0.2750362753868103,0.0016366742784157395
1774268512.250,3551.973519228,1300,1,happy,1,31.17226299991671,0.07618021219968796,0.5550439357757568,0.3673967719078064,0.0013790018856525421
1774268512.301,3552.023451301,1301,2,sad,1,32.00780399993164,0.05137651041150093,0.4042946696281433,0.5420886278152466,0.0022401087917387486
1774268512.351,3552.074100877,1302,2,sad,1,31.592487000125402,0.03634060174226761,0.38818591833114624,0.5727169513702393,0.0027564659249037504
1774268512.402,3552.124878046,1303,2,sad,1,31.81333900010941,0.026922034099698067,0.3711540997028351,0.5973909497261047,0.004532824270427227
1774268512.453,3552.175479418,1304,2,sad,1,32.23452599968368,0.03930000960826874,0.3810381293296814,0.5752683281898499,0.004393476061522961
1774268512.506,3552.226257234,1305,2,sad,1,34.09375599994746,0.04047179967164993,0.45222121477127075,0.5033413767814636,0.003965549170970917
1774268512.556,3552.277246108,1306,2,sad,1,33.512790000258974,0.09378689527511597,0.4219096899032593,0.48140016198158264,0.00290323025546968
1774268512.606,3552.327378237,1307,1,happy,1,33.33145599981435,0.08296790719032288,0.5206007957458496,0.394351601600647,0.002079642377793789
1774268512.656,3552.377631607,1308,1,happy,1,32.57847200029573,0.11712421476840973,0.5026531219482422,0.3780566155910492,0.002165962243452668
1774268512.706,3552.428202498,1309,1,happy,1,32.72304600022835,0.12216489017009735,0.488223135471344,0.38780882954597473,0.0018030350329354405
1774268512.758,3552.478646702,1310,2,sad,1,34.3130710002697,0.18207553029060364,0.3567005693912506,0.45950016379356384,0.001723629655316472
1774268512.811,3552.53006204,1311,2,sad,1,35.49787200017818,0.17441312968730927,0.3115543723106384,0.5127763748168945,0.0012560214381664991
1774268512.859,3552.580233781,1312,2,sad,1,33.839050000096904,0.11382374912500381,0.20252686738967896,0.6824398636817932,0.0012094508856534958
1774268512.910,3552.631300432,1313,2,sad,1,33.654013000159466,0.07417772710323334,0.13165998458862305,0.7918206453323364,0.002341613871976733
1774268512.960,3552.681199338,1314,2,sad,1,33.86997699999483,0.04832204431295395,0.08558816462755203,0.8630220890045166,0.0030676620081067085
1774268513.012,3552.732310027,1315,2,sad,1,34.59909000002881,0.03162074089050293,0.05563994124531746,0.9103463888168335,0.0023928978480398655
1774268513.060,3552.782962306,1316,2,sad,1,32.01387699982661,0.020595557987689972,0.03616613149642944,0.9411334991455078,0.002104724058881402
1774268513.111,3552.833827234,1317,2,sad,1,32.25760099985564,0.01403221394866705,0.02351382188498974,0.9595546722412109,0.002899263985455036
1774268513.162,3552.884488569,1318,2,sad,1,32.6085649999186,0.01181804109364748,0.01529706735163927,0.9701473116874695,0.0027375523932278156
1774268513.213,3552.934579847,1319,2,sad,1,32.61365700018359,0.021621013060212135,0.010144349187612534,0.9654713869094849,0.0027632126584649086
1774268513.263,3552.985643443,1320,2,sad,1,31.7773390002003,0.01777539774775505,0.006607487332075834,0.9732030630111694,0.0024139464367181063
1774268513.313,3553.035612368,1321,2,sad,1,32.49249000009513,0.012867366895079613,0.004315648227930069,0.9806592464447021,0.002157628070563078
1774268513.364,3553.086482018,1322,2,sad,1,32.288805000007414,0.014909544959664345,0.002834813669323921,0.9803385734558105,0.0019169861916452646
1774268513.415,3553.137450706,1323,2,sad,1,31.8398590002289,0.011626580730080605,0.0018628290854394436,0.984877347946167,0.0016331319930031896
1774268513.465,3553.188093004,1324,2,sad,1,31.115466999835917,0.009379352442920208,0.001237698714248836,0.9876254796981812,0.0017573877703398466
1774268513.515,3553.23828243,1325,2,sad,1,31.084041000212892,0.007668239995837212,0.000850773649290204,0.9899615049362183,0.0015194396255537868
1774268513.565,3553.288862061,1326,2,sad,1,31.276115999844478,0.00602714903652668,0.0005724739166907966,0.9919756650924683,0.0014246365753933787
1774268513.616,3553.338986061,1327,2,sad,1,31.251688999873295,0.006552517414093018,0.00044065984548069537,0.9913347959518433,0.0016719718696549535
1774268513.666,3553.389395895,1328,2,sad,1,31.253541000296536,0.009284713305532932,0.0003367007593624294,0.9884085655212402,0.0019699158146977425
1774268513.717,3553.439487284,1329,2,sad,1,32.202304000293225,0.009192169643938541,0.0002856845676433295,0.9884235858917236,0.0020985144656151533
1774268513.769,3553.490317841,1330,2,sad,1,33.386752999831515,0.007196439895778894,0.0002205067139584571,0.9902510643005371,0.0023319486062973738
1774268513.817,3553.540370785,1331,2,sad,1,31.14478199995574,0.006065996829420328,0.00022695411462336779,0.9900327920913696,0.0036742445081472397
1774268513.868,3553.590428433,1332,2,sad,1,31.78211700014799,0.005968454293906689,0.0002472240012139082,0.9897005558013916,0.004083765204995871
1774268513.919,3553.641786622,1333,2,sad,1,31.861043999924732,0.00512420991435647,0.0002165149780921638,0.9912105798721313,0.0034486909862607718
1774268513.971,3553.692373124,1334,2,sad,1,33.268419000251015,0.004744332283735275,0.00020154511730652303,0.9921553134918213,0.002898762235417962
1774268514.022,3553.743044181,1335,2,sad,1,33.25743799996417,0.005324202589690685,0.0003348856989759952,0.990062415599823,0.004278405103832483
1774268514.080,3553.793713053,1336,2,sad,1,41.276985999957105,0.00521864602342248,0.0007736721308901906,0.9837185740470886,0.010289020836353302
1774268514.139,3553.85202462,1337,2,sad,1,41.390153000065766,0.0040349457412958145,0.0007845641812309623,0.9829514026641846,0.01222902536392212
1774268514.195,3553.909505647,1338,2,sad,1,40.35738999982641,0.0038527713622897863,0.0009391012717969716,0.9766561985015869,0.018551938235759735
1774268514.247,3553.964327998,1339,2,sad,1,37.48741599974892,0.004316277801990509,0.0018978798761963844,0.9650681018829346,0.02871769480407238
1774268514.294,3554.015446316,1340,2,sad,1,33.22491899962188,0.004591803997755051,0.002489403821527958,0.9587891101837158,0.03412959352135658
1774268514.342,3554.061426912,1341,2,sad,1,35.349296999811486,0.007437734864652157,0.00349380262196064,0.9575197100639343,0.03154866769909859
1774268514.389,3554.110196166,1342,2,sad,1,33.96129199973075,0.01304548978805542,0.008549884893000126,0.9440498352050781,0.03435468673706055
1774268514.434,3554.157086209,1343,2,sad,1,31.817524999951274,0.011636034585535526,0.007642870768904686,0.9471269845962524,0.0335940420627594
1774268514.480,3554.202441784,1344,2,sad,1,32.57899000027464,0.01269884966313839,0.006212824955582619,0.9513550400733948,0.029733240604400635
1774268514.528,3554.250069682,1345,2,sad,1,33.08364000031361,0.013719381764531136,0.005490472074598074,0.9553537368774414,0.02543637901544571
1774268514.577,3554.297719617,1346,2,sad,1,33.81508800021038,0.010269176214933395,0.0037994254380464554,0.9639643430709839,0.02196704037487507
1774268514.627,3554.348393359,1347,2,sad,1,33.31191999996008,0.00731869600713253,0.0026145153678953648,0.9718151092529297,0.018251612782478333
1774268514.677,3554.398997917,1348,2,sad,1,33.145752000109496,0.0053636678494513035,0.0018541311146691442,0.97492915391922,0.017852941527962685
1774268514.729,3554.450336125,1349,2,sad,1,33.15202900012082,0.005042925477027893,0.0012648733099922538,0.9808905124664307,0.012801643460988998
1774268514.779,3554.500579699,1350,2,sad,1,32.98214000005828,0.004616157151758671,0.0008594290702603757,0.9852727651596069,0.009251589886844158
1774268514.828,3554.551028292,1351,2,sad,1,31.184356000267144,0.01096557080745697,0.0009491262608207762,0.9771314859390259,0.010953803546726704
1774268514.879,3554.602116981,1352,2,sad,1,31.142243999966013,0.04085948318243027,0.0014047626173123717,0.9476863741874695,0.010049339383840561
1774268514.929,3554.652123425,1353,2,sad,1,31.740301999889198,0.03426903486251831,0.0011486390139907598,0.954505980014801,0.01007627509534359
1774268514.979,3554.702499444,1354,2,sad,1,31.315022999933717,0.045190274715423584,0.001491222414188087,0.9426116943359375,0.010706715285778046
1774268515.031,3554.754063079,1355,2,sad,1,31.73159800007852,0.03783797100186348,0.0011539710685610771,0.9481478333473206,0.012860164977610111
1774268515.081,3554.804177375,1356,2,sad,1,31.28242999991926,0.03516297787427902,0.0010483544319868088,0.9484903812408447,0.015298159793019295
1774268515.132,3554.855189545,1357,2,sad,1,31.751506000091467,0.045925695449113846,0.0012634259182959795,0.9380769729614258,0.01473380159586668
1774268515.182,3554.905067062,1358,2,sad,1,31.568986999900517,0.07626821100711823,0.0017140326090157032,0.9077075719833374,0.01431011687964201
1774268515.233,3554.955873916,1359,2,sad,1,31.763783999849693,0.05150463059544563,0.001158397295512259,0.9370760917663574,0.010260817594826221
1774268515.283,3555.00605149,1360,2,sad,1,31.453504999717552,0.03399002179503441,0.0007788529619574547,0.9551084041595459,0.010122643783688545
1774268515.333,3555.056235842,1361,2,sad,1,31.833413999720506,0.02349177747964859,0.0005422579124569893,0.9669896364212036,0.00897624995559454
1774268515.383,3555.106635769,1362,2,sad,1,31.53300499980105,0.018912330269813538,0.006752043031156063,0.9652088284492493,0.009126715362071991
1774268515.434,3555.156959825,1363,2,sad,1,31.658764999974665,0.01718706265091896,0.008958693593740463,0.9630270600318909,0.010827121324837208
1774268515.485,3555.207710272,1364,2,sad,1,32.087414000216086,0.015649063512682915,0.006384126842021942,0.9685362577438354,0.009430503472685814
1774268515.535,3555.257926031,1365,2,sad,1,32.073878000119294,0.01753407157957554,0.005992046091705561,0.966601550579071,0.009872271679341793
1774268515.587,3555.308925682,1366,2,sad,1,32.78976999990846,0.02281091921031475,0.007110453210771084,0.9586491584777832,0.011429417878389359
1774268515.637,3555.359838056,1367,2,sad,1,32.19478499977413,0.020059484988451004,0.005068603437393904,0.9659991264343262,0.008872763253748417
1774268515.692,3555.410306057,1368,2,sad,1,36.47661600007268,0.033943116664886475,0.0038185901939868927,0.9551529884338379,0.007085266523063183
1774268515.742,3555.461296856,1369,2,sad,1,35.771447000115586,0.0281166210770607,0.0030152357649058104,0.9630017280578613,0.005866379011422396
1774268515.791,3555.511953673,1370,2,sad,1,33.23825200004649,0.028238218277692795,0.003974239341914654,0.962913990020752,0.004873497877269983
1774268515.840,3555.56180732,1371,2,sad,1,32.5539899999967,0.03200953081250191,0.003504164982587099,0.9601168036460876,0.004369432106614113
1774268515.892,3555.612687896,1372,2,sad,1,34.079404000294744,0.0234474316239357,0.0027327414136379957,0.9696243405342102,0.0041954112239181995
1774268515.942,3555.663306287,1373,2,sad,1,33.00308500001847,0.018115179613232613,0.0022019301541149616,0.9760793447494507,0.00360349053516984
1774268515.992,3555.713713769,1374,2,sad,1,33.24886399968818,0.026721641421318054,0.004158355295658112,0.9653979539871216,0.003721923101693392
1774268516.044,3555.76453779,1375,2,sad,1,33.72819900005197,0.025387972593307495,0.004238462075591087,0.9660055637359619,0.004367920104414225
1774268516.093,3555.814649975,1376,2,sad,1,33.51825399977315,0.02151726372539997,0.004675843752920628,0.9699090123176575,0.0038977789226919413
1774268516.145,3555.865811868,1377,2,sad,1,33.867736000047444,0.018288210034370422,0.004226120188832283,0.9742915630340576,0.0031940508633852005
1774268516.195,3555.917041409,1378,2,sad,1,32.43023100003484,0.013127284124493599,0.003190447576344013,0.9807202219963074,0.00296200392767787
1774268516.245,3555.96826245,1379,2,sad,1,31.686097999681806,0.051405422389507294,0.024083398282527924,0.9191933870315552,0.005317682400345802
1774268516.296,3556.018370579,1380,2,sad,1,31.871396000042296,0.03358415514230728,0.021284354850649834,0.9350787401199341,0.010052721947431564
1774268516.347,3556.068538302,1381,2,sad,1,33.58990100014125,0.02221638336777687,0.0615173801779747,0.8504289388656616,0.06583723425865173
1774268516.396,3556.119095451,1382,2,sad,1,31.626487000266934,0.014517011120915413,0.04398975521326065,0.8927197456359863,0.04877345263957977
1774268516.447,3556.169388026,1383,2,sad,1,31.909525000173744,0.009633233770728111,0.02959337830543518,0.9256783723831177,0.03509490191936493
1774268516.497,3556.22031864,1384,2,sad,1,31.404818999817508,0.0067467959597706795,0.026608113199472427,0.935093104839325,0.03155192360281944
1774268516.548,3556.270787678,1385,2,sad,1,31.57519099977435,0.004415783099830151,0.017899205908179283,0.9561855792999268,0.02149938978254795
1774268516.598,3556.322096997,1386,2,sad,1,30.896188000042457,0.002991184825077653,0.012224150821566582,0.9677717685699463,0.017012832686305046
1774268516.649,3556.3719982,1387,2,sad,1,31.662043000324047,0.002079252153635025,0.008694482035934925,0.9764143228530884,0.012811909429728985
1774268516.699,3556.422464701,1388,2,sad,1,31.135632999848895,0.0014851582236588001,0.006709742359817028,0.9825032949447632,0.009301782585680485
1774268516.750,3556.472672886,1389,2,sad,1,31.882839999980206,0.001361392205581069,0.006493567489087582,0.9776204228401184,0.014524593017995358
1774268516.800,3556.52278709,1390,2,sad,1,31.637876000331744,0.0010690090712159872,0.0053871870040893555,0.9820802211761475,0.01146354153752327
1774268516.850,3556.572966071,1391,2,sad,1,31.93347000024005,0.0007779161678627133,0.004903074353933334,0.9829919338226318,0.011327045038342476
1774268516.901,3556.623757685,1392,2,sad,1,31.55495000009978,0.001171146985143423,0.1941714733839035,0.7505133748054504,0.05414396896958351
1774268516.951,3556.675072263,1393,2,sad,1,31.05633699988175,0.0012504637707024813,0.14971716701984406,0.8003623485565186,0.048670023679733276
1774268517.004,3556.725208837,1394,2,sad,1,33.150418999866815,0.0009253885946236551,0.10071173310279846,0.8653318881988525,0.033030975610017776
1774268517.055,3556.776418008,1395,2,sad,1,33.34738200010179,0.0006511001847684383,0.1281524896621704,0.813101053237915,0.05809536203742027
1774268517.109,3556.827276511,1396,2,sad,1,36.365504000059445,0.00044689481728710234,0.08360908180475235,0.875461220741272,0.040482793003320694
1774268517.157,3556.877921568,1397,2,sad,1,33.667310000055295,0.000499411195050925,0.05830087885260582,0.9124410152435303,0.028758682310581207
1774268517.209,3556.928841367,1398,2,sad,1,34.506645999954344,0.0003758292587008327,0.07582049071788788,0.9027667045593262,0.021036963909864426
1774268517.259,3556.979573814,1399,2,sad,1,33.63364300003013,0.0003638741618487984,0.051038146018981934,0.933165431022644,0.015432487241923809
1774268517.313,3557.030229705,1400,2,sad,1,37.05322900032115,0.00034523213980719447,0.03895542770624161,0.9490969181060791,0.01160234771668911
1774268517.360,3557.081104948,1401,2,sad,1,33.377123000263964,0.00037836970295757055,0.03756720945239067,0.9529366493225098,0.009117713198065758
1774268517.411,3557.132674027,1402,2,sad,1,33.03993700001229,0.00032201234716922045,0.025565611198544502,0.9654743671417236,0.008637920022010803
1774268517.461,3557.18260436,1403,2,sad,1,33.0254740001692,0.00024653534637764096,0.018971391022205353,0.9740030765533447,0.006778862327337265
1774268517.512,3557.233725771,1404,2,sad,1,32.55245399986961,0.00035085942363366485,0.12049198150634766,0.8702624440193176,0.00889462511986494
1774268517.562,3557.283893253,1405,2,sad,1,32.78526900021461,0.0004213858919683844,0.13651742041110992,0.8525136113166809,0.010547447949647903
1774268517.612,3557.334708255,1406,2,sad,1,31.867044000136957,0.0003210739232599735,0.19373154640197754,0.7966522574424744,0.009295007213950157
1774268517.663,3557.385345109,1407,2,sad,1,32.521990000077494,0.0002427817089483142,0.1512010246515274,0.841090977191925,0.007465093396604061
1774268517.712,3557.435038015,1408,2,sad,1,31.66061699994316,0.00060100550763309,0.1751473844051361,0.8105043172836304,0.013747180812060833
1774268517.765,3557.485651498,1409,2,sad,1,33.625105999817606,0.000874132034368813,0.2361413687467575,0.7479233145713806,0.015061103738844395
1774268517.814,3557.536323537,1410,2,sad,1,31.892394999886164,0.0011636156123131514,0.20512782037258148,0.7793064117431641,0.014402036555111408
1774268517.865,3557.586892705,1411,2,sad,1,32.420971999727044,0.0015869057970121503,0.3052035868167877,0.67734295129776,0.015866417437791824
1774268517.914,3557.636314721,1412,2,sad,1,31.977358999938588,0.0012274172622710466,0.23515044152736664,0.7376700043678284,0.02595200389623642
1774268517.965,3557.687461021,1413,2,sad,1,31.834283999614854,0.0009817006066441536,0.22502031922340393,0.7510610818862915,0.022936763241887093
1774268518.015,3557.737573947,1414,2,sad,1,31.801098999949318,0.001092652091756463,0.1535934954881668,0.8006864786148071,0.044627297669649124
1774268518.065,3557.787989485,1415,2,sad,1,31.694876000074146,0.0007847101660445333,0.23414692282676697,0.7331218719482422,0.031946416944265366
1774268518.116,3557.83874958,1416,2,sad,1,31.65396900021733,0.0006907725473865867,0.1781783401966095,0.7316099405288696,0.08952084928750992
1774268518.167,3557.889652305,1417,2,sad,1,31.946211000104086,0.0008408106514252722,0.19848674535751343,0.7359665632247925,0.06470585614442825
1774268518.217,3557.9394536,1418,2,sad,1,31.777655000041705,0.0009229612187482417,0.1963917315006256,0.7398384809494019,0.06284675002098083
1774268518.267,3557.98992225,1419,2,sad,1,32.157544000256166,0.0008828675490804017,0.15750740468502045,0.7947964072227478,0.0468132421374321
1774268518.317,3558.040054768,1420,2,sad,1,31.58548700002939,0.0006388119072653353,0.11633395403623581,0.8500997424125671,0.03292740881443024
1774268518.367,3558.090630714,1421,2,sad,1,31.53739500021402,0.0005351346917450428,0.12284569442272186,0.8521445393562317,0.024474535137414932
1774268518.419,3558.141317309,1422,2,sad,1,32.21217500004059,0.0004149326996412128,0.09559859335422516,0.885023832321167,0.018962562084197998
1774268518.470,3558.191941774,1423,2,sad,1,32.249193000097875,0.00030774701735936105,0.09578557312488556,0.8891501426696777,0.014756488613784313
1774268518.521,3558.242819369,1424,2,sad,1,32.77299199999106,0.0002447781735099852,0.1722228229045868,0.8119711875915527,0.015561150386929512
1774268518.571,3558.293323778,1425,2,sad,1,32.1048040000278,0.00022040348267182708,0.15589697659015656,0.8223628997802734,0.02151964232325554
1774268518.622,3558.343709631,1426,2,sad,1,33.09341800013499,0.00015431649808306247,0.12663257122039795,0.8512330055236816,0.021980062127113342
1774268518.673,3558.394495041,1427,2,sad,1,33.12962200016045,0.0001433582219760865,0.14544866979122162,0.832302451133728,0.022105462849140167
1774268518.722,3558.444375077,1428,2,sad,1,32.05089599987332,0.00012569714454002678,0.11422839760780334,0.8668617606163025,0.018784034997224808
1774268518.774,3558.495008523,1429,2,sad,1,33.426253000016004,0.00013576851051766425,0.21430999040603638,0.7656404972076416,0.01991361565887928
1774268518.824,3558.545443135,1430,2,sad,1,33.30503100005444,0.00014705622743349522,0.30525457859039307,0.6684459447860718,0.026152335107326508
1774268518.874,3558.59548332,1431,2,sad,1,32.75989900021159,0.00019672283087857068,0.32079750299453735,0.6107842922210693,0.06822142004966736
1774268518.927,3558.646411249,1432,2,sad,1,35.16363000017009,0.0005233966512605548,0.34045976400375366,0.5919547080993652,0.06706211715936661
1774268518.975,3558.696896917,1433,2,sad,1,32.7574360003382,0.0005579168209806085,0.3069485127925873,0.6400847434997559,0.05240879952907562
1774268519.026,3558.747061862,1434,2,sad,1,34.057588999985455,0.001729517593048513,0.3367829918861389,0.6198145151138306,0.04167291149497032
1774268519.076,3558.797392029,1435,2,sad,1,33.49132799985455,0.002141289645805955,0.320521742105484,0.6449583768844604,0.03237852454185486
1774268519.127,3558.848409588,1436,2,sad,1,33.742255000106525,0.002347397617995739,0.26308006048202515,0.7100492715835571,0.024523206055164337
1774268519.177,3558.898880775,1437,2,sad,1,32.34704499982399,0.003255157731473446,0.23085084557533264,0.7469576597213745,0.018936272710561752
1774268519.228,3558.950143353,1438,2,sad,1,32.83999199993559,0.0026815959718078375,0.23860274255275726,0.6953577995300293,0.06335778534412384
1774268519.285,3559.001852896,1439,2,sad,1,38.03830700007893,0.002328116912394762,0.21885862946510315,0.7131646871566772,0.06564845144748688
1774268519.340,3559.056532876,1440,2,sad,1,37.872066000090854,0.0016670019831508398,0.20325128734111786,0.7450763583183289,0.050005268305540085
1774268519.387,3559.108142067,1441,2,sad,1,33.503790000395384,0.0016774525865912437,0.15527454018592834,0.806438684463501,0.03660920262336731
1774268519.434,3559.15585378,1442,2,sad,1,32.69197300005544,0.004599690902978182,0.14097094535827637,0.8276430368423462,0.02678619511425495
1774268519.480,3559.20294351,1443,2,sad,1,31.594061000305373,0.0058663832023739815,0.14298784732818604,0.8288193941116333,0.022326257079839706
1774268519.531,3559.254354385,1444,2,sad,1,31.372337999982847,0.006373131647706032,0.17037491500377655,0.8055065870285034,0.01774526573717594
1774268519.582,3559.30483122,1445,2,sad,1,31.555246000152692,0.006349054630845785,0.25371798872947693,0.7257679104804993,0.014164933934807777
1774268519.632,3559.355219035,1446,2,sad,1,31.349041999874316,0.005304024089127779,0.34192705154418945,0.6383090019226074,0.014459799975156784
1774268519.682,3559.405730629,1447,2,sad,1,31.40576499981762,0.0038385861553251743,0.4208465814590454,0.5614142417907715,0.013900448568165302
1774268519.734,3559.456634095,1448,2,sad,1,32.011932999921555,0.003077778033912182,0.4054468870162964,0.581658661365509,0.009816507808864117
1774268519.787,3559.507239597,1449,2,sad,1,34.04212599980383,0.004200384020805359,0.32814452052116394,0.6602718234062195,0.007383088581264019
1774268519.835,3559.558222341,1450,1,happy,1,31.829895999635482,0.004444638732820749,0.49932146072387695,0.4906909763813019,0.0055427225306630135
1774268519.885,3559.608128581,1451,2,sad,1,31.65869099984775,0.004867045674473047,0.4056711494922638,0.5840342044830322,0.005427388474345207
1774268519.935,3559.658268155,1452,2,sad,1,31.087189000118087,0.006334721110761166,0.41825175285339355,0.5699380040168762,0.005475358106195927
1774268519.985,3559.709014047,1453,2,sad,1,31.17515199983245,0.005209935363382101,0.31297168135643005,0.6729360222816467,0.008882192894816399
1774268520.036,3559.759406548,1454,2,sad,1,31.774636000136525,0.005753109697252512,0.2537587583065033,0.7298003435134888,0.010687691159546375
1774268520.088,3559.809866586,1455,2,sad,1,33.24182699998346,0.004727122373878956,0.18715500831604004,0.7984181046485901,0.00969967432320118
1774268520.139,3559.860287717,1456,2,sad,1,33.59945700003664,0.003491611685603857,0.15626411139965057,0.8311882019042969,0.009055949747562408
1774268520.190,3559.910835682,1457,2,sad,1,33.555642000010266,0.004946945235133171,0.20482848584651947,0.7773669958114624,0.012857450172305107
1774268520.239,3559.960946996,1458,2,sad,1,33.057585999813455,0.00366352591663599,0.17844673991203308,0.8069139719009399,0.010975698009133339
1774268520.290,3560.011146571,1459,2,sad,1,33.174714999859134,0.0031042941845953465,0.3376642167568207,0.6469054222106934,0.012326013296842575
1774268520.340,3560.061040792,1460,2,sad,1,33.26349400003892,0.005602850578725338,0.4710480570793152,0.5119067430496216,0.011442253366112709
1774268520.390,3560.111247052,1461,1,happy,1,33.56391999977859,0.004516805522143841,0.5820776224136353,0.4018154740333557,0.01158997230231762
1774268520.440,3560.161701461,1462,1,happy,1,33.27678999994532,0.004517057910561562,0.5848416090011597,0.3977696895599365,0.0128715168684721
1774268520.492,3560.213020651,1463,2,sad,1,33.234621999781666,0.004274704959243536,0.44967377185821533,0.531224250793457,0.01482720859348774
1774268520.541,3560.262982391,1464,2,sad,1,32.750398999723984,0.003518373239785433,0.3339710235595703,0.6448452472686768,0.017665285617113113
1774268520.592,3560.313064854,1465,2,sad,1,33.337956000195845,0.003452303120866418,0.26967573165893555,0.7039077281951904,0.022964201867580414
1774268520.643,3560.363589559,1466,2,sad,1,33.82416199974614,0.006445481441915035,0.22681772708892822,0.7490047216415405,0.017731979489326477
1774268520.693,3560.413811485,1467,2,sad,1,33.602142999825446,0.004771223291754723,0.1602441370487213,0.8177562355995178,0.017228370532393456
1774268520.742,3560.463976708,1468,2,sad,1,32.76275100006387,0.004022736102342606,0.13056395947933197,0.8487210273742676,0.01669219881296158
1774268520.794,3560.514014671,1469,2,sad,1,34.73790599991844,0.0033664219081401825,0.19958274066448212,0.7801926136016846,0.016858136281371117
1774268520.843,3560.564413801,1470,2,sad,1,33.31192000041483,0.0022084026131778955,0.14203988015651703,0.8434361815452576,0.012315474450588226
1774268520.894,3560.615275619,1471,2,sad,1,33.45473499985019,0.00157131627202034,0.22495147585868835,0.7633854150772095,0.010091717354953289
1774268520.945,3560.66696331,1472,2,sad,1,32.733455000197864,0.00106714922003448,0.23527905344963074,0.7517299652099609,0.011923747137188911
1774268520.995,3560.717983795,1473,2,sad,1,31.951729000411433,0.0007571596652269363,0.2969292998313904,0.6907548904418945,0.011558512225747108
1774268521.046,3560.768211499,1474,1,happy,1,32.172564000120474,0.0005681636976078153,0.5035034418106079,0.4854094088077545,0.010518873110413551
1774268521.096,3560.819090651,1475,2,sad,1,31.15137400027379,0.00041138625238090754,0.4333731532096863,0.5448079705238342,0.021407373249530792
1774268521.146,3560.86881089,1476,2,sad,1,31.78448800008482,0.00034138106275349855,0.4654913544654846,0.5149413347244263,0.019225865602493286
1774268521.198,3560.920068802,1477,1,happy,1,33.12282599972605,0.0003301810356788337,0.6265002489089966,0.35895201563835144,0.014217443764209747
1774268521.248,3560.970148431,1478,1,happy,1,32.27478600001632,0.0002762824879027903,0.6884313821792603,0.29858681559562683,0.012705388478934765
1774268521.300,3561.020892897,1479,1,happy,1,33.57066099988515,0.0003093316627200693,0.7722904086112976,0.21845513582229614,0.008945027366280556
1774268521.348,3561.070848989,1480,1,happy,1,31.554060999951616,0.00027103658067062497,0.8368411064147949,0.15610641241073608,0.00678135035559535
1774268521.398,3561.12122612,1481,1,happy,1,30.96918800019921,0.0002472516498528421,0.882465660572052,0.11160144954919815,0.0056855520233511925
1774268521.448,3561.171161027,1482,1,happy,1,31.750023999848054,0.0002281464694533497,0.8192620277404785,0.17546604573726654,0.005043682176619768
1774268521.499,3561.221831232,1483,1,happy,1,32.21071200005099,0.00017782942450139672,0.6046816110610962,0.38721489906311035,0.007925514131784439
1774268521.550,3561.272148289,1484,1,happy,1,32.74410199992417,0.0001740302686812356,0.5479212403297424,0.4388054609298706,0.013099133968353271
1774268521.601,3561.322401104,1485,1,happy,1,32.989399999678426,0.0001902871299535036,0.6657019853591919,0.32328861951828003,0.010818975046277046
1774268521.650,3561.37292631,1486,1,happy,1,31.604913000137458,0.00015439940034411848,0.6307723522186279,0.34812015295028687,0.020952988415956497
1774268521.700,3561.423188347,1487,1,happy,1,31.500505999702,0.00027190649416297674,0.6909385323524475,0.2834436893463135,0.025345852598547935
1774268521.752,3561.473260736,1488,1,happy,1,33.72325500004081,0.00030207616509869695,0.7279061079025269,0.25032058358192444,0.02147122099995613
1774268521.801,3561.524078591,1489,1,happy,1,31.97648900004424,0.00032608379842713475,0.7633691430091858,0.21600985527038574,0.02029487118124962
1774268521.851,3561.573825442,1490,1,happy,1,32.05239600038112,0.00027705542743206024,0.8104077577590942,0.16936859488487244,0.019946515560150146
1774268521.902,3561.624065109,1491,1,happy,1,32.17952599970886,0.0002326999237993732,0.855864405632019,0.12848369777202606,0.015419095754623413
1774268521.952,3561.674704111,1492,1,happy,1,32.282748999932664,0.00023385084932669997,0.8440482020378113,0.14158675074577332,0.01413105521351099
1774268522.003,3561.724671981,1493,1,happy,1,33.057843999813485,0.00020052582840435207,0.6460334062576294,0.3138381540775299,0.03992779552936554
1774268522.053,3561.774890111,1494,1,happy,1,32.484472000305686,0.00018701437511481345,0.548601508140564,0.4075918197631836,0.043619535863399506
1774268522.105,3561.825275612,1495,2,sad,1,34.63185100008559,0.00015258992789313197,0.4400709867477417,0.49506914615631104,0.06470714509487152
1774268522.154,3561.875752336,1496,2,sad,1,32.79745500003628,0.00011720124166458845,0.31475135684013367,0.6106305122375488,0.07450081408023834
1774268522.205,3561.926404042,1497,2,sad,1,33.18677100014611,0.00010449659021105617,0.25014156103134155,0.6536006927490234,0.096153125166893
1774268522.255,3561.976677839,1498,2,sad,1,33.300660000350035,0.00015518206055276096,0.2790791392326355,0.6236609220504761,0.09710467606782913
1774268522.305,3562.026737469,1499,1,happy,1,32.89800999982617,0.00017067039152607322,0.4512476921081543,0.4460354745388031,0.1025460883975029
1774268522.355,3562.076892302,1500,1,happy,1,33.21164199996929,0.00018481735605746508,0.5652016997337341,0.35063573718070984,0.08397765457630157
1774268522.405,3562.127644731,1501,1,happy,1,32.23774899970522,0.00025144885876215994,0.5096680521965027,0.3986774682998657,0.09140294790267944
1774268522.460,3562.178306529,1502,1,happy,1,36.77167299974826,0.0002206760982517153,0.644523024559021,0.2702459990978241,0.08501022309064865
1774268522.508,3562.229049698,1503,1,happy,1,33.45977200024208,0.00023993614013306797,0.7399653196334839,0.18228326737880707,0.07751135528087616
1774268522.558,3562.280021035,1504,1,happy,1,32.73654699978579,0.0002060139668174088,0.8055758476257324,0.12128779292106628,0.0729302167892456
1774268522.610,3562.330355073,1505,1,happy,1,34.0449959999205,0.00014902079419698566,0.8664969205856323,0.07942359149456024,0.053930312395095825
1774268522.660,3562.380835797,1506,1,happy,1,33.70688399991195,0.00012325067655183375,0.9038233757019043,0.05233025923371315,0.043723031878471375
1774268522.712,3562.431487466,1507,1,happy,1,35.13092599996526,0.00011298237950541079,0.9225565195083618,0.04551452398300171,0.03181590884923935
1774268522.762,3562.481926023,1508,1,happy,1,34.81992499973785,9.704638068797067e-05,0.9115033149719238,0.06385868787765503,0.024540817365050316
1774268522.811,3562.534105771,1509,1,happy,1,31.437393999567576,8.375372999580577e-05,0.9140808582305908,0.05478639528155327,0.03104882873594761
1774268522.861,3562.583511547,1510,1,happy,1,32.4351200001729,7.000035111559555e-05,0.936856746673584,0.03912410885095596,0.02394896000623703
1774268522.912,3562.634126364,1511,1,happy,1,32.45904599998539,6.4449108322151e-05,0.9389019012451172,0.03148074075579643,0.029552724212408066
1774268522.963,3562.684932866,1512,1,happy,1,32.224415999735356,7.943347736727446e-05,0.9369915127754211,0.03421613574028015,0.028712786734104156
1774268523.012,3562.735464498,1513,1,happy,1,31.078633000106493,0.0001604768622200936,0.9073512554168701,0.036881085485219955,0.055607013404369354
1774268523.062,3562.786023963,1514,1,happy,1,30.910373000097024,0.00021145332721062005,0.881409764289856,0.04060814529657364,0.07777053862810135
1774268523.113,3562.835924351,1515,1,happy,1,31.783414000074117,0.00017068369197659194,0.8780488967895508,0.03209097310900688,0.08968933671712875
1774268523.164,3562.886729743,1516,1,happy,1,31.651690999751736,0.0002051116753136739,0.877672553062439,0.041036996990442276,0.08108524233102798
1774268523.214,3562.937267281,1517,1,happy,1,31.636672999866278,0.0002579689316917211,0.8514204025268555,0.05046963319182396,0.09785193204879761
1774268523.265,3562.98765832,1518,1,happy,1,32.483879000210436,0.00029068905860185623,0.8022937774658203,0.10757651925086975,0.08983895182609558
1774268523.315,3563.038189414,1519,1,happy,1,31.281042000046,0.0002993087691720575,0.782305121421814,0.1470775008201599,0.07031797617673874
1774268523.365,3563.088664823,1520,1,happy,1,31.41598700040049,0.0003079322923440486,0.7595055103302002,0.16716088354587555,0.07302558422088623
1774268523.416,3563.139073602,1521,1,happy,1,31.283172000257764,0.0004070493159815669,0.7438476085662842,0.20005542039871216,0.05568985268473625
1774268523.465,3563.18911501,1522,1,happy,1,30.927557999802957,0.0003603542281780392,0.7652798891067505,0.19236670434474945,0.04199301078915596
1774268523.516,3563.239049509,1523,1,happy,1,31.60119099993608,0.00029238584102131426,0.7764489650726318,0.1869741678237915,0.03628440201282501
1774268523.566,3563.289259843,1524,1,happy,1,31.673914000293735,0.0003279534284956753,0.7958937883377075,0.17360693216323853,0.030171168968081474
1774268523.617,3563.339636881,1525,1,happy,1,32.50951000018176,0.0003021102165803313,0.7665832042694092,0.19333472847938538,0.03977980464696884
1774268523.667,3563.39013229,1526,1,happy,1,31.83406299967828,0.0003005682083312422,0.7509217262268066,0.2114057093858719,0.037371840327978134
1774268523.717,3563.439922271,1527,1,happy,1,31.8277470000794,0.0002403298713034019,0.5600886344909668,0.38587433099746704,0.05379660800099373
1774268523.770,3563.490583495,1528,1,happy,1,34.35492400012663,0.0002562061999924481,0.5880990624427795,0.3756786584854126,0.03596600517630577
1774268523.819,3563.541449684,1529,1,happy,1,32.564656999966246,0.00020613399101421237,0.5936496257781982,0.3807201087474823,0.025424061343073845
1774268523.869,3563.59145535,1530,1,happy,1,32.15408200003367,0.0001568533043609932,0.6739743947982788,0.30849120020866394,0.0173774566501379
1774268523.919,3563.642142816,1531,1,happy,1,31.92409899975246,0.00012853526277467608,0.7240475416183472,0.2615314722061157,0.014292416162788868
1774268523.971,3563.692526335,1532,1,happy,1,32.744344000093406,0.00011158124107168987,0.7854629755020142,0.20306432247161865,0.011361075565218925
1774268524.020,3563.742787781,1533,1,happy,1,32.22928600007435,0.00013738128473050892,0.7141494750976562,0.2638181149959564,0.02189498022198677
1774268524.072,3563.794097582,1534,1,happy,1,32.63561999983722,0.000174056418472901,0.6726593971252441,0.2971687316894531,0.029997743666172028
1774268524.123,3563.843952025,1535,1,happy,1,33.262438000292605,0.0001731054508127272,0.5136141777038574,0.4441060423851013,0.04210660234093666
1774268524.173,3563.895052363,1536,2,sad,1,33.038714999747754,0.0002445243881084025,0.37544965744018555,0.5850679874420166,0.03923773020505905
1774268524.223,3563.944600083,1537,2,sad,1,32.92512200005149,0.0003208592825103551,0.29333460330963135,0.6638962030410767,0.04244821518659592
1774268524.275,3563.996075292,1538,2,sad,1,33.70342099970003,0.0033674342557787895,0.34996089339256287,0.6117199063301086,0.03495164215564728
1774268524.324,3564.045780884,1539,2,sad,1,33.185695999691234,0.0028566126711666584,0.438625305891037,0.5240752100944519,0.03444276005029678
1774268524.381,3564.097187666,1540,2,sad,1,38.94923699999708,0.009934359230101109,0.41145458817481995,0.5467835664749146,0.03182736411690712
1774268524.436,3564.151847165,1541,2,sad,1,38.85423599967908,0.008192303590476513,0.4563402533531189,0.5053898692131042,0.030077455565333366
1774268524.484,3564.206480756,1542,2,sad,1,32.52195400000346,0.01495396438986063,0.4455353319644928,0.5113620758056641,0.02814849652349949
1774268524.538,3564.257990299,1543,2,sad,1,34.37344199983272,0.015859270468354225,0.4523419141769409,0.5043084621429443,0.027490247040987015
1774268524.586,3564.307827872,1544,2,sad,1,32.66001000019969,0.020356178283691406,0.4720647931098938,0.47899970412254333,0.02857917547225952
1774268524.632,3564.354883379,1545,2,sad,1,31.93891499995516,0.020250730216503143,0.4377344846725464,0.5119819641113281,0.03003271110355854
1774268524.679,3564.401824238,1546,2,sad,1,32.11415600026157,0.02472750097513199,0.3583666682243347,0.5866119861602783,0.030293697491288185
1774268524.730,3564.451929313,1547,2,sad,1,32.389008999871294,0.018618613481521606,0.4432782530784607,0.49529144167900085,0.042811550199985504
1774268524.780,3564.50268713,1548,2,sad,1,32.48360199995659,0.016443781554698944,0.35219529271125793,0.5907683372497559,0.040592506527900696
1774268524.832,3564.554266432,1549,2,sad,1,32.1192860001247,0.016094377264380455,0.3357427716255188,0.6031439304351807,0.04501889646053314
1774268524.882,3564.604563544,1550,2,sad,1,32.07624900005612,0.013013596646487713,0.3837108314037323,0.5580275654792786,0.045247942209243774
1774268524.932,3564.654834527,1551,1,happy,1,31.834210000397434,0.009386979974806309,0.49016278982162476,0.45285698771476746,0.04759316146373749
1774268524.982,3564.705389603,1552,1,happy,1,31.627727999875788,0.013812849298119545,0.5125098824501038,0.4261470437049866,0.04753010720014572
1774268525.033,3564.755735085,1553,1,happy,1,31.970766999620537,0.010975979268550873,0.5492078065872192,0.3791094720363617,0.06070658564567566
1774268525.083,3564.806010012,1554,2,sad,1,31.864821999988635,0.013896745629608631,0.44671207666397095,0.48913276195526123,0.050258249044418335
1774268525.134,3564.856967923,1555,2,sad,1,31.714191999981267,0.020914923399686813,0.4280882179737091,0.4955616891384125,0.05543501675128937
1774268525.185,3564.907974371,1556,1,happy,1,32.189619000291714,0.01838018000125885,0.4681861400604248,0.4392547011375427,0.07417884469032288
1774268525.236,3564.958674578,1557,1,happy,1,32.134563000454364,0.014470858499407768,0.47202444076538086,0.4057096242904663,0.10779494792222977
1774268525.287,3565.009615877,1558,2,sad,1,32.30206399985036,0.01304071769118309,0.39664119482040405,0.5070074200630188,0.0833105817437172
1774268525.339,3565.059922897,1559,2,sad,1,33.551124000041455,0.011211027391254902,0.37493225932121277,0.5520232319831848,0.061833374202251434
1774268525.389,3565.11002223,1560,2,sad,1,33.83710699972653,0.01428215391933918,0.3880562484264374,0.5470707416534424,0.05059073120355606
1774268525.438,3565.160312343,1561,2,sad,1,32.85715799984246,0.011581365019083023,0.3820228576660156,0.5617218017578125,0.04467388242483139
1774268525.490,3565.211219272,1562,1,happy,1,33.21117799987405,0.015816599130630493,0.4925975203514099,0.4578555226325989,0.033730268478393555
1774268525.540,3565.261434569,1563,1,happy,1,33.27471600005083,0.016982469707727432,0.4789787530899048,0.4766145944595337,0.02742408961057663
1774268525.591,3565.311678144,1564,1,happy,1,34.19681200011837,0.017254343256354332,0.5191299915313721,0.4403330087661743,0.023282557725906372
1774268525.642,3565.362260961,1565,2,sad,1,33.98419999984981,0.01254471205174923,0.35683974623680115,0.6116953492164612,0.018920093774795532
1774268525.693,3565.412849204,1566,2,sad,1,34.592683000028046,0.016477227210998535,0.34863004088401794,0.6170306205749512,0.01786203123629093
1774268525.744,3565.463544669,1567,2,sad,1,34.706925000136835,0.019395869225263596,0.2395494431257248,0.7246688008308411,0.01638580486178398
1774268525.795,3565.513374631,1568,2,sad,1,36.13050400008433,0.015448495745658875,0.15916027128696442,0.8099856376647949,0.015405533835291862
1774268525.844,3565.563871207,1569,2,sad,1,34.51916499989238,0.016999147832393646,0.1094430610537529,0.8548868298530579,0.01867087185382843
1774268525.894,3565.614507154,1570,2,sad,1,33.80373600020903,0.020045267418026924,0.0846530869603157,0.8807463049888611,0.014555244706571102
1774268525.944,3565.665145304,1571,2,sad,1,33.42460600015329,0.030973076820373535,0.0651613175868988,0.8913241624832153,0.012541348114609718
1774268525.995,3565.715737232,1572,2,sad,1,33.67849500000375,0.0320340096950531,0.06913695484399796,0.8805491924285889,0.018279727548360825
1774268526.047,3565.766253475,1573,2,sad,1,35.5958729996928,0.02526819333434105,0.16377899050712585,0.7913798689842224,0.01957283541560173
1774268526.095,3565.817039145,1574,2,sad,1,32.92704700015747,0.021536530926823616,0.24704857170581818,0.7134637236595154,0.017951086163520813
1774268526.146,3565.866908903,1575,2,sad,1,33.292605000042386,0.019387124106287956,0.2978922128677368,0.6655778884887695,0.01714269258081913
1774268526.196,3565.917316516,1576,2,sad,1,33.326085999760835,0.020888395607471466,0.22774869203567505,0.7375530004501343,0.013809838332235813
1774268526.246,3565.968126241,1577,2,sad,1,32.720010000048205,0.018222391605377197,0.15584945678710938,0.8140907883644104,0.011837271973490715
1774268526.296,3566.018447724,1578,2,sad,1,32.330194000223855,0.014916965737938881,0.10510070621967316,0.8707557916641235,0.009226512163877487
1774268526.346,3566.068556983,1579,2,sad,1,31.909933000406454,0.010012790560722351,0.07434633374214172,0.9072232246398926,0.00841758493334055
1774268526.396,3566.118848596,1580,2,sad,1,31.579727999996976,0.007080657407641411,0.05566054955124855,0.9286081790924072,0.008650576695799828
1774268526.447,3566.170119619,1581,2,sad,1,31.82067299985647,0.0049961465410888195,0.0470941960811615,0.940812349319458,0.007097223307937384
1774268526.497,3566.220271749,1582,2,sad,1,31.480097999974532,0.004523929674178362,0.06557479500770569,0.9190018177032471,0.010899331420660019
1774268526.548,3566.270589843,1583,2,sad,1,31.745432000207074,0.003844604827463627,0.06855180114507675,0.9128836989402771,0.014719754457473755
1774268526.598,3566.320935492,1584,2,sad,1,31.840396000006876,0.003412805963307619,0.10570771992206573,0.8737075328826904,0.017171822488307953
1774268526.648,3566.370993863,1585,2,sad,1,31.812099000035232,0.017030538991093636,0.1773744821548462,0.7928826212882996,0.012712282128632069
1774268526.700,3566.422252664,1586,2,sad,1,32.19826699978512,0.2174411565065384,0.12013726681470871,0.6515366435050964,0.01088488195091486
1774268526.752,3566.472888574,1587,2,sad,1,33.46680899994681,0.14209948480129242,0.07861293852329254,0.7693328857421875,0.009954655542969704
1774268526.800,3566.523366686,1588,2,sad,1,31.554821000099764,0.16911789774894714,0.11240880191326141,0.7074340581893921,0.01103915274143219
1774268526.851,3566.573829077,1589,2,sad,1,32.10021099994265,0.11392950266599655,0.08709601312875748,0.7843604683876038,0.0146139245480299
1774268526.902,3566.624220912,1590,2,sad,1,32.23693400013872,0.07425037026405334,0.06654160469770432,0.8268036842346191,0.03240423649549484
1774268526.953,3566.675370064,1591,2,sad,1,32.357602000047336,0.04833633080124855,0.04371829703450203,0.884116530418396,0.023828759789466858
1774268527.003,3566.725229786,1592,2,sad,1,32.156175000181975,0.031589969992637634,0.04451756924390793,0.8365739583969116,0.08731843531131744
1774268527.055,3566.776156308,1593,2,sad,1,33.10771500036935,0.07063209265470505,0.06062981113791466,0.8114135265350342,0.05732451006770134
1774268527.106,3566.826443124,1594,2,sad,1,33.802329000081954,0.04619920253753662,0.04278300702571869,0.8704739212989807,0.04054379463195801
1774268527.157,3566.877491572,1595,2,sad,1,33.90236699988236,0.047155484557151794,0.02809842862188816,0.897787868976593,0.026958182454109192
1774268527.206,3566.927624017,1596,2,sad,1,33.34656799961522,0.055115051567554474,0.06778638064861298,0.8506375551223755,0.0264609195291996
1774268527.256,3566.977895092,1597,2,sad,1,32.83338100027322,0.05561637878417969,0.051827918738126755,0.8491636514663696,0.04339197278022766
1774268527.308,3567.028709762,1598,2,sad,1,34.08562599997822,0.04243352636694908,0.06278768181800842,0.8619888424873352,0.032789841294288635
1774268527.358,3567.07897093,1599,2,sad,1,33.40691999983392,0.039886005222797394,0.051972195506095886,0.8755319118499756,0.03260976821184158
1774268527.409,3567.12961758,1600,2,sad,1,34.270311999989644,0.03538265451788902,0.1120525449514389,0.8241369724273682,0.028427761048078537
1774268527.460,3567.180753362,1601,2,sad,1,33.735699000317254,0.02562909759581089,0.16031615436077118,0.7774016261100769,0.036653030663728714
1774268527.510,3567.230955567,1602,2,sad,1,34.04351500012126,0.023871732875704765,0.19437791407108307,0.7456684708595276,0.03608178719878197
1774268527.561,3567.281406994,1603,2,sad,1,33.94783000021562,0.04547756537795067,0.13480427861213684,0.7883427143096924,0.031375352293252945
1774268527.611,3567.332162257,1604,2,sad,1,33.40864199981297,0.2787995934486389,0.09518256038427353,0.6035918593406677,0.022425878793001175
1774268527.662,3567.384032078,1605,2,sad,1,32.47534299998733,0.18850654363632202,0.0695614367723465,0.7252457141876221,0.01668616756796837
1774268527.711,3567.433788522,1606,2,sad,1,32.383600999764894,0.14081871509552002,0.04669375345110893,0.801424503326416,0.011062942445278168
1774268527.763,3567.485054416,1607,2,sad,1,32.88008400022591,0.11498381942510605,0.032363466918468475,0.8423658609390259,0.010286734439432621
1774268527.814,3567.536682662,1608,2,sad,1,32.19606399989061,0.07867976278066635,0.02141892910003662,0.8927047848701477,0.007196452002972364
1774268527.863,3567.585498084,1609,2,sad,1,31.752598999901238,0.0636741891503334,0.05202409625053406,0.8633729219436646,0.02092869207262993
1774268527.914,3567.636260439,1610,2,sad,1,32.19009999975242,0.05345823988318443,0.14491546154022217,0.6113235354423523,0.19030267000198364
1774268527.965,3567.686857367,1611,2,sad,1,32.47849099989253,0.13216827809810638,0.24119707942008972,0.46688681840896606,0.15974770486354828
1774268528.014,3567.737684185,1612,1,happy,1,31.188708000172483,0.09576183557510376,0.3884725272655487,0.38704654574394226,0.1287190020084381
1774268528.065,3567.787972705,1613,1,happy,1,31.30515300017578,0.06907715648412704,0.466595321893692,0.3661511540412903,0.0981762558221817
1774268528.115,3567.838864782,1614,1,happy,1,31.122355999741558,0.055978212505578995,0.49383121728897095,0.35639744997024536,0.09379301965236664
1774268528.166,3567.88923182,1615,2,sad,1,31.46515399976124,0.03884395584464073,0.34802040457725525,0.5373028516769409,0.07583274692296982
1774268528.217,3567.939214802,1616,1,happy,1,32.32339799978945,0.030116233974695206,0.4586074650287628,0.42810970544815063,0.08316655457019806
1774268528.266,3567.989644044,1617,1,happy,1,31.149319999713043,0.02719668298959732,0.5348796844482422,0.35412171483039856,0.08380189538002014
1774268528.316,3568.039924138,1618,1,happy,1,30.979430000115826,0.03947237879037857,0.4557185471057892,0.42187362909317017,0.0829353928565979
1774268528.367,3568.090115269,1619,2,sad,1,31.679136000093422,0.06894389539957047,0.37661734223365784,0.4940234422683716,0.060415275394916534
1774268528.417,3568.140918198,1620,2,sad,1,31.17565200000172,0.07130444794893265,0.25737470388412476,0.625045657157898,0.046275120228528976
1774268528.468,3568.19079892,1621,2,sad,1,31.60039400017922,0.0496196523308754,0.18096892535686493,0.7337653636932373,0.035645972937345505
1774268528.518,3568.241172532,1622,2,sad,1,31.70461800027624,0.03820060193538666,0.16333995759487152,0.7682465314865112,0.030212853103876114
1774268528.571,3568.292288518,1623,2,sad,1,33.202400999925885,0.028314590454101562,0.2725899815559387,0.6681836247444153,0.030911767855286598
1774268528.620,3568.342861002,1624,2,sad,1,32.026525999754085,0.022157972678542137,0.23255228996276855,0.7166706323623657,0.028619050979614258
1774268528.672,3568.393540838,1625,2,sad,1,32.97825100025875,0.02555016800761223,0.20996449887752533,0.7393776178359985,0.025107668712735176
1774268528.724,3568.444330618,1626,2,sad,1,34.32696099980603,0.023468144237995148,0.21982795000076294,0.7317550182342529,0.024948861449956894
1774268528.774,3568.494644749,1627,2,sad,1,34.51112799984912,0.025917338207364082,0.24361538887023926,0.696584939956665,0.03388228267431259
1774268528.824,3568.544853806,1628,2,sad,1,34.3048119998457,0.02019692212343216,0.17158770561218262,0.7754515409469604,0.032763753086328506
1774268528.874,3568.595150807,1629,2,sad,1,33.55512399957661,0.020824361592531204,0.13778156042099,0.8080363273620605,0.033357664942741394
1774268528.925,3568.645776346,1630,2,sad,1,33.587773000363086,0.020781395956873894,0.10171188414096832,0.8384935855865479,0.039013102650642395
1774268528.974,3568.696521831,1631,2,sad,1,32.583731999693555,0.015696443617343903,0.07246238738298416,0.8775731325149536,0.034268010407686234
1774268529.025,3568.74662635,1632,2,sad,1,33.03728899982161,0.01968388631939888,0.06148415803909302,0.8926752805709839,0.02615666203200817
1774268529.077,3568.797732076,1633,2,sad,1,33.707291999689915,0.022272340953350067,0.04599159583449364,0.9117410182952881,0.01999506540596485
1774268529.126,3568.848174411,1634,2,sad,1,32.4678980000499,0.016171926632523537,0.046324025839567184,0.9228460788726807,0.014657929539680481
1774268529.177,3568.898332875,1635,2,sad,1,33.223456000087026,0.01117356400936842,0.03585520386695862,0.9429258108139038,0.010045421309769154
1774268529.228,3568.948777266,1636,2,sad,1,34.06873699987045,0.0076143015176057816,0.0263168066740036,0.9590902924537659,0.0069785350933671
1774268529.278,3568.999866437,1637,2,sad,1,33.03343700008554,0.007123928517103195,0.027108142152428627,0.9605035781860352,0.005264277569949627
1774268529.329,3569.050981645,1638,2,sad,1,32.22213700018983,0.0066570742055773735,0.04072202742099762,0.9470369815826416,0.00558387441560626
1774268529.379,3569.101391943,1639,2,sad,1,32.06500699980097,0.03712483495473862,0.07552452385425568,0.88043212890625,0.00691844429820776
1774268529.430,3569.152064834,1640,2,sad,1,32.20285999987027,0.04271133989095688,0.152287095785141,0.7956340312957764,0.009367480874061584
1774268529.486,3569.202956504,1641,2,sad,1,37.9586039998685,0.043139755725860596,0.24508225917816162,0.701205849647522,0.010572061873972416
1774268529.543,3569.258283969,1642,2,sad,1,39.53881300003559,0.03924361988902092,0.2703900635242462,0.6746801137924194,0.01568612828850746
1774268529.599,3569.314097712,1643,2,sad,1,39.38255399998525,0.0372062586247921,0.40347182750701904,0.5452389717102051,0.014082918874919415
1774268529.650,3569.368781378,1644,1,happy,1,35.91894799956208,0.03220229968428612,0.5242531299591064,0.42887771129608154,0.014666793867945671
1774268529.696,3569.418799897,1645,2,sad,1,31.914802999835956,0.0228359866887331,0.38493600487709045,0.5805079340934753,0.011720036156475544
1774268529.744,3569.464306362,1646,2,sad,1,34.04795899996316,0.016033576801419258,0.31918609142303467,0.6541503667831421,0.010629921220242977
1774268529.791,3569.511434648,1647,2,sad,1,34.03644099989833,0.013073967769742012,0.24601542949676514,0.7331770658493042,0.007733478676527739
1774268529.839,3569.559311529,1648,2,sad,1,34.206200999960856,0.013016887940466404,0.34041404724121094,0.6337014436721802,0.012867525219917297
1774268529.887,3569.609043935,1649,2,sad,1,32.53267699983553,0.014043024741113186,0.362049400806427,0.6113600134849548,0.01254747249186039
1774268529.934,3569.657052725,1650,2,sad,1,31.694710000010673,0.010549874044954777,0.24543602764606476,0.7292073965072632,0.01480654627084732
1774268529.985,3569.706876854,1651,2,sad,1,33.15430800012109,0.007681365590542555,0.16432128846645355,0.8181542158126831,0.009843018837273121
1774268530.035,3569.757583745,1652,2,sad,1,31.81515500000387,0.008035560138523579,0.11852537840604782,0.8617074489593506,0.011731494218111038
1774268530.086,3569.808277193,1653,2,sad,1,32.212952000008954,0.020347587764263153,0.3135949969291687,0.6531956791877747,0.012861628085374832
1774268530.138,3569.858676509,1654,2,sad,1,33.7720510001418,0.01803344115614891,0.2835746705532074,0.6826543807983398,0.01573735661804676
1774268530.188,3569.909168437,1655,2,sad,1,33.816328999819234,0.03245382383465767,0.2488289177417755,0.6993927955627441,0.01932426542043686
1774268530.239,3569.96028359,1656,2,sad,1,32.985103000100935,0.022237515076994896,0.22287628054618835,0.7409828901290894,0.013903171755373478
1774268530.289,3570.010695239,1657,2,sad,1,32.97801200005779,0.024511195719242096,0.18785998225212097,0.7760450839996338,0.011583620682358742
1774268530.340,3570.061653873,1658,2,sad,1,32.68673200000194,0.027285192161798477,0.26294875144958496,0.6968830227851868,0.012882877141237259
1774268530.392,3570.112542636,1659,2,sad,1,34.1937749999488,0.028519103303551674,0.2043224722146988,0.7535038590431213,0.013654453679919243
1774268530.442,3570.162788581,1660,2,sad,1,33.855755000331555,0.02091950736939907,0.13788673281669617,0.8310775756835938,0.010116077959537506
1774268530.493,3570.21301336,1661,2,sad,1,34.42403500002911,0.016630716621875763,0.13116341829299927,0.8414937853813171,0.010711980983614922
1774268530.543,3570.263435825,1662,2,sad,1,34.68970199992327,0.0125654898583889,0.1186092421412468,0.8570663928985596,0.011758741922676563
1774268530.594,3570.314449051,1663,2,sad,1,33.95740399992064,0.011059695854783058,0.12710005044937134,0.8518507480621338,0.009989382699131966
1774268530.644,3570.36481183,1664,2,sad,1,33.748181000191835,0.05684591084718704,0.2465384304523468,0.6896013021469116,0.0070142587646842
1774268530.696,3570.415005535,1665,2,sad,1,35.90428100005738,0.04049075394868851,0.20636621117591858,0.7471779584884644,0.005965009331703186
1774268530.747,3570.466866968,1666,2,sad,1,34.52547999995659,0.027690377086400986,0.14769470691680908,0.8198200464248657,0.0047947708517313
1774268530.796,3570.517913472,1667,2,sad,1,32.541953999952966,0.0408339649438858,0.17808139324188232,0.7760459184646606,0.005038661882281303
1774268530.846,3570.56854216,1668,2,sad,1,32.50376799996957,0.031596068292856216,0.13375532627105713,0.831235408782959,0.003413137746974826
1774268530.895,3570.618871495,1669,2,sad,1,31.255763999979536,0.020720703527331352,0.08768881112337112,0.8893299698829651,0.002260418375954032
1774268530.947,3570.669480516,1670,2,sad,1,31.921561999752157,0.0138216782361269,0.05761038511991501,0.9270923733711243,0.0014754829462617636
1774268530.996,3570.719615998,1671,2,sad,1,31.09739299998182,0.009436525404453278,0.03787558153271675,0.9517028331756592,0.0009849615162238479
1774268531.047,3570.769880517,1672,2,sad,1,31.690303000232234,0.008022916503250599,0.06007000803947449,0.9309084415435791,0.0009985206415876746
1774268531.098,3570.820901688,1673,2,sad,1,31.792710999980045,0.005345632787793875,0.05004274100065231,0.9438406825065613,0.0007708118064329028
1774268531.149,3570.871441024,1674,2,sad,1,31.92837699998563,0.008748574182391167,0.33196282386779785,0.6574157476425171,0.001872680732049048
1774268531.200,3570.92245375,1675,2,sad,1,32.01189699984752,0.006491055712103844,0.2447631061077118,0.7473405599594116,0.0014051104662939906
1774268531.249,3570.972744251,1676,2,sad,1,31.38344999979381,0.0051924921572208405,0.16166840493679047,0.8320124745368958,0.0011265166103839874
1774268531.300,3571.022759826,1677,2,sad,1,31.8110810003418,0.0041512358002364635,0.11449629068374634,0.8801846504211426,0.0011677203001454473
1774268531.351,3571.073168828,1678,2,sad,1,32.403823000095144,0.0030096732079982758,0.10387025028467178,0.8921568393707275,0.0009631469147279859
1774268531.401,3571.123740997,1679,2,sad,1,32.19978600009199,0.0025950928684324026,0.08447498083114624,0.9116636514663696,0.0012662417721003294
1774268531.452,3571.174639815,1680,2,sad,1,31.92510000008042,0.002338424790650606,0.0808267891407013,0.862900972366333,0.05393368378281593
1774268531.504,3571.225907764,1681,2,sad,1,33.14440099984495,0.005337323993444443,0.25062429904937744,0.7066422700881958,0.037395961582660675
1774268531.554,3571.276021135,1682,2,sad,1,32.279434999963996,0.003561328863725066,0.1632806658744812,0.8088212609291077,0.02433658018708229
1774268531.604,3571.326268118,1683,2,sad,1,32.63128800017512,0.002656311262398958,0.10655198246240616,0.874961256980896,0.01583036035299301
1774268531.654,3571.376876306,1684,2,sad,1,31.92646999968929,0.0019391325768083334,0.07022172957658768,0.9175260066986084,0.010313089936971664
1774268531.706,3571.427439808,1685,2,sad,1,32.906269999784854,0.0016216153744608164,0.04621538147330284,0.9454299211502075,0.006732977461069822
1774268531.758,3571.477686772,1686,2,sad,1,35.25616799970521,0.005736741237342358,0.03788132965564728,0.9519100189208984,0.0044718855060637
1774268531.807,3571.528440683,1687,2,sad,1,33.134381999843754,0.004170290194451809,0.029316745698451996,0.9635164737701416,0.0029964882414788008
1774268531.859,3571.578668184,1688,2,sad,1,34.84974000002694,0.0032092260662466288,0.024101579561829567,0.9706615209579468,0.0020275975111871958
1774268531.911,3571.631153656,1689,2,sad,1,34.29231299969615,0.0023345528170466423,0.02508740872144699,0.9711575508117676,0.0014203583123162389
1774268531.959,3571.680041041,1690,2,sad,1,33.4421059997112,0.0017348441760987043,0.024941336363554,0.9722903966903687,0.0010332849342375994
1774268532.010,3571.730046634,1691,2,sad,1,34.714592000000266,0.001415448496118188,0.0232562106102705,0.9745104312896729,0.0008177818963304162
1774268532.060,3571.780838915,1692,2,sad,1,33.75455100012914,0.0010863394709303975,0.018681291490793228,0.9795267581939697,0.0007054825546219945
1774268532.112,3571.831084768,1693,2,sad,1,35.31426100016688,0.0008930375333875418,0.015479568392038345,0.9828805923461914,0.0007466098759323359
1774268532.160,3571.881764179,1694,2,sad,1,33.2624009997744,0.0008163770544342697,0.01444191113114357,0.983934760093689,0.0008068386232480407
1774268532.210,3571.931927865,1695,2,sad,1,33.076288999836834,0.0014582788571715355,0.013376325368881226,0.9840505719184875,0.001114733051508665
1774268532.260,3571.982056199,1696,2,sad,1,33.018566999999166,0.0021666972897946835,0.011083722114562988,0.985794186592102,0.000955290743149817
1774268532.311,3572.033781243,1697,2,sad,1,32.36656400031279,0.002307531191036105,0.016141436994075775,0.9802749156951904,0.0012760362587869167
1774268532.361,3572.084163893,1698,2,sad,1,31.760635999944498,0.0029603480361402035,0.02077704295516014,0.9745378494262695,0.001724632689729333
1774268532.412,3572.134722006,1699,2,sad,1,32.29661999966993,0.003504268592223525,0.014828534796833992,0.9800175428390503,0.0016495061572641134
1774268532.462,3572.185856529,1700,2,sad,1,31.0542259999238,0.004430011380463839,0.010586285963654518,0.9835785031318665,0.0014051452744752169
1774268532.513,3572.236303457,1701,2,sad,1,31.24268999999913,0.015881575644016266,0.031782157719135284,0.9509245157241821,0.0014116112142801285
1774268532.565,3572.28742561,1702,2,sad,1,32.1060450000914,0.01609286479651928,0.0451187789440155,0.9358812570571899,0.002906997222453356
1774268532.614,3572.337575962,1703,2,sad,1,31.394691000059538,0.02376188337802887,0.03594818711280823,0.9376122951507568,0.002677536103874445
1774268532.665,3572.388077372,1704,2,sad,1,31.271319999632397,0.030158841982483864,0.029501045122742653,0.9382563829421997,0.002083626575767994
1774268532.715,3572.438376929,1705,2,sad,1,31.60080200041193,0.04448302090167999,0.08367349207401276,0.8675187826156616,0.004324609413743019
1774268532.768,3572.48937097,1706,2,sad,1,33.04695599990737,0.031820058822631836,0.068246029317379,0.8945726752281189,0.0053611379116773605
1774268532.817,3572.539465619,1707,2,sad,1,31.888062999769318,0.026004163548350334,0.06397002935409546,0.9055185317993164,0.0045071979984641075
1774268532.867,3572.589683842,1708,2,sad,1,32.0734340002673,0.023095473647117615,0.09979037195444107,0.8724530935287476,0.0046609994024038315
1774268532.918,3572.640428086,1709,2,sad,1,32.15615599992816,0.026544176042079926,0.2211759090423584,0.7442011833190918,0.00807870738208294
1774268532.968,3572.690353123,1710,2,sad,1,32.247342000118806,0.05270608514547348,0.3378155827522278,0.5872849225997925,0.02219335362315178
1774268533.018,3572.740502902,1711,2,sad,1,31.94421099988176,0.04038417339324951,0.3162020146846771,0.6282470226287842,0.015166670083999634
1774268533.068,3572.791056238,1712,2,sad,1,32.02817400006097,0.028086552396416664,0.25157949328422546,0.7102853059768677,0.010048524476587772
1774268533.119,3572.841629944,1713,2,sad,1,31.968100000085542,0.018481208011507988,0.1811869591474533,0.7937443256378174,0.0065874443389475346
1774268533.170,3572.892052594,1714,2,sad,1,32.204805000219494,0.015726221725344658,0.138491690158844,0.8414658308029175,0.004316146019846201
1774268533.221,3572.942214817,1715,2,sad,1,33.331808999719215,0.011961202137172222,0.11443763971328735,0.8707385063171387,0.002862528432160616
1774268533.272,3572.992358818,1716,2,sad,1,34.558257999833586,0.008015316911041737,0.07512496411800385,0.9149877429008484,0.001871880842372775
1774268533.322,3573.043107858,1717,2,sad,1,33.62667999999758,0.005592077970504761,0.05015525221824646,0.9429926872253418,0.0012598761823028326
1774268533.372,3573.093455175,1718,2,sad,1,33.40254999966419,0.003641472663730383,0.03261726722121239,0.9629108905792236,0.0008302611531689763
1774268533.423,3573.144412327,1719,2,sad,1,32.86491800008662,0.0023729815147817135,0.02122715301811695,0.9755310416221619,0.0008686748333275318
1774268533.475,3573.195256756,1720,2,sad,1,33.944088999760424,0.0017653467366471887,0.017827685922384262,0.9797148704528809,0.0006920058513060212
1774268533.524,3573.245399424,1721,2,sad,1,33.18971499993495,0.0013101976364850998,0.1621720790863037,0.8358997106552124,0.0006178991170600057
1774268533.575,3573.296091964,1722,2,sad,1,33.88236599994343,0.0009089380619116127,0.1428249180316925,0.8557581901550293,0.0005077993264421821
1774268533.626,3573.346229242,1723,2,sad,1,34.24670200001856,0.005276330281049013,0.19505897164344788,0.7989704608917236,0.0006940673338249326
1774268533.676,3573.396911912,1724,2,sad,1,34.20883099988714,0.00777819799259305,0.2353498935699463,0.7560370564460754,0.000834744656458497
1774268533.727,3573.447425007,1725,2,sad,1,34.35831299975689,0.007446207571774721,0.194208025932312,0.7971498966217041,0.0011957946699112654
1774268533.777,3573.497610749,1726,2,sad,1,34.49440499980483,0.0060339197516441345,0.13686314225196838,0.8561097383499146,0.0009930819505825639
1774268533.827,3573.548525049,1727,2,sad,1,33.43192000011186,0.006237016059458256,0.264748215675354,0.7281282544136047,0.000886361813172698
1774268533.878,3573.600125999,1728,2,sad,1,32.582492000074126,0.004945026710629463,0.4199228882789612,0.5743150115013123,0.0008169088396243751
1774268533.929,3573.650980318,1729,2,sad,1,32.64052799977435,0.003257439471781254,0.27715641260147095,0.718987226486206,0.0005987995536997914
1774268533.979,3573.701276319,1730,2,sad,1,32.510121000086656,0.0021362018305808306,0.18038462102413177,0.8169515132904053,0.0005275918520055711
1774268534.029,3573.751913285,1731,2,sad,1,31.66324700032419,0.0014416795456781983,0.11739937216043472,0.8807278871536255,0.0004309914947953075
1774268534.079,3573.802245713,1732,2,sad,1,31.326245999935054,0.008644637651741505,0.09162753820419312,0.8988316059112549,0.0008961415733210742
1774268534.131,3573.8538267,1733,2,sad,1,31.448525000087102,0.009122049435973167,0.21675123274326324,0.7731893658638,0.0009372459608130157
1774268534.179,3573.902551326,1734,2,sad,1,31.212579000111873,0.013984804973006248,0.3790254294872284,0.6059058308601379,0.0010838594753295183
1774268534.230,3573.952930013,1735,2,sad,1,31.822951000322064,0.009092405438423157,0.24640148878097534,0.741330623626709,0.003175347112119198
1774268534.280,3574.003204403,1736,2,sad,1,31.31796800016673,0.005910129752010107,0.16016307473182678,0.828402042388916,0.00552468653768301
1774268534.332,3574.054447834,1737,2,sad,1,32.34817600014139,0.003842674195766449,0.10432747006416321,0.8810051679611206,0.010824678465723991
1774268534.381,3574.104532464,1738,2,sad,1,31.54795099999319,0.0025104794185608625,0.06846991181373596,0.8372879028320312,0.09173170477151871
1774268534.432,3574.154891633,1739,2,sad,1,32.06717400007619,0.0016980641521513462,0.045199915766716,0.8753998279571533,0.07770215719938278
1774268534.482,3574.205252023,1740,2,sad,1,31.382968999878358,0.0014366868417710066,0.03477398306131363,0.9130068421363831,0.05078241229057312
1774268534.532,3574.255280728,1741,2,sad,1,31.052356000145664,0.0024179129395633936,0.033190272748470306,0.9310197830200195,0.0333719477057457
1774268534.582,3574.305870045,1742,2,sad,1,31.116078999730235,0.002273328136652708,0.06726037710905075,0.9069741368293762,0.023492077365517616
1774268534.634,3574.356785419,1743,2,sad,1,31.648266000047443,0.0017415976617485285,0.048827726393938065,0.933729887008667,0.01570073328912258
1774268534.691,3574.407977998,1744,2,sad,1,38.024326999675395,0.003638679627329111,0.047386810183525085,0.9381709694862366,0.01080346293747425
1774268534.747,3574.461106566,1745,2,sad,1,40.29203799973402,0.005638429895043373,0.0909346416592598,0.8950952291488647,0.00833163596689701
1774268534.794,3574.513763354,1746,2,sad,1,34.87666600040029,0.0048911552876234055,0.13637660443782806,0.8523715734481812,0.006360615603625774
1774268534.842,3574.562306497,1747,2,sad,1,34.52527599984023,0.003955781925469637,0.12415188550949097,0.8674569725990295,0.00443532457575202
1774268534.890,3574.611200086,1748,2,sad,1,33.26940100032516,0.004183923825621605,0.14660567045211792,0.84559166431427,0.0036186615470796824
1774268534.940,3574.659880989,1749,2,sad,1,35.106703999645106,0.003392695914953947,0.1649276614189148,0.8286852836608887,0.002994286362081766
1774268534.989,3574.709647229,1750,2,sad,1,33.58438399982333,0.003036811947822571,0.21975284814834595,0.773837149143219,0.0033730953000485897
1774268535.039,3574.760111491,1751,2,sad,1,33.095771000262175,0.002607401693239808,0.187877357006073,0.8062484860420227,0.0032666309271007776
1774268535.089,3574.810236473,1752,2,sad,1,33.0956600000718,0.0023921916726976633,0.21771672368049622,0.7760938405990601,0.0037971348501741886
1774268535.139,3574.86077429,1753,2,sad,1,32.52425100026812,0.0029512839391827583,0.2975466847419739,0.6928088068962097,0.0066931224428117275
1774268535.190,3574.911086366,1754,2,sad,1,33.55234700029541,0.002556344261392951,0.40990859270095825,0.576346755027771,0.011188196018338203
1774268535.241,3574.962192908,1755,2,sad,1,33.02110399999947,0.0062345783226192,0.2797713577747345,0.7031320929527283,0.010861873626708984
1774268535.291,3575.012554854,1756,2,sad,1,33.32062400022551,0.004292808938771486,0.19118152558803558,0.7973614931106567,0.0071640945971012115
1774268535.342,3575.063070542,1757,2,sad,1,34.03762600009941,0.0035337014123797417,0.24517500400543213,0.7442377209663391,0.007053530775010586
1774268535.393,3575.11319845,1758,2,sad,1,34.5147950001774,0.00253463676199317,0.2853398621082306,0.7060967683792114,0.0060286992229521275
1774268535.443,3575.163818323,1759,2,sad,1,34.12349699965489,0.002466117963194847,0.46224698424339294,0.5290311574935913,0.006255757063627243
1774268535.494,3575.214363678,1760,1,happy,1,34.13934899981541,0.004454207606613636,0.5928360223770142,0.3958929777145386,0.006816808134317398
1774268535.543,3575.264661846,1761,2,sad,1,33.1615300001431,0.0048814453184604645,0.43316563963890076,0.5084617137908936,0.053491171449422836
1774268535.594,3575.314870366,1762,2,sad,1,33.47691999988456,0.012345901690423489,0.34768325090408325,0.5947636365890503,0.04520715773105621
1774268535.644,3575.365343035,1763,2,sad,1,33.53919800019867,0.01934959553182125,0.2952076494693756,0.6511604189872742,0.03428228199481964
1774268535.694,3575.416475243,1764,2,sad,1,32.60115800003405,0.019222185015678406,0.21716396510601044,0.7290873527526855,0.03452640026807785
1774268535.745,3575.466909467,1765,2,sad,1,33.18556800013539,0.02313457801938057,0.2415749430656433,0.7050166130065918,0.030273791402578354
1774268535.796,3575.518255213,1766,2,sad,1,32.69514000021445,0.03277096897363663,0.3228839635848999,0.6202875971794128,0.02405736595392227
1774268535.846,3575.568628734,1767,2,sad,1,31.881452000106947,0.07245366275310516,0.26794201135635376,0.6274070143699646,0.03219720721244812
1774268535.897,3575.619124088,1768,2,sad,1,32.7954550002687,0.05040033906698227,0.27932581305503845,0.6254696846008301,0.044804010540246964
1774268535.947,3575.670105407,1769,2,sad,1,31.889544000023307,0.033700648695230484,0.28561097383499146,0.4816071391105652,0.19908110797405243
1774268535.999,3575.720530057,1770,3,angry,1,32.67593600003238,0.02199283428490162,0.2538655400276184,0.33554962277412415,0.3885918855667114
1774268536.048,3575.770581669,1771,1,happy,1,32.32521300014923,0.01466730423271656,0.33977270126342773,0.32009467482566833,0.32546523213386536
1774268536.098,3575.820631688,1772,2,sad,1,32.26723099987794,0.011995525099337101,0.24396774172782898,0.5043144822120667,0.2397221475839615
1774268536.149,3575.871455562,1773,2,sad,1,31.84271100008118,0.008117756806313992,0.3715156316757202,0.38347887992858887,0.2368876338005066
1774268536.200,3575.922149417,1774,2,sad,1,32.26930499977243,0.006721691228449345,0.28412050008773804,0.5022939443588257,0.20686380565166473
1774268536.251,3575.973334404,1775,1,happy,1,32.01791499986939,0.009355303831398487,0.42114073038101196,0.41638055443763733,0.15312334895133972
1774268536.301,3576.023544775,1776,1,happy,1,32.308175999787636,0.018335826694965363,0.5995280146598816,0.27516451478004456,0.1069716140627861
1774268536.352,3576.074054518,1777,1,happy,1,32.51586199985468,0.027042409405112267,0.6510904431343079,0.23900768160820007,0.08285941928625107
1774268536.403,3576.124681892,1778,1,happy,1,32.539343000280496,0.017799129709601402,0.7722077965736389,0.1554468870162964,0.05454613268375397
1774268536.453,3576.175225783,1779,1,happy,1,32.68312199998036,0.011893917806446552,0.8341310024261475,0.1047278642654419,0.0492471382021904
1774268536.504,3576.225685045,1780,1,happy,1,32.85188100016967,0.007969769649207592,0.6581708192825317,0.12673057615756989,0.20712876319885254
1774268536.554,3576.276102176,1781,1,happy,1,32.85536299972591,0.012962151318788528,0.5302039980888367,0.1853264570236206,0.2715073227882385
1774268536.606,3576.326479049,1782,1,happy,1,33.781846999772824,0.008524678647518158,0.5001217126846313,0.12105948477983475,0.3702940344810486
1774268536.655,3576.37757335,1783,3,angry,1,32.51987999965422,0.005714025814086199,0.3954760432243347,0.08060187101364136,0.5182080268859863
1774268536.706,3576.42786661,1784,1,happy,1,32.50834300024508,0.006508746184408665,0.4822620749473572,0.1094362884759903,0.40179282426834106
1774268536.757,3576.478916393,1785,1,happy,1,33.16962300004889,0.004673071205615997,0.660393238067627,0.07282497733831406,0.26210856437683105
1774268536.808,3576.529870286,1786,1,happy,1,33.213345000149275,0.010537546128034592,0.6620893478393555,0.1102665364742279,0.217106431722641
1774268536.859,3576.580474548,1787,1,happy,1,32.795324999824516,0.10496434569358826,0.47903701663017273,0.2303895801305771,0.18560895323753357
1774268536.909,3576.630631753,1788,1,happy,1,33.509605999825,0.10015740245580673,0.3909870982170105,0.23197196424007416,0.27688342332839966
1774268536.960,3576.681504553,1789,3,angry,1,33.593364999887854,0.0767044872045517,0.27699747681617737,0.3127901554107666,0.333507776260376
1774268537.011,3576.733424208,1790,1,happy,1,32.42797299981248,0.05613717436790466,0.40540528297424316,0.23295831680297852,0.3054990768432617
1774268537.116,3576.834602288,1791,1,happy,1,36.00642999981574,0.039061445742845535,0.6096118688583374,0.15243202447891235,0.19889453053474426
1774268537.183,3576.902526207,1792,1,happy,1,35.507502000200475,0.027609162032604218,0.732147216796875,0.10505688935518265,0.13518665730953217
1774268537.231,3576.951459204,1793,1,happy,1,34.28870100015047,0.019436515867710114,0.8239967823028564,0.06854170560836792,0.08802485466003418
1774268537.280,3577.00107511,1794,1,happy,1,33.56521800014889,0.030862657353281975,0.8601113557815552,0.0496668703854084,0.059358932077884674
1774268537.331,3577.047367597,1795,1,happy,1,37.98562299971309,0.03157000243663788,0.8927676677703857,0.03478129208087921,0.04088092967867851
1774268537.379,3577.098047304,1796,1,happy,1,35.68344699988302,0.10361655056476593,0.82174152135849,0.044344186782836914,0.030297664925456047
1774268537.427,3577.147426913,1797,1,happy,1,34.478609999951004,0.11213546246290207,0.6304492950439453,0.2327626347541809,0.02465248480439186
1774268537.475,3577.196676059,1798,1,happy,1,33.0672160002905,0.07709237188100815,0.7493806481361389,0.15665704011917114,0.016869882121682167
1774268537.526,3577.246713893,1799,1,happy,1,33.68086599994058,0.05194541811943054,0.8350762128829956,0.10190076380968094,0.01107752975076437
1774268537.573,3577.294099681,1800,1,happy,1,33.68169900022622,0.11493146419525146,0.8045724630355835,0.07141870260238647,0.009077265858650208
1774268537.622,3577.342963529,1801,1,happy,1,33.64105099990411,0.19125257432460785,0.694491982460022,0.10646013170480728,0.007795191369950771
1774268538.427,3578.145256436,1802,1,happy,1,36.26578299963512,0.12808074057102203,0.48490583896636963,0.37928882241249084,0.007724495138972998
1774268538.499,3578.212757261,1803,0,neutral,1,41.33720899972104,0.38894081115722656,0.3219873607158661,0.2791236639022827,0.00994808878749609
1774268538.548,3578.267766317,1804,0,neutral,1,34.51885099957508,0.6023404598236084,0.20940175652503967,0.18161451816558838,0.006643143016844988
1774268538.631,3578.347246835,1805,0,neutral,1,38.02653000002465,0.7092388868331909,0.1420591026544571,0.13046635687351227,0.01823560521006584
1774268538.698,3578.415202458,1806,0,neutral,1,37.26752700003999,0.5295584797859192,0.35086172819137573,0.1060466393828392,0.013533107936382294
1774268538.748,3578.464707938,1807,0,neutral,1,37.85636299971884,0.6741182804107666,0.24279165267944336,0.07328251749277115,0.009807482361793518
1774268538.796,3578.514764513,1808,0,neutral,1,35.47098399985771,0.5977001786231995,0.3005797266960144,0.08974108099937439,0.01197894662618637
1774268538.843,3578.562596321,1809,0,neutral,1,35.39524200004962,0.49993765354156494,0.3174901306629181,0.14964234828948975,0.03292975574731827
1774268538.890,3578.610514295,1810,0,neutral,1,33.906144999946264,0.41555261611938477,0.40657758712768555,0.1460886299610138,0.03178104758262634
1774268538.940,3578.65945044,1811,0,neutral,1,35.08979700018244,0.6005949974060059,0.28210151195526123,0.09649568796157837,0.020807720720767975
1774268538.989,3578.709715016,1812,0,neutral,1,33.71932900017782,0.6099730730056763,0.2198028862476349,0.15165956318378448,0.01856437884271145
1774268539.038,3578.759496997,1813,0,neutral,1,33.46277199989345,0.7119908928871155,0.1673198938369751,0.1083655059337616,0.012323609553277493
1774268539.084,3578.806901377,1814,0,neutral,1,31.992155999887473,0.49395596981048584,0.3801755905151367,0.11550462245941162,0.010363723151385784
1774268539.131,3578.853831385,1815,0,neutral,1,31.940247999955318,0.5834654569625854,0.3344728648662567,0.07529275864362717,0.006768827326595783
1774268539.182,3578.904423776,1816,1,happy,1,32.609918000162,0.402267187833786,0.5417541265487671,0.05151607096195221,0.0044625080190598965
1774268539.231,3578.954127998,1817,1,happy,1,31.725376999929722,0.35093560814857483,0.4782111346721649,0.16522307693958282,0.005630071274936199
1774268539.282,3579.00470626,1818,0,neutral,1,32.36700999968889,0.5611224174499512,0.32765883207321167,0.107511967420578,0.0037066354416310787
1774268539.332,3579.054902632,1819,0,neutral,1,31.457599000077607,0.6215279698371887,0.2896347641944885,0.08617232739925385,0.0026648063212633133
1774268539.383,3579.105623173,1820,0,neutral,1,31.769914000051358,0.7411701679229736,0.20099958777427673,0.056060370057821274,0.0017697487492114305
1774268539.434,3579.156111286,1821,0,neutral,1,32.18954600015422,0.813126802444458,0.1492471694946289,0.03644933924078941,0.001176617108285427
1774268539.484,3579.206718326,1822,0,neutral,1,31.917414999952598,0.8692440986633301,0.1062529981136322,0.023700440302491188,0.0008023668779060245
1774268539.534,3579.256665086,1823,0,neutral,1,32.04491499991491,0.8863147497177124,0.09774869680404663,0.0154121657833457,0.0005243033519946039
1774268539.585,3579.30701881,1824,0,neutral,1,32.18269399985729,0.897840142250061,0.0917951837182045,0.010019433684647083,0.00034520827466621995
1774268539.634,3579.356951533,1825,0,neutral,1,31.647209999846382,0.9273867607116699,0.06582492589950562,0.0065515837632119656,0.0002366971893934533
1774268539.685,3579.407502443,1826,0,neutral,1,32.40175000019008,0.9359623193740845,0.059471603482961655,0.004378669895231724,0.00018731433374341577
1774268539.735,3579.458063835,1827,0,neutral,1,31.9964710001841,0.6958884596824646,0.07552222907543182,0.22163508832454681,0.006954093463718891
1774268539.795,3579.510046213,1828,2,sad,1,40.01964899998711,0.45350176095962524,0.051331404596567154,0.4878951907157898,0.0072715068235993385
1774268539.852,3579.567050777,1829,0,neutral,1,39.75368500005061,0.6443632245063782,0.033580854535102844,0.31724634766578674,0.00480945548042655
1774268539.905,3579.62155185,1830,2,sad,1,38.26808700023321,0.4210081100463867,0.03206091374158859,0.5406392216682434,0.006291688419878483
1774268539.957,3579.67409299,1831,2,sad,1,37.64560299987352,0.31721022725105286,0.10486426204442978,0.56447434425354,0.013451110571622849
1774268540.007,3579.727028409,1832,2,sad,1,35.039889000017865,0.21317052841186523,0.34736204147338867,0.429665744304657,0.009801623411476612
1774268540.057,3579.774938179,1833,2,sad,1,37.17865699991307,0.14349734783172607,0.26587292551994324,0.5806543827056885,0.009975260123610497
1774268540.104,3579.825441293,1834,2,sad,1,33.367550000093615,0.10593307018280029,0.20164860785007477,0.6698382496833801,0.022579994052648544
1774268540.149,3579.871600632,1835,2,sad,1,32.16134100011914,0.15042954683303833,0.3246881067752838,0.49569159746170044,0.02919066697359085
1774268540.196,3579.917184986,1836,1,happy,1,33.44914299987067,0.09976090490818024,0.5293247699737549,0.35000163316726685,0.020912591367959976
1774268540.244,3579.964051049,1837,1,happy,1,34.649500000341504,0.06499069184064865,0.6907657384872437,0.23062750697135925,0.013615948148071766
1774268540.293,3580.014074272,1838,1,happy,1,33.55103300009432,0.04273432493209839,0.4738452434539795,0.4645479917526245,0.01887231320142746
1774268540.344,3580.064804813,1839,2,sad,1,33.73718099965117,0.038889285176992416,0.32009825110435486,0.6278574466705322,0.013154943473637104
1774268540.394,3580.11482324,1840,2,sad,1,34.264645999883214,0.0665302649140358,0.3477686643600464,0.5769002437591553,0.008800751529633999
1774268540.445,3580.165549817,1841,2,sad,1,33.75190400038264,0.07005474716424942,0.31937843561172485,0.6040089726448059,0.006557767279446125
1774268540.495,3580.216238969,1842,2,sad,1,33.48456899993835,0.28188538551330566,0.31670835614204407,0.3959985673427582,0.005407650023698807
1774268540.545,3580.267059324,1843,2,sad,1,32.443343000068126,0.1848476082086563,0.2133384495973587,0.5407097935676575,0.061104074120521545
1774268540.595,3580.317175752,1844,2,sad,1,32.18487799995273,0.33303821086883545,0.210675448179245,0.4148005247116089,0.0414857342839241
1774268540.645,3580.367404975,1845,0,neutral,1,32.65817699957552,0.56406569480896,0.13873173296451569,0.27016982436180115,0.027032583951950073
1774268540.696,3580.418070738,1846,2,sad,1,32.569916999818815,0.3775613605976105,0.20107750594615936,0.386244535446167,0.03511646017432213
1774268540.747,3580.468742648,1847,0,neutral,1,33.041142000001855,0.4637290835380554,0.22247731685638428,0.2886560261249542,0.025137463584542274
1774268540.797,3580.519705486,1848,0,neutral,1,32.04069299999901,0.36750495433807373,0.2381233274936676,0.3499999940395355,0.044371653348207474
1774268540.847,3580.569366949,1849,2,sad,1,32.117637999817816,0.3424854874610901,0.2531421184539795,0.37141287326812744,0.03295945003628731
1774268540.899,3580.620075026,1850,1,happy,1,33.376734999819746,0.3020997941493988,0.377069354057312,0.29040682315826416,0.03042391687631607
1774268540.949,3580.671414106,1851,1,happy,1,32.750455000041256,0.19924648106098175,0.5874720811843872,0.18936333060264587,0.023918025195598602
1774268541.056,3580.772105147,1852,0,neutral,1,38.460180000129185,0.398404598236084,0.38267260789871216,0.19642503559589386,0.022497668862342834
1774268541.130,3580.847911466,1853,1,happy,1,37.01552700022148,0.28566765785217285,0.5325329303741455,0.16388611495494843,0.017913175746798515
1774268541.183,3580.902495077,1854,1,happy,1,34.7351840000556,0.19544684886932373,0.6659066677093506,0.12652254104614258,0.012123865075409412
1774268541.233,3580.952855264,1855,1,happy,1,34.385368000130256,0.1393808275461197,0.5689089894294739,0.26032504439353943,0.031385019421577454
1774268541.286,3581.005476589,1856,1,happy,1,34.824759000002814,0.25314611196517944,0.5395498275756836,0.17888137698173523,0.02842254936695099
1774268541.338,3581.058536083,1857,1,happy,1,33.86681099982525,0.21441413462162018,0.41033124923706055,0.3389309048652649,0.03632362186908722
1774268541.390,3581.110045275,1858,1,happy,1,34.65547999985574,0.2491542547941208,0.49747470021247864,0.22414395213127136,0.02922702580690384
1774268541.442,3581.160904927,1859,1,happy,1,35.94141099983972,0.18114504218101501,0.4319288432598114,0.35662123560905457,0.030304789543151855
1774268541.491,3581.211512559,1860,2,sad,1,34.172887000295304,0.18467183411121368,0.34390273690223694,0.4476708173751831,0.02375449426472187
1774268541.540,3581.260481112,1861,0,neutral,1,34.129626999856555,0.42784735560417175,0.23508097231388092,0.31087541580200195,0.026196204125881195
1774268541.590,3581.311826988,1862,0,neutral,1,33.354050000070856,0.5585577487945557,0.22138714790344238,0.20301461219787598,0.017040414735674858
1774268541.641,3581.361122671,1863,0,neutral,1,34.46462900001279,0.5329463481903076,0.32384753227233887,0.13212797045707703,0.01107806246727705
1774268541.693,3581.410444318,1864,0,neutral,1,37.273787000231096,0.6905321478843689,0.21632084250450134,0.08594419807195663,0.007202736102044582
1774268541.746,3581.462638864,1865,0,neutral,1,37.70076999990124,0.7630385160446167,0.17569008469581604,0.0560799278318882,0.005191432777792215
1774268541.795,3581.514705317,1866,0,neutral,1,34.58738800009087,0.8372483253479004,0.12209206819534302,0.037272389978170395,0.0033871992491185665
1774268541.843,3581.562641903,1867,0,neutral,1,35.12711199982732,0.7827180624008179,0.18427333235740662,0.0283989068120718,0.004609687253832817
1774268541.890,3581.610732841,1868,0,neutral,1,33.68701399995189,0.8528351783752441,0.12496879696846008,0.01909410022199154,0.0031018638983368874
                                                                                                                                                                                                                                                                                                                                                                                                                                                                                                                                                                                                                                                                                                                                                                                                                                                                                                                                                                                                                                                                                                                                                                                                                                                                                                                                                                                                                                                                                                                                                                                                                                                                                                                                                                                                                                                                                                                                                                                                                                                                                                                                                                                                                                                                                                                                                                                                                                                                                                                                                                                                                                                                                                                                                                                                                                                                                                                                                                                                                                  