timestamp_unix,packet_ts,seq,argmax_idx,argmax_label,face_detected,latency_ms,neutral,happy,sad,angry
1774255027.225,1261.914615019,0,3,angry,1,72.48074000017368,0.01909889467060566,0.018820151686668396,0.3442305326461792,0.6178504228591919
1774255027.789,1262.508251472,1,2,sad,1,43.47343299991735,0.01629858836531639,0.0188153013586998,0.537162184715271,0.42772388458251953
1774255027.879,1262.595011892,2,2,sad,1,46.29706600007921,0.047414131462574005,0.06000832840800285,0.48849785327911377,0.4040796160697937
1774255027.954,1262.678255287,3,2,sad,1,37.80150200009302,0.07594196498394012,0.11663369834423065,0.47620564699172974,0.3312186002731323
1774255028.030,1262.750723231,4,3,angry,1,42.26605300004849,0.049855999648571014,0.07922443002462387,0.3123684823513031,0.5585509538650513
1774255028.094,1262.821245808,5,3,angry,1,35.86422700004732,0.04038427025079727,0.05288250744342804,0.23664453625679016,0.670088529586792
1774255028.172,1262.891386733,6,3,angry,1,42.827945999988515,0.046583935618400574,0.2283029556274414,0.25785332918167114,0.46725961565971375
1774255028.239,1262.967503758,7,3,angry,1,34.58581099994262,0.08378570526838303,0.16933642327785492,0.3198772668838501,0.4270004332065582
1774255028.287,1263.015048942,8,2,sad,1,34.988554999927146,0.09357734024524689,0.22604593634605408,0.3618190288543701,0.3185575604438782
1774255028.337,1263.063735709,9,1,happy,1,35.923247000027914,0.06203572079539299,0.4889940023422241,0.24125875532627106,0.20771144330501556
1774255028.384,1263.110690222,10,3,angry,1,35.69304200004808,0.04436451941728592,0.31920862197875977,0.16406075656414032,0.4723660349845886
1774255028.432,1263.158847985,11,1,happy,1,35.80452400001377,0.05370740219950676,0.5305957198143005,0.10854057222604752,0.3071562349796295
1774255028.479,1263.20746777,12,1,happy,1,34.19212299991159,0.11959123611450195,0.5934077501296997,0.077214315533638,0.2097865790128708
1774255028.526,1263.255588496,13,1,happy,1,33.0013540001346,0.20601198077201843,0.49456411600112915,0.13759030401706696,0.1618335098028183
1774255028.571,1263.300113843,14,1,happy,1,33.57550700002321,0.14656782150268555,0.6277546286582947,0.12039929628372192,0.10527816414833069
1774255028.616,1263.34632161,15,1,happy,1,32.757186000026195,0.12637794017791748,0.5746896266937256,0.11580616235733032,0.18312622606754303
1774255028.664,1263.392751601,16,1,happy,1,34.21214099989811,0.08539273589849472,0.7201612591743469,0.0753759816288948,0.11906996369361877
1774255028.711,1263.440814919,17,1,happy,1,32.825685999796406,0.14086779952049255,0.6965052485466003,0.05590307340025902,0.10672380775213242
1774255028.761,1263.489079997,18,1,happy,1,34.78960899997219,0.12341581284999847,0.7283233404159546,0.07185445725917816,0.07640634477138519
1774255028.809,1263.538818642,19,1,happy,1,32.54736999997476,0.08244330435991287,0.817065954208374,0.0507846474647522,0.04970601201057434
1774255028.854,1263.583918475,20,1,happy,1,32.29244199997083,0.11335328221321106,0.715735912322998,0.03766210377216339,0.13324859738349915
1774255028.908,1263.631055027,21,1,happy,1,39.45580999993581,0.07790404558181763,0.7641194462776184,0.02792823314666748,0.13004815578460693
1774255028.964,1263.686382343,22,1,happy,1,40.11366599979738,0.05146593600511551,0.8457250595092773,0.018255434930324554,0.08455345034599304
1774255029.015,1263.740727725,23,1,happy,1,36.59838099997614,0.03592218458652496,0.8963583707809448,0.012331557460129261,0.055387720465660095
1774255029.063,1263.791148782,24,1,happy,1,34.87547899999299,0.11301816254854202,0.8281693458557129,0.021925346925854683,0.03688698261976242
1774255029.111,1263.838987819,25,1,happy,1,34.39280899988262,0.20460957288742065,0.7534555196762085,0.01569254696369171,0.026242250576615334
1774255029.157,1263.886884931,26,1,happy,1,32.29297799998676,0.19678859412670135,0.7736199498176575,0.011886040680110455,0.01770530827343464
1774255029.200,1263.930793958,27,1,happy,1,32.03827199990883,0.2643752694129944,0.709823489189148,0.01012673694640398,0.01567443273961544
1774255029.247,1263.976161902,28,1,happy,1,33.24435599984099,0.30554986000061035,0.669520378112793,0.011380519717931747,0.013549166731536388
1774255029.293,1264.022986895,29,1,happy,1,32.84761200006869,0.32824280858039856,0.6040944457054138,0.032933540642261505,0.034729164093732834
1774255029.337,1264.067501241,30,1,happy,1,31.87340099998437,0.29219120740890503,0.6538838148117065,0.028330259025096893,0.025594642385840416
1774255029.383,1264.112326145,31,0,neutral,1,33.45570900000894,0.481140673160553,0.47599318623542786,0.021112458780407906,0.021753594279289246
1774255029.430,1264.158536744,32,1,happy,1,34.532124999941516,0.427725225687027,0.5288247466087341,0.02414909563958645,0.019300803542137146
1774255029.475,1264.205321885,33,1,happy,1,32.312533999856896,0.35221853852272034,0.5475189685821533,0.07408671826124191,0.026175683364272118
1774255029.519,1264.249019558,34,1,happy,1,32.25401499980762,0.330682635307312,0.49467188119888306,0.12500381469726562,0.04964163154363632
1774255029.564,1264.293030123,35,1,happy,1,34.018304999790416,0.26266881823539734,0.4895092248916626,0.15762700140476227,0.09019489586353302
1774255029.609,1264.33959891,36,1,happy,1,32.37836700009211,0.26318681240081787,0.5264498591423035,0.13127386569976807,0.07908937335014343
1774255029.654,1264.384099385,37,1,happy,1,32.31442300011622,0.29653358459472656,0.4812033176422119,0.12799282371997833,0.09427016228437424
1774255029.700,1264.431613753,38,1,happy,1,31.222304000039003,0.2844099998474121,0.4884434938430786,0.13277049362659454,0.09437589347362518
1774255029.748,1264.4772097,39,1,happy,1,33.31154100010281,0.29464346170425415,0.520497739315033,0.10584459453821182,0.07901406288146973
1774255029.797,1264.525543778,40,1,happy,1,33.64746900001592,0.2549670338630676,0.6061899662017822,0.07557118684053421,0.06327171623706818
1774255029.844,1264.573354055,41,1,happy,1,33.180336999976134,0.21005472540855408,0.6785775423049927,0.05488703399896622,0.05648060888051987
1774255029.895,1264.622739974,42,1,happy,1,34.51999499998237,0.2790939211845398,0.46783119440078735,0.0526873841881752,0.20038743317127228
1774255029.943,1264.672873936,43,0,neutral,1,32.56907299987688,0.4796863794326782,0.32260656356811523,0.04486099258065224,0.15284597873687744
1774255029.986,1264.7173173,44,0,neutral,1,31.23789599999327,0.4833996593952179,0.2765653133392334,0.05989949777722359,0.18013545870780945
1774255030.034,1264.762830783,45,0,neutral,1,33.52543100004368,0.4487915635108948,0.22421708703041077,0.047703810036182404,0.2792874574661255
1774255030.080,1264.809561514,46,0,neutral,1,33.46957899998415,0.5242595672607422,0.21438424289226532,0.04235270619392395,0.21900337934494019
1774255030.127,1264.856250875,47,0,neutral,1,33.07829800019135,0.5972444415092468,0.1720367670059204,0.04613173007965088,0.18458698689937592
1774255030.171,1264.901994858,48,0,neutral,1,32.04151299996738,0.6844325661659241,0.13823415338993073,0.043300382792949677,0.13403283059597015
1774255030.218,1264.945036656,49,0,neutral,1,35.143887000003815,0.6788150668144226,0.09865359216928482,0.06435151398181915,0.15817973017692566
1774255030.263,1264.992105149,50,0,neutral,1,33.273335999865594,0.47134149074554443,0.06591267883777618,0.33590859174728394,0.12683719396591187
1774255030.311,1265.03918079,51,2,sad,1,34.20623199986039,0.31447145342826843,0.04405966028571129,0.5105516314506531,0.1309172362089157
1774255030.358,1265.087405792,52,2,sad,1,33.04790900006083,0.20635999739170074,0.029910564422607422,0.6531559824943542,0.110573410987854
1774255030.402,1265.132779328,53,2,sad,1,32.099216999995406,0.1572684496641159,0.04884796589612961,0.6906086802482605,0.10327485203742981
1774255030.448,1265.176969856,54,2,sad,1,33.91874900012226,0.1367405354976654,0.07089419662952423,0.5815239548683167,0.21084126830101013
1774255030.494,1265.222685376,55,2,sad,1,33.53874599997653,0.1235668808221817,0.05474833399057388,0.5569255352020264,0.2647591829299927
1774255030.537,1265.267419204,56,2,sad,1,31.781844000079218,0.12217621505260468,0.16078712046146393,0.5150323510169983,0.20200426876544952
1774255030.583,1265.3112276,57,2,sad,1,34.1984730000604,0.11678414046764374,0.12788929045200348,0.5687344670295715,0.18659205734729767
1774255030.628,1265.357234233,58,2,sad,1,32.93455599987283,0.3637540340423584,0.08430901914834976,0.40420523285865784,0.14773164689540863
1774255030.672,1265.402194563,59,0,neutral,1,32.69348000003447,0.5733955502510071,0.06498739123344421,0.26498642563819885,0.09663055092096329
1774255030.717,1265.446210756,60,0,neutral,1,33.13302099991233,0.6944974660873413,0.07008691132068634,0.1723688542842865,0.06304667890071869
1774255030.764,1265.491719201,61,0,neutral,1,34.52995599991482,0.7021150588989258,0.13900135457515717,0.11332957446575165,0.04555393382906914
1774255030.811,1265.538796694,62,0,neutral,1,34.71084700004212,0.5852023363113403,0.28309544920921326,0.07630818337202072,0.05539392679929733
1774255030.857,1265.587485681,63,0,neutral,1,32.49614499986819,0.41384246945381165,0.32716113328933716,0.060942571610212326,0.19805370271205902
1774255030.901,1265.631594282,64,1,happy,1,31.965197000090484,0.34032315015792847,0.4609426259994507,0.056480929255485535,0.14225314557552338
1774255030.948,1265.676855151,65,1,happy,1,34.11004600002343,0.22274251282215118,0.6467395424842834,0.037048738449811935,0.09346908330917358
1774255030.996,1265.72535371,66,1,happy,1,33.094853999955376,0.1613287776708603,0.734478771686554,0.03920648619532585,0.06498584151268005
1774255031.043,1265.771999218,67,1,happy,1,33.18352099995536,0.10679156333208084,0.8226977586746216,0.026330070570111275,0.044180452823638916
1774255031.086,1265.817051047,68,1,happy,1,31.786788000090382,0.0712696760892868,0.8828842639923096,0.01712513156235218,0.02872077189385891
1774255031.134,1265.862941383,69,1,happy,1,33.40678100016703,0.0650172233581543,0.8912670016288757,0.01977183297276497,0.02394379861652851
1774255031.181,1265.909483075,70,1,happy,1,34.622308000052726,0.04322283715009689,0.9282088279724121,0.012959744781255722,0.015608442947268486
1774255031.228,1265.956073822,71,1,happy,1,34.745105999945736,0.031597770750522614,0.9495331645011902,0.008563321083784103,0.010305638425052166
1774255031.272,1266.003276686,72,1,happy,1,31.477193000000625,0.2843335270881653,0.7029102444648743,0.005998311098664999,0.0067578633315861225
1774255031.320,1266.049752988,73,1,happy,1,32.37840400015557,0.2002609372138977,0.6882376670837402,0.03917628899216652,0.07232508808374405
1774255031.368,1266.096867703,74,1,happy,1,33.55468999984623,0.15856626629829407,0.7361391186714172,0.035043440759181976,0.07025112956762314
1774255031.416,1266.145375483,75,1,happy,1,33.685246000004554,0.18406522274017334,0.6563012599945068,0.11009185761213303,0.04954160749912262
1774255031.464,1266.193060184,76,1,happy,1,33.966711000175565,0.17147578299045563,0.5519556999206543,0.1658174693584442,0.11075100302696228
1774255031.515,1266.240334029,77,1,happy,1,36.840731999973286,0.14856630563735962,0.60515958070755,0.14686450362205505,0.09940958023071289
1774255031.564,1266.291938202,78,1,happy,1,34.611883000025045,0.1175764948129654,0.7127256989479065,0.09961070120334625,0.0700870156288147
1774255031.612,1266.33857408,79,1,happy,1,35.871984000095836,0.08788743615150452,0.7950227856636047,0.07116583734750748,0.045923829078674316
1774255031.660,1266.388787243,80,1,happy,1,34.03585999990355,0.05734330415725708,0.8624793291091919,0.049846354871988297,0.03033091127872467
1774255031.705,1266.435303805,81,1,happy,1,32.32836600000155,0.0387936569750309,0.9061251878738403,0.035014115273952484,0.020066948607563972
1774255031.752,1266.481848145,82,1,happy,1,33.226984000066295,0.05264761298894882,0.9028704762458801,0.029084540903568268,0.015397246927022934
1774255031.800,1266.527399534,83,1,happy,1,35.21712699989621,0.036959901452064514,0.9281278252601624,0.02138213999569416,0.01353002805262804
1774255031.846,1266.574766621,84,1,happy,1,33.65883800006486,0.04223201796412468,0.9274172782897949,0.017039459198713303,0.013311093673110008
1774255031.890,1266.620562122,85,1,happy,1,31.8492139999762,0.027615273371338844,0.9526327848434448,0.01107725314795971,0.008674549870193005
1774255031.935,1266.66503241,86,1,happy,1,32.12630899997748,0.03549077734351158,0.9515466690063477,0.007304130122065544,0.0056583574041724205
1774255031.984,1266.711126691,87,1,happy,1,35.41157400013617,0.02312670648097992,0.9684466123580933,0.0047479914501309395,0.003678653622046113
1774255032.032,1266.760159197,88,1,happy,1,34.907421000070826,0.016331056132912636,0.9781835079193115,0.0030921781435608864,0.0023931909818202257
1774255032.080,1266.808487846,89,1,happy,1,34.29495299997143,0.011332745663821697,0.9850983619689941,0.0020128232426941395,0.0015559548046439886
1774255032.128,1266.855882857,90,1,happy,1,34.3582879997939,0.008996181190013885,0.9886642694473267,0.0013256228994578123,0.0010138292564079165
1774255032.173,1266.90225738,91,1,happy,1,33.64344900001015,0.006693143397569656,0.9917807579040527,0.0008620582520961761,0.0006639407947659492
1774255032.219,1266.948570514,92,1,happy,1,33.46892900003695,0.031304508447647095,0.9671919345855713,0.0008720565820112824,0.0006314018974080682
1774255032.267,1266.994811628,93,1,happy,1,34.88560599998891,0.020833496004343033,0.9781869649887085,0.0005672489642165601,0.0004121874226257205
1774255032.316,1267.041960934,94,1,happy,1,36.553952000076606,0.027053456753492355,0.972296953201294,0.0003745741560123861,0.00027499653515405953
1774255032.363,1267.091600092,95,1,happy,1,33.721227000114595,0.020369891077280045,0.9792035818099976,0.0002451003238093108,0.00018138323503080755
1774255032.410,1267.137635742,96,1,happy,1,34.925495000152296,0.013851519674062729,0.9858691692352295,0.00016008730744943023,0.00011912833724636585
1774255032.456,1267.185631314,97,1,happy,1,32.812443000011626,0.009343227371573448,0.9904636144638062,0.00010821394971571863,8.487192098982632e-05
1774255032.500,1267.229527578,98,1,happy,1,32.92064700008268,0.011128528043627739,0.9880130290985107,0.0005533434450626373,0.000305059424135834
1774255032.545,1267.27406981,99,1,happy,1,33.17007500004365,0.007368213031440973,0.9919849634170532,0.00042368719005025923,0.0002230619575129822
1774255032.589,1267.318875488,100,1,happy,1,32.26808699992034,0.004844370298087597,0.9947332143783569,0.0002769505372270942,0.00014546852617058903
1774255032.634,1267.36421717,101,1,happy,1,32.478013999934774,0.003218917641788721,0.996085524559021,0.0005348147824406624,0.0001606885634828359
1774255032.683,1267.409965966,102,1,happy,1,35.359312999844406,0.003969087265431881,0.9944099187850952,0.0008249518577940762,0.0007959969807416201
1774255032.731,1267.460092757,103,1,happy,1,33.85408000008283,0.004936941899359226,0.9935768246650696,0.0008703613420948386,0.0006157761090435088
1774255032.779,1267.507997383,104,1,happy,1,33.387077000043064,0.0534382127225399,0.831938624382019,0.09733544290065765,0.01728762686252594
1774255032.826,1267.55467076,105,1,happy,1,33.75932000017201,0.07396525144577026,0.790482759475708,0.10583250224590302,0.02971944585442543
1774255032.872,1267.602009364,106,1,happy,1,32.34882800006744,0.11194020509719849,0.6948274374008179,0.14163675904273987,0.051595538854599
1774255032.918,1267.644973251,107,1,happy,1,35.94726200003606,0.20018590986728668,0.6139953136444092,0.13691991567611694,0.04889876767992973
1774255033.143,1267.867734574,108,1,happy,1,38.12936899998931,0.30494487285614014,0.5274690389633179,0.13008375465869904,0.03750227391719818
1774255033.208,1267.930515733,109,1,happy,1,39.73990000008598,0.23192912340164185,0.654902458190918,0.08873848617076874,0.024429908022284508
1774255033.254,1267.983888232,110,1,happy,1,33.09957300007227,0.21962441504001617,0.7054599523544312,0.05861542001366615,0.016300132498145103
1774255033.300,1268.028198572,111,1,happy,1,34.23726699998042,0.23790942132472992,0.7127288579940796,0.038693878799676895,0.01066780649125576
1774255033.349,1268.074935744,112,1,happy,1,36.472246000130326,0.27917978167533875,0.6840336322784424,0.02893870696425438,0.007847784087061882
1774255033.395,1268.124219417,113,1,happy,1,33.629928999971526,0.25264519453048706,0.6760272979736328,0.06571036577224731,0.005617015063762665
1774255033.501,1268.22266289,114,1,happy,1,40.775741000061316,0.214732825756073,0.7364004850387573,0.043964892625808716,0.00490166200324893
1774255033.571,1268.295308177,115,1,happy,1,38.018016000023636,0.21247854828834534,0.7347094416618347,0.03318853676319122,0.019623341038823128
1774255033.620,1268.347900021,116,1,happy,1,34.93551299993669,0.19362133741378784,0.7658134698867798,0.025688864290714264,0.014876254834234715
1774255033.669,1268.393674594,117,1,happy,1,37.7016069999172,0.16737200319766998,0.7961854934692383,0.01969945803284645,0.016742944717407227
1774255033.716,1268.442915562,118,1,happy,1,35.82785300000069,0.11861264705657959,0.8487578630447388,0.013402555137872696,0.019226867705583572
1774255033.763,1268.490630279,119,1,happy,1,34.766641000032905,0.1802746057510376,0.7943398356437683,0.010856079868972301,0.01452943030744791
1774255033.808,1268.537426489,120,1,happy,1,32.78144199998678,0.21520239114761353,0.7497473955154419,0.00866329949349165,0.026386823505163193
1774255033.852,1268.582564909,121,1,happy,1,32.176899999967645,0.16278478503227234,0.8120174407958984,0.007013501133769751,0.018184252083301544
1774255033.900,1268.629607325,122,1,happy,1,33.41853799997807,0.20843657851219177,0.7541341781616211,0.007291417568922043,0.03013771027326584
1774255033.947,1268.676271145,123,1,happy,1,33.76709599979222,0.28673189878463745,0.6792861223220825,0.010971058160066605,0.023010874167084694
1774255034.003,1268.726041709,124,1,happy,1,39.39449000017703,0.35520973801612854,0.6159601807594299,0.00866507925093174,0.02016492187976837
1774255034.056,1268.77983071,125,1,happy,1,38.79341100014244,0.3852521777153015,0.5857743620872498,0.006692673545330763,0.022280683740973473
1774255034.104,1268.832973354,126,1,happy,1,33.21338800014928,0.2813454866409302,0.6783120632171631,0.018346060067415237,0.02199626713991165
1774255034.151,1268.878893742,127,1,happy,1,34.67743600003814,0.46729734539985657,0.47753649950027466,0.032352264970541,0.022813787683844566
1774255034.200,1268.930339873,128,0,neutral,1,32.630235999931756,0.5991726517677307,0.3503798544406891,0.03465522825717926,0.01579217053949833
1774255034.250,1268.978576703,129,0,neutral,1,34.4397310000204,0.6691493988037109,0.2954944372177124,0.024792343378067017,0.010563717223703861
1774255034.301,1269.030168484,130,0,neutral,1,33.359037000082026,0.5775951743125916,0.39466798305511475,0.02045293338596821,0.007283821236342192
1774255034.351,1269.080541422,131,1,happy,1,32.70982900016861,0.3958888351917267,0.584343433380127,0.014818843454122543,0.004948839545249939
1774255034.401,1269.130736618,132,1,happy,1,32.807089000016276,0.3293524980545044,0.6442933082580566,0.018788950517773628,0.007565246894955635
1774255034.452,1269.181104557,133,0,neutral,1,33.30720300004941,0.5400511622428894,0.4417347311973572,0.013247615657746792,0.004966401495039463
1774255034.503,1269.231932943,134,0,neutral,1,33.87524499999017,0.5900161862373352,0.37982580065727234,0.02473526820540428,0.005422625690698624
1774255034.552,1269.281770247,135,0,neutral,1,33.104720999972415,0.5350967645645142,0.2552639842033386,0.20525410771369934,0.0043850368820130825
1774255034.603,1269.332037074,136,0,neutral,1,33.9461339999616,0.5762837529182434,0.1722097396850586,0.24360454082489014,0.007901868782937527
1774255034.651,1269.382112214,137,0,neutral,1,31.829914999889297,0.688278079032898,0.11595172435045242,0.19025486707687378,0.005515295546501875
1774255034.703,1269.43271182,138,0,neutral,1,32.78477399999247,0.7552342414855957,0.09501144289970398,0.14603197574615479,0.0037222998216748238
1774255034.752,1269.483107574,139,0,neutral,1,31.787488999952984,0.7671025991439819,0.07041256129741669,0.15603163838386536,0.006453181616961956
1774255034.802,1269.533117102,140,0,neutral,1,31.73411800003123,0.8401696681976318,0.048792764544487,0.10665708780288696,0.004380456637591124
1774255034.853,1269.584169953,141,0,neutral,1,31.481579000001148,0.5720165967941284,0.03240605816245079,0.1774424910545349,0.2181348353624344
1774255034.904,1269.634086276,142,0,neutral,1,32.24834499997087,0.5382223725318909,0.05294191837310791,0.23478156328201294,0.1740541011095047
1774255034.954,1269.684586697,143,0,neutral,1,32.176639999988765,0.458513081073761,0.05172178894281387,0.3099846839904785,0.17978036403656006
1774255035.004,1269.734968191,144,0,neutral,1,31.294763000005332,0.41469642519950867,0.03770357370376587,0.37693387269973755,0.17066609859466553
1774255035.055,1269.785429167,145,2,sad,1,32.62208699993607,0.39915430545806885,0.03803952783346176,0.44797462224960327,0.11483155190944672
1774255035.105,1269.835858789,146,2,sad,1,31.880230000069787,0.3490082025527954,0.128484845161438,0.43438929319381714,0.08811760693788528
1774255035.155,1269.88603841,147,2,sad,1,31.892377999838573,0.2628825306892395,0.10091110318899155,0.3870941400527954,0.24911218881607056
1774255035.207,1269.936570071,148,2,sad,1,33.19233100000929,0.20566561818122864,0.06872961670160294,0.5500268936157227,0.17557784914970398
1774255035.256,1269.98668895,149,2,sad,1,31.787137000037546,0.240920752286911,0.06426376104354858,0.42315873503685,0.27165669202804565
1774255035.306,1270.037060795,150,2,sad,1,31.93584100017688,0.20889812707901,0.2789592742919922,0.33182668685913086,0.18031588196754456
1774255035.358,1270.08824509,151,1,happy,1,32.24871299994447,0.16911306977272034,0.4099884629249573,0.2930019497871399,0.1278964877128601
1774255035.408,1270.13875062,152,1,happy,1,31.73909899987848,0.11244205385446548,0.3215436041355133,0.27125751972198486,0.29475677013397217
1774255035.459,1270.189650265,153,0,neutral,1,31.762580000076923,0.31317153573036194,0.30215853452682495,0.1920807957649231,0.19258907437324524
1774255035.510,1270.239525513,154,1,happy,1,33.52964900000188,0.2084064781665802,0.495602011680603,0.14410728216171265,0.15188415348529816
1774255035.559,1270.289713856,155,0,neutral,1,32.241288000022905,0.4151188135147095,0.38065069913864136,0.10529062896966934,0.09893979877233505
1774255035.611,1270.339926681,156,1,happy,1,33.54922300013641,0.4092331826686859,0.4521474838256836,0.07411514967679977,0.06450411677360535
1774255035.662,1270.390759992,157,0,neutral,1,33.523888999980045,0.6050585508346558,0.30437490344047546,0.048527877777814865,0.04203860089182854
1774255035.712,1270.441077169,158,1,happy,1,33.07388700000047,0.41553831100463867,0.4551730155944824,0.034898485988378525,0.09439012408256531
1774255035.766,1270.491750775,159,0,neutral,1,36.8914880000375,0.5069301128387451,0.3978458642959595,0.03355683758854866,0.061667103320360184
1774255035.812,1270.541771561,160,1,happy,1,32.9741450000256,0.37791407108306885,0.5444759130477905,0.027355723083019257,0.05025414004921913
1774255035.864,1270.592615983,161,1,happy,1,33.79096599996956,0.2534952163696289,0.6728684902191162,0.018740706145763397,0.05489547550678253
1774255035.914,1270.643347608,162,1,happy,1,33.33673999986786,0.2607811689376831,0.6911719441413879,0.01221005991101265,0.035836730152368546
1774255035.964,1270.693595915,163,1,happy,1,32.86679200004983,0.36853715777397156,0.5897250771522522,0.014135563746094704,0.027602151036262512
1774255036.015,1270.744334151,164,1,happy,1,33.30959100003383,0.4367254376411438,0.5171433091163635,0.022044848650693893,0.024086320772767067
1774255036.066,1270.795366907,165,0,neutral,1,33.16438599995308,0.6015110015869141,0.3634771406650543,0.018198257312178612,0.016813479363918304
1774255036.116,1270.845958733,166,0,neutral,1,33.06536699983553,0.5734718441963196,0.3412211835384369,0.054436929523944855,0.030869951471686363
1774255036.166,1270.89669056,167,0,neutral,1,32.38399199995001,0.3728143870830536,0.2852550745010376,0.05146435648202896,0.2904660701751709
1774255036.217,1270.947904872,168,0,neutral,1,31.644319999941217,0.49502891302108765,0.2681049704551697,0.040787167847156525,0.1960788518190384
1774255036.268,1270.998644737,169,0,neutral,1,32.468566000034116,0.5256364941596985,0.2540438771247864,0.07435110211372375,0.14596842229366302
1774255036.319,1271.050060106,170,0,neutral,1,31.66828300004454,0.48896247148513794,0.2951301336288452,0.10542047768831253,0.11048677563667297
1774255036.370,1271.100115428,171,0,neutral,1,32.022953000023335,0.5450726747512817,0.275601327419281,0.09012430906295776,0.08920158445835114
1774255036.419,1271.150836589,172,0,neutral,1,31.280038999966564,0.5259760022163391,0.2835503816604614,0.10463377833366394,0.08583973348140717
1774255036.470,1271.20085043,173,1,happy,1,31.749042000001282,0.37033307552337646,0.4663543105125427,0.07032854855060577,0.09298393130302429
1774255036.521,1271.251418034,174,1,happy,1,32.02669200004493,0.25138092041015625,0.6088318824768066,0.04750404506921768,0.09228305518627167
1774255036.571,1271.301837229,175,1,happy,1,31.516410999984146,0.20611219108104706,0.6620482206344604,0.03418082371354103,0.09765870869159698
1774255036.622,1271.35261989,176,1,happy,1,32.297899000013786,0.24913272261619568,0.6371887922286987,0.030880266800522804,0.08279815316200256
1774255036.672,1271.402501637,177,1,happy,1,32.38952900005643,0.38749849796295166,0.5353813171386719,0.021705320104956627,0.0554148331284523
1774255036.721,1271.45260846,178,1,happy,1,31.49376300007134,0.359321266412735,0.554451584815979,0.01925084739923477,0.06697624921798706
1774255036.772,1271.503076878,179,1,happy,1,31.817210000099294,0.2698615789413452,0.4531328082084656,0.04888804256916046,0.22811751067638397
1774255036.824,1271.553541685,180,1,happy,1,32.796105999977954,0.21684403717517853,0.5828372240066528,0.035883016884326935,0.16443561017513275
1774255036.873,1271.603764064,181,1,happy,1,31.83130299998993,0.2051914632320404,0.654542088508606,0.027877524495124817,0.11238885670900345
1774255036.924,1271.654406872,182,1,happy,1,32.526455999914106,0.26364022493362427,0.6054359078407288,0.04427134245634079,0.08665250986814499
1774255036.974,1271.704516176,183,1,happy,1,32.258898999998564,0.19816851615905762,0.4724993109703064,0.15026308596134186,0.17906902730464935
1774255037.024,1271.754862186,184,2,sad,1,32.08593399995152,0.19392651319503784,0.3093279302120209,0.36171069741249084,0.13503476977348328
1774255037.075,1271.805245602,185,0,neutral,1,32.26334200007841,0.35082316398620605,0.2305275797843933,0.3190179169178009,0.09963124245405197
1774255037.127,1271.856415117,186,0,neutral,1,33.04014399986954,0.4144671559333801,0.2990545928478241,0.2201589196920395,0.06631924211978912
1774255037.177,1271.907053812,187,0,neutral,1,33.00062500011336,0.518414318561554,0.28960445523262024,0.14762020111083984,0.044360898435115814
1774255037.229,1271.956695205,188,0,neutral,1,34.800248999999894,0.3645964562892914,0.21428240835666656,0.3116103410720825,0.10951071232557297
1774255037.279,1272.007719181,189,2,sad,1,33.488794999811944,0.3242979049682617,0.1726347804069519,0.3817426264286041,0.12132464349269867
1774255037.330,1272.058853806,190,2,sad,1,33.79989000018213,0.24168308079242706,0.1313524693250656,0.5389488339424133,0.08801553398370743
1774255037.379,1272.108623829,191,2,sad,1,33.25097900005858,0.27911433577537537,0.303643137216568,0.3587190806865692,0.05852336063981056
1774255037.431,1272.159139357,192,0,neutral,1,34.72574900001746,0.34063977003097534,0.29996025562286377,0.32054680585861206,0.03885311260819435
1774255037.482,1272.209799127,193,1,happy,1,34.42600600010337,0.22911854088306427,0.36410725116729736,0.3453707695007324,0.06140338256955147
1774255037.532,1272.260120413,194,2,sad,1,34.95530599980157,0.15498824417591095,0.2382623702287674,0.47853583097457886,0.12821348011493683
1774255037.585,1272.310980666,195,2,sad,1,36.380519999966054,0.1432221233844757,0.21748121082782745,0.48765817284584045,0.15163838863372803
1774255037.634,1272.362483738,196,1,happy,1,34.250894000024346,0.09933789819478989,0.47494423389434814,0.32315486669540405,0.10256285220384598
1774255037.684,1272.413229898,197,1,happy,1,33.14031099989734,0.31939905881881714,0.39993003010749817,0.21354524791240692,0.06712551414966583
1774255037.734,1272.463542221,198,1,happy,1,32.78323500012448,0.2213827520608902,0.5388470888137817,0.14263074100017548,0.09713929891586304
1774255037.784,1272.513741136,199,0,neutral,1,32.823735000192755,0.39865174889564514,0.3522789776325226,0.17245188355445862,0.07661730796098709
1774255037.835,1272.564747167,200,1,happy,1,32.898642999953154,0.2647247016429901,0.3541874885559082,0.1617795079946518,0.21930822730064392
1774255037.885,1272.61530464,201,2,sad,1,32.79141999996682,0.2044999599456787,0.29851460456848145,0.31557992100715637,0.18140541017055511
1774255037.935,1272.66538374,202,1,happy,1,32.679752000149165,0.18583828210830688,0.466574102640152,0.22844120860099792,0.11914633214473724
1774255037.986,1272.7162284,203,1,happy,1,32.069876999912594,0.13292814791202545,0.442780077457428,0.3467375636100769,0.07755415141582489
1774255038.037,1272.767236265,204,1,happy,1,31.99283899994043,0.10437065362930298,0.6109154224395752,0.23428741097450256,0.05042649805545807
1774255038.088,1272.817983367,205,1,happy,1,32.2168600000623,0.07816239446401596,0.7312897443771362,0.15774421393871307,0.032803602516651154
1774255038.138,1272.868220337,206,1,happy,1,32.072025000161375,0.12626174092292786,0.5523622035980225,0.29903310537338257,0.022342875599861145
1774255038.190,1272.918936624,207,1,happy,1,33.46196100005727,0.08543913811445236,0.6855552196502686,0.21306052803993225,0.015945088118314743
1774255038.238,1272.969400873,208,1,happy,1,31.380297999930917,0.281057745218277,0.5700540542602539,0.13851454854011536,0.010373597964644432
1774255038.290,1273.019842455,209,1,happy,1,33.02801400013777,0.34252429008483887,0.559122622013092,0.09143088757991791,0.006922177039086819
1774255038.340,1273.070142832,210,1,happy,1,32.6914739998756,0.2757608890533447,0.6601024866104126,0.059587012976408005,0.004549548029899597
1774255038.390,1273.12073786,211,1,happy,1,32.37767500013433,0.2749772071838379,0.6833304166793823,0.03873492777347565,0.0029574136715382338
1774255038.441,1273.171356536,212,1,happy,1,32.48763900000995,0.2727619707584381,0.699926495552063,0.025279611349105835,0.0020318892784416676
1774255038.492,1273.222437141,213,1,happy,1,31.693004000089786,0.18428415060043335,0.6023767590522766,0.07360181957483292,0.13973724842071533
1774255038.599,1273.322491336,214,1,happy,1,39.2805579999731,0.19653864204883575,0.6538012027740479,0.053947124630212784,0.09571294486522675
1774255038.656,1273.382124428,215,1,happy,1,36.649686999908226,0.2832539677619934,0.5429939031600952,0.09121058881282806,0.08254146575927734
1774255038.703,1273.432781771,216,2,sad,1,33.22940299995025,0.19499211013317108,0.374080091714859,0.37423112988471985,0.056696608662605286
1774255038.751,1273.478771284,217,1,happy,1,34.94223100005911,0.2819827198982239,0.385623574256897,0.28438371419906616,0.0480099655687809
1774255038.798,1273.525399579,218,1,happy,1,35.58951300010449,0.1859205812215805,0.4436738193035126,0.18695424497127533,0.1834513545036316
1774255038.847,1273.576046218,219,1,happy,1,33.892204999801834,0.2813348174095154,0.3991073966026306,0.17438045144081116,0.14517730474472046
1774255038.897,1273.624117357,220,1,happy,1,35.67453300001944,0.2986534833908081,0.4713985323905945,0.13253153860569,0.09741641581058502
1774255038.949,1273.674786274,221,1,happy,1,36.62796499997967,0.3934171199798584,0.41636040806770325,0.11390814930200577,0.07631424069404602
1774255039.000,1273.727244723,222,1,happy,1,34.85611900009644,0.3410193920135498,0.5044384598731995,0.07840051501989365,0.07614155858755112
1774255039.049,1273.776729594,223,0,neutral,1,34.717949999958364,0.45356398820877075,0.42333370447158813,0.06519608944654465,0.057906124740839005
1774255039.104,1273.826524855,224,1,happy,1,39.573485000119035,0.3069247603416443,0.6101837158203125,0.045132558792829514,0.03775889053940773
1774255039.158,1273.881795341,225,1,happy,1,38.64527399991857,0.20433206856250763,0.7379059791564941,0.03303700312972069,0.02472488395869732
1774255039.206,1273.936130171,226,1,happy,1,32.77680699989105,0.1404350996017456,0.8211634159088135,0.021950166672468185,0.016451295465230942
1774255039.251,1273.980916767,227,1,happy,1,33.17882900000768,0.15600097179412842,0.80853271484375,0.021555420011281967,0.013910881243646145
1774255039.301,1274.029831411,228,1,happy,1,33.49318300001869,0.10798649489879608,0.8676073551177979,0.01489090733230114,0.00951517652720213
1774255039.351,1274.080462456,229,1,happy,1,33.13967999997658,0.0764976292848587,0.8893282413482666,0.013781838119029999,0.020392149686813354
1774255039.402,1274.131653839,230,1,happy,1,32.74182500013012,0.13670973479747772,0.659453272819519,0.015388312749564648,0.18844853341579437
1774255039.452,1274.182300087,231,1,happy,1,31.899486000156685,0.09278028458356857,0.7744432687759399,0.010230675339698792,0.12254557013511658
1774255039.503,1274.232217165,232,1,happy,1,33.60616400004801,0.1446089744567871,0.7569890022277832,0.017550835385918617,0.08085104823112488
1774255039.553,1274.283325713,233,1,happy,1,32.78860299997177,0.3137493431568146,0.4997726082801819,0.11516892910003662,0.07130898535251617
1774255039.603,1274.334350965,234,0,neutral,1,31.373796999787373,0.4220448136329651,0.3447916507720947,0.16796302795410156,0.06520040333271027
1774255039.654,1274.384561673,235,1,happy,1,31.968912999900567,0.30381399393081665,0.532865047454834,0.11957038938999176,0.04375043138861656
1774255039.706,1274.435287534,236,1,happy,1,33.590830999855825,0.23911812901496887,0.34982234239578247,0.3469199538230896,0.06413941085338593
1774255039.754,1274.48549452,237,2,sad,1,31.60272500008432,0.22248871624469757,0.2680862843990326,0.4525943994522095,0.05683048069477081
1774255039.805,1274.536407567,238,2,sad,1,31.681929000114906,0.22374218702316284,0.3372819423675537,0.39002397656440735,0.048951804637908936
1774255039.857,1274.58634783,239,2,sad,1,33.26362500001778,0.18922704458236694,0.2242918163537979,0.5299484729766846,0.05653257668018341
1774255039.908,1274.637219136,240,1,happy,1,33.091382999828056,0.12566272914409637,0.44477444887161255,0.3660185635089874,0.06354419142007828
1774255039.958,1274.687145528,241,1,happy,1,33.43357099993227,0.0923943743109703,0.3976842761039734,0.33788344264030457,0.17203782498836517
1774255040.010,1274.738080056,242,1,happy,1,34.08783500003665,0.09973917156457901,0.39414915442466736,0.3368714451789856,0.16924014687538147
1774255040.060,1274.789066474,243,1,happy,1,33.50279300002512,0.0866093635559082,0.5635178089141846,0.22799161076545715,0.1218811497092247
1774255040.110,1274.839828944,244,1,happy,1,32.55191600010221,0.06465814262628555,0.7045845985412598,0.15093468129634857,0.07982254773378372
1774255040.162,1274.890364247,245,1,happy,1,34.11018599990712,0.14699475467205048,0.6811725497245789,0.11105000972747803,0.06078261137008667
1774255040.214,1274.940566213,246,1,happy,1,35.95571799996833,0.17061704397201538,0.6360340714454651,0.12114275991916656,0.07220600545406342
1774255040.262,1274.990799625,247,1,happy,1,33.75549800011868,0.1451520025730133,0.687706470489502,0.11399121582508087,0.053150199353694916
1774255040.312,1275.041829264,248,1,happy,1,32.485971000141944,0.13728412985801697,0.549134373664856,0.2676065266132355,0.04597485810518265
1774255040.365,1275.092308973,249,1,happy,1,35.196787000131735,0.24889510869979858,0.5195921063423157,0.19309113919734955,0.03842151165008545
1774255040.414,1275.142735923,250,1,happy,1,33.987110999987635,0.2925814390182495,0.5005682706832886,0.148393914103508,0.05845624953508377
1774255040.464,1275.192888297,251,1,happy,1,33.84360999984892,0.36000263690948486,0.4719507098197937,0.1136714443564415,0.05437514930963516
1774255040.515,1275.243220505,252,0,neutral,1,34.005204000095546,0.477222740650177,0.37583908438682556,0.08482670783996582,0.06211141496896744
1774255040.564,1275.293642011,253,0,neutral,1,33.11912300000586,0.4966675043106079,0.35245561599731445,0.06759274750947952,0.08328404277563095
1774255040.616,1275.343762032,254,0,neutral,1,35.129416000017955,0.5256986618041992,0.31341055035591125,0.07390880584716797,0.0869818776845932
1774255040.667,1275.394090648,255,0,neutral,1,35.55447400003686,0.5754979252815247,0.21770095825195312,0.07210886478424072,0.13469213247299194
1774255040.716,1275.44475997,256,0,neutral,1,33.950628999946275,0.5358116626739502,0.22366327047348022,0.10598832368850708,0.13453665375709534
1774255040.766,1275.495359995,257,0,neutral,1,33.56938599995374,0.496204674243927,0.2484687864780426,0.12236431241035461,0.132962167263031
1774255040.818,1275.5462948,258,0,neutral,1,34.633246000112194,0.4333869516849518,0.2435586154460907,0.21751773357391357,0.10553665459156036
1774255040.868,1275.597016308,259,0,neutral,1,33.420809999824996,0.32718712091445923,0.2587527334690094,0.22380590438842773,0.19025418162345886
1774255040.917,1275.647901446,260,3,angry,1,32.01444899991657,0.24769742786884308,0.27295759320259094,0.20207996666431427,0.2772649824619293
1774255040.968,1275.699243309,261,2,sad,1,31.73779899998408,0.2194976955652237,0.24454256892204285,0.3119881749153137,0.22397151589393616
1774255041.019,1275.749423572,262,3,angry,1,32.20706100000825,0.15722930431365967,0.22497665882110596,0.22845149040222168,0.38934245705604553
1774255041.068,1275.79924498,263,1,happy,1,31.77757600019504,0.1204039454460144,0.4490543007850647,0.15952792763710022,0.2710137963294983
1774255041.119,1275.850099543,264,1,happy,1,31.231035000018892,0.1011589914560318,0.5587676763534546,0.13126306235790253,0.2088102251291275
1774255041.172,1275.901241237,265,1,happy,1,32.88493600007314,0.07161689549684525,0.6388174891471863,0.10289667546749115,0.18666884303092957
1774255041.221,1275.951382591,266,3,angry,1,31.822964999946635,0.06035084277391434,0.41911277174949646,0.08353836089372635,0.4369979500770569
1774255041.273,1276.00228321,267,1,happy,1,33.79986799996004,0.05434428155422211,0.40344417095184326,0.14663824439048767,0.3955732583999634
1774255041.322,1276.052996345,268,1,happy,1,32.06411499991191,0.04041972756385803,0.5820039510726929,0.11235687881708145,0.26521939039230347
1774255041.374,1276.104270744,269,1,happy,1,32.191265000165004,0.127690851688385,0.40652623772621155,0.2554079294204712,0.2103748917579651
1774255041.423,1276.154161078,270,1,happy,1,31.353331999980583,0.08762338012456894,0.6025372743606567,0.16734397411346436,0.142495259642601
1774255041.473,1276.204577971,271,1,happy,1,31.37322099996709,0.24998736381530762,0.528458297252655,0.11664904654026031,0.10490516573190689
1774255041.524,1276.254436545,272,1,happy,1,32.47956299992438,0.17751146852970123,0.6765986084938049,0.07599254697561264,0.06989724934101105
1774255041.575,1276.304885068,273,1,happy,1,32.77174999993804,0.12950332462787628,0.7749916315078735,0.049622658640146255,0.04588230699300766
1774255041.626,1276.354876069,274,1,happy,1,33.871887000032075,0.11865828186273575,0.8156363368034363,0.03417248651385307,0.03153279423713684
1774255041.679,1276.406028819,275,1,happy,1,35.175543999912406,0.14435485005378723,0.7871143817901611,0.037590499967336655,0.03094020113348961
1774255041.728,1276.45672864,276,1,happy,1,33.84170100002848,0.10542519390583038,0.8457728624343872,0.026808688417077065,0.021993136033415794
1774255041.778,1276.50753798,277,1,happy,1,33.17580799989628,0.07109110802412033,0.8951618671417236,0.018729213625192642,0.01501777209341526
1774255041.827,1276.557404017,278,1,happy,1,32.44220999999925,0.07554490864276886,0.7827742099761963,0.1252983808517456,0.016382435336709023
1774255041.880,1276.608707675,279,1,happy,1,33.52995899990674,0.05602281913161278,0.844419538974762,0.08451785892248154,0.015039704740047455
1774255041.932,1276.659125328,280,1,happy,1,35.369007999861424,0.04864635318517685,0.7155279517173767,0.058076903223991394,0.17774875462055206
1774255041.980,1276.70903155,281,1,happy,1,34.04725900008998,0.0366506427526474,0.8046930432319641,0.04125292971730232,0.11740332096815109
1774255042.031,1276.759521184,282,1,happy,1,33.95164699986708,0.04766020178794861,0.615839958190918,0.04897340014576912,0.28752636909484863
1774255042.080,1276.809955817,283,1,happy,1,32.778989999997066,0.1568138599395752,0.40614503622055054,0.24075667560100555,0.19628435373306274
1774255042.132,1276.860333931,284,1,happy,1,34.01462800002264,0.10543370246887207,0.5588691234588623,0.16785599291324615,0.1678411066532135
1774255042.182,1276.911326993,285,2,sad,1,33.63021799987109,0.09033020585775375,0.37390008568763733,0.42498257756233215,0.11078706383705139
1774255042.232,1276.961701014,286,1,happy,1,33.28740100005234,0.12062505632638931,0.44802188873291016,0.31442365050315857,0.1169293224811554
1774255042.283,1277.011809922,287,2,sad,1,33.89470199999778,0.11423444002866745,0.3302474319934845,0.46848589181900024,0.08703216165304184
1774255042.332,1277.062459038,288,2,sad,1,32.315116000063426,0.14835363626480103,0.23747621476650238,0.43571606278419495,0.17845399677753448
1774255042.383,1277.112582002,289,1,happy,1,32.70563699993545,0.11780755966901779,0.41566455364227295,0.30828985571861267,0.15823793411254883
1774255042.434,1277.163040282,290,2,sad,1,33.188288999781435,0.07973027229309082,0.2709185779094696,0.5444466471672058,0.10490447282791138
1774255042.484,1277.212972356,291,2,sad,1,33.72525600002518,0.052525900304317474,0.17643947899341583,0.7021049857139587,0.06892959028482437
1774255042.536,1277.263594916,292,2,sad,1,34.701095999935205,0.03627482056617737,0.1337851732969284,0.7175977230072021,0.11234217137098312
1774255042.584,1277.313835047,293,2,sad,1,32.58535899999515,0.029911082237958908,0.08850579708814621,0.7635514140129089,0.11803162842988968
1774255042.636,1277.365359706,294,2,sad,1,32.90147200004867,0.03476603329181671,0.16018885374069214,0.6268470287322998,0.17819800972938538
1774255042.684,1277.415117445,295,2,sad,1,31.714222999880803,0.07347125560045242,0.20974624156951904,0.5186938047409058,0.1980886161327362
1774255042.735,1277.465531947,296,3,angry,1,31.65718599984757,0.07396405190229416,0.17977212369441986,0.3474971354007721,0.3987666070461273
1774255042.786,1277.516366916,297,3,angry,1,31.882910000149423,0.16628380119800568,0.11717311292886734,0.23499011993408203,0.4815528690814972
1774255042.835,1277.565849523,298,3,angry,1,31.643463999898813,0.26458650827407837,0.08683274686336517,0.15850985050201416,0.49007079005241394
1774255042.887,1277.617634499,299,3,angry,1,31.88053899998522,0.2629634439945221,0.30136892199516296,0.10589276999235153,0.32977476716041565
1774255042.937,1277.667829796,300,3,angry,1,32.261968000057095,0.28450289368629456,0.1967511922121048,0.19656260311603546,0.322183221578598
1774255042.988,1277.718396782,301,3,angry,1,32.603155000060724,0.2203967422246933,0.13646939396858215,0.2392609715461731,0.4038727879524231
1774255043.038,1277.768675376,302,0,neutral,1,31.68849999997292,0.31854358315467834,0.10772155225276947,0.2652600109577179,0.30847471952438354
1774255043.089,1277.819378435,303,0,neutral,1,31.856686999844896,0.34760040044784546,0.20132564008235931,0.19884221255779266,0.2522316575050354
1774255043.139,1277.869883456,304,3,angry,1,31.732482000052187,0.2261534482240677,0.1354583501815796,0.13582389056682587,0.5025642514228821
1774255043.191,1277.921124223,305,3,angry,1,32.66854299999977,0.14827334880828857,0.08890219777822495,0.08836821466684341,0.6744561195373535
1774255043.240,1277.970996498,306,3,angry,1,31.59125899992432,0.1039585992693901,0.11881966888904572,0.3313951790332794,0.4458264410495758
1774255043.290,1278.021062016,307,2,sad,1,31.995686999835016,0.08014129847288132,0.24055105447769165,0.38163700699806213,0.29767054319381714
1774255043.340,1278.071159349,308,2,sad,1,31.878964000043197,0.07530425488948822,0.1757277101278305,0.5549330115318298,0.19403493404388428
1774255043.391,1278.121869334,309,2,sad,1,32.07328000007692,0.1718726009130478,0.20222240686416626,0.4723043739795685,0.1536005437374115
1774255043.441,1278.172069704,310,2,sad,1,31.58905500004039,0.11512868106365204,0.14938105642795563,0.63145911693573,0.10403106361627579
1774255043.492,1278.22263604,311,2,sad,1,31.726074000062,0.1173456609249115,0.14928017556667328,0.5951967835426331,0.1381772756576538
1774255043.545,1278.272389407,312,2,sad,1,34.920763999934934,0.13300712406635284,0.17641660571098328,0.5953430533409119,0.09523314982652664
1774255043.595,1278.323361172,313,2,sad,1,34.60211300011906,0.09222423285245895,0.14783048629760742,0.6949199438095093,0.06502524763345718
1774255043.647,1278.374471586,314,2,sad,1,35.41193299997758,0.06573019176721573,0.17008846998214722,0.6825541853904724,0.08162705600261688
1774255043.699,1278.424988107,315,2,sad,1,36.78829499995118,0.06028013676404953,0.25763699412345886,0.6269200444221497,0.05516276881098747
1774255043.750,1278.475928649,316,2,sad,1,36.312735999899814,0.04658213630318642,0.17174096405506134,0.6607675552368164,0.12090929597616196
1774255043.799,1278.527576215,317,2,sad,1,33.590809000088484,0.03390294685959816,0.17418305575847626,0.7072448134422302,0.08466910570859909
1774255043.848,1278.577296915,318,2,sad,1,33.100547000003644,0.06681059300899506,0.32629093527793884,0.5152758955955505,0.09162255376577377
1774255043.900,1278.627973919,319,2,sad,1,34.24185100016075,0.11568593978881836,0.323901891708374,0.4940565824508667,0.06635556370019913
1774255043.950,1278.679606614,320,1,happy,1,33.1508809999832,0.08636567741632462,0.4758285880088806,0.38673073053359985,0.05107499659061432
1774255044.002,1278.730353488,321,2,sad,1,34.58185399995273,0.0714019164443016,0.3144887685775757,0.5801944732666016,0.03391479700803757
1774255044.051,1278.781536791,322,2,sad,1,32.00533499989433,0.21303312480449677,0.22841227054595947,0.49759259819984436,0.060961950570344925
1774255044.101,1278.831320139,323,2,sad,1,32.52130100008799,0.14909857511520386,0.15684758126735687,0.6524814963340759,0.04157228022813797
1774255044.152,1278.881755584,324,2,sad,1,32.76056200002131,0.1075691357254982,0.17391791939735413,0.6884819269180298,0.030030885711312294
1774255044.209,1278.932296493,325,2,sad,1,39.47566400006508,0.09406086802482605,0.3351556062698364,0.549342691898346,0.02144070342183113
1774255044.262,1278.985888293,326,2,sad,1,38.32499000009193,0.29633182287216187,0.25267282128334045,0.4127865433692932,0.03820868581533432
1774255044.309,1279.037177707,327,2,sad,1,34.28188800012322,0.24706512689590454,0.21650274097919464,0.36318886280059814,0.17324312031269073
1774255044.354,1279.084953967,328,1,happy,1,32.066260999954466,0.18218354880809784,0.3587683439254761,0.345111608505249,0.1139364242553711
1774255044.405,1279.133915123,329,1,happy,1,33.23236200003521,0.17535892128944397,0.2946017384529114,0.27414798736572266,0.2558912932872772
1774255044.453,1279.184311253,330,2,sad,1,31.335886000078972,0.15725527703762054,0.2771458625793457,0.38802647590637207,0.1775723248720169
1774255044.505,1279.234491956,331,1,happy,1,32.861154999864084,0.15367716550827026,0.3839225769042969,0.2737010717391968,0.1886991262435913
1774255044.554,1279.285197477,332,1,happy,1,31.904351999855862,0.11476355046033859,0.5758334398269653,0.1832018941640854,0.1262010782957077
1774255044.604,1279.334829157,333,1,happy,1,31.616665000001376,0.10956022143363953,0.4573448598384857,0.2532331943511963,0.17986167967319489
1774255044.655,1279.3849761,334,1,happy,1,32.4287450000611,0.08836974203586578,0.351278692483902,0.23438003659248352,0.32597148418426514
1774255044.706,1279.435825566,335,1,happy,1,32.974397000089084,0.09153658151626587,0.523244321346283,0.17108924686908722,0.21412983536720276
1774255044.755,1279.485949268,336,1,happy,1,31.442923999975392,0.08408652991056442,0.6525033116340637,0.11748382449150085,0.14592628180980682
1774255044.806,1279.536172471,337,1,happy,1,32.79882199990425,0.08824522793292999,0.5544323921203613,0.1429527848958969,0.2143695205450058
1774255044.855,1279.586816547,338,1,happy,1,31.21781100003318,0.12649349868297577,0.5095424652099609,0.1566067934036255,0.20735713839530945
1774255044.909,1279.637606809,339,1,happy,1,33.570049999980256,0.1698695570230484,0.39416226744651794,0.13646626472473145,0.29950180649757385
1774255044.959,1279.688790815,340,3,angry,1,32.630616999995254,0.12361742556095123,0.2600601613521576,0.16380080580711365,0.45252150297164917
1774255045.010,1279.739238612,341,3,angry,1,32.91645199988125,0.12761622667312622,0.18720278143882751,0.1869085133075714,0.4982723593711853
1774255045.060,1279.789621019,342,1,happy,1,33.34401000006437,0.09739647805690765,0.43549811840057373,0.13731122016906738,0.3297940492630005
1774255045.114,1279.840696615,343,2,sad,1,35.82687899984194,0.08867951482534409,0.28676295280456543,0.3662204146385193,0.25833699107170105
1774255045.163,1279.890989391,344,2,sad,1,34.53357400007917,0.07763045281171799,0.20793987810611725,0.5076711773872375,0.20675840973854065
1774255045.213,1279.941346297,345,2,sad,1,34.01071899997987,0.07107178121805191,0.21804441511631012,0.46329841017723083,0.24758531153202057
1774255045.263,1279.991940872,346,2,sad,1,33.655455999905826,0.10164973139762878,0.29889705777168274,0.35441267490386963,0.2450404167175293
1774255045.313,1280.04200148,347,2,sad,1,33.495085000140534,0.07611973583698273,0.19946928322315216,0.5511643886566162,0.17324642837047577
1774255045.364,1280.092847371,348,2,sad,1,33.8952539998445,0.06172659248113632,0.13500948250293732,0.493754118680954,0.30950966477394104
1774255045.417,1280.143236703,349,2,sad,1,35.971232000065356,0.06158170849084854,0.24870645999908447,0.38302284479141235,0.3066888451576233
1774255045.466,1280.193815296,350,3,angry,1,34.78485300001921,0.05315771326422691,0.20808851718902588,0.2922970652580261,0.44645658135414124
1774255045.516,1280.244907652,351,3,angry,1,33.88792100008686,0.05419619381427765,0.14696469902992249,0.22546115517616272,0.5733778476715088
1774255045.567,1280.295243373,352,3,angry,1,33.93608800001857,0.07595337927341461,0.13110627233982086,0.2609873414039612,0.5319529175758362
1774255045.617,1280.34575015,353,3,angry,1,34.06919999997626,0.08818472921848297,0.13687121868133545,0.23948794603347778,0.5354560017585754
1774255045.667,1280.396793783,354,3,angry,1,33.122545999958675,0.06866806000471115,0.11026772856712341,0.2045217603445053,0.6165423393249512
1774255045.718,1280.446873354,355,3,angry,1,33.32395400002497,0.06362717598676682,0.13264408707618713,0.17944195866584778,0.6242867112159729
1774255045.767,1280.49740028,356,3,angry,1,32.63070899993181,0.08282381296157837,0.1589784026145935,0.1735355257987976,0.584662139415741
1774255045.817,1280.548141467,357,3,angry,1,31.576090000044132,0.0758206769824028,0.17827661335468292,0.13497871160507202,0.6109238862991333
1774255045.869,1280.599135748,358,3,angry,1,32.23333500000081,0.10373131930828094,0.17409616708755493,0.12167812883853912,0.6004942655563354
1774255045.918,1280.648898798,359,3,angry,1,32.14572400020188,0.1201925277709961,0.21331024169921875,0.18479624390602112,0.4817008674144745
1774255045.969,1280.699858412,360,3,angry,1,32.0512600001166,0.15916791558265686,0.297640860080719,0.15863144397735596,0.384559690952301
1774255046.020,1280.750084651,361,3,angry,1,32.25044600003457,0.11301814764738083,0.23441825807094574,0.16500049829483032,0.48756301403045654
1774255046.072,1280.800834688,362,3,angry,1,34.12295900011486,0.10889200866222382,0.22633226215839386,0.22728389501571655,0.437491774559021
1774255046.122,1280.851435354,363,3,angry,1,33.626067000113835,0.09377142041921616,0.1645602285861969,0.2210230827331543,0.520645260810852
1774255046.171,1280.901905038,364,3,angry,1,31.72929400011526,0.07213926315307617,0.17629995942115784,0.25617465376853943,0.49538612365722656
1774255046.221,1280.952148238,365,3,angry,1,31.74823899985313,0.1349078118801117,0.19449713826179504,0.26723209023475647,0.4033629596233368
1774255046.271,1281.002412587,366,3,angry,1,31.559812000068632,0.1829560101032257,0.211154043674469,0.2617188096046448,0.34417110681533813
1774255046.323,1281.05316768,367,3,angry,1,32.037222000099064,0.1496821939945221,0.17797169089317322,0.2692217528820038,0.40312427282333374
1774255046.372,1281.103297935,368,3,angry,1,31.464495999898645,0.10415526479482651,0.13163968920707703,0.21174883842468262,0.5524561405181885
1774255046.424,1281.15369797,369,3,angry,1,33.11128500013183,0.10524147748947144,0.11333560198545456,0.3314787745475769,0.44994407892227173
1774255046.474,1281.204108227,370,3,angry,1,32.75196799995683,0.11582864820957184,0.09642355144023895,0.29627174139022827,0.4914759397506714
1774255046.526,1281.254704189,371,3,angry,1,33.626899999944726,0.088239386677742,0.08691444993019104,0.2631269693374634,0.5617190599441528
1774255046.576,1281.304116921,372,3,angry,1,34.292570999923555,0.07811479270458221,0.08050607144832611,0.21162757277488708,0.629751443862915
1774255046.627,1281.355471555,373,3,angry,1,34.455850000085775,0.12152232229709625,0.11829379200935364,0.30154743790626526,0.4586363136768341
1774255046.678,1281.406197129,374,3,angry,1,34.2640339999889,0.09640605747699738,0.1046096533536911,0.2707824110984802,0.5282017588615417
1774255046.728,1281.456774147,375,3,angry,1,34.08081099996707,0.08206900209188461,0.08306765556335449,0.2936149835586548,0.5412482619285583
1774255046.779,1281.50696781,376,3,angry,1,34.15577399982794,0.1026596873998642,0.15817803144454956,0.34799396991729736,0.3911682069301605
1774255046.829,1281.557891108,377,3,angry,1,34.156329000097685,0.07442021369934082,0.10834821313619614,0.28954240679740906,0.5276890397071838
1774255046.879,1281.608467311,378,2,sad,1,33.19095200004085,0.05149450525641441,0.07302312552928925,0.5293171405792236,0.34616509079933167
1774255046.933,1281.659751129,379,2,sad,1,35.79630400008682,0.03364076092839241,0.04754089191555977,0.6936935186386108,0.22512467205524445
1774255046.980,1281.710210017,380,2,sad,1,32.70070799999303,0.022532962262630463,0.03200256824493408,0.787412166595459,0.15805217623710632
1774255047.033,1281.760942183,381,2,sad,1,34.539998999889576,0.01751907914876938,0.024765871465206146,0.7891502380371094,0.16856461763381958
1774255047.083,1281.811601201,382,2,sad,1,34.12953199995172,0.018090391531586647,0.024628907442092896,0.8331874012947083,0.12409314513206482
1774255047.132,1281.862086624,383,2,sad,1,32.468668999854344,0.013983732089400291,0.016802454367280006,0.8873095512390137,0.08190415054559708
1774255047.184,1281.912993754,384,2,sad,1,33.91719700016438,0.020621899515390396,0.0189728531986475,0.9049497246742249,0.05545540526509285
1774255047.233,1281.963347713,385,2,sad,1,32.08209199988232,0.025891315191984177,0.016687285155057907,0.9187712669372559,0.03865000233054161
1774255047.286,1282.015114645,386,2,sad,1,33.18735900006686,0.017994031310081482,0.011480124667286873,0.9451549053192139,0.025370808318257332
1774255047.335,1282.064827822,387,2,sad,1,32.58870699983163,0.013493089005351067,0.008366561494767666,0.9614756107330322,0.01666465774178505
1774255047.384,1282.114931261,388,2,sad,1,32.02251799984879,0.01157805323600769,0.007838060148060322,0.9689586162567139,0.01162514928728342
1774255047.435,1282.16531648,389,2,sad,1,32.207315000050585,0.017155682668089867,0.010588562116026878,0.963335394859314,0.008920282125473022
1774255047.486,1282.216227295,390,2,sad,1,32.50865099994371,0.016739070415496826,0.012010196223855019,0.9647306799888611,0.006520024500787258
1774255047.537,1282.266699792,391,2,sad,1,32.65292900005079,0.026360386982560158,0.009194745682179928,0.9594612717628479,0.00498353224247694
1774255047.587,1282.317515792,392,2,sad,1,31.817627000009452,0.018537700176239014,0.007347785867750645,0.969791054725647,0.004323362372815609
1774255047.637,1282.367639879,393,2,sad,1,31.543495999812876,0.013200257904827595,0.006255842745304108,0.9769401550292969,0.003603625111281872
1774255047.688,1282.418336766,394,2,sad,1,32.16127799987589,0.01349975448101759,0.006489054299890995,0.9772311449050903,0.0027799452655017376
1774255047.738,1282.469180433,395,2,sad,1,31.82344199990439,0.010548144578933716,0.006906350143253803,0.9804216623306274,0.002123774029314518
1774255047.790,1282.519762764,396,2,sad,1,32.375150000007125,0.010381713509559631,0.006489246152341366,0.9796313047409058,0.0034977016039192677
1774255047.844,1282.570990211,397,2,sad,1,35.80259899990779,0.007070112507790327,0.004966719076037407,0.9849826693534851,0.0029804776422679424
1774255047.891,1282.621135817,398,2,sad,1,32.52055799998743,0.010414939373731613,0.0066055371426045895,0.9798887968063354,0.003090660087764263
1774255047.942,1282.671376405,399,2,sad,1,33.4658980000313,0.015486236661672592,0.007250012829899788,0.9743447303771973,0.002918928163126111
1774255047.992,1282.72181305,400,2,sad,1,32.52739200001997,0.011364313773810863,0.005841689649969339,0.9807763695716858,0.0020175192039459944
1774255048.042,1282.772319029,401,2,sad,1,32.783077999965826,0.008261316455900669,0.005721151363104582,0.9843045473098755,0.0017129076877608895
1774255048.095,1282.823071027,402,2,sad,1,34.24625399998149,0.007954807952046394,0.007106058765202761,0.9831233024597168,0.0018157383892685175
1774255048.149,1282.874345195,403,2,sad,1,37.675499999977546,0.046608682721853256,0.006154957227408886,0.9444011449813843,0.002835067454725504
1774255048.200,1282.925831087,404,2,sad,1,36.36276900010671,0.050071150064468384,0.0134662427008152,0.9338471293449402,0.002615395002067089
1774255048.249,1282.976333287,405,2,sad,1,35.029981999969095,0.03498433530330658,0.009293556213378906,0.9537626504898071,0.0019593278411775827
1774255048.299,1283.026367372,406,2,sad,1,34.77583199992296,0.026694463565945625,0.00613552937284112,0.9657226800918579,0.0014472014736384153
1774255048.347,1283.076336143,407,2,sad,1,33.75434300005509,0.01992659643292427,0.0046803709119558334,0.974097490310669,0.001295369234867394
1774255048.399,1283.127188567,408,2,sad,1,33.937696999828404,0.014657072722911835,0.003145575523376465,0.9812295436859131,0.0009676403133198619
1774255048.448,1283.177469932,409,2,sad,1,33.102154000062,0.012610139325261116,0.002472090534865856,0.9839519262313843,0.0009657528717070818
1774255048.499,1283.227790408,410,2,sad,1,34.09760600015943,0.008858531713485718,0.0023222933523356915,0.9872739315032959,0.001545205246657133
1774255048.550,1283.2781677,411,2,sad,1,34.52771899992513,0.006091784685850143,0.0018207845278084278,0.9904359579086304,0.0016514030285179615
1774255048.599,1283.329146792,412,2,sad,1,32.5740579999092,0.005770502146333456,0.0013113708700984716,0.9916308522224426,0.0012871753424406052
1774255048.651,1283.379618084,413,2,sad,1,33.74901100005445,0.00607781857252121,0.0010524698300287127,0.9917697906494141,0.0010998568031936884
1774255048.702,1283.430587417,414,2,sad,1,34.02084599997579,0.004756466951221228,0.0017412113957107067,0.9905695915222168,0.002932631876319647
1774255048.752,1283.480972246,415,2,sad,1,33.45382299994526,0.0040080854669213295,0.0032285302877426147,0.9904110431671143,0.00235223351046443
1774255048.801,1283.531327871,416,2,sad,1,32.44100100005198,0.004816352389752865,0.002288344781845808,0.9911820888519287,0.0017130720661953092
1774255048.851,1283.582293685,417,2,sad,1,31.680477000008977,0.0035721976310014725,0.0016772535163909197,0.9928935766220093,0.0018568848026916385
1774255048.903,1283.632951719,418,2,sad,1,32.85476300015944,0.003377822693437338,0.0037499377503991127,0.9906487464904785,0.0022233983036130667
1774255048.953,1283.68357316,419,2,sad,1,32.27307500014831,0.0038266731426119804,0.0030005602166056633,0.990864634513855,0.0023079956881701946
1774255049.006,1283.735503037,420,2,sad,1,32.908930000076,0.0036083904560655355,0.0020964404102414846,0.9926279783248901,0.0016670508775860071
1774255049.055,1283.784869154,421,2,sad,1,32.26992600002632,0.0029726712964475155,0.0015725957928225398,0.9937814474105835,0.0016731303185224533
1774255049.106,1283.835613947,422,2,sad,1,32.63476200004334,0.0040216161869466305,0.008319580927491188,0.9844843745231628,0.003174340818077326
1774255049.157,1283.886164146,423,2,sad,1,33.366969999860885,0.0034787487238645554,0.006599899847060442,0.9872962832450867,0.002624928718432784
1774255049.208,1283.936917717,424,2,sad,1,33.23252500013041,0.0034073437564074993,0.006925823166966438,0.9870404005050659,0.0026263422332704067
1774255049.256,1283.986944579,425,2,sad,1,32.140147000063735,0.0045521496795117855,0.008882410824298859,0.9730856418609619,0.013479718938469887
1774255049.314,1284.037092387,426,2,sad,1,39.04958299995087,0.005768047645688057,0.009437345899641514,0.9736841917037964,0.011110334657132626
1774255049.367,1284.091069757,427,2,sad,1,38.905470999907266,0.004385720007121563,0.007660842500627041,0.9793347120285034,0.008618662133812904
1774255049.417,1284.143684563,428,2,sad,1,35.76985699987745,0.0038031935691833496,0.033124666661024094,0.9515014886856079,0.011570563539862633
1774255049.463,1284.192520028,429,2,sad,1,32.91081900010795,0.007338549010455608,0.028130710124969482,0.9541616439819336,0.01036905962973833
1774255049.515,1284.241294696,430,2,sad,1,36.170674999993935,0.007339215837419033,0.024044586345553398,0.9607080221176147,0.007908128201961517
1774255049.564,1284.292439696,431,2,sad,1,34.28773500013449,0.00675624143332243,0.018246006220579147,0.9553561210632324,0.019641585648059845
1774255049.614,1284.342600225,432,2,sad,1,34.0211420000287,0.01850643940269947,0.07116831839084625,0.8786242008209229,0.0317009836435318
1774255049.664,1284.393359463,433,2,sad,1,33.21839499994894,0.02756187692284584,0.0715334415435791,0.8727076053619385,0.028196990489959717
1774255049.717,1284.444034978,434,2,sad,1,35.19613000003119,0.061031781136989594,0.08775409311056137,0.8246618509292603,0.026552140712738037
1774255049.768,1284.494911086,435,2,sad,1,35.15887100002146,0.07622597366571426,0.3055950701236725,0.5999879837036133,0.018190903589129448
1774255049.818,1284.545990678,436,1,happy,1,34.187531000043236,0.07575206458568573,0.5170961022377014,0.3949776887893677,0.012174014933407307
1774255049.868,1284.5972579,437,1,happy,1,33.33271099995727,0.08227617293596268,0.6421585083007812,0.2641262114048004,0.011438949033617973
1774255049.919,1284.647966378,438,1,happy,1,33.34656299989547,0.216586172580719,0.567141592502594,0.1743113100528717,0.04196080565452576
1774255049.968,1284.699522621,439,1,happy,1,31.408253000108743,0.15419919788837433,0.6356732249259949,0.13221898674964905,0.0779084786772728
1774255050.019,1284.749571113,440,1,happy,1,32.360536999931355,0.13092464208602905,0.7286946773529053,0.08854145556688309,0.05183910205960274
1774255050.069,1284.7996104,441,1,happy,1,32.46542600004432,0.12124685943126678,0.7425695061683655,0.08492957055568695,0.05125397443771362
1774255050.120,1284.849915374,442,1,happy,1,32.70487200006755,0.2182389199733734,0.6086734533309937,0.06718211621046066,0.1059054285287857
1774255050.173,1284.900533591,443,1,happy,1,35.363649999908375,0.16834184527397156,0.5828146934509277,0.04758376255631447,0.201259583234787
1774255050.222,1284.95099214,444,1,happy,1,33.44434000018737,0.26945438981056213,0.423994243144989,0.0476946160197258,0.2588566541671753
1774255050.273,1285.001705265,445,1,happy,1,33.560358999920936,0.19191327691078186,0.500676691532135,0.05889371410012245,0.2485162317752838
1774255050.321,1285.051485772,446,1,happy,1,32.155016999922736,0.20747627317905426,0.48953115940093994,0.05168385058641434,0.2513086795806885
1774255050.371,1285.101743894,447,3,angry,1,32.194812999932765,0.25535961985588074,0.33114585280418396,0.06559325754642487,0.34790122509002686
1774255050.421,1285.151808052,448,3,angry,1,32.07240400001865,0.3050125241279602,0.25789156556129456,0.05658939480781555,0.3805064558982849
1774255050.472,1285.202631862,449,3,angry,1,32.35433299983015,0.3004477918148041,0.3140174150466919,0.04715081304311752,0.33838391304016113
1774255050.522,1285.252817373,450,1,happy,1,31.4688630001001,0.2610640525817871,0.4668061435222626,0.04566100984811783,0.22646869719028473
1774255050.573,1285.30342933,451,1,happy,1,31.776476999993974,0.20415666699409485,0.593280553817749,0.052134934812784195,0.1504276990890503
1774255050.623,1285.353367153,452,1,happy,1,32.144702000096004,0.27774733304977417,0.5705674886703491,0.04794537276029587,0.10373963415622711
1774255050.674,1285.403756165,453,1,happy,1,32.713112999999794,0.20314082503318787,0.5745577812194824,0.07607593387365341,0.14622533321380615
1774255050.724,1285.454554864,454,1,happy,1,31.976127000007182,0.15114694833755493,0.6937392950057983,0.053760968148708344,0.10135270655155182
1774255050.776,1285.505406527,455,1,happy,1,33.440950999874985,0.23548220098018646,0.6394129395484924,0.05441025644540787,0.07069454342126846
1774255050.826,1285.555401499,456,1,happy,1,32.930299999861745,0.2634986639022827,0.6366167664527893,0.04589398205280304,0.053990527987480164
1774255050.875,1285.60603129,457,1,happy,1,31.742384000153834,0.2927163541316986,0.6305432915687561,0.040003277361392975,0.036737024784088135
1774255050.926,1285.656053744,458,1,happy,1,32.57196300000942,0.238418310880661,0.6855618357658386,0.039766840636730194,0.036252960562705994
1774255050.976,1285.706259976,459,1,happy,1,32.52807500007293,0.24019913375377655,0.6833603382110596,0.0385429784655571,0.03789751976728439
1774255051.027,1285.756429856,460,1,happy,1,33.59474800004136,0.21209865808486938,0.6464233994483948,0.07005180418491364,0.07142613083124161
1774255051.079,1285.806955516,461,1,happy,1,34.69397799995022,0.2874412536621094,0.5235382914543152,0.11228159070014954,0.07673883438110352
1774255051.128,1285.857144303,462,0,neutral,1,33.739637000053335,0.4391752779483795,0.3836548924446106,0.1131923496723175,0.06397747248411179
1774255051.179,1285.907106181,463,0,neutral,1,34.386659999881886,0.4360883831977844,0.360166072845459,0.13022327423095703,0.07352222502231598
1774255051.229,1285.957280412,464,0,neutral,1,33.8464159999603,0.395744651556015,0.35660749673843384,0.17728391289710999,0.07036389410495758
1774255051.279,1286.00789009,465,0,neutral,1,34.014528999932736,0.4133091866970062,0.3310694098472595,0.18374711275100708,0.07187425345182419
1774255051.330,1286.058567603,466,1,happy,1,33.816138000020146,0.32240599393844604,0.41909849643707275,0.18153603374958038,0.07695937901735306
1774255051.380,1286.108881038,467,1,happy,1,33.733452999967994,0.30009642243385315,0.49697810411453247,0.13548637926578522,0.06743894517421722
1774255051.433,1286.159494939,468,1,happy,1,35.723428999972384,0.21498718857765198,0.6257885694503784,0.10810291767120361,0.05112121254205704
1774255051.482,1286.210377009,469,1,happy,1,34.48921599988353,0.2625266909599304,0.5741775631904602,0.0993998795747757,0.06389575451612473
1774255051.533,1286.261515839,470,1,happy,1,34.307882000121026,0.23391461372375488,0.5531197786331177,0.11671165376901627,0.09625386446714401
1774255051.585,1286.312031906,471,1,happy,1,35.11994300015431,0.29096177220344543,0.5233467221260071,0.10335027426481247,0.08234115689992905
1774255051.634,1286.362777696,472,1,happy,1,33.726990000104706,0.34137141704559326,0.4521954357624054,0.12555602192878723,0.08087709546089172
1774255051.684,1286.412769093,473,1,happy,1,33.761193000145795,0.30565565824508667,0.31817346811294556,0.18935659527778625,0.18681418895721436
1774255051.735,1286.464141147,474,1,happy,1,32.99311399996441,0.27757716178894043,0.28645989298820496,0.2357550859451294,0.20020776987075806
1774255051.784,1286.514263396,475,1,happy,1,32.47177699995518,0.2813182473182678,0.2937118113040924,0.2601369023323059,0.1648329347372055
1774255051.835,1286.56494239,476,0,neutral,1,32.59350000007544,0.3101288676261902,0.2593510150909424,0.2529416084289551,0.1775783896446228
1774255051.887,1286.615571735,477,0,neutral,1,34.32965999991211,0.37724387645721436,0.2659682631492615,0.2135835736989975,0.14320418238639832
1774255051.938,1286.666731121,478,1,happy,1,33.94236099984482,0.3540687561035156,0.3788825571537018,0.1610112339258194,0.10603739321231842
1774255051.986,1286.716665073,479,1,happy,1,32.244756999944,0.3585711717605591,0.4244801998138428,0.13616003096103668,0.0807884931564331
1774255052.037,1286.767617809,480,1,happy,1,32.022143999938635,0.3259899616241455,0.4698694944381714,0.13489930331707,0.06924115121364594
1774255052.090,1286.818793268,481,1,happy,1,33.3785049999733,0.2893414795398712,0.44376203417778015,0.13007314503192902,0.13682322204113007
1774255052.138,1286.868244216,482,1,happy,1,32.23483000010674,0.3519653081893921,0.35248175263404846,0.16800716519355774,0.12754565477371216
1774255052.190,1286.919361804,483,0,neutral,1,33.129336000001786,0.3139035999774933,0.2740000784397125,0.24824492633342743,0.1638512909412384
1774255052.239,1286.970495077,484,0,neutral,1,31.013748000077612,0.32235220074653625,0.28750482201576233,0.24856653809547424,0.14157634973526
1774255052.291,1287.020247786,485,2,sad,1,33.15163299998858,0.22032764554023743,0.19442006945610046,0.38921642303466797,0.19603580236434937
1774255052.342,1287.07091589,486,2,sad,1,33.95508200014774,0.31559765338897705,0.15871918201446533,0.34845730662345886,0.17722579836845398
1774255052.393,1287.121476937,487,2,sad,1,34.495827000000645,0.205369770526886,0.10831402987241745,0.45925047993659973,0.22706562280654907
1774255052.441,1287.170967885,488,2,sad,1,32.73155500005487,0.3373452425003052,0.08636908233165741,0.41115421056747437,0.1651313453912735
1774255052.490,1287.221332079,489,0,neutral,1,31.750790000160123,0.43215280771255493,0.10591688752174377,0.338379442691803,0.12355075776576996
1774255052.541,1287.27141066,490,2,sad,1,32.381424000050174,0.3171464800834656,0.10574398934841156,0.41834884881973267,0.15876054763793945
1774255052.649,1287.372449791,491,2,sad,1,39.075655000033294,0.23235628008842468,0.17305739223957062,0.3629451394081116,0.23164105415344238
1774255053.154,1287.880591094,492,2,sad,1,36.22863500004314,0.2066054791212082,0.2905083894729614,0.3062717914581299,0.19661425054073334
1774255053.222,1287.948454091,493,1,happy,1,35.437037000065175,0.15703320503234863,0.3526967167854309,0.2800157964229584,0.21025419235229492
1774255054.114,1288.840382928,494,1,happy,1,35.81957500000499,0.1354600489139557,0.4013592302799225,0.29463911056518555,0.1685415357351303
1774255054.173,1288.902474273,495,1,happy,1,33.21514999993269,0.09799397736787796,0.4961080551147461,0.2759559452533722,0.12994195520877838
1774255054.220,1288.947970173,496,2,sad,1,34.39325099998314,0.07919684797525406,0.32710281014442444,0.4418239891529083,0.1518763303756714
1774255054.266,1288.994365968,497,2,sad,1,34.57843699993646,0.0753142312169075,0.23390614986419678,0.5432469844818115,0.14753256738185883
1774255054.316,1289.042668683,498,1,happy,1,35.597646999804056,0.052590593695640564,0.4587811231613159,0.35517922043800354,0.13344892859458923
1774255054.367,1289.093510526,499,1,happy,1,35.82524199987347,0.036971643567085266,0.6451760530471802,0.23088233172893524,0.08696985244750977
1774255054.424,1289.145627526,500,1,happy,1,41.189148000057685,0.07382149994373322,0.717503547668457,0.15021656453609467,0.05845825374126434
1774255054.479,1289.201142382,501,1,happy,1,40.19321600003423,0.10519595444202423,0.7177234888076782,0.11058716475963593,0.06649325042963028
1774255054.524,1289.253616959,502,1,happy,1,32.82083199997032,0.08881191909313202,0.7861626148223877,0.07592132687568665,0.04910401254892349
1774255054.568,1289.298713615,503,1,happy,1,31.999159999941185,0.1969211995601654,0.7173243165016174,0.050740357488393784,0.035014063119888306
1774255054.618,1289.346777291,504,1,happy,1,34.13048999982493,0.24290883541107178,0.6588967442512512,0.050530362874269485,0.047664009034633636
1774255054.668,1289.397069427,505,1,happy,1,33.43931800009159,0.18448695540428162,0.689349889755249,0.049496158957481384,0.076666921377182
1774255054.718,1289.447519879,506,1,happy,1,33.23985399993035,0.12074583023786545,0.7964333295822144,0.03225472569465637,0.050566062331199646
1774255054.768,1289.498873781,507,1,happy,1,31.625306000023556,0.08533487468957901,0.8601579666137695,0.020992914214730263,0.03351423516869545
1774255054.819,1289.549397789,508,1,happy,1,31.75913999984914,0.21106025576591492,0.7443509101867676,0.014043273404240608,0.030545536428689957
1774255054.869,1289.599811907,509,1,happy,1,31.77502900007312,0.25299087166786194,0.7137913703918457,0.010060461238026619,0.023157216608524323
1774255054.921,1289.650885067,510,0,neutral,1,32.35084800007826,0.5084062814712524,0.46950843930244446,0.006554344203323126,0.015530881471931934
1774255054.971,1289.701517779,511,0,neutral,1,31.985567999981868,0.6801236271858215,0.30543625354766846,0.004276636987924576,0.010163379833102226
1774255055.022,1289.752280918,512,0,neutral,1,32.027344999960405,0.7893518209457397,0.20121364295482635,0.0028177278582006693,0.006616758182644844
1774255055.072,1289.80280411,513,0,neutral,1,31.73184300021603,0.858617901802063,0.13358396291732788,0.001984580885618925,0.005813518539071083
1774255055.123,1289.853325894,514,0,neutral,1,32.54292300016459,0.7743425369262695,0.2154647260904312,0.002716162707656622,0.007476527243852615
1774255055.173,1289.903910364,515,0,neutral,1,31.990363999966576,0.8377854824066162,0.15521322190761566,0.0018790075555443764,0.005122263450175524
1774255055.223,1289.954355574,516,0,neutral,1,31.38841500003764,0.6064832210540771,0.35954055190086365,0.017991581931710243,0.015984565019607544
1774255055.274,1290.004185132,517,1,happy,1,32.110216000091896,0.39499926567077637,0.5465340614318848,0.01725749857723713,0.04120917245745659
1774255055.324,1290.054902343,518,1,happy,1,31.424025999967853,0.26649901270866394,0.6850086450576782,0.0174676775932312,0.03102463111281395
1774255055.375,1290.105809982,519,1,happy,1,31.454359999997905,0.1750909388065338,0.7836048603057861,0.011901600286364555,0.02940254658460617
1774255055.425,1290.15633384,520,1,happy,1,31.728492000183905,0.11458007991313934,0.8405470848083496,0.008359402418136597,0.03651336207985878
1774255055.477,1290.20628288,521,1,happy,1,33.03479700002754,0.23690587282180786,0.67942214012146,0.049009937793016434,0.03466198220849037
1774255055.527,1290.256700849,522,1,happy,1,32.978128999957335,0.2242150455713272,0.4736718237400055,0.1250896006822586,0.17702342569828033
1774255055.577,1290.307318764,523,1,happy,1,32.384698999976536,0.15493327379226685,0.41284695267677307,0.31513676047325134,0.11708291620016098
1774255055.629,1290.357745714,524,0,neutral,1,33.56183699997928,0.3187199532985687,0.311581015586853,0.2548774480819702,0.11482150852680206
1774255055.679,1290.408612501,525,1,happy,1,32.623403999878064,0.2387598156929016,0.4217829704284668,0.22895437479019165,0.11050274968147278
1774255055.730,1290.459587714,526,1,happy,1,33.255982999889966,0.2579454183578491,0.29192888736724854,0.19979439675807953,0.25033122301101685
1774255055.781,1290.510078165,527,0,neutral,1,33.744670999794835,0.34942877292633057,0.1956108957529068,0.22780455648899078,0.22715570032596588
1774255055.831,1290.561087378,528,0,neutral,1,32.60723800008236,0.29173529148101807,0.13027475774288177,0.29160064458847046,0.28638923168182373
1774255055.882,1290.611164864,529,0,neutral,1,32.98855499997444,0.3014916479587555,0.24967028200626373,0.21009479463100433,0.23874323070049286
1774255055.932,1290.662020669,530,0,neutral,1,33.1006480000724,0.49899613857269287,0.17542865872383118,0.1531863957643509,0.17238876223564148
1774255055.983,1290.712452693,531,2,sad,1,32.83449900004598,0.33729687333106995,0.11810247600078583,0.3627821207046509,0.18181844055652618
1774255056.034,1290.763825335,532,2,sad,1,32.3773650000021,0.2195737659931183,0.15280339121818542,0.5089228749275208,0.11869988590478897
1774255056.138,1290.864867346,533,1,happy,1,36.099742000033075,0.1462380290031433,0.4395802319049835,0.3356059789657593,0.07857564091682434
1774255056.209,1290.933149378,534,2,sad,1,38.32994200001849,0.14347222447395325,0.2953479588031769,0.44566524028778076,0.11551447212696075
1774255056.253,1290.982729673,535,2,sad,1,32.41010700003244,0.0940190777182579,0.19214200973510742,0.6367392539978027,0.07709956914186478
1774255056.297,1291.025668091,536,2,sad,1,34.26567400015301,0.07597937434911728,0.13757553696632385,0.6313552856445312,0.15508969128131866
1774255056.345,1291.073739136,537,2,sad,1,33.661224999832484,0.30922600626945496,0.17925208806991577,0.4106381833553314,0.1008836105465889
1774255056.393,1291.121864977,538,0,neutral,1,33.78565200000594,0.5432100892066956,0.12421177327632904,0.2669817805290222,0.06559625267982483
1774255056.439,1291.169574408,539,0,neutral,1,31.69341600005282,0.3571203052997589,0.08257326483726501,0.22155554592609406,0.3387507498264313
1774255056.490,1291.219472965,540,0,neutral,1,32.66306999989865,0.27499786019325256,0.23233896493911743,0.2688881754875183,0.22377489507198334
1774255056.538,1291.269173724,541,1,happy,1,31.058244999940143,0.2843903601169586,0.3705483078956604,0.19785350561141968,0.14720775187015533
1774255056.645,1291.369668138,542,1,happy,1,38.403980000111915,0.23202693462371826,0.5170412063598633,0.15519917011260986,0.09573264420032501
1774255056.705,1291.431147421,543,1,happy,1,36.10935299980156,0.22677579522132874,0.5267720222473145,0.12977367639541626,0.11667841672897339
1774255056.752,1291.481021348,544,1,happy,1,33.913041999994675,0.16282778978347778,0.4937191307544708,0.25073933601379395,0.09271363914012909
1774255056.801,1291.526001316,545,1,happy,1,37.25910200000726,0.10709255188703537,0.6203826069831848,0.21171146631240845,0.06081325560808182
1774255056.846,1291.574586883,546,1,happy,1,34.06509800015556,0.07445736229419708,0.7123571634292603,0.1730836033821106,0.040101755410432816
1774255056.892,1291.622252536,547,1,happy,1,32.76451600004293,0.04927928000688553,0.6478331685066223,0.2762804627418518,0.02660694345831871
1774255056.942,1291.672299982,548,1,happy,1,32.36297700004798,0.032107047736644745,0.7680964469909668,0.18247820436954498,0.017318127676844597
1774255056.992,1291.722788191,549,1,happy,1,31.800731999965137,0.02116655558347702,0.8092321157455444,0.1583108752965927,0.011290318332612514
1774255057.044,1291.773737625,550,1,happy,1,32.85381199998483,0.019168050959706306,0.8694559335708618,0.10393045097589493,0.007445401046425104
1774255057.095,1291.824364167,551,1,happy,1,32.98316499990506,0.13172855973243713,0.7656135559082031,0.08173923194408417,0.02091849222779274
1774255057.145,1291.874467298,552,1,happy,1,32.76773800007504,0.11828114837408066,0.7674963474273682,0.08452855050563812,0.02969379350543022
1774255057.196,1291.925239341,553,1,happy,1,33.56472500013297,0.14777836203575134,0.5700318813323975,0.22679802775382996,0.05539163202047348
1774255057.246,1291.975476733,554,1,happy,1,33.58818699985022,0.1902310848236084,0.49888789653778076,0.24745982885360718,0.0634210929274559
1774255057.351,1292.076622353,555,0,neutral,1,36.49505900011718,0.40565022826194763,0.33224818110466003,0.18993449211120605,0.0721670463681221
1774255057.414,1292.139105882,556,0,neutral,1,37.721343999919554,0.4883270561695099,0.2502170205116272,0.1520760953426361,0.10937979817390442
1774255057.460,1292.190101445,557,2,sad,1,32.970813000019916,0.33112388849258423,0.1628464311361313,0.4119340181350708,0.09409569203853607
1774255057.606,1292.33054742,558,2,sad,1,37.73541900000055,0.3680843114852905,0.1512187421321869,0.4192951023578644,0.06140181049704552
1774255057.708,1292.432252933,559,0,neutral,1,38.38683100002527,0.5144075751304626,0.16945353150367737,0.27618202567100525,0.039956871420145035
1774255057.772,1292.497218515,560,0,neutral,1,37.4726400000327,0.36730968952178955,0.16651546955108643,0.1859927922487259,0.28018203377723694
1774255057.818,1292.545237225,561,1,happy,1,35.404144000040105,0.24366475641727448,0.4529254734516144,0.12125492095947266,0.1821547895669937
1774255057.864,1292.591928648,562,1,happy,1,34.37971199991807,0.33869990706443787,0.34914320707321167,0.17575208842754364,0.13640473783016205
1774255057.912,1292.640339213,563,1,happy,1,34.299784000040745,0.28909584879875183,0.4843771457672119,0.1376693844795227,0.08885755389928818
1774255057.964,1292.690707938,564,1,happy,1,36.126222999882884,0.34710973501205444,0.4677225351333618,0.1273939311504364,0.057773783802986145
1774255058.011,1292.739678469,565,0,neutral,1,33.62189099993884,0.44816339015960693,0.405158668756485,0.10904086381196976,0.037637025117874146
1774255058.060,1292.787043581,566,1,happy,1,35.176419999970676,0.3165604770183563,0.3387144207954407,0.3202470541000366,0.024478014558553696
1774255058.107,1292.836481003,567,2,sad,1,32.73477399989133,0.20811942219734192,0.25756412744522095,0.5183943510055542,0.015922067686915398
1774255058.156,1292.886457206,568,2,sad,1,32.4553460000061,0.2234991490840912,0.3566187620162964,0.4094065725803375,0.010475468821823597
1774255058.207,1292.936635948,569,1,happy,1,32.8896819999045,0.2117890566587448,0.4693950414657593,0.31198856234550476,0.006827297620475292
1774255058.257,1292.987230766,570,1,happy,1,32.64136600000711,0.1867205798625946,0.41843628883361816,0.39037084579467773,0.004472203087061644
1774255058.308,1293.037804529,571,2,sad,1,32.67606999997952,0.2599247097969055,0.34055352210998535,0.396589994430542,0.002931663766503334
1774255058.358,1293.088161753,572,2,sad,1,32.78723700009323,0.1710623949766159,0.22155262529850006,0.5999189615249634,0.00746586499735713
1774255058.408,1293.139011962,573,2,sad,1,32.10339899987957,0.11167953908443451,0.14413949847221375,0.7391595244407654,0.0050213150680065155
1774255058.459,1293.188821646,574,2,sad,1,32.690551000087,0.08591464906930923,0.09402471780776978,0.8160157203674316,0.004044756293296814
1774255058.511,1293.238893183,575,2,sad,1,34.539970999958314,0.1079191267490387,0.2753252685070038,0.6140188574790955,0.002736559836193919
1774255058.560,1293.289308926,576,2,sad,1,33.31127799992828,0.09844980388879776,0.3280666470527649,0.5716933012008667,0.0017900178208947182
1774255058.612,1293.340991585,577,1,happy,1,33.83818900010738,0.0874323695898056,0.534213662147522,0.377188503742218,0.0011652924586087465
1774255058.662,1293.390903973,578,1,happy,1,33.60253900018506,0.1304975152015686,0.5975860953330994,0.2711063623428345,0.0008098951657302678
1774255058.712,1293.441331828,579,1,happy,1,33.17983199985974,0.12420883029699326,0.69069504737854,0.18456770479679108,0.0005282534984871745
1774255058.763,1293.4917307,580,1,happy,1,33.84102199993322,0.21606093645095825,0.6622498035430908,0.12134230136871338,0.00034680054523050785
1774255058.814,1293.542122554,581,1,happy,1,34.79528800016851,0.23780584335327148,0.6815003156661987,0.08045981079339981,0.00023390275600831956
1774255058.865,1293.592745429,582,1,happy,1,34.38567300008799,0.4092005491256714,0.5282109379768372,0.06240629404783249,0.00018211608403362334
1774255058.915,1293.643081801,583,0,neutral,1,34.4881369999257,0.47887787222862244,0.4656331539154053,0.055345311760902405,0.00014355072926264256
1774255058.965,1293.693608137,584,1,happy,1,34.210690999998405,0.38381969928741455,0.5090509653091431,0.09824632853269577,0.008882918395102024
1774255059.017,1293.744388698,585,0,neutral,1,34.97984399996312,0.5046228170394897,0.36966586112976074,0.11951211094856262,0.006199102848768234
1774255059.068,1293.795026905,586,2,sad,1,35.24816000003739,0.35043972730636597,0.24824753403663635,0.3859732151031494,0.015339399687945843
1774255059.172,1293.897182212,587,1,happy,1,37.482934000081514,0.2826935648918152,0.37105804681777954,0.3199365735054016,0.026311663910746574
1774255059.239,1293.962457035,588,1,happy,1,39.51991000008093,0.2600182890892029,0.38232195377349854,0.2892668843269348,0.06839273869991302
1774255059.323,1294.048645181,589,1,happy,1,37.35158099993896,0.3514677584171295,0.3524664640426636,0.2385779768228531,0.05748768150806427
1774255059.532,1294.250356149,590,1,happy,1,44.40107200002785,0.23844014108181,0.5686165690422058,0.15555749833583832,0.037385713309049606
1774255059.728,1294.452059303,591,1,happy,1,38.72977500009256,0.20117628574371338,0.5933974981307983,0.15882515907287598,0.04660094529390335
1774255059.832,1294.554484556,592,1,happy,1,39.97819200003505,0.1468629539012909,0.5497888326644897,0.25993943214416504,0.04340870678424835
1774255059.902,1294.62780208,593,1,happy,1,36.46177899986469,0.1803579032421112,0.4892478585243225,0.2787019908428192,0.051692135632038116
1774255059.984,1294.706631992,594,1,happy,1,40.39134200002081,0.2667925953865051,0.3424491584300995,0.33781152963638306,0.052946630865335464
1774255060.055,1294.777057682,595,1,happy,1,40.01098599997022,0.2531561553478241,0.49260038137435913,0.2198033630847931,0.034440021961927414
1774255060.105,1294.831669672,596,1,happy,1,36.29112899989195,0.2930186986923218,0.5413311719894409,0.1432308852672577,0.022419212386012077
1774255060.152,1294.878883133,597,1,happy,1,35.96883000000162,0.28570786118507385,0.5888144969940186,0.11029748618602753,0.015180078335106373
1774255060.198,1294.92561409,598,1,happy,1,34.92360099994585,0.2269248217344284,0.6809307932853699,0.08152855932712555,0.010615717619657516
1774255060.245,1294.972535049,599,1,happy,1,34.84647100003713,0.1663382351398468,0.7666889429092407,0.05934940651059151,0.007623273879289627
1774255060.291,1295.019710027,600,1,happy,1,33.917614000074536,0.1909673810005188,0.6283984184265137,0.1752900332212448,0.005344052333384752
1774255060.336,1295.066480596,601,1,happy,1,32.49217799998405,0.20163419842720032,0.6658362150192261,0.12864460051059723,0.003884859150275588
1774255060.387,1295.11333048,602,1,happy,1,36.13838699993721,0.374883770942688,0.528748095035553,0.09346722811460495,0.002900773426517844
1774255060.435,1295.163288644,603,0,neutral,1,33.83709400009138,0.5417049527168274,0.39275020360946655,0.06274410337209702,0.0028006446082144976
1774255060.484,1295.212322931,604,1,happy,1,33.92302099996414,0.36949506402015686,0.5856336951255798,0.04127971827983856,0.003591436892747879
1774255060.535,1295.26361777,605,1,happy,1,33.688315999825136,0.40133291482925415,0.5616239905357361,0.03307286649942398,0.003970164339989424
1774255060.585,1295.314167531,606,1,happy,1,33.33170099995186,0.434661328792572,0.5217990875244141,0.04010029137134552,0.003439225722104311
1774255060.636,1295.363967008,607,0,neutral,1,34.75365600002078,0.4764569401741028,0.4723070561885834,0.048527806997299194,0.002708147279918194
1774255060.685,1295.414089247,608,1,happy,1,33.71339000000262,0.4393337666988373,0.5038543343544006,0.054483912885189056,0.002327909227460623
1774255060.736,1295.465417587,609,1,happy,1,32.7252160000171,0.40539073944091797,0.5454391241073608,0.04694501683115959,0.0022249994799494743
1774255060.786,1295.515737586,610,1,happy,1,33.021107000195116,0.31711503863334656,0.6453889012336731,0.035597193986177444,0.0018987664952874184
1774255060.836,1295.566474477,611,1,happy,1,32.07576800014067,0.2218339741230011,0.752173900604248,0.024615321308374405,0.0013767421478405595
1774255060.887,1295.616892144,612,1,happy,1,32.783901999891896,0.15420544147491455,0.8245993256568909,0.019738003611564636,0.0014571440406143665
1774255060.937,1295.666392138,613,1,happy,1,32.7861060000032,0.14287498593330383,0.8271440267562866,0.02889407053589821,0.0010868491372093558
1774255060.987,1295.717275012,614,1,happy,1,32.519954999997935,0.1127273365855217,0.8589638471603394,0.027547674253582954,0.0007610793691128492
1774255061.038,1295.767917773,615,1,happy,1,32.90747599999122,0.11252705752849579,0.8548066020011902,0.03208698704838753,0.0005792940501123667
1774255061.088,1295.817911343,616,1,happy,1,32.71586399978332,0.10276352614164352,0.8491861820220947,0.047363605350255966,0.0006866120966151357
1774255061.139,1295.868613196,617,1,happy,1,32.80754899992644,0.07320711761713028,0.8890751600265503,0.03719739988446236,0.0005202933680266142
1774255061.190,1295.91872923,618,1,happy,1,33.484293999890724,0.05153116211295128,0.9229636788368225,0.02508801966905594,0.0004171465116087347
1774255061.239,1295.968905394,619,1,happy,1,32.35408299997289,0.035388607531785965,0.9479036331176758,0.016412267461419106,0.00029543982236646116
1774255061.290,1296.019599672,620,1,happy,1,32.81149400004324,0.02372126094996929,0.9653154015541077,0.01075652614235878,0.00020676577696576715
1774255061.339,1296.070199469,621,1,happy,1,31.63922699991417,0.015867924317717552,0.976730227470398,0.00717622647061944,0.00022559390345122665
1774255061.391,1296.120492374,622,1,happy,1,32.7003270001569,0.011942854151129723,0.9827518463134766,0.005061941687017679,0.00024334130284842104
1774255061.442,1296.171545748,623,1,happy,1,33.39455400009683,0.01173737645149231,0.984703540802002,0.0033544651232659817,0.00020462441898416728
1774255061.494,1296.222508362,624,1,happy,1,33.937574999981734,0.024071721360087395,0.9731886386871338,0.002512233331799507,0.00022741634165868163
1774255061.545,1296.273134344,625,1,happy,1,34.270225999989634,0.028806030750274658,0.9691876173019409,0.0018334707710891962,0.0001729076902847737
1774255061.595,1296.323818233,626,1,happy,1,33.78646399983154,0.03889358043670654,0.9595983028411865,0.0013584864791482687,0.0001496041368227452
1774255061.647,1296.374076213,627,1,happy,1,35.40021499998147,0.033542368561029434,0.9651669263839722,0.0011025432031601667,0.0001880979398265481
1774255061.699,1296.424766065,628,1,happy,1,36.90603999984887,0.027446068823337555,0.9710713624954224,0.001088260905817151,0.00039434662903659046
1774255061.749,1296.476401591,629,1,happy,1,35.67562400007773,0.01983797922730446,0.9790918827056885,0.0007499029161408544,0.0003202027000952512
1774255061.799,1296.526419365,630,1,happy,1,35.16674999991665,0.0227215513586998,0.97573322057724,0.0010500469943508506,0.0004951158189214766
1774255061.850,1296.57626612,631,1,happy,1,35.96812600017074,0.08900585770606995,0.907874345779419,0.0016236425144597888,0.0014960598200559616
1774255061.897,1296.62614606,632,1,happy,1,33.46194199980346,0.07593122869729996,0.9047339558601379,0.006890162825584412,0.012444562278687954
1774255061.947,1296.675648793,633,1,happy,1,33.65027800009557,0.09804046899080276,0.8781247138977051,0.013765955343842506,0.010068745352327824
1774255062.001,1296.72585368,634,1,happy,1,37.348431000054916,0.07476227730512619,0.8999640345573425,0.011530937626957893,0.013742635026574135
1774255062.051,1296.777290482,635,1,happy,1,36.47018400010893,0.04909412935376167,0.9331518411636353,0.007744103204458952,0.010009797289967537
1774255062.099,1296.828897654,636,1,happy,1,33.06756899996799,0.03804262727499008,0.9438777565956116,0.007685348857194185,0.01039416529238224
1774255062.149,1296.877985865,637,1,happy,1,33.81346299988763,0.05620288848876953,0.9244669675827026,0.00799888838082552,0.011331170797348022
1774255062.200,1296.927988268,638,1,happy,1,34.56783799992991,0.1186971664428711,0.8531779646873474,0.014112943783402443,0.014011859893798828
1774255062.250,1296.979003492,639,1,happy,1,33.920389000059004,0.10403955727815628,0.8753557205200195,0.010729985311627388,0.009874643757939339
1774255062.300,1297.029680232,640,1,happy,1,32.74577100000897,0.08445289731025696,0.90111243724823,0.007522112224251032,0.0069124335423111916
1774255062.351,1297.080838994,641,1,happy,1,32.52021399998739,0.07607271522283554,0.9136629104614258,0.005402674432843924,0.004861599300056696
1774255062.401,1297.131335159,642,1,happy,1,32.26819400015302,0.0758480578660965,0.9126731753349304,0.0047355713322758675,0.006743108853697777
1774255062.453,1297.182614404,643,1,happy,1,32.626657999799136,0.07254160940647125,0.9165744781494141,0.005202502943575382,0.005681318696588278
1774255062.503,1297.231967821,644,1,happy,1,33.44149700001253,0.15029732882976532,0.8169499635696411,0.027908215299248695,0.004844426643103361
1774255062.554,1297.2824263,645,1,happy,1,33.97572299991225,0.09865732491016388,0.8536118865013123,0.04032769054174423,0.007403063587844372
1774255062.603,1297.333157374,646,1,happy,1,32.217656000057104,0.06709234416484833,0.8273743391036987,0.08886325359344482,0.01667001284658909
1774255062.654,1297.382452624,647,1,happy,1,33.770165999840174,0.04812484234571457,0.8753149509429932,0.061526767909526825,0.015033393166959286
1774255062.702,1297.432612787,648,1,happy,1,31.811190000098577,0.03339346498250961,0.9093604683876038,0.04319414496421814,0.014051835983991623
1774255062.752,1297.483360509,649,1,happy,1,31.536428999970667,0.03295925259590149,0.8793760538101196,0.04256825149059296,0.04509636014699936
1774255062.803,1297.533770692,650,1,happy,1,31.881117000011727,0.023780185729265213,0.9046376347541809,0.031169362366199493,0.04041273891925812
1774255062.855,1297.584809194,651,1,happy,1,33.17223700014438,0.015597380697727203,0.9345355033874512,0.020843347534537315,0.029023675248026848
1774255062.906,1297.636066216,652,1,happy,1,32.531862000041656,0.012230494990944862,0.9473115801811218,0.014799579977989197,0.02565823495388031
1774255062.955,1297.685943581,653,1,happy,1,32.02734000001328,0.02874099463224411,0.91631019115448,0.020319469273090363,0.03462925925850868
1774255063.005,1297.736538691,654,1,happy,1,31.36824299986074,0.025934338569641113,0.90172278881073,0.019151218235492706,0.053191546350717545
1774255063.055,1297.786263554,655,1,happy,1,31.632521999881646,0.06758692860603333,0.7439922094345093,0.10991773754358292,0.07850301265716553
1774255063.108,1297.83662781,656,1,happy,1,33.79777700001796,0.0946456640958786,0.6890722513198853,0.14053133130073547,0.0757506787776947
1774255063.158,1297.887235345,657,1,happy,1,33.26577300003919,0.06311587989330292,0.7874315977096558,0.09653489291667938,0.05291757360100746
1774255063.207,1297.937576749,658,1,happy,1,32.503138000038234,0.05324743315577507,0.8382710814476013,0.06380356103181839,0.04467785358428955
1774255063.259,1297.988101783,659,1,happy,1,33.61333099996955,0.040834538638591766,0.887204110622406,0.041581738740205765,0.0303795263171196
1774255063.311,1298.038783467,660,1,happy,1,34.379965999960405,0.02924286387860775,0.9239563941955566,0.027040814980864525,0.01975981704890728
1774255063.360,1298.088716386,661,1,happy,1,33.47423800005345,0.02037413790822029,0.9492013454437256,0.017578301951289177,0.012846087105572224
1774255063.410,1298.139027882,662,1,happy,1,33.821110999952,0.02903147228062153,0.9511620998382568,0.011436223052442074,0.008370128460228443
1774255063.462,1298.189677621,663,1,happy,1,34.563615999786634,0.06946859508752823,0.9125363826751709,0.00823157373815775,0.009763291105628014
1774255063.512,1298.239665541,664,1,happy,1,34.572856000067986,0.15358708798885345,0.8343030214309692,0.005441905464977026,0.00666792131960392
1774255063.561,1298.290408003,665,1,happy,1,33.148643000004085,0.29054051637649536,0.6996590495109558,0.004360465798527002,0.005439888685941696
1774255063.612,1298.341659524,666,1,happy,1,33.00293799998144,0.2012387216091156,0.7922905683517456,0.0028519947081804276,0.003618667833507061
1774255063.661,1298.391532313,667,1,happy,1,32.25513699999283,0.1369495540857315,0.8587543964385986,0.001903408206999302,0.0023925984278321266
1774255063.712,1298.441933717,668,1,happy,1,32.701658999940264,0.09425004571676254,0.9026724100112915,0.0014348740223795176,0.001642602845095098
1774255063.762,1298.492165324,669,1,happy,1,32.90299299987964,0.06301403790712357,0.9346417188644409,0.001117274514399469,0.001226857420988381
1774255063.814,1298.543052768,670,1,happy,1,33.554423999930805,0.042442794889211655,0.9558342099189758,0.0008694085408933461,0.0008535300148651004
1774255063.865,1298.593817378,671,1,happy,1,34.2115759999615,0.030398383736610413,0.9684239625930786,0.0006058050785213709,0.0005718371830880642
1774255063.916,1298.644689211,672,1,happy,1,34.18377999992117,0.023835958912968636,0.9753751754760742,0.0004124838742427528,0.0003762861015275121
1774255063.966,1298.695443155,673,1,happy,1,33.00341999988632,0.017371561378240585,0.9820905923843384,0.0002819138753693551,0.0002557752304710448
1774255064.016,1298.74585967,674,1,happy,1,33.00593799986018,0.01250681933015585,0.9870866537094116,0.0002063416613964364,0.00020006264094263315
1774255064.066,1298.795663199,675,1,happy,1,33.229549999987285,0.009374781511723995,0.9899783134460449,0.00015908102795947343,0.00048776049516163766
1774255064.116,1298.845746359,676,1,happy,1,32.94554900003277,0.006103449035435915,0.9933797121047974,0.0001039285707520321,0.0004129073058720678
1774255064.167,1298.896614117,677,1,happy,1,32.51021200003379,0.003967407625168562,0.9956837892532349,6.75801929901354e-05,0.0002811940503306687
1774255064.217,1298.94652635,678,1,happy,1,32.943918999990274,0.002580942353233695,0.9967897534370422,4.440162592800334e-05,0.0005848596338182688
1774255064.267,1298.997484516,679,1,happy,1,32.40545199992084,0.0016873613931238651,0.9914975166320801,3.6242934584151953e-05,0.0067788646556437016
1774255064.318,1299.048349885,680,1,happy,1,32.03680199999326,0.0014966496964916587,0.9927942752838135,6.239197682589293e-05,0.005646640434861183
1774255064.368,1299.098681973,681,1,happy,1,31.612187999826347,0.0011284174397587776,0.9920923709869385,0.00010465375817148015,0.006674467120319605
1774255064.418,1299.149201617,682,1,happy,1,31.825597000079142,0.002435175934806466,0.9880619049072266,0.0014647567877545953,0.008038095198571682
1774255064.469,1299.19963765,683,1,happy,1,32.450137999830986,0.002371094422414899,0.982336163520813,0.0059708356857299805,0.009321816265583038
1774255064.519,1299.249768422,684,1,happy,1,31.842762999986007,0.16544611752033234,0.8213136196136475,0.005530306603759527,0.00770992087200284
1774255064.569,1299.300213195,685,1,happy,1,31.89324499999202,0.12052673101425171,0.8705374002456665,0.003819902427494526,0.005115947220474482
1774255064.628,1299.351621457,686,1,happy,1,38.69549299997743,0.09915515780448914,0.8949776887893677,0.002540042158216238,0.0033271086867898703
1774255064.680,1299.404522765,687,1,happy,1,38.347176000115724,0.2300753891468048,0.7651688456535339,0.002583172405138612,0.0021726025734096766
1774255064.725,1299.455561042,688,1,happy,1,32.404674999952476,0.16733801364898682,0.8204177618026733,0.010800193063914776,0.0014440204249694943
1774255064.772,1299.502903721,689,1,happy,1,31.882838000001357,0.11868800222873688,0.8730368614196777,0.007103247102349997,0.0011718801688402891
1774255064.823,1299.553494607,690,1,happy,1,31.91413400008969,0.07751680910587311,0.917059063911438,0.004624649882316589,0.0007994890329428017
1774255064.874,1299.604201271,691,1,happy,1,31.998005000104968,0.1256140172481537,0.8685510158538818,0.004797510337084532,0.0010374435223639011
1774255064.924,1299.654177875,692,1,happy,1,32.56300900011411,0.08653190732002258,0.9084964990615845,0.0032217681873589754,0.0017497618682682514
1774255064.975,1299.70464913,693,1,happy,1,32.06969100006063,0.060494136065244675,0.93440842628479,0.002907251939177513,0.0021901512518525124
1774255065.025,1299.754537493,694,1,happy,1,33.36767999985568,0.045830924063920975,0.9430649280548096,0.002697589574381709,0.008406445384025574
1774255065.075,1299.804651745,695,1,happy,1,32.65636099990843,0.07577630877494812,0.9033417701721191,0.010347701609134674,0.010534093715250492
1774255065.127,1299.855976116,696,1,happy,1,33.27151300004516,0.09562208503484726,0.8776696920394897,0.008217090740799904,0.01849099062383175
1774255065.177,1299.906174591,697,1,happy,1,33.677477999844996,0.2613321542739868,0.6561921834945679,0.040769536048173904,0.04170603305101395
1774255065.227,1299.956711734,698,1,happy,1,32.75226899995687,0.2491181194782257,0.6935980319976807,0.02905791625380516,0.02822582982480526
1774255065.280,1300.007143895,699,1,happy,1,35.471861000132776,0.18374113738536835,0.7590893507003784,0.03574873507022858,0.0214206725358963
1774255065.328,1300.058080986,700,1,happy,1,32.63784199998554,0.13956570625305176,0.8191570043563843,0.024871014058589935,0.016406137496232986
1774255065.379,1300.108207645,701,1,happy,1,33.71984899990821,0.09107217192649841,0.8820556998252869,0.01616903394460678,0.01070299744606018
1774255065.429,1300.159106217,702,1,happy,1,32.68785999989632,0.05941741541028023,0.9230271577835083,0.010525260120630264,0.007030018605291843
1774255065.479,1300.209265839,703,1,happy,1,32.68713900001785,0.03941553831100464,0.9491462707519531,0.006847664713859558,0.004590420518070459
1774255065.530,1300.260047503,704,1,happy,1,32.9092510000919,0.02717084065079689,0.9320306181907654,0.00575903570279479,0.03503933548927307
1774255065.580,1300.310492701,705,1,happy,1,32.489434000126494,0.020808935165405273,0.9525343775749207,0.0037508439272642136,0.022905679419636726
1774255065.631,1300.361560459,706,1,happy,1,32.0893390000947,0.022149723023176193,0.9604306817054749,0.0024494226090610027,0.014970006421208382
1774255065.682,1300.411873249,707,1,happy,1,32.516711999960535,0.017261724919080734,0.9711435437202454,0.0015995146241039038,0.009995040483772755
1774255065.734,1300.463245676,708,1,happy,1,33.56101500003206,0.05737016722559929,0.8817811608314514,0.0018383900169283152,0.05901012942194939
1774255065.783,1300.513293039,709,1,happy,1,32.05111500005842,0.24335205554962158,0.6983052492141724,0.009747210890054703,0.04859535023570061
1774255065.833,1300.564371574,710,1,happy,1,31.744762000016635,0.23979300260543823,0.6975087523460388,0.027085967361927032,0.03561214730143547
1774255065.884,1300.615272016,711,1,happy,1,31.712817999959952,0.1936841607093811,0.7551313638687134,0.022622786462306976,0.028561584651470184
1774255065.937,1300.66624007,712,1,happy,1,33.35301300012361,0.4143419563770294,0.5483746528625488,0.01724804751574993,0.020035233348608017
1774255065.986,1300.715746133,713,0,neutral,1,32.554581999875154,0.4996430277824402,0.45750105381011963,0.024515409022569656,0.018340449780225754
1774255066.035,1300.765750939,714,0,neutral,1,31.562445999952615,0.3643872141838074,0.29972514510154724,0.22170564532279968,0.11418189108371735
1774255066.085,1300.815967821,715,0,neutral,1,32.01033699997424,0.33141592144966125,0.20766444504261017,0.31562137603759766,0.14529818296432495
1774255066.137,1300.867274246,716,2,sad,1,32.06842999998116,0.2732852101325989,0.13666653633117676,0.4370044469833374,0.1530437171459198
1774255066.187,1300.917649017,717,2,sad,1,32.46783999998115,0.22195807099342346,0.09967084974050522,0.5728629231452942,0.10550804436206818
1774255066.237,1300.967959083,718,2,sad,1,31.83174399987365,0.15561862289905548,0.10224335640668869,0.6513018012046814,0.09083607792854309
1774255066.287,1301.01775398,719,2,sad,1,31.881040000143912,0.1155012845993042,0.20937833189964294,0.6044203042984009,0.07069999724626541
1774255066.341,1301.068876978,720,2,sad,1,34.76083700002164,0.09737430512905121,0.3601965308189392,0.48605480790138245,0.056374289095401764
1774255066.388,1301.119182378,721,2,sad,1,31.57888999999159,0.13144180178642273,0.38835203647613525,0.4295240342617035,0.050682052969932556
1774255066.440,1301.169361037,722,2,sad,1,32.79987899986736,0.09760598838329315,0.30413150787353516,0.5470497608184814,0.05121265724301338
1774255066.491,1301.219504177,723,2,sad,1,34.19355400001223,0.07668839395046234,0.2048041820526123,0.6667448878288269,0.05176243931055069
1774255066.540,1301.27032708,724,2,sad,1,32.629860000042754,0.07806765288114548,0.20776520669460297,0.6644132733345032,0.04975378140807152
1774255066.589,1301.320461738,725,2,sad,1,31.56457499994758,0.08248086273670197,0.30064529180526733,0.5644685626029968,0.05240520089864731
1774255066.640,1301.370619341,726,1,happy,1,32.007595999857585,0.08500956743955612,0.46355438232421875,0.40415823459625244,0.04727775976061821
1774255066.692,1301.421643412,727,2,sad,1,32.68250899986924,0.1410721391439438,0.3493254780769348,0.4603617787361145,0.04924054443836212
1774255066.742,1301.471556903,728,2,sad,1,33.196658999941064,0.18365085124969482,0.3261594772338867,0.4375429153442383,0.052646711468696594
1774255066.792,1301.521613227,729,2,sad,1,32.943806000048426,0.16437563300132751,0.2860899269580841,0.4680279493331909,0.08150643110275269
1774255066.842,1301.571611347,730,2,sad,1,33.005028999923525,0.1236410140991211,0.23524555563926697,0.5409537553787231,0.10015961527824402
1774255066.892,1301.622263361,731,2,sad,1,32.2861350000494,0.08356065303087234,0.16314555704593658,0.6468750834465027,0.106418676674366
1774255066.944,1301.672761114,732,2,sad,1,33.58012500007135,0.05617837235331535,0.10847897082567215,0.747606635093689,0.08773595839738846
1774255066.992,1301.722742568,733,2,sad,1,32.15378200002306,0.04110347107052803,0.09887394309043884,0.7819544076919556,0.07806812226772308
1774255067.043,1301.7735611,734,2,sad,1,31.782575999841356,0.031025851145386696,0.20604857802391052,0.6895619630813599,0.0733635351061821
1774255067.094,1301.823468349,735,2,sad,1,32.87865700008297,0.02497958578169346,0.2024851143360138,0.7109534740447998,0.06158173084259033
1774255067.144,1301.873651728,736,2,sad,1,33.306216000028144,0.01863262429833412,0.2076132744550705,0.7101540565490723,0.06359997391700745
1774255067.196,1301.924209203,737,2,sad,1,34.2056650001723,0.013619426637887955,0.16503292322158813,0.7688033580780029,0.052544232457876205
1774255067.246,1301.974228711,738,2,sad,1,34.21918399999413,0.01798374392092228,0.14584758877754211,0.7782448530197144,0.05792376026511192
1774255067.295,1302.024108571,739,2,sad,1,33.92812600009165,0.012572322972118855,0.14621880650520325,0.796789288520813,0.04441950470209122
1774255067.346,1302.07475649,740,2,sad,1,33.88570099991739,0.011767416261136532,0.40408140420913696,0.5545797348022461,0.02957143820822239
1774255067.396,1302.125009019,741,1,happy,1,34.0366080001786,0.018029777333140373,0.5908069014549255,0.37161514163017273,0.019548170268535614
1774255067.448,1302.17607496,742,1,happy,1,34.1280159998405,0.06421716511249542,0.5745943784713745,0.34398502111434937,0.017203427851200104
1774255067.500,1302.227185216,743,1,happy,1,35.167116000138776,0.06290670484304428,0.6480258703231812,0.27651214599609375,0.012555241584777832
1774255067.549,1302.277154557,744,1,happy,1,34.161035000124684,0.05143202096223831,0.7020391225814819,0.23636214435100555,0.010166588239371777
1774255067.600,1302.327431622,745,1,happy,1,34.76163200002702,0.03823879733681679,0.7098976373672485,0.24275800585746765,0.009105430915951729
1774255067.647,1302.377299204,746,1,happy,1,32.70035899981849,0.02683377079665661,0.7750162482261658,0.191244438290596,0.0069054290652275085
1774255067.700,1302.428059828,747,1,happy,1,34.07005300005039,0.023928606882691383,0.7377450466156006,0.22923466563224792,0.009091498330235481
1774255067.750,1302.479108843,748,1,happy,1,33.755829000028825,0.04278209060430527,0.7667199373245239,0.18063858151435852,0.0098592359572649
1774255067.801,1302.529863411,749,1,happy,1,33.25593700014906,0.03984836861491203,0.7488857507705688,0.2004614770412445,0.010804310441017151
1774255067.851,1302.580640017,750,1,happy,1,32.874063999997816,0.03103870153427124,0.7021558880805969,0.2497469186782837,0.017058417201042175
1774255067.901,1302.630415542,751,1,happy,1,33.690403000036895,0.026942560449242592,0.5977919697761536,0.35383039712905884,0.021434973925352097
1774255067.952,1302.681047462,752,1,happy,1,33.88723700004448,0.026021596044301987,0.5840610861778259,0.364255428314209,0.02566177397966385
1774255068.002,1302.731210952,753,1,happy,1,32.85582399985287,0.0217729639261961,0.539753794670105,0.40616053342819214,0.032312553375959396
1774255068.052,1302.781510407,754,2,sad,1,32.84646999986762,0.017268599942326546,0.41977643966674805,0.52923983335495,0.033714983612298965
1774255068.102,1302.832134677,755,2,sad,1,32.64802499984398,0.02053949236869812,0.46476784348487854,0.48842960596084595,0.026262935250997543
1774255068.152,1302.882900022,756,1,happy,1,31.89876099986577,0.02397962100803852,0.6162013411521912,0.34130197763442993,0.018516965210437775
1774255068.202,1302.932479749,757,1,happy,1,32.16215099996589,0.022865120321512222,0.6868737936019897,0.2737312912940979,0.01652965322136879
1774255068.254,1302.98425399,758,1,happy,1,32.81015499987916,0.06300709396600723,0.542295515537262,0.3766706585884094,0.01802663505077362
1774255068.304,1303.034371757,759,1,happy,1,32.40050400017935,0.07646529376506805,0.610967755317688,0.29376745223999023,0.018799377605319023
1774255068.355,1303.085296381,760,1,happy,1,32.531820000031075,0.06802395731210709,0.6738786697387695,0.24092212319374084,0.017175164073705673
1774255068.406,1303.136091948,761,1,happy,1,32.60572899989711,0.12361778318881989,0.5863662362098694,0.26547008752822876,0.024545803666114807
1774255068.459,1303.186909201,762,1,happy,1,34.51264800014542,0.19783255457878113,0.49930089712142944,0.28138625621795654,0.021480228751897812
1774255068.508,1303.237745918,763,1,happy,1,32.88823000002594,0.28492504358291626,0.3982452154159546,0.2850361764431,0.03179348260164261
1774255068.559,1303.28832628,764,0,neutral,1,32.996471999922505,0.33135664463043213,0.2764070928096771,0.3298131227493286,0.06242310255765915
1774255068.610,1303.338948587,765,2,sad,1,33.9764779998859,0.3694579601287842,0.18853339552879333,0.3784955143928528,0.06351303309202194
1774255068.659,1303.389088855,766,2,sad,1,32.20454000006612,0.39836156368255615,0.13643261790275574,0.4000580310821533,0.06514768302440643
1774255068.709,1303.439384993,767,0,neutral,1,32.262930000115375,0.4181881844997406,0.13347235321998596,0.3834186792373657,0.06492067873477936
1774255068.761,1303.490011171,768,2,sad,1,33.35576999984369,0.410364031791687,0.0942067801952362,0.43447452783584595,0.060954563319683075
1774255068.812,1303.540849665,769,2,sad,1,33.90290299989829,0.4160242974758148,0.07791923731565475,0.4163746237754822,0.08968174457550049
1774255068.862,1303.591370786,770,2,sad,1,33.59529099998326,0.408232718706131,0.061571426689624786,0.45110800862312317,0.0790877491235733
1774255068.912,1303.64157735,771,2,sad,1,33.03458300001694,0.402166485786438,0.0722789466381073,0.4473533034324646,0.07820117473602295
1774255068.963,1303.692270788,772,2,sad,1,33.4859189999861,0.3757781982421875,0.0625857561826706,0.44584134221076965,0.11579464375972748
1774255069.014,1303.743003892,773,2,sad,1,33.253603000048315,0.32381266355514526,0.09201972186565399,0.47195523977279663,0.11221228539943695
1774255069.064,1303.793669958,774,2,sad,1,32.95469299996512,0.30139344930648804,0.11275017261505127,0.47919511795043945,0.10666116327047348
1774255069.115,1303.84452884,775,2,sad,1,32.85613699995338,0.3133731484413147,0.10166274011135101,0.4907020330429077,0.09426195174455643
1774255069.168,1303.894962071,776,2,sad,1,35.43165299993234,0.21001820266246796,0.06693204492330551,0.5797168016433716,0.14333288371562958
1774255069.218,1303.945010929,777,2,sad,1,35.22681899994495,0.14690744876861572,0.04378964379429817,0.6410811543464661,0.16822168231010437
1774255069.267,1303.996090442,778,2,sad,1,33.49356700005046,0.11263936012983322,0.03082410991191864,0.7058613300323486,0.15067513287067413
1774255069.319,1304.046373635,779,2,sad,1,34.797741999909704,0.18129056692123413,0.0469500869512558,0.655913233757019,0.11584607511758804
1774255069.368,1304.098199005,780,2,sad,1,32.54444899994269,0.28294095396995544,0.060527950525283813,0.563962459564209,0.09256862103939056
1774255069.419,1304.148945719,781,2,sad,1,32.51387499994962,0.310459703207016,0.05648455023765564,0.5583678483963013,0.07468783855438232
1774255069.470,1304.199339413,782,2,sad,1,33.05424900008802,0.3617438077926636,0.07172538340091705,0.5080467462539673,0.058483947068452835
1774255069.519,1304.249382512,783,2,sad,1,32.01057499995841,0.3012378215789795,0.05083291605114937,0.5487659573554993,0.09916319698095322
1774255069.570,1304.29999341,784,2,sad,1,32.51133799994932,0.26990845799446106,0.050129301846027374,0.5854503512382507,0.09451177716255188
1774255069.620,1304.350697217,785,2,sad,1,32.26559599988832,0.24333396553993225,0.036013972014188766,0.5906346440315247,0.13001734018325806
1774255069.671,1304.401310912,786,2,sad,1,32.698690999950486,0.2724374830722809,0.11806607246398926,0.5140282511711121,0.09546812623739243
1774255069.729,1304.45234048,787,2,sad,1,38.80458200001158,0.27427589893341064,0.09678606688976288,0.5118818879127502,0.11705608665943146
1774255069.783,1304.506237104,788,2,sad,1,39.04117599995516,0.24541133642196655,0.11103200912475586,0.5398975014686584,0.10365906357765198
1774255069.831,1304.559474297,789,2,sad,1,34.056700000064666,0.17185784876346588,0.09503555297851562,0.6485278606414795,0.08457860350608826
1774255069.880,1304.607962812,790,2,sad,1,34.27512700000079,0.13248692452907562,0.10489363223314285,0.687061607837677,0.07555772364139557
1774255069.928,1304.656707736,791,2,sad,1,34.23966399986966,0.10738249868154526,0.13183975219726562,0.6990499496459961,0.06172773241996765
1774255069.976,1304.70505475,792,2,sad,1,33.48160299992742,0.08607125282287598,0.15762102603912354,0.679510235786438,0.07679742574691772
1774255070.026,1304.755404165,793,2,sad,1,33.46810299990466,0.06520302593708038,0.1096009761095047,0.7298768758773804,0.09531905502080917
1774255070.077,1304.805182373,794,2,sad,1,34.02719900009288,0.0450858399271965,0.07322704792022705,0.7119489312171936,0.16973814368247986
1774255070.125,1304.855318749,795,2,sad,1,32.015297000043574,0.030145535245537758,0.04959747940301895,0.7819525003433228,0.1383044719696045
1774255070.177,1304.905948091,796,2,sad,1,33.51432499994189,0.025199830532073975,0.03870304301381111,0.8097749352455139,0.1263221651315689
1774255070.227,1304.956208968,797,2,sad,1,33.74145599991607,0.02157222293317318,0.03724326938390732,0.8482424020767212,0.09294204413890839
1774255070.278,1305.006476308,798,2,sad,1,34.32296000005408,0.016278039664030075,0.03328417241573334,0.8781059980392456,0.07233177125453949
1774255070.329,1305.057377411,799,2,sad,1,34.719054999868604,0.012518026866018772,0.03406020253896713,0.8859139680862427,0.06750783324241638
1774255070.379,1305.107612732,800,2,sad,1,33.81695699999909,0.010156776756048203,0.035057585686445236,0.872658371925354,0.08212723582983017
1774255070.430,1305.158301426,801,2,sad,1,34.18207100003201,0.012142302468419075,0.04838806390762329,0.8493409156799316,0.09012863039970398
1774255070.479,1305.207986281,802,2,sad,1,34.0477549998468,0.017211146652698517,0.05554058402776718,0.8251492381095886,0.10209894180297852
1774255070.530,1305.258429363,803,2,sad,1,34.435071999951106,0.023768968880176544,0.04751037806272507,0.8403074145317078,0.08841313421726227
1774255070.580,1305.308639665,804,2,sad,1,33.75390099995457,0.046916525810956955,0.06513786315917969,0.7967593669891357,0.09118615090847015
1774255070.631,1305.359613528,805,2,sad,1,34.34272000004057,0.03944931551814079,0.06014079600572586,0.8032888770103455,0.09712089598178864
1774255070.681,1305.409712552,806,2,sad,1,33.77862399997866,0.03987354040145874,0.061228204518556595,0.7534016966819763,0.14549648761749268
1774255070.733,1305.460113949,807,2,sad,1,35.95845199993164,0.03376571089029312,0.05768465995788574,0.7772877812385559,0.13126176595687866
1774255070.784,1305.510982607,808,2,sad,1,35.319300000082876,0.03147995471954346,0.05402003601193428,0.7843672037124634,0.1301327645778656
1774255070.833,1305.560901501,809,2,sad,1,34.744998999940435,0.02416716329753399,0.052322737872600555,0.8309270143508911,0.09258304536342621
1774255070.883,1305.612265718,810,2,sad,1,33.689623000100255,0.03967161476612091,0.09204789996147156,0.7882009148597717,0.08007951080799103
1774255070.933,1305.662272093,811,2,sad,1,33.64171499993063,0.044853195548057556,0.12369129061698914,0.7505801916122437,0.08087527751922607
1774255070.985,1305.71366744,812,2,sad,1,33.58469599993441,0.06530638039112091,0.13696210086345673,0.7099733352661133,0.0877581238746643
1774255071.035,1305.764405968,813,2,sad,1,33.4055470000294,0.04467061907052994,0.09983070194721222,0.7866044044494629,0.06889421492815018
1774255071.085,1305.815012809,814,2,sad,1,32.85713599984774,0.049528226256370544,0.10363226383924484,0.7753598690032959,0.07147958129644394
1774255071.136,1305.865775225,815,2,sad,1,32.53857799995785,0.06597371399402618,0.12068291753530502,0.7386767268180847,0.0746665820479393
1774255071.187,1305.915884989,816,2,sad,1,33.581195999886404,0.07827767729759216,0.1644878387451172,0.6849011182785034,0.07233332842588425
1774255071.238,1305.967781505,817,2,sad,1,32.550133000086134,0.06090300902724266,0.11783136427402496,0.7545024156570435,0.06676314026117325
1774255071.287,1306.017520914,818,2,sad,1,31.74751799997466,0.08087575435638428,0.17973926663398743,0.6632916927337646,0.07609313726425171
1774255071.337,1306.067947273,819,2,sad,1,32.00022199985142,0.07720527797937393,0.13566958904266357,0.6988900899887085,0.08823493868112564
1774255071.388,1306.118346131,820,2,sad,1,32.32081700002709,0.08273100107908249,0.13128936290740967,0.6943262815475464,0.09165327996015549
1774255071.439,1306.169118232,821,2,sad,1,32.39824399997815,0.10509368777275085,0.15757572650909424,0.6566605567932129,0.08066995441913605
1774255071.492,1306.220024149,822,2,sad,1,34.94901900012337,0.09134747087955475,0.11816319823265076,0.7305692434310913,0.0599200502038002
1774255071.540,1306.270375507,823,2,sad,1,31.982463000076677,0.10269225388765335,0.13601160049438477,0.6853764057159424,0.07591967284679413
1774255071.591,1306.320741384,824,2,sad,1,32.77069000000665,0.10318122804164886,0.11948689818382263,0.7041401863098145,0.07319159060716629
1774255071.641,1306.370992019,825,2,sad,1,32.925654000109716,0.08881659805774689,0.12438173592090607,0.7017838954925537,0.08501772582530975
1774255071.697,1306.422051233,826,2,sad,1,37.94727900003636,0.07915351539850235,0.10384360700845718,0.7403081655502319,0.07669467478990555
1774255071.745,1306.473739729,827,2,sad,1,33.92990099996496,0.07805811613798141,0.10333286225795746,0.7390556335449219,0.07955330610275269
1774255071.796,1306.523291378,828,2,sad,1,34.957166999902256,0.06994478404521942,0.08484040945768356,0.7670579552650452,0.07815676927566528
1774255071.845,1306.574021942,829,2,sad,1,33.99558700016314,0.07074195891618729,0.07174746692180634,0.7864999175071716,0.07101057469844818
1774255071.896,1306.625119527,830,2,sad,1,33.76812200008317,0.0587528832256794,0.060707807540893555,0.7939277291297913,0.08661152422428131
1774255071.948,1306.675423384,831,2,sad,1,34.816426000134015,0.04065090790390968,0.04223452880978584,0.8290159702301025,0.08809857070446014
1774255071.999,1306.726366394,832,2,sad,1,35.4864109999653,0.03275012969970703,0.0338512621819973,0.8580395579338074,0.07535901665687561
1774255072.049,1306.7767329,833,2,sad,1,34.99446299997544,0.09120268374681473,0.0713297426700592,0.7773996591567993,0.06006785109639168
1774255072.100,1306.827499445,834,2,sad,1,35.42896499993731,0.12947465479373932,0.08387148380279541,0.7285163402557373,0.05813746154308319
1774255072.151,1306.877631689,835,2,sad,1,35.548022000057244,0.09953933209180832,0.06794293969869614,0.7728460431098938,0.05967159569263458
1774255072.201,1306.928392345,836,2,sad,1,35.52902199999153,0.07796904444694519,0.052051812410354614,0.8052867650985718,0.06469224393367767
1774255072.251,1306.979652763,837,2,sad,1,33.686898999803816,0.07687583565711975,0.07080404460430145,0.7506370544433594,0.10168296098709106
1774255072.300,1307.028848001,838,2,sad,1,33.7968810001712,0.08679928630590439,0.09814976900815964,0.6977016925811768,0.11734916269779205
1774255072.352,1307.079065653,839,2,sad,1,35.425335999889285,0.07331862300634384,0.08039654791355133,0.7238936424255371,0.12239110469818115
1774255072.401,1307.13020346,840,2,sad,1,33.39356299989049,0.05259694904088974,0.05537440627813339,0.7819803953170776,0.11004818230867386
1774255072.451,1307.180398704,841,2,sad,1,32.7675599999111,0.12296600639820099,0.10211774706840515,0.6778115034103394,0.09710472077131271
1774255072.502,1307.231195045,842,2,sad,1,33.59647299998869,0.10774070024490356,0.08617472648620605,0.7070633172988892,0.09902122616767883
1774255072.556,1307.282207647,843,2,sad,1,36.48684300014793,0.1355632245540619,0.12073614448308945,0.655389130115509,0.08831146359443665
1774255072.604,1307.332922858,844,2,sad,1,33.49837899986596,0.1195419579744339,0.1079435870051384,0.667762279510498,0.10475212335586548
1774255072.654,1307.382981046,845,2,sad,1,34.00808700007474,0.15042340755462646,0.1642713099718094,0.5846985578536987,0.10060665011405945
1774255072.703,1307.43345257,846,2,sad,1,32.23987199999101,0.15812130272388458,0.22515666484832764,0.5271970629692078,0.08952488750219345
1774255072.755,1307.483820168,847,2,sad,1,33.58834300001945,0.12897337973117828,0.16710039973258972,0.6029075980186462,0.10101853311061859
1774255072.803,1307.533571854,848,2,sad,1,32.17572299990934,0.1086602583527565,0.12492625415325165,0.668216347694397,0.09819704294204712
1774255072.854,1307.584792309,849,2,sad,1,32.259113000009165,0.11233893036842346,0.10868701338768005,0.6871694326400757,0.09180456399917603
1774255072.905,1307.635345482,850,2,sad,1,32.76280099998985,0.07986673712730408,0.0755360797047615,0.7685470581054688,0.07605002075433731
1774255072.956,1307.686088971,851,2,sad,1,33.004691000087405,0.0665142610669136,0.06650195270776749,0.7986248135566711,0.06835891306400299
1774255073.008,1307.736808182,852,2,sad,1,33.82988099997419,0.05959361791610718,0.051796406507492065,0.8080034255981445,0.08060647547245026
1774255073.057,1307.787276409,853,2,sad,1,32.40181699993627,0.04582061246037483,0.04154948517680168,0.8161329030990601,0.09649695456027985
1774255073.108,1307.837388671,854,2,sad,1,33.04100499985907,0.0358443483710289,0.03734412416815758,0.8212262392044067,0.10558521747589111
1774255073.160,1307.887340932,855,2,sad,1,35.28746400002092,0.06583807617425919,0.061302073299884796,0.7641431093215942,0.10871663689613342
1774255073.212,1307.938522274,856,2,sad,1,36.012728000059724,0.06358464062213898,0.061700545251369476,0.7700490355491638,0.10466568171977997
1774255073.261,1307.989310521,857,2,sad,1,34.11256799995499,0.05132288485765457,0.058511458337306976,0.8031873106956482,0.0869782567024231
1774255073.310,1308.039155115,858,2,sad,1,33.70119399983196,0.039430078119039536,0.04720962047576904,0.8377169370651245,0.07564332336187363
1774255073.363,1308.089652601,859,2,sad,1,36.38578600020992,0.030814234167337418,0.03637068346142769,0.8739290833473206,0.05888591706752777
1774255073.411,1308.14024668,860,2,sad,1,33.30598899992765,0.03268013894557953,0.03565152734518051,0.8749969005584717,0.05667140334844589
1774255073.461,1308.19006507,861,2,sad,1,33.785565000016504,0.023322075605392456,0.026296373456716537,0.9016547799110413,0.048726700246334076
1774255073.511,1308.2405135,862,2,sad,1,33.589046000088274,0.02148941159248352,0.022926297038793564,0.9127621650695801,0.04282213747501373
1774255073.562,1308.291128487,863,2,sad,1,33.022061000110625,0.01648551970720291,0.01912645809352398,0.9245167970657349,0.03987119346857071
1774255073.617,1308.341859308,864,2,sad,1,37.20158800001627,0.016401151195168495,0.017434462904930115,0.9247063398361206,0.04145802929997444
1774255073.664,1308.392936428,865,2,sad,1,33.961733000069216,0.016395319253206253,0.030773820355534554,0.904755711555481,0.04807508364319801
1774255073.717,1308.443108597,866,2,sad,1,36.011449999932665,0.0688161849975586,0.0809883326292038,0.8075679540634155,0.04262751713395119
1774255073.766,1308.493160858,867,2,sad,1,35.5630960000326,0.10231815278530121,0.11260330677032471,0.7486951351165771,0.03638334572315216
1774255073.814,1308.543023544,868,2,sad,1,33.79934399981721,0.10160169005393982,0.13446757197380066,0.7342261672019958,0.02970448136329651
1774255073.866,1308.594029275,869,2,sad,1,34.607774000050995,0.06893137097358704,0.11974646151065826,0.7889407873153687,0.022381331771612167
1774255073.917,1308.644388112,870,2,sad,1,34.78729400012526,0.04818533733487129,0.10298054665327072,0.8323527574539185,0.01648123934864998
1774255073.967,1308.694763968,871,2,sad,1,34.51975500001936,0.034421712160110474,0.2021152377128601,0.7479726076126099,0.01549032423645258
1774255074.017,1308.744995137,872,2,sad,1,34.46632899999713,0.025864729657769203,0.28387510776519775,0.6760143637657166,0.014245698228478432
1774255074.069,1308.795537605,873,2,sad,1,35.80663299999287,0.021796099841594696,0.4313056468963623,0.5331079363822937,0.013790220022201538
1774255074.117,1308.846253628,874,2,sad,1,33.403118999785875,0.016960131004452705,0.43161696195602417,0.5363188982009888,0.015103904530405998
1774255074.167,1308.89642213,875,2,sad,1,33.53639700003441,0.012255413457751274,0.3217328190803528,0.6225538849830627,0.04345780983567238
1774255074.218,1308.947553879,876,2,sad,1,33.172505000038655,0.010385148227214813,0.25126370787620544,0.6877801418304443,0.05057092010974884
1774255074.268,1308.997590472,877,2,sad,1,32.892744000037055,0.007737123407423496,0.37002015113830566,0.5802319049835205,0.042010754346847534
1774255074.318,1309.04844983,878,2,sad,1,32.40988900006414,0.006238100118935108,0.4134765863418579,0.5256284475326538,0.05465677008032799
1774255074.370,1309.098855351,879,2,sad,1,33.57810099987546,0.005410843063145876,0.32705992460250854,0.6239850521087646,0.04354405403137207
1774255074.419,1309.149712061,880,2,sad,1,32.088517000147476,0.004896227270364761,0.3192831873893738,0.6277044415473938,0.048116039484739304
1774255074.470,1309.199338541,881,2,sad,1,33.476136999979644,0.007523713167756796,0.3573996126651764,0.585943877696991,0.049132682383060455
1774255074.522,1309.250081676,882,2,sad,1,34.42688299992369,0.007171133067458868,0.31198567152023315,0.6347736120223999,0.04606948047876358
1774255074.571,1309.300795718,883,2,sad,1,32.84467000003133,0.006828775629401207,0.2712065875530243,0.6268513202667236,0.09511323273181915
1774255074.622,1309.351539593,884,2,sad,1,33.34974799986412,0.007229746785014868,0.3023548126220703,0.5998982191085815,0.0905170813202858
1774255074.671,1309.401718095,885,2,sad,1,32.03851700004634,0.006757058668881655,0.2814604938030243,0.6479537487030029,0.06382861733436584
1774255074.723,1309.452307044,886,2,sad,1,32.99352299995917,0.006174164824187756,0.2390451729297638,0.6887427568435669,0.0660378485918045
1774255074.775,1309.503019234,887,2,sad,1,34.55751399997098,0.006533122155815363,0.3888806104660034,0.5362913608551025,0.06829486787319183
1774255074.831,1309.554482688,888,2,sad,1,39.27778499996748,0.005817493889480829,0.31842780113220215,0.5827383399009705,0.09301633387804031
1774255074.885,1309.608699252,889,2,sad,1,38.9008009999543,0.0067135426215827465,0.30464833974838257,0.5997663736343384,0.08887168020009995
1774255074.934,1309.661647068,890,2,sad,1,34.85673799991673,0.005200564861297607,0.2547168433666229,0.5762389302253723,0.16384360194206238
1774255074.982,1309.710392079,891,2,sad,1,34.276808999948116,0.005457732360810041,0.3961978554725647,0.4768034815788269,0.12154087424278259
1774255075.030,1309.758643069,892,2,sad,1,33.75413799994931,0.004651966970413923,0.30187416076660156,0.5326178669929504,0.1608559787273407
1774255075.078,1309.806576277,893,2,sad,1,34.000881000110894,0.00418232474476099,0.41427767276763916,0.46310651302337646,0.11843341588973999
1774255075.127,1309.856316609,894,2,sad,1,33.76991599998291,0.004349474795162678,0.33292147517204285,0.5665356516838074,0.09619331359863281
1774255075.179,1309.906494369,895,2,sad,1,34.8368479999408,0.0038421819917857647,0.30705615878105164,0.6154574751853943,0.07364410907030106
1774255075.229,1309.957384096,896,2,sad,1,34.42358699999204,0.0037204204127192497,0.27864718437194824,0.6300221085548401,0.08761021494865417
1774255075.280,1310.007857876,897,2,sad,1,34.68218100010745,0.003244835650548339,0.3187161087989807,0.5594857931137085,0.11855322867631912
1774255075.331,1310.058839826,898,2,sad,1,35.2501290001328,0.0038087728898972273,0.25965240597724915,0.6045761108398438,0.13196271657943726
1774255075.382,1310.109565589,899,2,sad,1,35.2031850000003,0.006591477431356907,0.36243224143981934,0.5030240416526794,0.1279522031545639
1774255075.432,1310.160556706,900,2,sad,1,34.227438000016264,0.0064215692691504955,0.2881806492805481,0.5667611360549927,0.13863661885261536
1774255075.483,1310.210626725,901,2,sad,1,34.83255199989799,0.005284231621772051,0.2510950565338135,0.494337260723114,0.24928343296051025
1774255075.533,1310.261508563,902,2,sad,1,33.89978699988205,0.0049485499039292336,0.23787350952625275,0.5725901126861572,0.18458782136440277
1774255075.584,1310.311374673,903,2,sad,1,35.46568599995226,0.005150274373590946,0.40664374828338623,0.4617745876312256,0.12643136084079742
1774255075.633,1310.361581322,904,1,happy,1,33.76474900005633,0.007727781776338816,0.47551459074020386,0.4189072549343109,0.09785030782222748
1774255075.683,1310.41197475,905,2,sad,1,34.043195000094784,0.00950724259018898,0.43679583072662354,0.46446436643600464,0.08923251181840897
1774255075.735,1310.463574148,906,2,sad,1,34.31856800011701,0.007151301950216293,0.3794782757759094,0.47916364669799805,0.13420671224594116
1774255075.785,1310.515407344,907,2,sad,1,32.13236900000993,0.005541228223592043,0.32363760471343994,0.4902989864349365,0.1805221140384674
1774255075.835,1310.56451406,908,2,sad,1,32.766466000111905,0.00560639426112175,0.2753217816352844,0.5689560174942017,0.1501157134771347
1774255075.885,1310.61507873,909,2,sad,1,32.147905999863724,0.006383579224348068,0.3478732705116272,0.5096340179443359,0.13610906898975372
1774255075.936,1310.666590702,910,2,sad,1,32.05042400009006,0.0062967510893940926,0.3733494281768799,0.48669856786727905,0.13365516066551208
1774255075.986,1310.716309552,911,2,sad,1,32.56970400002501,0.006327599287033081,0.3036540448665619,0.5033988952636719,0.18661938607692719
1774255076.038,1310.767600189,912,2,sad,1,33.03746599999613,0.0065017323940992355,0.3123232126235962,0.46313831210136414,0.2180366814136505
1774255076.088,1310.818186487,913,2,sad,1,32.77505799997016,0.0074864099733531475,0.27511319518089294,0.5169779658317566,0.20042237639427185
1774255076.138,1310.867885669,914,2,sad,1,32.32599900002242,0.00869128666818142,0.3648386299610138,0.4398214817047119,0.18664853274822235
1774255076.188,1310.918053428,915,2,sad,1,32.45755500006453,0.007181861903518438,0.29399240016937256,0.5047844648361206,0.19404122233390808
1774255076.238,1310.968418799,916,2,sad,1,31.93662600006064,0.010928001254796982,0.3356163203716278,0.5034003257751465,0.15005531907081604
1774255076.290,1311.018788652,917,2,sad,1,33.641969999962384,0.010103309527039528,0.2525721490383148,0.5971441864967346,0.1401803195476532
1774255076.339,1311.069525358,918,2,sad,1,32.376240000075995,0.010619428008794785,0.32508254051208496,0.5373281240463257,0.1269698143005371
1774255076.389,1311.119380115,919,2,sad,1,32.15094200004387,0.01224530953913927,0.2713831961154938,0.621058464050293,0.0953129231929779
1774255076.441,1311.170104322,920,2,sad,1,33.87447099999008,0.017929058521986008,0.4105876088142395,0.5038124918937683,0.06767070293426514
1774255076.490,1311.220408952,921,2,sad,1,32.068589999880714,0.013873869553208351,0.27971187233924866,0.6540600061416626,0.0523541234433651
1774255076.543,1311.270865453,922,2,sad,1,33.892990000140344,0.013279779814183712,0.3847602903842926,0.5622301697731018,0.039729658514261246
1774255076.592,1311.321452529,923,2,sad,1,33.00105900007111,0.015413779765367508,0.30640995502471924,0.6358494758605957,0.04232669621706009
1774255076.642,1311.371376194,924,2,sad,1,33.35920899985467,0.011948314495384693,0.21222670376300812,0.744552731513977,0.03127216920256615
1774255076.692,1311.422436347,925,2,sad,1,32.46496299993851,0.012501093558967113,0.15697263181209564,0.8050550818443298,0.025471091270446777
1774255076.743,1311.472561457,926,2,sad,1,33.213856999964264,0.01403285562992096,0.20976141095161438,0.7568055987358093,0.01940007321536541
1774255076.796,1311.524047336,927,2,sad,1,34.42638199999237,0.010966025292873383,0.20778895914554596,0.7626722455024719,0.018572697415947914
1774255076.846,1311.573958185,928,2,sad,1,35.03334900005939,0.021374911069869995,0.15610525012016296,0.8075664043426514,0.014953323639929295
1774255076.895,1311.624683299,929,2,sad,1,33.314523999933954,0.020945757627487183,0.1407373547554016,0.8194018602371216,0.018914952874183655
1774255076.947,1311.675171671,930,2,sad,1,34.74218099995596,0.028284791857004166,0.13145816326141357,0.8187947273254395,0.021462183445692062
1774255076.996,1311.72560258,931,2,sad,1,33.502580000003945,0.040882863104343414,0.1266440749168396,0.8134584426879883,0.01901453360915184
1774255077.047,1311.775603319,932,2,sad,1,33.89280399983363,0.03372578322887421,0.12489534914493561,0.822035551071167,0.019343208521604538
1774255077.098,1311.826401636,933,2,sad,1,34.64043799999672,0.02995285764336586,0.1656566858291626,0.7841450572013855,0.02024531178176403
1774255077.149,1311.876718191,934,2,sad,1,34.81875400007084,0.031345151364803314,0.14155375957489014,0.8043310642242432,0.022769995033740997
1774255077.200,1311.927659398,935,2,sad,1,34.66008700002021,0.035574860870838165,0.22302544116973877,0.7187241315841675,0.022675519809126854
1774255077.251,1311.978645346,936,2,sad,1,34.7049940000943,0.02924765646457672,0.32767587900161743,0.6103736758232117,0.0327027328312397
1774255077.299,1312.029157532,937,2,sad,1,32.927408999967156,0.038843024522066116,0.29473549127578735,0.6244933605194092,0.04192805662751198
1774255077.350,1312.079751125,938,2,sad,1,32.70372299994051,0.03391420096158981,0.3046513795852661,0.6156449317932129,0.04578946530818939
1774255077.403,1312.131515041,939,2,sad,1,34.37714100004996,0.03611481934785843,0.21661192178726196,0.7021344304084778,0.04513879492878914
1774255077.453,1312.182032764,940,2,sad,1,33.44715299999734,0.03759484365582466,0.20779916644096375,0.7012384533882141,0.053367480635643005
1774255077.502,1312.232411153,941,2,sad,1,32.58848100017531,0.037137046456336975,0.15425996482372284,0.7618396878242493,0.046763237565755844
1774255077.552,1312.282592466,942,2,sad,1,32.14805199991133,0.03249119967222214,0.24759404361248016,0.6802540421485901,0.039660632610321045
1774255077.604,1312.333214023,943,2,sad,1,33.39331899996978,0.03349992632865906,0.2726925015449524,0.6615617871284485,0.03224568068981171
1774255077.654,1312.384192841,944,2,sad,1,31.971699999985503,0.03028453141450882,0.2568977475166321,0.6788926720619202,0.03392492234706879
1774255077.704,1312.434274728,945,2,sad,1,32.752611999967485,0.031428635120391846,0.23466557264328003,0.697555422782898,0.03635023161768913
1774255077.756,1312.486002254,946,2,sad,1,32.31372100003682,0.02824615128338337,0.16978994011878967,0.7607762813568115,0.04118751361966133
1774255077.805,1312.535745695,947,2,sad,1,32.19521899995925,0.030082756653428078,0.15979471802711487,0.7730525732040405,0.03706982359290123
1774255077.856,1312.585909545,948,2,sad,1,31.896810000034748,0.026847001165151596,0.11467813700437546,0.8097521066665649,0.04872267320752144
1774255077.906,1312.636248989,949,2,sad,1,31.86086499999874,0.024793341755867004,0.11299218982458115,0.8212091326713562,0.04100525379180908
1774255077.956,1312.6860773,950,2,sad,1,32.32012799981021,0.023809470236301422,0.14405590295791626,0.7962915897369385,0.03584298864006996
1774255078.006,1312.73627391,951,2,sad,1,31.8999400001303,0.02404286339879036,0.14109855890274048,0.7969918847084045,0.03786659613251686
1774255078.059,1312.787027967,952,2,sad,1,34.247564999986935,0.02070203796029091,0.11545410007238388,0.8285213708877563,0.035322390496730804
1774255078.108,1312.837484466,953,2,sad,1,32.82887099999243,0.02093038521707058,0.12363049387931824,0.8217241764068604,0.03371482342481613
1774255078.158,1312.887567148,954,2,sad,1,32.664500000009866,0.020976781845092773,0.08999118208885193,0.8576083183288574,0.031423598527908325
1774255078.208,1312.938468465,955,2,sad,1,32.50512800013894,0.04325234144926071,0.1140274703502655,0.8139281868934631,0.028791913762688637
1774255078.261,1312.989772506,956,2,sad,1,33.65587600001163,0.04661816358566284,0.12422624230384827,0.7921497821807861,0.03700578212738037
1774255078.311,1313.039871429,957,2,sad,1,33.66461700011314,0.03827732801437378,0.10059955716133118,0.8248146772384644,0.03630834072828293
1774255078.362,1313.090834172,958,2,sad,1,34.026322999807235,0.03128359839320183,0.08518393337726593,0.8375085592269897,0.04602385312318802
1774255078.412,1313.141208726,959,2,sad,1,32.95415000002322,0.0362553671002388,0.10577897727489471,0.8104705214500427,0.0474950447678566
1774255078.462,1313.19130876,960,2,sad,1,33.52502400002777,0.0426207035779953,0.14713913202285767,0.768363356590271,0.04187667369842529
1774255078.512,1313.241338479,961,2,sad,1,33.56878299996424,0.042796481400728226,0.12871192395687103,0.7851244211196899,0.04336702078580856
1774255078.563,1313.291701496,962,2,sad,1,33.62235800000235,0.04177451506257057,0.12176725268363953,0.7972832322120667,0.03917485103011131
1774255078.615,1313.342954112,963,2,sad,1,34.60986300001423,0.05229725316166878,0.13066712021827698,0.7704787254333496,0.046556733548641205
1774255078.666,1313.394038633,964,2,sad,1,34.59402999988015,0.041598089039325714,0.10234448313713074,0.8173965811729431,0.0386606901884079
1774255078.717,1313.444920709,965,2,sad,1,35.160219000090365,0.05192437767982483,0.08625498414039612,0.8190480470657349,0.04277252405881882
1774255078.767,1313.494778056,966,2,sad,1,34.50343700001213,0.038491390645504,0.08260471373796463,0.8443637490272522,0.03454011678695679
1774255078.817,1313.545209,967,2,sad,1,34.1703049998614,0.03354332223534584,0.09704586118459702,0.8355296850204468,0.033881038427352905
1774255078.869,1313.596485374,968,2,sad,1,35.50229500001478,0.026188455522060394,0.18705663084983826,0.7559395432472229,0.030815277248620987
1774255078.921,1313.647512229,969,2,sad,1,35.34064599989506,0.02040819078683853,0.2278982698917389,0.7251148223876953,0.026578623801469803
1774255078.968,1313.698201378,970,2,sad,1,32.275534000064,0.025849808007478714,0.20533984899520874,0.7485867738723755,0.020223496481776237
1774255079.018,1313.748155392,971,2,sad,1,32.83335200012516,0.023138152435421944,0.19849944114685059,0.7613868713378906,0.016975468024611473
1774255079.068,1313.798452427,972,2,sad,1,32.428442000082214,0.03355393186211586,0.28161460161209106,0.6679947972297668,0.016836581751704216
1774255079.118,1313.848690498,973,2,sad,1,32.1499029998904,0.0410633310675621,0.36341238021850586,0.5809485912322998,0.014575586654245853
1774255079.169,1313.899658906,974,2,sad,1,32.20995900005619,0.03543485701084137,0.3221336603164673,0.6309951543807983,0.01143622025847435
1774255079.219,1313.949597512,975,2,sad,1,31.812437999860776,0.02885250747203827,0.43605610728263855,0.5226337313652039,0.012457539327442646
1774255079.269,1313.999772361,976,1,happy,1,32.32984800001759,0.021491115912795067,0.5209923386573792,0.4336147904396057,0.02390158921480179
1774255079.321,1314.051310495,977,1,happy,1,31.82543799994164,0.014891933649778366,0.5068607330322266,0.4556783437728882,0.022568870335817337
1774255079.370,1314.101517362,978,2,sad,1,31.588213999839354,0.010746538639068604,0.4479559361934662,0.5076119303703308,0.03368549048900604
1774255079.420,1314.151487876,979,2,sad,1,31.21630400005415,0.008890527300536633,0.35210931301116943,0.6163005828857422,0.022699467837810516
1774255079.471,1314.202339061,980,2,sad,1,31.499491999966267,0.007740755565464497,0.27722272276878357,0.6972941160202026,0.017742285504937172
1774255079.522,1314.252703466,981,2,sad,1,32.1745149999515,0.02482382208108902,0.31695717573165894,0.6388288140296936,0.019390063360333443
1774255079.572,1314.302837666,982,2,sad,1,31.933124000033786,0.04626527428627014,0.22562000155448914,0.7129068374633789,0.015207854099571705
1774255079.623,1314.353722889,983,2,sad,1,31.808474999934333,0.045422811061143875,0.1647697538137436,0.7744354009628296,0.015372030436992645
1774255079.674,1314.404032794,984,2,sad,1,32.197495999980674,0.1342935562133789,0.21918562054634094,0.6198776364326477,0.026643186807632446
1774255079.724,1314.45477372,985,2,sad,1,32.294680999939374,0.17910701036453247,0.181100994348526,0.588886022567749,0.05090593174099922
1774255079.775,1314.505422311,986,2,sad,1,32.199569999875166,0.25009825825691223,0.16036801040172577,0.5127437114715576,0.07678995281457901
1774255079.826,1314.555934625,987,2,sad,1,32.33019999993303,0.21660465002059937,0.11406412720680237,0.5672047734260559,0.10212639719247818
1774255079.876,1314.606192788,988,2,sad,1,32.80598099991039,0.2583223581314087,0.11392515152692795,0.49806874990463257,0.1296837031841278
1774255079.934,1314.65766807,989,2,sad,1,38.627258999895275,0.2793011963367462,0.09560754150152206,0.48487406969070435,0.14021717011928558
1774255079.986,1314.711120291,990,2,sad,1,37.77086399986729,0.2957427203655243,0.088106669485569,0.4672667384147644,0.14888383448123932
1774255080.034,1314.762757241,991,2,sad,1,33.707467000112956,0.31642666459083557,0.0817735344171524,0.44263601303100586,0.15916377305984497
1774255080.081,1314.80944164,992,2,sad,1,34.125748000178646,0.3157537281513214,0.07247324287891388,0.4477517306804657,0.16402128338813782
1774255080.130,1314.858840668,993,2,sad,1,34.18071099986264,0.3232879042625427,0.06973326206207275,0.42647242546081543,0.18050631880760193
1774255080.336,1315.061058566,994,0,neutral,1,37.95517900016421,0.4064587354660034,0.08018574118614197,0.3429499864578247,0.17040544748306274
1774255080.397,1315.122535909,995,0,neutral,1,37.06193300013183,0.4216724634170532,0.060008954256772995,0.32088160514831543,0.1974368691444397
1774255080.448,1315.174999419,996,0,neutral,1,35.380069999973784,0.43038588762283325,0.04301261529326439,0.3184612989425659,0.2081400752067566
1774255080.495,1315.223187605,997,0,neutral,1,34.558657999923525,0.4437757730484009,0.03266682103276253,0.320563405752182,0.20299385488033295
1774255080.542,1315.270781344,998,0,neutral,1,34.09063699996295,0.4711035490036011,0.023659108206629753,0.3232422173023224,0.1819949746131897
1774255080.588,1315.317571003,999,0,neutral,1,33.163482999952976,0.4484708309173584,0.019081205129623413,0.3263673782348633,0.20608045160770416
1774255080.635,1315.364433682,1000,0,neutral,1,32.8010359999098,0.40624335408210754,0.01698739267885685,0.36536532640457153,0.21140380203723907
1774255080.740,1315.464977674,1001,0,neutral,1,37.826010999879145,0.4279818534851074,0.015858598053455353,0.3285312354564667,0.22762823104858398
1774255080.809,1315.531845791,1002,0,neutral,1,40.24284100000841,0.3630051016807556,0.013076080940663815,0.33919665217399597,0.28472208976745605
1774255080.856,1315.585219195,1003,2,sad,1,32.99386999992748,0.32005614042282104,0.01084807701408863,0.3923288583755493,0.276766836643219
1774255080.902,1315.629356134,1004,2,sad,1,35.03530900002261,0.2335585653781891,0.008562205359339714,0.5695557594299316,0.18832342326641083
1774255080.950,1315.676088238,1005,2,sad,1,35.983556000019234,0.15664774179458618,0.006320341490209103,0.7131582498550415,0.12387362122535706
1774255080.997,1315.724481537,1006,2,sad,1,35.25906999993822,0.3110203146934509,0.009019414894282818,0.5884778499603271,0.09148238599300385
1774255081.047,1315.774203067,1007,2,sad,1,35.358976999987135,0.4157665967941284,0.00889451615512371,0.5109314918518066,0.0644073635339737
1774255081.095,1315.824202115,1008,0,neutral,1,33.50163300001441,0.45559054613113403,0.006407476030290127,0.38914328813552856,0.14885860681533813
1774255081.144,1315.871940539,1009,0,neutral,1,34.39689700007875,0.557487964630127,0.007408075034618378,0.30860164761543274,0.12650224566459656
1774255081.189,1315.9191852,1010,0,neutral,1,32.59173800006465,0.6403025388717651,0.007422550581395626,0.24155133962631226,0.11072352528572083
1774255081.239,1315.969563381,1011,0,neutral,1,32.132217000025776,0.6916539669036865,0.0073135290294885635,0.20076873898506165,0.10026364028453827
1774255081.289,1316.019995247,1012,0,neutral,1,31.974456999932954,0.5570521950721741,0.0051199570298194885,0.288025438785553,0.1498022973537445
1774255081.340,1316.070698171,1013,0,neutral,1,32.04875300002641,0.49251842498779297,0.0038033018354326487,0.3654592037200928,0.1382189840078354
1774255081.392,1316.121758356,1014,0,neutral,1,32.43232899990289,0.4461180567741394,0.004410061053931713,0.36854270100593567,0.18092912435531616
1774255081.442,1316.171768479,1015,0,neutral,1,33.29011199980414,0.4911695420742035,0.004022406414151192,0.32890641689300537,0.17590156197547913
1774255081.492,1316.222141326,1016,0,neutral,1,32.61673800011522,0.5582209825515747,0.0029538122471421957,0.28490084409713745,0.15392428636550903
1774255081.543,1316.272707786,1017,0,neutral,1,33.23070400006145,0.6133590340614319,0.0022202476393431425,0.22538068890571594,0.1590399444103241
1774255081.593,1316.322866595,1018,0,neutral,1,33.05988800002524,0.5179035663604736,0.002159920521080494,0.3037717640399933,0.1761646866798401
1774255081.645,1316.373687648,1019,0,neutral,1,33.77933799993116,0.5130156874656677,0.00470929779112339,0.3178979456424713,0.16437697410583496
1774255081.695,1316.424088607,1020,2,sad,1,33.4179280000626,0.422465443611145,0.003553780959919095,0.4494951367378235,0.1244855597615242
1774255081.745,1316.473857802,1021,0,neutral,1,33.60648499983654,0.5581852197647095,0.004621251951903105,0.3332810401916504,0.1039123609662056
1774255081.795,1316.52428015,1022,0,neutral,1,33.772022999983164,0.504296064376831,0.004460570402443409,0.2875249981880188,0.20371823012828827
1774255081.847,1316.574706313,1023,0,neutral,1,34.780583999918235,0.4094485640525818,0.006976637523621321,0.25427713990211487,0.3292975425720215
1774255081.896,1316.6250314,1024,2,sad,1,33.65263400019103,0.3490455746650696,0.005379720125347376,0.35636329650878906,0.289211243391037
1774255081.948,1316.675359525,1025,0,neutral,1,34.98853099995358,0.406035840511322,0.003799319500103593,0.35308167338371277,0.23708301782608032
1774255081.998,1316.725646316,1026,0,neutral,1,34.92156700008309,0.4749091565608978,0.03583691269159317,0.30965203046798706,0.179601788520813
1774255082.048,1316.776580315,1027,0,neutral,1,34.4304339998871,0.5280641317367554,0.023910969495773315,0.2975686192512512,0.15045613050460815
1774255082.100,1316.826485103,1028,0,neutral,1,35.83799799980625,0.44400760531425476,0.01613493636250496,0.2672083079814911,0.27264899015426636
1774255082.149,1316.87698208,1029,0,neutral,1,34.75532399988879,0.4015492796897888,0.011052974499762058,0.28610578179359436,0.3012918531894684
1774255082.200,1316.92744176,1030,0,neutral,1,35.574570000108,0.45572400093078613,0.008631372824311256,0.2822214365005493,0.2534230649471283
1774255082.251,1316.977634976,1031,0,neutral,1,35.484106000012616,0.3927322030067444,0.009214228950440884,0.3191118538379669,0.27894163131713867
1774255082.302,1317.028214379,1032,0,neutral,1,36.05799899992235,0.35521623492240906,0.0076720635406672955,0.2860091030597687,0.3511025309562683
1774255082.352,1317.079489101,1033,0,neutral,1,34.99291799994353,0.3592546284198761,0.0071082571521401405,0.2873190939426422,0.34631791710853577
1774255082.401,1317.13037371,1034,0,neutral,1,33.13031400011823,0.40277963876724243,0.014376780018210411,0.28206193447113037,0.3007815480232239
1774255082.451,1317.180392461,1035,0,neutral,1,32.99610999988545,0.3539823293685913,0.011761568486690521,0.3239145278930664,0.3103415369987488
1774255082.502,1317.230801345,1036,0,neutral,1,34.221876000174234,0.3840188980102539,0.017525043338537216,0.31530073285102844,0.28315526247024536
1774255082.551,1317.281505008,1037,0,neutral,1,31.820416999835288,0.4091898500919342,0.013896002434194088,0.29077041149139404,0.2861436903476715
1774255082.604,1317.33298775,1038,0,neutral,1,33.98198600007163,0.3437885642051697,0.009650264866650105,0.32892608642578125,0.3176349997520447
1774255082.656,1317.383887229,1039,2,sad,1,34.52030499988723,0.31949666142463684,0.011308923363685608,0.3396642208099365,0.32953011989593506
1774255082.703,1317.433689053,1040,0,neutral,1,31.933918999811794,0.34264475107192993,0.009108386933803558,0.3338351547718048,0.31441164016723633
1774255082.755,1317.484187882,1041,2,sad,1,33.68490999991991,0.30452048778533936,0.010668288916349411,0.3683903217315674,0.31642085313796997
1774255082.804,1317.534308097,1042,0,neutral,1,32.31855000012729,0.36840057373046875,0.009734736755490303,0.3368052840232849,0.2850593030452728
1774255082.854,1317.584409034,1043,2,sad,1,32.483959000046525,0.3485422134399414,0.007231371011584997,0.3534872829914093,0.2907389998435974
1774255082.905,1317.634735399,1044,0,neutral,1,32.52534800003559,0.37119877338409424,0.0064609469845891,0.36290282011032104,0.25943732261657715
1774255082.956,1317.686145418,1045,0,neutral,1,32.965961999934734,0.36063751578330994,0.005503523163497448,0.3545812964439392,0.2792775630950928
1774255083.005,1317.735863983,1046,0,neutral,1,31.677787000035096,0.3768293261528015,0.004622516687959433,0.35064077377319336,0.2679072916507721
1774255083.056,1317.786206513,1047,0,neutral,1,32.78092300001845,0.43886786699295044,0.0054429154843091965,0.3312099575996399,0.22447919845581055
1774255083.107,1317.837060343,1048,0,neutral,1,32.27008599992587,0.3893400728702545,0.005693430081009865,0.3356422483921051,0.2693241834640503
1774255083.159,1317.887107353,1049,0,neutral,1,34.132987000020876,0.4130358099937439,0.007957156747579575,0.33743712306022644,0.24156980216503143
1774255083.210,1317.937817182,1050,0,neutral,1,35.19706700012648,0.44580599665641785,0.017462212592363358,0.32820573449134827,0.20852598547935486
1774255083.258,1317.98810923,1051,0,neutral,1,32.922220000045854,0.3823157846927643,0.018221674486994743,0.32010048627853394,0.2793619930744171
1774255083.308,1318.038385612,1052,0,neutral,1,32.302160999961416,0.3646621108055115,0.01326721627265215,0.31637653708457947,0.3056940734386444
1774255083.360,1318.088844884,1053,0,neutral,1,33.997948999967775,0.3562256395816803,0.010905951261520386,0.3494977653026581,0.28337058424949646
1774255083.409,1318.138908227,1054,0,neutral,1,32.481994999898234,0.3527858853340149,0.008405033499002457,0.35000184178352356,0.2888071537017822
1774255083.459,1318.189554852,1055,0,neutral,1,32.52792100010993,0.3813709616661072,0.007746699266135693,0.3301694095134735,0.2807128429412842
1774255083.512,1318.240087235,1056,2,sad,1,34.54260000012255,0.34282785654067993,0.006108809728175402,0.35093098878860474,0.30013230443000793
1774255083.563,1318.291325567,1057,0,neutral,1,34.6547679998821,0.41606175899505615,0.009657527320086956,0.32056567072868347,0.2537149488925934
1774255083.614,1318.341388448,1058,2,sad,1,35.347122999837666,0.3695735037326813,0.01225178875029087,0.3712686598300934,0.24690596759319305
1774255083.663,1318.391591921,1059,2,sad,1,34.350969999877634,0.34657639265060425,0.0286104753613472,0.4408927261829376,0.18392032384872437
1774255083.717,1318.442545048,1060,2,sad,1,36.96776299989324,0.26238930225372314,0.08947545289993286,0.5221149921417236,0.12602020800113678
1774255083.764,1318.493225136,1061,2,sad,1,33.88002199994844,0.17752769589424133,0.07214526832103729,0.6614980101585388,0.08882896602153778
1774255083.815,1318.543602111,1062,2,sad,1,34.013338000022486,0.12195903807878494,0.1591268628835678,0.6335080862045288,0.08540594577789307
1774255083.865,1318.593824918,1063,2,sad,1,34.15720899988628,0.0813751220703125,0.14605070650577545,0.7001141309738159,0.07245990633964539
1774255083.915,1318.643944188,1064,2,sad,1,33.56150100012201,0.05476060509681702,0.13939312100410461,0.7277179956436157,0.07812818884849548
1774255083.966,1318.694653331,1065,2,sad,1,33.789355000180876,0.037432245910167694,0.11947418749332428,0.748864471912384,0.09422899782657623
1774255084.016,1318.745621125,1066,2,sad,1,33.17640599993865,0.027138952165842056,0.11136101931333542,0.768303632736206,0.09319636225700378
1774255084.067,1318.796582417,1067,2,sad,1,33.34712999981093,0.02374543622136116,0.09395693242549896,0.7846071720123291,0.09769044816493988
1774255084.117,1318.847867249,1068,2,sad,1,32.23180700001649,0.017806701362133026,0.08810436725616455,0.8160190582275391,0.07806987315416336
1774255084.168,1318.898081722,1069,2,sad,1,32.428215999971144,0.01783771440386772,0.1072324886918068,0.8089717626571655,0.06595805287361145
1774255084.217,1318.947965248,1070,2,sad,1,32.1484370001599,0.014095617458224297,0.21641135215759277,0.7117615342140198,0.057731516659259796
1774255084.268,1318.998491815,1071,2,sad,1,32.31821600002149,0.012313829734921455,0.16333943605422974,0.779188871383667,0.04515786096453667
1774255084.318,1319.048868937,1072,2,sad,1,31.810269000061453,0.010717123746871948,0.28757718205451965,0.6522430777549744,0.049462608993053436
1774255084.368,1319.099017595,1073,2,sad,1,31.425357999978587,0.010111919604241848,0.22393226623535156,0.7154886722564697,0.0504671074450016
1774255084.418,1319.14959057,1074,2,sad,1,31.434617999821057,0.012036209926009178,0.201018288731575,0.7451619505882263,0.041783515363931656
1774255084.471,1319.201344312,1075,2,sad,1,32.21551100000397,0.021457364782691002,0.14241833984851837,0.7877702116966248,0.048353999853134155
1774255084.520,1319.250109998,1076,2,sad,1,32.58755100000599,0.048329539597034454,0.1440267562866211,0.7668251991271973,0.04081840068101883
1774255084.570,1319.300413212,1077,2,sad,1,32.29614199995012,0.08436094224452972,0.11977630108594894,0.7609419822692871,0.034920696169137955
1774255084.621,1319.351194929,1078,2,sad,1,32.00132500001018,0.15479972958564758,0.09816110134124756,0.6994157433509827,0.04762332886457443
1774255084.672,1319.402058091,1079,2,sad,1,32.567568999866126,0.21121780574321747,0.09761624038219452,0.58519446849823,0.10597144067287445
1774255084.723,1319.452613418,1080,2,sad,1,33.11981299998479,0.2534447908401489,0.06461398303508759,0.5575493574142456,0.1243918240070343
1774255084.772,1319.502713613,1081,2,sad,1,32.136176999983945,0.3175833523273468,0.05305149406194687,0.4908721446990967,0.13849292695522308
1774255084.823,1319.553021567,1082,2,sad,1,32.196640999927695,0.3101521134376526,0.04228954389691353,0.5092149972915649,0.13834330439567566
1774255084.874,1319.603738006,1083,2,sad,1,33.062480000126016,0.36336514353752136,0.034200508147478104,0.46333807706832886,0.1390962302684784
1774255084.926,1319.654264018,1084,2,sad,1,34.19148700004371,0.3291357755661011,0.028103109449148178,0.5359537601470947,0.10680736601352692
1774255084.975,1319.704534954,1085,2,sad,1,32.764866999968945,0.3555602729320526,0.03211824595928192,0.4950704574584961,0.11725097894668579
1774255085.035,1319.756317326,1086,2,sad,1,41.43960400006108,0.3290961682796478,0.02365630492568016,0.48467111587524414,0.16257637739181519
1774255085.087,1319.812644965,1087,2,sad,1,37.27635600012036,0.3566162884235382,0.03304237127304077,0.4822729229927063,0.12806838750839233
1774255085.135,1319.864027073,1088,0,neutral,1,33.2458499999575,0.41520166397094727,0.07922644168138504,0.4023556113243103,0.103216253221035
1774255085.185,1319.910521615,1089,2,sad,1,36.54675899997528,0.3567543625831604,0.0978219211101532,0.42462587356567383,0.12079775333404541
1774255085.233,1319.958936576,1090,2,sad,1,36.96774299987737,0.24367845058441162,0.07220117747783661,0.5860962271690369,0.09802406281232834
1774255085.280,1320.008567544,1091,2,sad,1,33.631316000082734,0.16849105060100555,0.06043111905455589,0.6674345135688782,0.10364320874214172
1774255085.332,1320.058855072,1092,2,sad,1,35.52727200008121,0.11295764148235321,0.04302210733294487,0.7714518308639526,0.0725683644413948
1774255085.436,1320.160071336,1093,2,sad,1,38.74740199989901,0.07758712768554688,0.3470456004142761,0.5261029005050659,0.04926434904336929
1774255085.507,1320.230336374,1094,1,happy,1,39.75535199992919,0.06144795939326286,0.47776442766189575,0.4195590019226074,0.04122856631875038
1774255086.295,1321.019249978,1095,1,happy,1,38.3871960000306,0.04839738830924034,0.6209985017776489,0.28036051988601685,0.050243545323610306
1774255086.356,1321.083936555,1096,1,happy,1,34.65348800000356,0.06793557107448578,0.5720910429954529,0.32689255475997925,0.03308079391717911
1774255087.204,1321.929709323,1097,1,happy,1,36.41451699991194,0.1194247305393219,0.608985185623169,0.23615986108779907,0.03543016314506531
1774255087.272,1321.997791568,1098,1,happy,1,36.616221000031146,0.13185465335845947,0.6601927280426025,0.17470601201057434,0.03324656933546066
1774255087.317,1322.045002705,1099,1,happy,1,34.96002500014583,0.16528749465942383,0.6660094857215881,0.1378268301486969,0.030876174569129944
1774255087.365,1322.092406398,1100,1,happy,1,35.38665799987939,0.12020213156938553,0.7613116502761841,0.0975714847445488,0.02091471664607525
1774255087.413,1322.14017502,1101,1,happy,1,34.60620900000322,0.179883673787117,0.5014355182647705,0.2996479272842407,0.01903284154832363
1774255087.459,1322.187950216,1102,2,sad,1,33.18325600002936,0.1867314875125885,0.3559790551662445,0.4302372336387634,0.02705216221511364
1774255087.503,1322.234376218,1103,2,sad,1,31.410467999876346,0.21239455044269562,0.23618149757385254,0.49789875745773315,0.053525134921073914
1774255087.612,1322.335088067,1104,2,sad,1,39.1432359999726,0.17476755380630493,0.16206128895282745,0.6132466197013855,0.049924448132514954
1774255087.675,1322.400562147,1105,2,sad,1,36.59396199986986,0.30846115946769714,0.14382614195346832,0.475930392742157,0.07178225368261337
1774255087.721,1322.449002773,1106,2,sad,1,34.874210999987554,0.2818567752838135,0.10083386301994324,0.5196311473846436,0.09767815470695496
1774255087.767,1322.49465379,1107,2,sad,1,35.29052699991553,0.22959043085575104,0.0706762745976448,0.44568806886672974,0.25404515862464905
1774255087.819,1322.542173539,1108,2,sad,1,39.49601699991945,0.21987509727478027,0.08875896036624908,0.49763157963752747,0.193734273314476
1774255087.866,1322.593230514,1109,2,sad,1,35.10706399993069,0.1926230490207672,0.0636449009180069,0.6138532161712646,0.12987880408763885
1774255087.914,1322.642737461,1110,2,sad,1,34.18685499991625,0.13233551383018494,0.22791089117527008,0.5147597789764404,0.12499375641345978
1774255087.963,1322.690930382,1111,2,sad,1,34.9344700000529,0.09098684042692184,0.3039778470993042,0.4765591323375702,0.128476083278656
1774255088.010,1322.739423971,1112,2,sad,1,33.28171900011512,0.06317707896232605,0.260398268699646,0.5332227349281311,0.14320187270641327
1774255088.060,1322.789597088,1113,2,sad,1,32.98882800004321,0.08355233073234558,0.2643629312515259,0.5531383752822876,0.09894626587629318
1774255088.111,1322.839807872,1114,1,happy,1,33.59151700010443,0.06391562521457672,0.5008610486984253,0.3659868836402893,0.06923631578683853
1774255088.162,1322.890293953,1115,2,sad,1,34.28376199985905,0.13084284961223602,0.3737492263317108,0.4256182909011841,0.06978951394557953
1774255088.212,1322.941654022,1116,2,sad,1,33.39221900000666,0.14005108177661896,0.2534899115562439,0.4510037899017334,0.1554551124572754
1774255088.263,1322.991745675,1117,2,sad,1,33.81833299999926,0.22338268160820007,0.1995498389005661,0.3969459533691406,0.18012143671512604
1774255088.313,1323.041914662,1118,2,sad,1,34.17411300006279,0.25631681084632874,0.2525189518928528,0.32627612352371216,0.16488800942897797
1774255088.363,1323.092176242,1119,2,sad,1,33.75062899999648,0.218342587351799,0.1882479041814804,0.3886888027191162,0.20472058653831482
1774255088.415,1323.143217623,1120,1,happy,1,34.41911499999151,0.2558833360671997,0.30218905210494995,0.2794495224952698,0.1624779850244522
1774255088.465,1323.193653649,1121,1,happy,1,33.79705499992269,0.24967017769813538,0.361911803483963,0.23583842813968658,0.15257951617240906
1774255088.672,1323.395200103,1122,2,sad,1,38.936049000085404,0.2599250376224518,0.27246952056884766,0.33334600925445557,0.13425934314727783
1774255088.743,1323.467377833,1123,1,happy,1,37.95448799996848,0.18725179135799408,0.5036205053329468,0.2218102216720581,0.08731734752655029
1774255088.789,1323.518442659,1124,1,happy,1,32.81447500012291,0.21789085865020752,0.3773598074913025,0.3332153558731079,0.07153385877609253
1774255088.889,1323.565322145,1125,2,sad,1,85.85192400005326,0.19765163958072662,0.26063433289527893,0.4727627635002136,0.06895118951797485
1774255088.936,1323.662725768,1126,1,happy,1,35.58810300000914,0.13569900393486023,0.5100469589233398,0.30892717838287354,0.04532678425312042
1774255088.984,1323.709387919,1127,1,happy,1,35.689215000047625,0.22902026772499084,0.41180700063705444,0.30923977494239807,0.04993288218975067
1774255089.031,1323.760089465,1128,1,happy,1,33.80744300011429,0.2090991586446762,0.549228310585022,0.20685642957687378,0.03481607884168625
1774255089.079,1323.807503916,1129,1,happy,1,34.077814999818656,0.16530121862888336,0.6728035807609558,0.13849768042564392,0.023397479206323624
1774255089.126,1323.855299814,1130,1,happy,1,33.66870099989683,0.2074800729751587,0.6655974388122559,0.10647287964820862,0.02044954150915146
1774255089.170,1323.901337108,1131,1,happy,1,31.659133999937694,0.15766437351703644,0.7566145658493042,0.0716458261013031,0.014075157232582569
1774255089.218,1323.946020802,1132,1,happy,1,34.55405899990183,0.13964979350566864,0.7978267669677734,0.05322440713644028,0.009298893623054028
1774255089.269,1323.994223369,1133,1,happy,1,37.76241199989272,0.09741942584514618,0.8327922821044922,0.06194407492876053,0.007844064384698868
1774255089.317,1324.046254903,1134,1,happy,1,33.740850999947725,0.11689769476652145,0.6589109897613525,0.19594073295593262,0.028250452131032944
1774255089.364,1324.092407328,1135,2,sad,1,34.15518599990719,0.07835294306278229,0.4302041232585907,0.45716139674186707,0.03428143262863159
1774255089.412,1324.13986189,1136,2,sad,1,34.889747000079296,0.13876312971115112,0.3030545115470886,0.470438152551651,0.0877441018819809
1774255089.457,1324.186404151,1137,2,sad,1,33.40625600003477,0.12209534645080566,0.21408912539482117,0.6060242652893066,0.057791128754615784
1774255089.504,1324.231676978,1138,2,sad,1,34.76609700010158,0.10011586546897888,0.42758581042289734,0.43323662877082825,0.03906158357858658
1774255089.550,1324.278335591,1139,2,sad,1,34.32672499980072,0.21990643441677094,0.30423665046691895,0.43882888555526733,0.03702792152762413
1774255089.600,1324.325801098,1140,2,sad,1,37.250372000016796,0.15308938920497894,0.2015237808227539,0.6157017350196838,0.029685016721487045
1774255089.648,1324.375917176,1141,2,sad,1,34.817357000065385,0.10207658261060715,0.13233335316181183,0.7421822547912598,0.023407703265547752
1774255089.697,1324.424909729,1142,2,sad,1,34.27644699991106,0.10129444301128387,0.18727613985538483,0.6932247877120972,0.018204493448138237
1774255089.747,1324.473601892,1143,2,sad,1,35.781584999995175,0.2170221209526062,0.29068484902381897,0.47843003273010254,0.01386285200715065
1774255089.792,1324.521498253,1144,1,happy,1,33.08058700008587,0.15555979311466217,0.5212177634239197,0.31329146027565,0.009930846281349659
1774255089.838,1324.568077421,1145,1,happy,1,32.82490099991264,0.12826725840568542,0.642777144908905,0.2219567894935608,0.006998708005994558
1774255089.885,1324.615691225,1146,1,happy,1,32.15463799983809,0.12895148992538452,0.6986792683601379,0.16632407903671265,0.006045117974281311
1774255089.934,1324.661855835,1147,1,happy,1,34.662133999972866,0.10517573356628418,0.7740090489387512,0.11623311042785645,0.004582025110721588
1774255089.984,1324.710804999,1148,1,happy,1,35.5879730000197,0.07517264038324356,0.8198332786560059,0.10091371834278107,0.004080300685018301
1774255090.032,1324.75971907,1149,1,happy,1,34.76600499993765,0.051122333854436874,0.8595715761184692,0.08623412996530533,0.003071938408538699
1774255090.081,1324.809410071,1150,1,happy,1,33.985054999902786,0.037693750113248825,0.900691032409668,0.05940365046262741,0.0022115567699074745
1774255090.140,1324.861046473,1151,1,happy,1,41.506395999931556,0.03001510351896286,0.9262614250183105,0.04192846268415451,0.0017950005130842328
1774255090.195,1324.918710688,1152,1,happy,1,38.522230000126,0.084768146276474,0.8690826296806335,0.04472387582063675,0.0014253385597839952
1774255090.239,1324.969107248,1153,1,happy,1,32.33986000009281,0.2265845090150833,0.7365097999572754,0.035715192556381226,0.0011904381681233644
1774255090.285,1325.013627162,1154,1,happy,1,33.77627600002597,0.259896844625473,0.5864943861961365,0.10523594170808792,0.048372749239206314
1774255090.332,1325.061136409,1155,1,happy,1,33.9664250000169,0.2638148069381714,0.5147860646247864,0.13994662463665009,0.0814523994922638
1774255090.382,1325.111011059,1156,1,happy,1,33.89160999995511,0.2719348669052124,0.4521218538284302,0.17870372533798218,0.09723946452140808
1774255090.433,1325.161479268,1157,1,happy,1,33.7013680000382,0.3210005462169647,0.4347277283668518,0.16483746469020844,0.07943417876958847
1774255090.540,1325.264213771,1158,2,sad,1,38.19265400011318,0.2113538235425949,0.2835202217102051,0.4517257809638977,0.053400080651044846
1774255090.609,1325.333149683,1159,2,sad,1,38.346654999941165,0.15094278752803802,0.20558921992778778,0.6058079600334167,0.03765992075204849
1774255090.659,1325.384743658,1160,2,sad,1,36.824497999987216,0.10514013469219208,0.40171560645103455,0.4369010627269745,0.056243106722831726
1774255090.710,1325.436521116,1161,1,happy,1,36.03378899993004,0.11151055991649628,0.4489360749721527,0.3619973063468933,0.07755595445632935
1774255090.756,1325.485248351,1162,1,happy,1,33.11403199995766,0.07913598418235779,0.632555365562439,0.23778490722179413,0.05052363499999046
1774255090.803,1325.530592104,1163,1,happy,1,35.33771099978367,0.05252395570278168,0.7599772214889526,0.15465566515922546,0.03284301608800888
1774255090.852,1325.57827937,1164,1,happy,1,36.463718000049994,0.0729941576719284,0.7966505289077759,0.10678105801343918,0.023574162274599075
1774255090.900,1325.628052927,1165,1,happy,1,34.50281699997504,0.08960583806037903,0.8118760585784912,0.07933466136455536,0.01918330229818821
1774255091.001,1325.721784524,1166,1,happy,1,41.560841000091386,0.15105977654457092,0.555785596370697,0.2549867331981659,0.038167789578437805
1774255091.068,1325.789607614,1167,1,happy,1,40.74998400005825,0.2634846270084381,0.36924344301223755,0.3272166848182678,0.04005515202879906
1774255091.120,1325.845044871,1168,1,happy,1,37.84248400006618,0.19177502393722534,0.432026207447052,0.3446158766746521,0.031582802534103394
1774255091.169,1325.894531499,1169,2,sad,1,36.75188499983051,0.190730020403862,0.3361334204673767,0.4059966504573822,0.06713984161615372
1774255091.253,1325.974323363,1170,2,sad,1,41.512302999990425,0.22155046463012695,0.3028205931186676,0.3996506333351135,0.07597822695970535
1774255091.322,1326.043053383,1171,3,angry,1,41.117005000160134,0.14431385695934296,0.1970306783914566,0.2781575918197632,0.3804977536201477
1774255091.502,1326.227420296,1172,2,sad,1,37.232352000046376,0.16210608184337616,0.1553749293088913,0.40163153409957886,0.28088733553886414
1774255091.571,1326.295398312,1173,2,sad,1,38.60572999997203,0.10680007189512253,0.13300910592079163,0.5763695240020752,0.18382121622562408
1774255091.704,1326.428898071,1174,2,sad,1,37.70311299990681,0.07829052209854126,0.10186687111854553,0.6955302953720093,0.12431222945451736
1774255091.771,1326.493406492,1175,2,sad,1,39.91312699986338,0.05743655189871788,0.08973843604326248,0.7245270013809204,0.12829793989658356
1774255092.008,1326.731955376,1176,2,sad,1,38.945749999811596,0.03866373375058174,0.05867207795381546,0.6583255529403687,0.24433854222297668
1774255092.074,1326.799345777,1177,2,sad,1,37.501667000015004,0.03039754554629326,0.04100590944290161,0.7457101345062256,0.18288633227348328
1774255092.363,1327.086262776,1178,2,sad,1,39.12112099988008,0.02010616846382618,0.027629032731056213,0.6469236016273499,0.30534109473228455
1774255092.427,1327.153521046,1179,2,sad,1,35.954195000158506,0.11006500571966171,0.08155418187379837,0.6046870946884155,0.20369361340999603
1774255092.474,1327.20187737,1180,2,sad,1,35.02007800011597,0.17275148630142212,0.18189942836761475,0.502334475517273,0.14301450550556183
1774255092.520,1327.249351152,1181,2,sad,1,33.415031999993516,0.1384604573249817,0.2924487888813019,0.45548486709594727,0.11360578238964081
1774255092.568,1327.294565606,1182,2,sad,1,35.511487999883684,0.1135653704404831,0.3247280418872833,0.4545429050922394,0.10716359317302704
1774255092.617,1327.343028227,1183,2,sad,1,36.895088999926884,0.0793018639087677,0.24506404995918274,0.48242777585983276,0.19320620596408844
1774255092.666,1327.393559638,1184,2,sad,1,34.594112000149835,0.06597504764795303,0.21343940496444702,0.5556920766830444,0.16489334404468536
1774255092.767,1327.491489849,1185,2,sad,1,38.428857000099015,0.046462543308734894,0.403383731842041,0.44276684522628784,0.10738679766654968
1774255092.831,1327.555135264,1186,1,happy,1,38.18515200009642,0.036257755011320114,0.505193293094635,0.3886410593986511,0.06990780681371689
1774255092.881,1327.608360135,1187,1,happy,1,34.948873999837815,0.027534281834959984,0.5095893740653992,0.4167744815349579,0.04610177502036095
1774255092.930,1327.657412056,1188,1,happy,1,35.60191499991561,0.018288183957338333,0.48531240224838257,0.4631512761116028,0.033248066902160645
1774255092.982,1327.706928017,1189,2,sad,1,37.28938799986281,0.012540766969323158,0.3413715362548828,0.569640040397644,0.07644756138324738
1774255093.072,1327.794249923,1190,2,sad,1,40.668814999889946,0.062388986349105835,0.3284502923488617,0.4448406994342804,0.1643199473619461
1774255093.145,1327.867400393,1191,2,sad,1,39.85962499996276,0.045947521924972534,0.238237202167511,0.5327780842781067,0.18303710222244263
1774255093.192,1327.921175656,1192,2,sad,1,33.84095899991735,0.06831621378660202,0.19312727451324463,0.48751455545425415,0.25104188919067383
1774255093.239,1327.968088563,1193,2,sad,1,33.12769600006504,0.14399400353431702,0.18463246524333954,0.41945308446884155,0.2519204020500183
1774255093.324,1328.047264587,1194,2,sad,1,39.75727200008805,0.09372284263372421,0.1260153353214264,0.570837140083313,0.20942465960979462
1774255093.394,1328.118535361,1195,2,sad,1,38.49318999982643,0.06267931312322617,0.2991892099380493,0.48821672797203064,0.1499146968126297
1774255093.440,1328.168710306,1196,2,sad,1,34.385332999818274,0.04122733697295189,0.2100113481283188,0.6462267637252808,0.10253448784351349
1774255093.527,1328.24990386,1197,1,happy,1,39.35484400017231,0.04096853360533714,0.4462502598762512,0.4337213635444641,0.07905978709459305
1774255093.591,1328.316690052,1198,1,happy,1,37.300775999938196,0.037590522319078445,0.4586029052734375,0.3095090687274933,0.1942974328994751
1774255093.639,1328.367676761,1199,1,happy,1,33.88646000007611,0.030392419546842575,0.6389070749282837,0.20216532051563263,0.12853509187698364
1774255093.687,1328.413368494,1200,1,happy,1,36.62584600010632,0.02322036772966385,0.7551084756851196,0.13311858475208282,0.08855251222848892
1774255093.735,1328.46093109,1201,1,happy,1,36.21723299988844,0.024499349296092987,0.7161461710929871,0.10877464711666107,0.1505797803401947
1774255093.783,1328.50894343,1202,1,happy,1,36.31602999985262,0.042896851897239685,0.5906955003738403,0.14979548752307892,0.21661213040351868
1774255093.832,1328.558550575,1203,1,happy,1,35.970045999874856,0.04791790992021561,0.6803562641143799,0.10703080892562866,0.16469499468803406
1774255093.880,1328.607899275,1204,1,happy,1,34.32788800000708,0.06405360996723175,0.612032949924469,0.19816634058952332,0.12574708461761475
1774255093.927,1328.655680502,1205,1,happy,1,34.17231299999912,0.04344836622476578,0.4035869240760803,0.23806533217430115,0.3148993253707886
1774255094.033,1328.755391518,1206,1,happy,1,39.88540200020907,0.12861649692058563,0.4319101572036743,0.2046462595462799,0.23482702672481537
1774255094.107,1328.826879384,1207,1,happy,1,42.588324999996985,0.19231462478637695,0.41541945934295654,0.19898398220539093,0.19328182935714722
1774255094.156,1328.882736121,1208,1,happy,1,35.81739599985667,0.213931143283844,0.47480013966560364,0.15639333426952362,0.1548752784729004
1774255094.203,1328.929808861,1209,1,happy,1,35.49202499993953,0.2144661396741867,0.5234110951423645,0.13339921832084656,0.12872344255447388
1774255094.484,1329.207759001,1210,1,happy,1,38.58770899978481,0.14199084043502808,0.38930127024650574,0.3831532299518585,0.0855545774102211
1774255094.551,1329.273770168,1211,2,sad,1,39.29893500003345,0.10438451915979385,0.26237350702285767,0.5727960467338562,0.06044589355587959
1774255094.602,1329.326121421,1212,2,sad,1,38.403708000032566,0.10833302140235901,0.19435234367847443,0.6523395776748657,0.044975005090236664
1774255094.652,1329.376705404,1213,2,sad,1,37.85905700010517,0.08270625025033951,0.147298663854599,0.7335096001625061,0.03648540750145912
1774255094.702,1329.426225511,1214,2,sad,1,38.37391199999729,0.05435642972588539,0.09576817601919174,0.8242354393005371,0.025639835745096207
1774255094.752,1329.477370683,1215,2,sad,1,37.19073800016304,0.044329725205898285,0.06248737871646881,0.874244749546051,0.01893804222345352
1774255094.801,1329.528150723,1216,2,sad,1,34.98070700015887,0.09527043998241425,0.04323536157608032,0.8307287693023682,0.030765336006879807
1774255094.892,1329.614080304,1217,2,sad,1,40.22497799996927,0.2308998852968216,0.06671562790870667,0.6432418823242188,0.059142470359802246
1774255094.992,1329.714628434,1218,2,sad,1,39.91032800013272,0.1583632379770279,0.16406598687171936,0.5538667440414429,0.12370390444993973
1774255095.055,1329.777632231,1219,2,sad,1,39.737307999985205,0.10441574454307556,0.1221732646226883,0.45713913440704346,0.31627175211906433
1774255095.102,1329.828424808,1220,2,sad,1,36.26621300008992,0.07848641276359558,0.1319117695093155,0.5831794142723083,0.20642226934432983
1774255095.152,1329.8762327,1221,2,sad,1,38.34731799997826,0.0523412823677063,0.08628948777914047,0.6714081764221191,0.18996095657348633
1774255095.255,1329.968925282,1222,2,sad,1,48.71387899993351,0.048788391053676605,0.08476792275905609,0.73529052734375,0.13115300238132477
1774255095.326,1330.04464456,1223,2,sad,1,44.1290559999743,0.12391075491905212,0.08032956719398499,0.6692671775817871,0.12649235129356384
1774255095.446,1330.169363997,1224,2,sad,1,38.90780200003974,0.10176502168178558,0.07717269659042358,0.7252298593521118,0.09583228826522827
1774255095.518,1330.242300185,1225,2,sad,1,38.18068700002186,0.06618698686361313,0.05022905021905899,0.519322395324707,0.3642615079879761
1774255095.571,1330.293562986,1226,2,sad,1,39.971901999933834,0.05023631453514099,0.03811350092291832,0.6524405479431152,0.25920960307121277
1774255095.621,1330.345143604,1227,2,sad,1,38.2012059999397,0.10785229504108429,0.06930410861968994,0.5095956921577454,0.3132478892803192
1774255095.667,1330.394230152,1228,2,sad,1,35.57757899989156,0.13764381408691406,0.11793817579746246,0.40112239122390747,0.3432955741882324
1774255095.717,1330.441601282,1229,2,sad,1,37.52818399993885,0.2500036656856537,0.19641128182411194,0.30466097593307495,0.24892403185367584
1774255095.764,1330.49178554,1230,2,sad,1,34.736741000187976,0.24640095233917236,0.23563914000988007,0.31086280941963196,0.20709702372550964
1774255095.811,1330.53949645,1231,1,happy,1,34.303072000057,0.2844199240207672,0.2982761263847351,0.26404261589050293,0.15326127409934998
1774255095.856,1330.585399386,1232,2,sad,1,32.77465599990137,0.24514883756637573,0.1993611752986908,0.4544602632522583,0.10102967917919159
1774255095.903,1330.630485503,1233,2,sad,1,34.68385199994373,0.16831831634044647,0.2677350640296936,0.31461042165756226,0.2493361234664917
1774255095.951,1330.678084968,1234,0,neutral,1,35.07489200001146,0.38374847173690796,0.19510973989963531,0.24483531713485718,0.17630641162395477
1774255096.000,1330.727342906,1235,0,neutral,1,35.369577999972535,0.48069506883621216,0.1344572901725769,0.22875377535820007,0.1560937911272049
