timestamp_unix,packet_ts,seq,argmax_idx,argmax_label,face_detected,latency_ms,neutral,happy,sad,angry
1774267699.423,2739.114867619,0,1,happy,1,63.157090000004246,0.13244526088237762,0.4334579110145569,0.287209153175354,0.1468876451253891
1774267699.502,2739.219563564,1,2,sad,1,36.647829999765236,0.11041996628046036,0.30494070053100586,0.4052972197532654,0.1793420910835266
1774267699.547,2739.267832022,2,2,sad,1,34.3181039997944,0.11602260172367096,0.24616257846355438,0.5004690289497375,0.13734576106071472
1774267699.595,2739.312148548,3,2,sad,1,37.93060899988632,0.07730946689844131,0.16004665195941925,0.6614720821380615,0.1011718213558197
1774267699.640,2739.359940468,4,2,sad,1,34.31273400019563,0.05334514379501343,0.10554029792547226,0.7218009233474731,0.11931365728378296
1774267699.682,2739.405097014,5,2,sad,1,31.73654500005796,0.03755734860897064,0.10338667035102844,0.6872920989990234,0.17176386713981628
1774267699.723,2739.446860277,6,2,sad,1,31.02813600025911,0.02746100351214409,0.11747658252716064,0.6601369976997375,0.19492536783218384
1774267699.763,2739.487734927,7,2,sad,1,29.460801999903197,0.022195041179656982,0.20429594814777374,0.6199908256530762,0.15351812541484833
1774267699.804,2739.527527484,8,2,sad,1,30.753988000014942,0.01628047041594982,0.3580213189125061,0.4979257583618164,0.12777242064476013
1774267699.846,2739.568776987,9,1,happy,1,31.52334099968357,0.04584813863039017,0.5108645558357239,0.35825371742248535,0.08503354340791702
1774267699.886,2739.610367454,10,1,happy,1,30.591117999847484,0.04427236318588257,0.6244792342185974,0.2505236864089966,0.08072465658187866
1774267699.926,2739.650901141,11,1,happy,1,29.85691300000326,0.05159246549010277,0.5899320244789124,0.19086888432502747,0.16760657727718353
1774267699.965,2739.690541457,12,1,happy,1,29.384985999968194,0.03542354702949524,0.6721739768981934,0.1281406432390213,0.1642618328332901
1774267700.005,2739.730224384,13,1,happy,1,29.37931899987234,0.02324812300503254,0.7680378556251526,0.08781968802213669,0.12089426815509796
1774267700.045,2739.769496421,14,1,happy,1,30.092969000179437,0.01585555262863636,0.8328096866607666,0.0586189404129982,0.09271569550037384
1774267700.086,2739.80953709,15,1,happy,1,31.528173999959108,0.01031196303665638,0.890755295753479,0.03834371641278267,0.06058895215392113
1774267700.126,2739.851017464,16,1,happy,1,29.59089399973891,0.006703163962811232,0.92877197265625,0.02513355389237404,0.03939129039645195
1774267700.165,2739.890390724,17,1,happy,1,29.2928750000101,0.004374338313937187,0.9518078565597534,0.017437497153878212,0.026380285620689392
1774267700.207,2739.931057263,18,1,happy,1,30.583710999962932,0.002845826093107462,0.9570174217224121,0.015015298500657082,0.025121428072452545
1774267700.246,2739.971403932,19,1,happy,1,29.74822799978938,0.004111758433282375,0.7549464702606201,0.1959763467311859,0.044965390115976334
1774267700.287,2740.010856692,20,1,happy,1,30.361783999978798,0.0028867328073829412,0.745514988899231,0.21323317289352417,0.03836505860090256
1774267700.326,2740.050755249,21,1,happy,1,29.41619000011997,0.0019339034333825111,0.6651695370674133,0.3055983781814575,0.02729811519384384
1774267700.365,2740.090305972,22,1,happy,1,29.721358000188047,0.029252903535962105,0.688839316368103,0.26305800676345825,0.018849661573767662
1774267700.407,2740.131154438,23,1,happy,1,30.20502499975919,0.039857011288404465,0.7194559574127197,0.2223600149154663,0.018326926976442337
1774267700.447,2740.17130494,24,1,happy,1,30.065616999763733,0.11101096123456955,0.696234941482544,0.17960405349731445,0.013149984180927277
1774267700.496,2740.219582546,25,1,happy,1,30.691933000071003,0.12865810096263885,0.4916223883628845,0.30986690521240234,0.06985253840684891
1774267700.538,2740.260176974,26,1,happy,1,32.57117600014681,0.10330455005168915,0.4142761826515198,0.34426355361938477,0.13815565407276154
1774267700.578,2740.302362257,27,2,sad,1,30.004282999925636,0.0720432698726654,0.29235512018203735,0.5373919010162354,0.09820959717035294
1774267700.619,2740.34228211,28,2,sad,1,31.277508000130183,0.09127521514892578,0.27804291248321533,0.544562041759491,0.08611973375082016
1774267700.671,2740.386012265,29,2,sad,1,39.149277999968035,0.06497714668512344,0.2550833225250244,0.6220686435699463,0.05787083879113197
1774267700.722,2740.438366618,30,2,sad,1,37.85073900007774,0.1652272641658783,0.3067789673805237,0.4893602728843689,0.038633473217487335
1774267700.762,2740.486857039,31,1,happy,1,29.451579000124184,0.11803294718265533,0.4652504324913025,0.3885476887226105,0.02816895581781864
1774267700.803,2740.526013539,32,1,happy,1,31.757285999901796,0.10699411481618881,0.477261483669281,0.39501315355300903,0.020731255412101746
1774267700.843,2740.567500432,33,2,sad,1,30.13041299982433,0.07606330513954163,0.33124974370002747,0.5598596334457397,0.03282732143998146
1774267700.883,2740.607215711,34,2,sad,1,30.24848799987012,0.062207918614149094,0.4498562514781952,0.46564728021621704,0.022288519889116287
1774267703.038,2742.759136914,35,2,sad,1,33.992066999871895,0.0858420729637146,0.35157257318496704,0.4974955916404724,0.06508976966142654
1774267703.097,2742.818319925,36,2,sad,1,33.19088099988221,0.05775030329823494,0.23294340074062347,0.6426867246627808,0.06661953032016754
1774267703.139,2742.862100988,37,2,sad,1,31.998843000110355,0.049989812076091766,0.255654901266098,0.6049938797950745,0.08936134725809097
1774267703.493,2743.213870367,38,2,sad,1,34.274217000074714,0.15751343965530396,0.24676799774169922,0.5145944356918335,0.08112408220767975
1774267703.559,2743.278342553,39,2,sad,1,35.21368099973188,0.374080091714859,0.1812707781791687,0.38846880197525024,0.056180309504270554
1774267703.602,2743.325370658,40,0,neutral,1,31.729731000268657,0.46692755818367004,0.21470308303833008,0.28118282556533813,0.03718651086091995
1774267703.645,2743.367780294,41,1,happy,1,31.767730999945343,0.31894028186798096,0.47112420201301575,0.1840321570634842,0.025903286412358284
1774267703.693,2743.415806567,42,1,happy,1,31.716971000150807,0.20993159711360931,0.6410654187202454,0.11995071917772293,0.029052171856164932
1774267703.743,2743.466359769,43,1,happy,1,30.880544999945414,0.1372694969177246,0.7599246501922607,0.07820738852024078,0.024598445743322372
1774267703.792,2743.516276601,44,1,happy,1,30.542544000127236,0.08944519609212875,0.8410577774047852,0.05094807967543602,0.01854889467358589
1774267703.843,2743.566911841,45,1,happy,1,30.72728500001176,0.05824454501271248,0.8910726308822632,0.03325122594833374,0.01743151806294918
1774267703.892,2743.617049765,46,1,happy,1,30.032542999833822,0.03863583877682686,0.9061774015426636,0.02260926179587841,0.03257739916443825
1774267703.943,2743.668034042,47,1,happy,1,29.563191000306688,0.025247329846024513,0.9307175874710083,0.014808922074735165,0.029226072132587433
1774267703.994,2743.718636301,48,1,happy,1,30.244413999753306,0.016461508348584175,0.9511797428131104,0.009677198715507984,0.022681482136249542
1774267704.045,2743.769220929,49,1,happy,1,30.200137000065297,0.010809984058141708,0.96552574634552,0.006366356275975704,0.017297860234975815
1774267704.095,2743.819648373,50,1,happy,1,30.10945100004392,0.008234865963459015,0.9572067260742188,0.008425187319517136,0.026133155450224876
1774267704.145,2743.869807835,51,1,happy,1,30.265266000242264,0.007287114858627319,0.9485044479370117,0.013521779328584671,0.03068658336997032
1774267704.196,2743.920647649,52,1,happy,1,30.3843780002353,0.007292390335351229,0.9408677816390991,0.01789083704352379,0.03394893929362297
1774267704.246,2743.970816204,53,1,happy,1,29.766412999833847,0.011052863672375679,0.9201145172119141,0.025947488844394684,0.042885079979896545
1774267704.297,2744.021156832,54,1,happy,1,30.46726699994906,0.01292601227760315,0.8602447509765625,0.057882554829120636,0.06894667446613312
1774267704.348,2744.072199536,55,1,happy,1,30.149061999964033,0.026714008301496506,0.8408238887786865,0.06435688585042953,0.06810519099235535
1774267704.398,2744.122183034,56,1,happy,1,30.292674000065745,0.021396737545728683,0.8828146457672119,0.04377110302448273,0.05201747640967369
1774267704.448,2744.173029145,57,1,happy,1,29.807562000314647,0.017741378396749496,0.9132663011550903,0.031467318534851074,0.03752494975924492
1774267704.499,2744.22321394,58,1,happy,1,30.329803000313404,0.03560404106974602,0.8702524900436401,0.03592471033334732,0.05821875482797623
1774267704.549,2744.273471495,59,1,happy,1,29.7804689998884,0.029623331502079964,0.8538954257965088,0.04507092386484146,0.07141032814979553
1774267704.599,2744.32353953,60,1,happy,1,29.96280300021681,0.05547448620200157,0.6367756128311157,0.2354031801223755,0.07234671711921692
1774267704.649,2744.373566232,61,1,happy,1,29.977839999901335,0.03990628570318222,0.5209875106811523,0.36362671852111816,0.07547944784164429
1774267704.699,2744.423794935,62,2,sad,1,29.98369199985973,0.03912379965186119,0.37237390875816345,0.5137224197387695,0.07477979362010956
1774267704.750,2744.474421823,63,2,sad,1,30.21039600025688,0.03587418422102928,0.25537943840026855,0.6486049890518188,0.06014126166701317
1774267704.802,2744.525785231,64,2,sad,1,30.935933999899135,0.030897166579961777,0.17049753665924072,0.7471741437911987,0.05143103003501892
1774267704.852,2744.575506062,65,2,sad,1,30.82776700011891,0.029913023114204407,0.45095768570899963,0.4856938421726227,0.03343537077307701
1774267704.902,2744.626344229,66,1,happy,1,30.620118000115326,0.01995670795440674,0.642601490020752,0.3157077133655548,0.021734017878770828
1774267704.953,2744.67684408,67,1,happy,1,30.962749000082113,0.013568471185863018,0.766952633857727,0.20533983409404755,0.01413899939507246
1774267705.004,2744.727664209,68,1,happy,1,30.976212000041414,0.00891045480966568,0.848311185836792,0.13357700407505035,0.009201227687299252
1774267705.054,2744.778380727,69,1,happy,1,30.29785900025672,0.006351948715746403,0.8986443281173706,0.08898157626390457,0.006022010929882526
1774267705.106,2744.829477654,70,1,happy,1,30.68006300009074,0.0043133641593158245,0.9334245920181274,0.05827442929148674,0.0039875078946352005
1774267705.156,2744.88042558,71,1,happy,1,30.654099999992468,0.0030477906111627817,0.931489884853363,0.0625627189874649,0.0028995478060096502
1774267705.207,2744.930796764,72,1,happy,1,31.12578599984772,0.0020347172394394875,0.6080997586250305,0.38755545020103455,0.002310008043423295
1774267705.256,2744.981042356,73,2,sad,1,30.003228999703424,0.0016897907480597496,0.46023136377334595,0.5362347364425659,0.0018440827261656523
1774267705.308,2745.032163393,74,1,happy,1,30.119581000235485,0.002576264552772045,0.5204560160636902,0.4752435088157654,0.001724135596305132
1774267705.357,2745.082177596,75,1,happy,1,29.900321000241092,0.006668942980468273,0.63141268491745,0.35673680901527405,0.005181487649679184
1774267705.408,2745.132700836,76,1,happy,1,30.20456300009755,0.009465305134654045,0.5527284145355225,0.4191824793815613,0.01862376369535923
1774267705.458,2745.183422873,77,1,happy,1,29.155708999951457,0.006240008864551783,0.5858153104782104,0.39139342308044434,0.016551224514842033
1774267705.509,2745.234194762,78,1,happy,1,29.692284000248037,0.004155206494033337,0.6969677209854126,0.2859427332878113,0.012934277765452862
1774267705.559,2745.284108871,79,1,happy,1,29.96841399999539,0.0031284019351005554,0.7519477605819702,0.2317713499069214,0.013152433559298515
1774267705.609,2745.334933964,80,1,happy,1,29.014524000103847,0.002076811157166958,0.5569965243339539,0.42599958181381226,0.014926988631486893
1774267705.661,2745.385516889,81,1,happy,1,30.101469999863184,0.0013709820341318846,0.6323519945144653,0.34638455510139465,0.019892387092113495
1774267705.711,2745.436213704,82,1,happy,1,29.299283000000287,0.0009826289024204016,0.6754473447799683,0.3064838647842407,0.017086097970604897
1774267705.771,2745.487433964,83,2,sad,1,37.584961999982625,0.0006394247175194323,0.4393711984157562,0.5486131310462952,0.01137613970786333
1774267705.822,2745.539094558,84,2,sad,1,38.003758999821,0.00058464688481763,0.2861292362213135,0.7054407000541687,0.007845299318432808
1774267705.871,2745.589088501,85,2,sad,1,36.50925700003427,0.0006503585027530789,0.21514882147312164,0.7788366079330444,0.005364132113754749
1774267705.920,2745.638735499,86,2,sad,1,35.773810999671696,0.003560949582606554,0.15866166353225708,0.8324896693229675,0.005287639331072569
1774267705.965,2745.688034867,87,2,sad,1,31.438342000001285,0.00397142069414258,0.10443631559610367,0.887819766998291,0.0037724501453340054
1774267706.014,2745.738410274,88,2,sad,1,29.80498799979614,0.007218404673039913,0.09356535226106644,0.8831074237823486,0.016108743846416473
1774267706.063,2745.788751662,89,2,sad,1,29.039857000043412,0.00808362103998661,0.12195431441068649,0.8341223001480103,0.03583970293402672
1774267706.113,2745.838720883,90,2,sad,1,29.315469000266603,0.01985970139503479,0.294499933719635,0.6468695402145386,0.03877071291208267
1774267706.164,2745.888749494,91,2,sad,1,29.90374699993481,0.0380944199860096,0.37689924240112305,0.5398711562156677,0.04513505846261978
1774267706.216,2745.940105458,92,1,happy,1,30.370562000371137,0.03178226575255394,0.46131131052970886,0.45911139249801636,0.047794897109270096
1774267706.265,2745.990890458,93,1,happy,1,29.057393999664782,0.05362989753484726,0.47876453399658203,0.43124157190322876,0.036363888531923294
1774267706.316,2746.041305161,94,2,sad,1,29.649729000084335,0.06994646787643433,0.33537590503692627,0.5675938725471497,0.027083642780780792
1774267706.367,2746.092094032,95,2,sad,1,30.09678399985205,0.060148801654577255,0.2920655608177185,0.6227670907974243,0.02501840330660343
1774267706.419,2746.142014697,96,2,sad,1,31.387231000280735,0.09831732511520386,0.3932967782020569,0.4882993698120117,0.02008642628788948
1774267706.469,2746.19336068,97,1,happy,1,30.48845200009964,0.14342710375785828,0.43251049518585205,0.4084347188472748,0.015627583488821983
1774267706.520,2746.243850476,98,1,happy,1,30.51867400017727,0.19831794500350952,0.4032198488712311,0.3853224217891693,0.01313965767621994
1774267706.570,2746.294301012,99,2,sad,1,30.496582000068884,0.2213078737258911,0.3598363399505615,0.4076724052429199,0.011183258146047592
1774267706.621,2746.344800346,100,2,sad,1,30.911544999980833,0.24159468710422516,0.35370904207229614,0.39417707920074463,0.010519093833863735
1774267706.672,2746.395248012,101,2,sad,1,31.133526999838068,0.2454148828983307,0.25619015097618103,0.48554158210754395,0.012853322550654411
1774267706.722,2746.445974642,102,2,sad,1,30.51230300025054,0.20908185839653015,0.18910133838653564,0.58697909116745,0.014837661758065224
1774267706.774,2746.49705355,103,2,sad,1,31.46811999977217,0.20013000071048737,0.14167165756225586,0.6443972587585449,0.013800999149680138
1774267706.823,2746.547784216,104,2,sad,1,29.68274700015172,0.1519564539194107,0.0949186384677887,0.743118166923523,0.010006670840084553
1774267706.873,2746.598135734,105,2,sad,1,29.84263700000156,0.09890090674161911,0.06321268528699875,0.8312352895736694,0.006651084404438734
1774267706.923,2746.648484845,106,2,sad,1,29.410043000098085,0.06441929191350937,0.04333131015300751,0.8872862458229065,0.004963114392012358
1774267706.974,2746.698400511,107,2,sad,1,30.20061799998075,0.04364855960011482,0.033591654151678085,0.9174706935882568,0.005288993939757347
1774267707.024,2746.748679306,108,2,sad,1,30.022562999874935,0.031859055161476135,0.027883589267730713,0.9346020221710205,0.005655207671225071
1774267707.074,2746.798733843,109,2,sad,1,30.266191999999137,0.03343016281723976,0.11823580414056778,0.8355553150177002,0.012778631411492825
1774267707.125,2746.849841677,110,2,sad,1,29.862322000099084,0.04231204092502594,0.19494013488292694,0.7386932969093323,0.02405438758432865
1774267707.175,2746.899342583,111,2,sad,1,29.925117999937356,0.030387867242097855,0.3756237030029297,0.5246992111206055,0.06928911805152893
1774267707.226,2746.950191454,112,2,sad,1,30.399932999898738,0.03906141594052315,0.44334906339645386,0.4475448727607727,0.07004456222057343
1774267707.276,2747.000987436,113,1,happy,1,30.11004400013917,0.047541409730911255,0.4362756013870239,0.36102575063705444,0.1551571488380432
1774267707.328,2747.051469973,114,1,happy,1,31.36156399978063,0.04154180362820625,0.5335210561752319,0.2834683060646057,0.14146879315376282
1774267707.377,2747.101452972,115,1,happy,1,30.246785000144882,0.047057826071977615,0.5469601154327393,0.2310924381017685,0.17488962411880493
1774267707.428,2747.152522566,116,1,happy,1,30.071877000409586,0.05683093145489693,0.6194498538970947,0.1910027712583542,0.13271641731262207
1774267707.481,2747.203536789,117,1,happy,1,31.836435000059282,0.06304428726434708,0.4987131655216217,0.19716191291809082,0.24108059704303741
1774267707.530,2747.253825863,118,1,happy,1,31.130100999689603,0.06930868327617645,0.44006049633026123,0.20122022926807404,0.2894105315208435
1774267707.581,2747.304613622,119,1,happy,1,31.145120000019233,0.051672860980033875,0.5372122526168823,0.1520007997751236,0.25911402702331543
1774267707.631,2747.355084974,120,1,happy,1,30.211785000119562,0.037562496960163116,0.6188941597938538,0.11217715591192245,0.2313660979270935
1774267707.681,2747.405385863,121,1,happy,1,30.343599999923754,0.029325082898139954,0.447631299495697,0.1142849400639534,0.40875858068466187
1774267707.732,2747.455708381,122,1,happy,1,30.489100000067992,0.0230121873319149,0.6049120426177979,0.087436743080616,0.2846389710903168
1774267707.783,2747.506531104,123,1,happy,1,30.702360000304907,0.025566648691892624,0.6809797286987305,0.08306626975536346,0.21038728952407837
1774267707.833,2747.557289826,124,1,happy,1,30.608507999659196,0.018551241606473923,0.7771676778793335,0.059533849358558655,0.14474719762802124
1774267707.887,2747.607909012,125,1,happy,1,33.59084499970777,0.020281534641981125,0.7954856157302856,0.06360431015491486,0.1206284686923027
1774267707.934,2747.657797215,126,1,happy,1,30.902470999990328,0.015676626935601234,0.8475420475006104,0.05158228054642677,0.08519890904426575
1774267707.986,2747.708506011,127,1,happy,1,32.11265900017679,0.028185110539197922,0.8027596473693848,0.05715152993798256,0.1119036078453064
1774267708.035,2747.759139049,128,1,happy,1,30.752229999961855,0.028827451169490814,0.8127471208572388,0.05782569199800491,0.10059963166713715
1774267708.086,2747.809319215,129,1,happy,1,31.17441599988524,0.04366490989923477,0.7370277643203735,0.08820738643407822,0.1310998499393463
1774267708.137,2747.860769735,130,1,happy,1,31.207583000195882,0.06987465173006058,0.5505076050758362,0.1831831932067871,0.19643443822860718
1774267708.187,2747.910449623,131,1,happy,1,31.325694999850384,0.058990512043237686,0.6086963415145874,0.15135079622268677,0.1809622347354889
1774267708.237,2747.961139272,132,1,happy,1,30.902823000360513,0.057666465640068054,0.6457239389419556,0.1330462396144867,0.16356328129768372
1774267708.291,2748.012866163,133,1,happy,1,32.63943699994343,0.0881379172205925,0.6665019392967224,0.1178031787276268,0.12755681574344635
1774267708.339,2748.063116441,134,1,happy,1,29.874376999941887,0.16703833639621735,0.5714481472969055,0.1448553204536438,0.11665808409452438
1774267708.389,2748.113505182,135,1,happy,1,30.328006999752688,0.2608417272567749,0.5224913358688354,0.1180606484413147,0.09860620647668839
1774267708.439,2748.163706959,136,1,happy,1,30.22259999988819,0.383996844291687,0.4134482443332672,0.11805705726146698,0.08449774980545044
1774267708.489,2748.213557811,137,0,neutral,1,30.200728999716375,0.43641397356987,0.40339457988739014,0.09060928970575333,0.06958205997943878
1774267708.539,2748.263956737,138,1,happy,1,29.81204399975468,0.42617887258529663,0.43741244077682495,0.08081580698490143,0.05559277907013893
1774267708.590,2748.314291755,139,1,happy,1,30.00850700027513,0.3322257697582245,0.5552140474319458,0.06766306608915329,0.04489705339074135
1774267708.641,2748.365399386,140,1,happy,1,30.42400800040923,0.24331119656562805,0.645280659198761,0.0628947764635086,0.04851329326629639
1774267708.692,2748.415722405,141,1,happy,1,31.182841999907396,0.16842427849769592,0.7524120807647705,0.04395686835050583,0.03520665690302849
1774267708.744,2748.466996795,142,1,happy,1,31.546306000109325,0.16792193055152893,0.6994796991348267,0.07479950785636902,0.05779877305030823
1774267708.792,2748.517219202,143,1,happy,1,29.461340000125347,0.1518835425376892,0.7343886494636536,0.06539002805948257,0.048337697982788086
1774267708.843,2748.567417239,144,1,happy,1,29.89111800025057,0.16337135434150696,0.7507079839706421,0.05098634213209152,0.034934237599372864
1774267708.897,2748.618861833,145,1,happy,1,33.002659999965545,0.17910486459732056,0.7148734331130981,0.06161929666996002,0.04440230131149292
1774267708.945,2748.668879092,146,1,happy,1,30.527378999977373,0.1742801070213318,0.7151552438735962,0.0675448328256607,0.04301973432302475
1774267708.995,2748.719322944,147,1,happy,1,30.749397999898065,0.12861153483390808,0.7802309989929199,0.05352536588907242,0.0376320406794548
1774267709.047,2748.769034925,148,1,happy,1,33.0066970000189,0.08404844254255295,0.8562741875648499,0.034953657537698746,0.024723613634705544
1774267709.097,2748.819776519,149,1,happy,1,31.945565000114584,0.05568986386060715,0.904574990272522,0.023103555664420128,0.016631513833999634
1774267709.147,2748.870176686,150,1,happy,1,31.290767999962554,0.042423587292432785,0.9278540015220642,0.0171477273106575,0.012574583292007446
1774267709.198,2748.920332464,151,1,happy,1,32.74045500029388,0.03515900671482086,0.9140423536300659,0.021665725857019424,0.029132869094610214
1774267709.247,2748.971101465,152,1,happy,1,30.966285999966203,0.027457449585199356,0.912712812423706,0.022011226043105125,0.037818461656570435
1774267709.298,2749.021511243,153,1,happy,1,30.858619999889925,0.021756567060947418,0.916907787322998,0.02297525852918625,0.038360338658094406
1774267709.349,2749.072525115,154,1,happy,1,30.930878999697597,0.016324715688824654,0.9343235492706299,0.02208981104195118,0.02726185880601406
1774267709.400,2749.123481245,155,1,happy,1,30.86382399987997,0.010671460069715977,0.9567635655403137,0.014479507692158222,0.01808536984026432
1774267709.450,2749.173511282,156,1,happy,1,31.26702800000203,0.00930660031735897,0.9536260962486267,0.0169739481061697,0.02009323425590992
1774267709.504,2749.223738042,157,1,happy,1,35.11749599965697,0.00718271266669035,0.9651849865913391,0.01358109712600708,0.014051089994609356
1774267709.550,2749.274104061,158,1,happy,1,30.709119000221108,0.005270323250442743,0.9714613556861877,0.010652821511030197,0.012615473009645939
1774267709.601,2749.325290322,159,1,happy,1,30.821211999864317,0.015602193772792816,0.9245067238807678,0.03638431802392006,0.023506727069616318
1774267709.653,2749.375341322,160,1,happy,1,32.196861999636894,0.014277459122240543,0.9282587766647339,0.035272806882858276,0.02219083532691002
1774267709.703,2749.425802118,161,1,happy,1,32.203973999912705,0.01224360242486,0.880623459815979,0.04635485261678696,0.06077795475721359
1774267709.752,2749.476558453,162,1,happy,1,30.205637000108254,0.012843593955039978,0.878966748714447,0.053527235984802246,0.05466228350996971
1774267709.805,2749.527054972,163,1,happy,1,32.23165899999003,0.010010244324803352,0.9107550382614136,0.03962640091776848,0.0396081767976284
1774267709.853,2749.577519954,164,1,happy,1,29.849470000044676,0.011762335896492004,0.8932685852050781,0.04089036211371422,0.05407857894897461
1774267709.909,2749.628432455,165,1,happy,1,35.0420889999441,0.007873576134443283,0.9292014837265015,0.027045130729675293,0.03587968647480011
1774267709.958,2749.679767809,166,1,happy,1,33.35480799978541,0.007931447587907314,0.9275856018066406,0.02937464974820614,0.035108208656311035
1774267710.004,2749.729411771,167,1,happy,1,29.653322000285698,0.007664218544960022,0.9405120015144348,0.026211591437458992,0.0256121177226305
1774267710.055,2749.779710697,168,1,happy,1,29.73906299985174,0.0054747480899095535,0.9548434019088745,0.018734224140644073,0.020947493612766266
1774267710.106,2749.830831199,169,1,happy,1,30.133637000290037,0.004424436017870903,0.9673871397972107,0.01323932595551014,0.014948977157473564
1774267710.158,2749.881924534,170,1,happy,1,30.85469400002694,0.004683488979935646,0.966346800327301,0.012507511302828789,0.016462091356515884
1774267710.208,2749.932506776,171,1,happy,1,30.5028789998687,0.004315345082432032,0.9732086658477783,0.009881854988634586,0.012593965977430344
1774267710.260,2749.982903628,172,1,happy,1,32.196863000081066,0.004049897659569979,0.9764757752418518,0.009250271134078503,0.01022389903664589
1774267710.316,2750.03451415,173,1,happy,1,35.929033999764215,0.01769327186048031,0.8643529415130615,0.08143390715122223,0.036519765853881836
1774267710.365,2750.084899132,174,1,happy,1,34.66875499998423,0.014300786890089512,0.8928518295288086,0.0612858422100544,0.031561486423015594
1774267710.415,2750.135844707,175,1,happy,1,34.3068659999517,0.020259473472833633,0.8465599417686462,0.08275021612644196,0.050430309027433395
1774267710.466,2750.186186301,176,1,happy,1,34.1090320002877,0.022252650931477547,0.8641613721847534,0.0701572373509407,0.043428633362054825
1774267710.513,2750.236477505,177,1,happy,1,30.91780500017194,0.03524133935570717,0.8443857431411743,0.0758645310997963,0.04450824856758118
1774267710.562,2750.286591338,178,1,happy,1,30.320157000005565,0.038036469370126724,0.8216130137443542,0.08445161581039429,0.0558987632393837
1774267710.613,2750.337133469,179,1,happy,1,30.450434000158566,0.029647301882505417,0.8704768419265747,0.06053241342306137,0.03934335336089134
1774267710.662,2750.386723728,180,1,happy,1,30.036673999802588,0.028676800429821014,0.8929462432861328,0.04859446361660957,0.02978239580988884
1774267710.713,2750.436805524,181,1,happy,1,31.237398000030225,0.021628383547067642,0.9210497140884399,0.03421309217810631,0.02310873381793499
1774267710.764,2750.487398099,182,1,happy,1,30.854397999974026,0.03151493892073631,0.882633626461029,0.04755958914756775,0.03829176351428032
1774267710.813,2750.537703322,183,1,happy,1,30.27135999991515,0.03142882138490677,0.8726867437362671,0.051196761429309845,0.04468754306435585
1774267710.864,2750.588547712,184,1,happy,1,30.519805000039923,0.04363740235567093,0.8640512228012085,0.04881502687931061,0.04349621757864952
1774267710.915,2750.638756657,185,1,happy,1,30.22915599967746,0.07097261399030685,0.7724252939224243,0.0967557355761528,0.05984623730182648
1774267710.976,2750.691932051,186,1,happy,1,38.27279799997996,0.06139653921127319,0.7800820469856262,0.09755561500787735,0.060965705662965775
1774267711.026,2750.743263961,187,1,happy,1,37.145239999972546,0.0579502247273922,0.8049154877662659,0.08665584027767181,0.05047836899757385
1774267711.070,2750.792242626,188,1,happy,1,32.53973399978349,0.0474119558930397,0.8092557787895203,0.0855933427810669,0.057738810777664185
1774267711.119,2750.842108552,189,1,happy,1,31.914787999994587,0.06196296960115433,0.815899670124054,0.07607860863208771,0.04605864733457565
1774267711.169,2750.89249222,190,1,happy,1,31.565546999900107,0.0522715225815773,0.8223977088928223,0.07390125095844269,0.051429443061351776
1774267711.221,2750.94344461,191,1,happy,1,32.73160500020822,0.04641910269856453,0.7791369557380676,0.08851850777864456,0.08592535555362701
1774267711.270,2750.993762074,192,1,happy,1,31.367453999791906,0.04710152745246887,0.7893385887145996,0.08738631755113602,0.07617348432540894
1774267711.322,2751.044419242,193,1,happy,1,31.87308499991559,0.056985385715961456,0.7555919885635376,0.1120532751083374,0.0753692165017128
1774267711.372,2751.095292466,194,1,happy,1,31.001175999790576,0.07176224887371063,0.7253655195236206,0.13230843842029572,0.07056368887424469
1774267711.424,2751.146119079,195,1,happy,1,32.61171499980264,0.06537797302007675,0.7347983121871948,0.1181347519159317,0.08168888837099075
1774267711.474,2751.197467915,196,1,happy,1,31.36880600004588,0.07635273039340973,0.6874276399612427,0.13711535930633545,0.099104143679142
1774267711.525,2751.248286639,197,1,happy,1,31.61354699977892,0.08139335364103317,0.6989660263061523,0.13000905513763428,0.08963139355182648
1774267711.575,2751.298175213,198,1,happy,1,31.058731000030093,0.07601967453956604,0.6182185411453247,0.1607174277305603,0.145044207572937
1774267711.625,2751.349034937,199,1,happy,1,30.718768000042473,0.06569225341081619,0.6931720972061157,0.12561790645122528,0.11551762372255325
1774267711.675,2751.399004733,200,1,happy,1,30.417657000270992,0.06147686019539833,0.7526122331619263,0.10207285732030869,0.08383795619010925
1774267711.726,2751.449673642,201,1,happy,1,30.717489999915415,0.05774308368563652,0.7930607795715332,0.08703769743442535,0.062158405780792236
1774267711.777,2751.500443199,202,1,happy,1,31.07032399975651,0.05349196493625641,0.814209520816803,0.0789789929986,0.05331943929195404
1774267711.827,2751.550701922,203,1,happy,1,30.685657000049105,0.042087122797966,0.8502154350280762,0.06493772566318512,0.04275967925786972
1774267711.878,2751.601609017,204,1,happy,1,30.689470999732293,0.0315789133310318,0.883060097694397,0.04993845894932747,0.03542247414588928
1774267711.931,2751.652599907,205,1,happy,1,32.80388299981496,0.03235585615038872,0.8190786838531494,0.08814223110675812,0.0604231171309948
1774267711.978,2751.702893501,206,1,happy,1,30.22411900019506,0.02568303979933262,0.8643317818641663,0.06570184230804443,0.044283248484134674
1774267712.029,2751.753529261,207,1,happy,1,30.36174899989419,0.025728344917297363,0.8800816535949707,0.0556984469294548,0.038491375744342804
1774267712.081,2751.804418041,208,1,happy,1,30.98971299959885,0.019767962396144867,0.910669207572937,0.04148147627711296,0.028081201016902924
1774267712.133,2751.855317839,209,1,happy,1,32.194586000059644,0.018441351130604744,0.9223392009735107,0.036493413150310516,0.022725913673639297
1774267712.182,2751.905972119,210,1,happy,1,30.871841999669414,0.01648836024105549,0.8913122415542603,0.049550220370292664,0.04264906048774719
1774267712.234,2751.957005917,211,1,happy,1,31.439973000033206,0.012193546630442142,0.9223545789718628,0.03533337637782097,0.030118409544229507
1774267712.285,2752.007708882,212,1,happy,1,31.819881000046735,0.01348627358675003,0.9235225915908813,0.03733547031879425,0.025655601173639297
1774267712.335,2752.057946735,213,1,happy,1,32.20143700036715,0.010188465006649494,0.9339213371276855,0.034054603427648544,0.02183546870946884
1774267712.386,2752.108647996,214,1,happy,1,31.82495500004734,0.010551230981945992,0.8134102821350098,0.05111798271536827,0.12492039799690247
1774267712.436,2752.15869096,215,1,happy,1,31.70215799991638,0.013236287981271744,0.8081746697425842,0.06646546721458435,0.11212347447872162
1774267712.486,2752.208727831,216,1,happy,1,32.013695999921765,0.012785915285348892,0.825842559337616,0.06467694789171219,0.0966944694519043
1774267712.537,2752.259098406,217,1,happy,1,32.76025300010588,0.012096243910491467,0.8616244792938232,0.05675653740763664,0.06952264159917831
1774267712.589,2752.309728759,218,1,happy,1,34.209459000067,0.012156972661614418,0.841478705406189,0.06789060682058334,0.07847368717193604
1774267712.638,2752.360710243,219,1,happy,1,32.199104000028456,0.0126905906945467,0.7996993064880371,0.0787447839975357,0.10886518657207489
1774267712.688,2752.411079707,220,1,happy,1,31.455435999760084,0.014156481251120567,0.744080126285553,0.0855674296617508,0.15619584918022156
1774267712.739,2752.461834931,221,1,happy,1,31.913344000258803,0.009873269125819206,0.8256796598434448,0.05994077026844025,0.10450616478919983
1774267712.789,2752.512452229,222,1,happy,1,31.707418000223697,0.007212648168206215,0.8660934567451477,0.043771665543317795,0.08292213827371597
1774267712.841,2752.564152269,223,1,happy,1,31.164714000169624,0.005593026988208294,0.9055477976799011,0.03198046237230301,0.05687865987420082
1774267712.893,2752.614751197,224,1,happy,1,33.01201200019932,0.0059053641743958,0.9240517020225525,0.02774081937968731,0.04230209067463875
1774267712.944,2752.666411848,225,1,happy,1,32.59036400004334,0.005480386316776276,0.9454550743103027,0.02018747478723526,0.02887708507478237
1774267712.995,2752.71685735,226,1,happy,1,32.567641000241565,0.004722864832729101,0.9540296792984009,0.017142314463853836,0.024105139076709747
1774267713.045,2752.767107962,227,1,happy,1,32.313604000137275,0.012894018553197384,0.920417845249176,0.037819601595401764,0.02886853739619255
1774267713.095,2752.817793019,228,1,happy,1,32.12123399998745,0.011569219641387463,0.930389404296875,0.03370348736643791,0.02433781698346138
1774267713.144,2752.86729826,229,1,happy,1,31.071768999936467,0.008725778199732304,0.9323428869247437,0.02743258699774742,0.03149864822626114
1774267713.194,2752.917785188,230,1,happy,1,30.97589800017886,0.012153294868767262,0.9021387100219727,0.05219109356403351,0.0335167720913887
1774267713.243,2752.966698354,231,1,happy,1,30.593379000038112,0.010966907255351543,0.8940026164054871,0.048930104821920395,0.046100273728370667
1774267713.293,2753.017425615,232,1,happy,1,30.15311900026063,0.009233072400093079,0.8823084831237793,0.041931796818971634,0.06652648746967316
1774267713.343,2753.067145486,233,1,happy,1,30.542398000307003,0.007228089962154627,0.8786181211471558,0.03633977472782135,0.07781389355659485
1774267713.393,2753.117770303,234,1,happy,1,30.120434000309615,0.013294296339154243,0.8577046990394592,0.05000960826873779,0.07899131625890732
1774267713.443,2753.167975415,235,1,happy,1,30.17048999981853,0.011355763301253319,0.8891687393188477,0.04167194291949272,0.05780348926782608
1774267713.494,2753.218997973,236,1,happy,1,29.79109999978391,0.023721350356936455,0.7951143383979797,0.10642503201961517,0.0747392326593399
1774267713.545,2753.26899503,237,1,happy,1,30.95550899979571,0.02131478302180767,0.7890852689743042,0.09899488836526871,0.09060506522655487
1774267713.595,2753.319289753,238,1,happy,1,30.757398000332614,0.015780173242092133,0.8420584201812744,0.07230889797210693,0.06985243409872055
1774267713.647,2753.370453941,239,1,happy,1,31.274527999812562,0.016197845339775085,0.8165128231048584,0.07657787203788757,0.09071137756109238
1774267713.698,2753.42131411,240,1,happy,1,31.510972999967635,0.012876436114311218,0.8525158762931824,0.06072348356246948,0.07388409227132797
1774267713.748,2753.47127574,241,1,happy,1,31.300029000249197,0.009354948997497559,0.8826285600662231,0.043403349816799164,0.06461311131715775
1774267713.797,2753.522057483,242,1,happy,1,29.89648999982819,0.00869437213987112,0.8843575716018677,0.04189712554216385,0.06505082547664642
1774267713.850,2753.5727823,243,1,happy,1,31.63401099982366,0.006661487277597189,0.9187251329421997,0.030404189601540565,0.04420905187726021
1774267713.903,2753.62415347,244,1,happy,1,33.81816200044341,0.011697046458721161,0.8825391530990601,0.05198563635349274,0.05377805233001709
1774267713.952,2753.675010065,245,1,happy,1,31.734213999698113,0.0094758877530694,0.9033253192901611,0.04006262496113777,0.047136090695858
1774267714.001,2753.725059399,246,1,happy,1,30.732527999589365,0.007148733362555504,0.919567346572876,0.03060324303805828,0.04268055409193039
1774267714.054,2753.775718142,247,1,happy,1,32.79523399987738,0.00869097001850605,0.910053551197052,0.04130883142352104,0.03994656354188919
1774267714.104,2753.826155255,248,1,happy,1,32.32001100013804,0.007379486225545406,0.9073387384414673,0.03583100810647011,0.04945065826177597
1774267714.154,2753.876332626,249,1,happy,1,32.24440099984349,0.0066735269501805305,0.9167200326919556,0.03121374174952507,0.04539255052804947
1774267714.205,2753.926821647,250,1,happy,1,33.07223499996326,0.012080647982656956,0.8199495673179626,0.052907928824424744,0.11506173014640808
1774267714.255,2753.97676,251,1,happy,1,32.719697000175074,0.010127836838364601,0.8711093068122864,0.040066033601760864,0.07869673520326614
1774267714.305,2754.027053687,252,1,happy,1,33.06255000006786,0.008745645172894001,0.8807057738304138,0.03670104593038559,0.07384751737117767
1774267714.354,2754.077167059,253,1,happy,1,31.35612099958962,0.008374268189072609,0.9055638313293457,0.03270775452256203,0.05335411801934242
1774267714.412,2754.128295135,254,1,happy,1,38.6511699998664,0.01291962806135416,0.8982782363891602,0.04050883278250694,0.048293258994817734
1774267714.460,2754.18119366,255,1,happy,1,33.51717999976245,0.022499829530715942,0.8414487838745117,0.0813421681523323,0.054709188640117645
1774267714.511,2754.229810029,256,1,happy,1,35.98629499992967,0.01917821727693081,0.871356725692749,0.06592075526714325,0.04354424774646759
1774267714.560,2754.28064355,257,1,happy,1,34.33619999987059,0.02714727446436882,0.8595888614654541,0.07201866060495377,0.04124517738819122
1774267714.609,2754.331597534,258,1,happy,1,32.32449300003282,0.02478889934718609,0.8582181930541992,0.07360523194074631,0.04338756948709488
1774267714.660,2754.38189448,259,1,happy,1,32.83910499976628,0.027237318456172943,0.8532233238220215,0.07674960047006607,0.04278964921832085
1774267714.710,2754.433169743,260,1,happy,1,31.50393600026291,0.019560005515813828,0.900842010974884,0.051298681646585464,0.028299177065491676
1774267714.759,2754.482868947,261,1,happy,1,30.949101999794948,0.01893872767686844,0.854528546333313,0.07412250339984894,0.05241015553474426
1774267714.810,2754.533067689,262,1,happy,1,31.560807000005298,0.014527725987136364,0.8954057693481445,0.05309373885393143,0.03697267919778824
1774267714.862,2754.584800397,263,1,happy,1,31.598046999988583,0.018719732761383057,0.8500134944915771,0.08760766685009003,0.04365900531411171
1774267714.911,2754.635147158,264,1,happy,1,30.19756399999096,0.01862795650959015,0.8539021015167236,0.08229641616344452,0.04517344385385513
1774267714.962,2754.685854771,265,1,happy,1,30.54004600016924,0.016628578305244446,0.8759927749633789,0.06931667029857635,0.038061901926994324
1774267715.012,2754.736512829,266,1,happy,1,29.781619000004866,0.021740244701504707,0.8812497854232788,0.06493599712848663,0.03207388520240784
1774267715.062,2754.786518386,267,1,happy,1,30.25202700018781,0.02195114642381668,0.8718289136886597,0.07059480994939804,0.03562498837709427
1774267715.113,2754.837134055,268,1,happy,1,30.40430499959257,0.020789355039596558,0.8767977356910706,0.06854727119207382,0.03386552631855011
1774267715.165,2754.888470392,269,1,happy,1,30.941898000037327,0.030385702848434448,0.822367250919342,0.10646329820156097,0.04078361764550209
1774267715.215,2754.938836579,270,1,happy,1,30.79454699991402,0.04288053512573242,0.7495521306991577,0.1272267997264862,0.0803404152393341
1774267715.265,2754.989253433,271,1,happy,1,30.255656999997882,0.031358446925878525,0.8090214729309082,0.09799288213253021,0.061627160757780075
1774267715.316,2755.039378935,272,1,happy,1,30.8816020001359,0.030359391123056412,0.7711719274520874,0.12070949375629425,0.07775919139385223
1774267715.366,2755.090000659,273,1,happy,1,30.494360999909986,0.023560376837849617,0.7941321134567261,0.10819604992866516,0.0741114541888237
1774267715.417,2755.140505347,274,1,happy,1,30.92993500013108,0.02248205989599228,0.7856990098953247,0.11121951043605804,0.08059938251972198
1774267715.467,2755.190659441,275,1,happy,1,31.012824999834265,0.020966164767742157,0.8130794763565063,0.09146638214588165,0.07448786497116089
1774267715.520,2755.241044462,276,1,happy,1,33.713051000177074,0.021523838862776756,0.7715951204299927,0.11837229877710342,0.08850863575935364
1774267715.569,2755.291229371,277,1,happy,1,32.577863999904366,0.017075318843126297,0.8186043500900269,0.08764295279979706,0.07667724788188934
1774267715.621,2755.341794206,278,1,happy,1,33.502959000088595,0.023829501122236252,0.8168374300003052,0.08507825434207916,0.07425472140312195
1774267715.673,2755.392857098,279,1,happy,1,34.72907099967415,0.034676019102334976,0.7706985473632812,0.12070918828248978,0.07391615957021713
1774267715.729,2755.442395081,280,1,happy,1,41.16272900000695,0.02866380475461483,0.7907069325447083,0.11570268869400024,0.06492650508880615
1774267715.778,2755.495158401,281,1,happy,1,38.011169000128575,0.021648088470101357,0.8478550910949707,0.08338815718889236,0.04710860550403595
1774267715.829,2755.545792033,282,1,happy,1,38.29759500013097,0.01643795147538185,0.8861290812492371,0.0616241917014122,0.035808712244033813
1774267715.875,2755.595614775,283,1,happy,1,34.50986699999703,0.017275910824537277,0.8514209985733032,0.0774700790643692,0.05383298173546791
1774267715.926,2755.644531664,284,1,happy,1,35.69710900001155,0.014723879285156727,0.8566550016403198,0.07064246386289597,0.05797863006591797
1774267715.974,2755.694476721,285,1,happy,1,33.95497700012129,0.016377238556742668,0.7982669472694397,0.08553388714790344,0.09982188045978546
1774267716.023,2755.744761352,286,1,happy,1,32.61590200008868,0.02488160878419876,0.7993428707122803,0.0986059159040451,0.07716959714889526
1774267716.082,2755.797262543,287,1,happy,1,38.65689199983535,0.04376394301652908,0.7455733418464661,0.136139377951622,0.07452332228422165
1774267716.132,2755.849807549,288,1,happy,1,36.999166999976296,0.030640410259366035,0.8060609102249146,0.09948530793190002,0.06381337344646454
1774267716.176,2755.899842791,289,1,happy,1,30.914065999695595,0.02791076898574829,0.83869469165802,0.08207664638757706,0.05131780356168747
1774267716.224,2755.946396732,290,1,happy,1,32.05460400022275,0.02202507108449936,0.8681151270866394,0.06462933868169785,0.045230358839035034
1774267716.274,2755.996694345,291,1,happy,1,32.20230900024035,0.035717468708753586,0.8490929007530212,0.07254566252231598,0.042643867433071136
1774267716.326,2756.048618017,292,1,happy,1,31.649122000089847,0.02995927259325981,0.8232517838478088,0.0772535651922226,0.06953524798154831
1774267716.375,2756.098917593,293,1,happy,1,31.019398999887926,0.024372968822717667,0.8408977389335632,0.07406622916460037,0.060662947595119476
1774267716.425,2756.149194966,294,1,happy,1,30.674176000047737,0.020842883735895157,0.8256218433380127,0.08027346432209015,0.07326170802116394
1774267716.476,2756.199800079,295,1,happy,1,31.01991799985626,0.01574723795056343,0.8761611580848694,0.05689553543925285,0.051195960491895676
1774267716.529,2756.250683897,296,1,happy,1,32.55121600022903,0.01769322343170643,0.797575056552887,0.10059034824371338,0.08414128422737122
1774267716.580,2756.302324753,297,1,happy,1,32.099178999942524,0.013483254238963127,0.8577945232391357,0.07117496430873871,0.05754714831709862
1774267716.631,2756.353653294,298,1,happy,1,31.559769999603304,0.01136881671845913,0.8916009068489075,0.05493621528148651,0.04209393262863159
1774267716.680,2756.404076574,299,1,happy,1,31.069917999957397,0.018117159605026245,0.9056259989738464,0.045424334704875946,0.03083234280347824
1774267716.731,2756.45449704,300,1,happy,1,31.684195999787335,0.01590942218899727,0.9244978427886963,0.0367688313126564,0.022823836654424667
1774267716.782,2756.505039524,301,1,happy,1,31.51897399993686,0.012247961014509201,0.9362709522247314,0.029002536088228226,0.022478509694337845
1774267716.833,2756.555595045,302,1,happy,1,31.897548000415554,0.015779290348291397,0.931181788444519,0.03108178824186325,0.021957118064165115
1774267716.883,2756.605917492,303,1,happy,1,31.296268999994936,0.012393448501825333,0.9468050003051758,0.02524700202047825,0.015554474666714668
1774267716.935,2756.656646383,304,1,happy,1,32.6032530001612,0.010859872214496136,0.9530613422393799,0.02145622856914997,0.014622407034039497
1774267716.984,2756.706679478,305,1,happy,1,31.85086300027251,0.010198855772614479,0.9571954011917114,0.02097749337553978,0.011628130450844765
1774267717.034,2756.756985535,306,1,happy,1,31.997957000385213,0.006900661624968052,0.9680326581001282,0.015334411524236202,0.009732194244861603
1774267717.084,2756.806851963,307,1,happy,1,31.771992999892973,0.004682036116719246,0.9755614995956421,0.011908693239092827,0.007847725413739681
1774267717.136,2756.857671374,308,1,happy,1,33.00419800007148,0.0033731609582901,0.9805951118469238,0.009750889614224434,0.006280833855271339
1774267717.186,2756.90789358,309,1,happy,1,32.96714299995074,0.004435248672962189,0.9779506325721741,0.011519648134708405,0.006094439886510372
1774267717.237,2756.958619194,310,1,happy,1,32.788512999559316,0.003018398070707917,0.9841694831848145,0.008213162422180176,0.004598838742822409
1774267717.288,2757.009425697,311,1,happy,1,33.47225500010609,0.0025704940780997276,0.9861472845077515,0.007369647268205881,0.003912461921572685
1774267717.339,2757.060530923,312,1,happy,1,32.84075400006259,0.003245831001549959,0.9836866855621338,0.008953659795224667,0.004113773815333843
1774267717.391,2757.111077593,313,1,happy,1,34.45625599988489,0.004600439220666885,0.9711697101593018,0.014750950038433075,0.009478826075792313
1774267717.442,2757.162278874,314,1,happy,1,34.39529399975072,0.0033530627842992544,0.9773905277252197,0.011712209321558475,0.00754412729293108
1774267717.492,2757.213118396,315,1,happy,1,33.9343480000025,0.0030868523754179478,0.9779669046401978,0.011126014403998852,0.007820125669240952
1774267717.543,2757.263655288,316,1,happy,1,34.13470000032248,0.0021243407391011715,0.984137237071991,0.007727512624114752,0.006010821089148521
1774267717.591,2757.314827736,317,1,happy,1,31.337251999957516,0.0016699257539585233,0.9842831492424011,0.007438912056386471,0.0066079082898795605
1774267717.641,2757.365307998,318,1,happy,1,30.81875099996978,0.0013162246905267239,0.9858704805374146,0.006050064694136381,0.006763176992535591
1774267717.694,2757.415427334,319,1,happy,1,32.81067899979462,0.0018376894295215607,0.9856908917427063,0.006325078662484884,0.006146298721432686
1774267717.742,2757.466474911,320,1,happy,1,30.648454999663954,0.0018727406859397888,0.9875302314758301,0.005605296231806278,0.004991683177649975
1774267717.793,2757.516977099,321,1,happy,1,30.892250999841053,0.002921956591308117,0.9798802137374878,0.008660491555929184,0.008537358604371548
1774267717.844,2757.567590565,322,1,happy,1,30.88599200009412,0.002977798692882061,0.973279595375061,0.012487350963056087,0.011255236342549324
1774267717.893,2757.617881105,323,1,happy,1,30.212046000087867,0.12321079522371292,0.7261418700218201,0.10289038717746735,0.04775691777467728
1774267717.945,2757.668631626,324,1,happy,1,30.65369499972803,0.20573672652244568,0.6364446878433228,0.10550986230373383,0.052308645099401474
1774267717.995,2757.719284167,325,1,happy,1,30.60189799998625,0.22217440605163574,0.6478973031044006,0.08923038840293884,0.04069780930876732
1774267718.046,2757.769807762,326,1,happy,1,31.14082500042059,0.4333517551422119,0.44373786449432373,0.08756935596466064,0.035340938717126846
1774267718.096,2757.820806099,327,0,neutral,1,29.959489999782818,0.4719095826148987,0.3419496417045593,0.1467777043581009,0.039362967014312744
1774267718.146,2757.870667286,328,0,neutral,1,30.069620000176656,0.5522403717041016,0.2903585433959961,0.1250860095024109,0.032314982265233994
1774267718.198,2757.921046271,329,0,neutral,1,31.513900000391004,0.5375151634216309,0.22061626613140106,0.20354484021663666,0.03832358866930008
1774267718.247,2757.971310162,330,0,neutral,1,30.3450100000191,0.46320661902427673,0.19127324223518372,0.2814320921897888,0.06408793479204178
1774267718.297,2758.021877665,331,0,neutral,1,30.010305999894626,0.4759148359298706,0.2273598164319992,0.24205785989761353,0.054667361080646515
1774267718.352,2758.072802873,332,0,neutral,1,33.754273999875295,0.51053386926651,0.21319681406021118,0.19966688752174377,0.07660232484340668
1774267718.402,2758.123433432,333,0,neutral,1,32.80386500000532,0.4425937533378601,0.2515536844730377,0.2041316032409668,0.10172084718942642
1774267718.449,2758.173721453,334,2,sad,1,30.355269000210683,0.318034291267395,0.2698127031326294,0.3298223316669464,0.0823306143283844
1774267718.501,2758.224949365,335,2,sad,1,30.442841999956727,0.23884017765522003,0.2034120261669159,0.49725228548049927,0.06049542874097824
1774267718.551,2758.275025848,336,2,sad,1,30.503936000059184,0.1595274806022644,0.31810998916625977,0.47898682951927185,0.04337560757994652
1774267718.603,2758.326125426,337,2,sad,1,31.139343999711855,0.10997099429368973,0.21302711963653564,0.6476776599884033,0.02932407520711422
1774267718.654,2758.376703504,338,2,sad,1,31.64012199977151,0.07271440327167511,0.14548617601394653,0.7624421119689941,0.019357163459062576
1774267718.705,2758.427479266,339,2,sad,1,31.79475300021295,0.04995480179786682,0.11562550067901611,0.8210986852645874,0.01332087628543377
1774267718.756,2758.478076918,340,2,sad,1,32.71371599976192,0.04981580749154091,0.1465744972229004,0.7941803932189941,0.009429194033145905
1774267718.807,2758.529123903,341,2,sad,1,32.65255000042089,0.04962383210659027,0.15698087215423584,0.7865766286849976,0.006818566936999559
1774267718.857,2758.579199609,342,2,sad,1,32.26991999963502,0.04148952662944794,0.29074475169181824,0.6629456877708435,0.004819936119019985
1774267718.908,2758.630556706,343,2,sad,1,31.80715999997119,0.031326774507761,0.4261026382446289,0.5384398698806763,0.004130589310079813
1774267718.958,2758.681315302,344,1,happy,1,31.235140000262618,0.04209152236580849,0.5527294278144836,0.4023236036300659,0.0028553225565701723
1774267719.009,2758.732147269,345,1,happy,1,31.515215000126773,0.06096930801868439,0.6611272692680359,0.27591177821159363,0.0019915432203561068
1774267719.058,2758.781968438,346,1,happy,1,30.780749999848922,0.07214352488517761,0.7428741455078125,0.18366678059101105,0.0013154589105397463
1774267719.109,2758.832765886,347,1,happy,1,30.970899000294594,0.2154572606086731,0.653560996055603,0.12998038530349731,0.0010013143764808774
1774267719.159,2758.882990852,348,1,happy,1,30.40150900005756,0.17238575220108032,0.7390058040618896,0.08790528774261475,0.0007030589622445405
1774267719.209,2758.933016484,349,1,happy,1,30.525732000114658,0.2064148634672165,0.7310820817947388,0.061990886926651,0.0005120723508298397
1774267719.261,2758.984155155,350,1,happy,1,31.41234400027315,0.17331619560718536,0.783860445022583,0.04247214272618294,0.000351116614183411
1774267719.311,2759.034336824,351,1,happy,1,30.85406599984708,0.170973002910614,0.7951312065124512,0.03355398774147034,0.0003417472471483052
1774267719.360,2759.084409864,352,1,happy,1,30.65323200007697,0.1512172967195511,0.8090229034423828,0.03845522552728653,0.0013045674422755837
1774267719.412,2759.13519522,353,1,happy,1,31.168307000370987,0.11504725366830826,0.849187433719635,0.03424069285392761,0.0015245641116052866
1774267719.462,2759.186133687,354,1,happy,1,31.008657999791467,0.09049498289823532,0.874076247215271,0.03392205387353897,0.0015065837651491165
1774267719.513,2759.236818635,355,1,happy,1,30.54769500022303,0.12953343987464905,0.7305402755737305,0.12103813886642456,0.01888807862997055
1774267719.563,2759.2869881,356,1,happy,1,31.074900000021444,0.15895646810531616,0.5982481241226196,0.21241143345832825,0.030383894219994545
1774267719.613,2759.33733664,357,1,happy,1,29.904990999966685,0.16214269399642944,0.4581620693206787,0.34157437086105347,0.03812079876661301
1774267719.663,2759.387583643,358,2,sad,1,30.207009999685397,0.1333296298980713,0.39053285121917725,0.422842800617218,0.05329466238617897
1774267719.713,2759.438198758,359,2,sad,1,29.673768000066048,0.1454763114452362,0.38238418102264404,0.4123160243034363,0.05982343107461929
1774267719.763,2759.488142131,360,2,sad,1,30.03421299990805,0.1804201900959015,0.281351238489151,0.4773308038711548,0.06089772284030914
1774267719.815,2759.539204357,361,2,sad,1,30.848788000184868,0.2824082672595978,0.2666274309158325,0.39347559213638306,0.057488616555929184
1774267719.866,2759.589267545,362,2,sad,1,30.97784400006276,0.33012568950653076,0.25699952244758606,0.3434210419654846,0.06945359706878662
1774267719.916,2759.639553696,363,0,neutral,1,31.046714000240172,0.36531931161880493,0.22900652885437012,0.30583304166793823,0.09984093904495239
1774267719.966,2759.689487365,364,2,sad,1,30.71886199995788,0.25595468282699585,0.1561345010995865,0.5014234781265259,0.08648721873760223
1774267720.017,2759.740175813,365,2,sad,1,31.549827000162622,0.1712929904460907,0.10185343772172928,0.666450023651123,0.060403499752283096
1774267720.069,2759.790975521,366,2,sad,1,32.43369800020446,0.11137749254703522,0.06621024012565613,0.78298020362854,0.03943196311593056
1774267720.119,2759.841545451,367,2,sad,1,31.852030000209197,0.07242807745933533,0.043047282844781876,0.8588708639144897,0.02565370686352253
1774267720.169,2759.892191695,368,2,sad,1,31.622660000266478,0.047097813338041306,0.028679581359028816,0.9070324897766113,0.017190048471093178
1774267720.219,2759.942245754,369,2,sad,1,31.755160000102478,0.03144611418247223,0.03399146720767021,0.9212836027145386,0.013278750702738762
1774267720.270,2759.993093443,370,2,sad,1,32.04349399993589,0.03429620340466499,0.138858363032341,0.8043265342712402,0.02251889370381832
1774267720.322,2760.043870058,371,2,sad,1,32.52227200027846,0.026549648493528366,0.11130461096763611,0.8004791140556335,0.06166661158204079
1774267720.372,2760.093877079,372,2,sad,1,32.3730869999963,0.04124659299850464,0.17195260524749756,0.6768120527267456,0.1099887266755104
1774267720.424,2760.144739806,373,2,sad,1,33.48697699993863,0.1572444885969162,0.1876278519630432,0.5088709592819214,0.14625662565231323
1774267720.473,2760.195721773,374,2,sad,1,31.784585999957926,0.3107052743434906,0.17191924154758453,0.39640551805496216,0.12096992135047913
1774267720.524,2760.245773776,375,2,sad,1,33.31086599973787,0.31710168719291687,0.14894893765449524,0.4216127395629883,0.11233657598495483
1774267720.574,2760.296116909,376,2,sad,1,32.49240200011627,0.290416955947876,0.12782922387123108,0.46580713987350464,0.11594657599925995
1774267720.624,2760.347334784,377,2,sad,1,31.76167900028304,0.2385973483324051,0.10115815699100494,0.5529970526695251,0.10724730789661407
1774267720.674,2760.398178214,378,2,sad,1,30.902788000275905,0.2091982215642929,0.10612942278385162,0.5743478536605835,0.11032441258430481
1774267720.725,2760.448482143,379,2,sad,1,31.117325999730383,0.25854864716529846,0.10575868934392929,0.5316075086593628,0.10408501327037811
1774267720.777,2760.499071888,380,2,sad,1,32.67790200015952,0.22534139454364777,0.09915424883365631,0.5638706088066101,0.11163365095853806
1774267720.826,2760.549430891,381,2,sad,1,30.873639999754232,0.229061558842659,0.14506259560585022,0.5181061625480652,0.10776957869529724
1774267720.876,2760.59949569,382,2,sad,1,30.709603000104835,0.25927141308784485,0.13223858177661896,0.5137524604797363,0.09473744034767151
1774267720.926,2760.650652213,383,2,sad,1,30.393029000151728,0.26362383365631104,0.11367073655128479,0.5217126607894897,0.10099271684885025
1774267720.977,2760.700573587,384,2,sad,1,30.969973000082973,0.25667399168014526,0.08904126286506653,0.5603992342948914,0.09388545155525208
1774267721.027,2760.751647221,385,2,sad,1,30.169472000125097,0.28915515542030334,0.06383572518825531,0.5676280856132507,0.07938095182180405
1774267721.078,2760.802063021,386,2,sad,1,30.31525000005786,0.29712510108947754,0.059929028153419495,0.5475092530250549,0.09543653577566147
1774267721.130,2760.852753228,387,2,sad,1,32.35106900001483,0.2838742136955261,0.1053001880645752,0.4988228678703308,0.1120026484131813
1774267721.186,2760.904504697,388,2,sad,1,36.44940799995311,0.2537285089492798,0.1950162798166275,0.43412432074546814,0.11713077127933502
1774267721.236,2760.955327924,389,2,sad,1,35.35490600006597,0.2007785588502884,0.22191956639289856,0.44869130849838257,0.12861043214797974
1774267721.281,2761.004623833,390,2,sad,1,30.641585000012128,0.15510354936122894,0.2665240466594696,0.4894254505634308,0.08894683420658112
1774267721.330,2761.054037372,391,2,sad,1,30.420992000017577,0.103858083486557,0.18311455845832825,0.6510745286941528,0.061952728778123856
1774267721.380,2761.104176191,392,2,sad,1,30.386584000098082,0.07169540971517563,0.1223953440785408,0.7630921602249146,0.042816970497369766
1774267721.429,2761.154177749,393,2,sad,1,29.923953999968944,0.047059036791324615,0.08023982495069504,0.8443843722343445,0.0283166766166687
1774267721.480,2761.20453629,394,2,sad,1,30.269861000306264,0.031162966042757034,0.05345956236124039,0.8964893221855164,0.018888050690293312
1774267721.530,2761.254750497,395,2,sad,1,29.981102000419924,0.021808983758091927,0.04020658880472183,0.9244898557662964,0.0134944599121809
1774267721.581,2761.305475316,396,2,sad,1,29.9600090002059,0.014471631497144699,0.02679561637341976,0.949241042137146,0.009491657838225365
1774267721.632,2761.355878375,397,2,sad,1,30.3191030002381,0.009932844899594784,0.018852652981877327,0.9641185998916626,0.007095869164913893
1774267721.683,2761.406518787,398,2,sad,1,31.5001779999875,0.006716592703014612,0.013463127426803112,0.9742134809494019,0.005606846418231726
1774267721.733,2761.457149643,399,2,sad,1,30.62182500025301,0.004635117948055267,0.010017402470111847,0.9810278415679932,0.004319633822888136
1774267721.785,2761.508068462,400,2,sad,1,32.07164199966428,0.004458872135728598,0.013340195640921593,0.9783592224121094,0.0038416446186602116
1774267721.837,2761.558822281,401,2,sad,1,32.84508799970354,0.0037510038819164038,0.013257891871035099,0.9786803722381592,0.004310613963752985
1774267721.887,2761.608764395,402,2,sad,1,32.74545800013584,0.00432518869638443,0.014531699940562248,0.9761823415756226,0.004960629157721996
1774267721.938,2761.659835604,403,2,sad,1,33.3166989998972,0.003955995198339224,0.012201765552163124,0.9786882400512695,0.005153883248567581
1774267721.990,2761.711025238,404,2,sad,1,34.08433100003094,0.007386726327240467,0.02761390432715416,0.9586511254310608,0.006348114926367998
1774267722.038,2761.761334816,405,2,sad,1,31.637215000046126,0.007930854335427284,0.029604891315102577,0.9530483484268188,0.00941581279039383
1774267722.091,2761.812658266,406,2,sad,1,32.53553199965609,0.008912378922104836,0.026464879512786865,0.9558154940605164,0.008807165548205376
1774267722.140,2761.862585287,407,2,sad,1,32.08306899978197,0.011704603210091591,0.027033843100070953,0.9517028331756592,0.009558677673339844
1774267722.191,2761.913478385,408,2,sad,1,32.192141999985324,0.01694006286561489,0.026257043704390526,0.9485032558441162,0.00829956866800785
1774267722.241,2761.964053889,409,2,sad,1,31.539790000351786,0.01393270306289196,0.021032843738794327,0.9581034779548645,0.006930884905159473
1774267722.291,2762.014440263,410,2,sad,1,31.200086000353622,0.009110113605856895,0.013817992061376572,0.9723219275474548,0.004749863874167204
1774267722.341,2762.065001508,411,2,sad,1,30.97084499995617,0.005939688999205828,0.009020172990858555,0.9818293452262878,0.003210678929463029
1774267722.391,2762.115222901,412,2,sad,1,30.890824999914912,0.0038644270971417427,0.005890298634767532,0.9881258010864258,0.0021193725988268852
1774267722.442,2762.165946961,413,2,sad,1,30.760122000174306,0.0026535706128925085,0.004801145289093256,0.9911006689071655,0.0014445206616073847
1774267722.492,2762.215805131,414,2,sad,1,30.938788000185014,0.005662937648594379,0.011051098816096783,0.9791844487190247,0.004101442638784647
1774267722.542,2762.266128375,415,2,sad,1,31.000659000255837,0.0069851865991950035,0.040571264922618866,0.9347256422042847,0.01771784946322441
1774267722.594,2762.316507657,416,2,sad,1,32.293735000166635,0.00983499176800251,0.03980204090476036,0.8167493343353271,0.13361358642578125
1774267722.643,2762.36675655,417,2,sad,1,30.843844000173704,0.01588711515069008,0.03877336531877518,0.7569479942321777,0.18839144706726074
1774267722.692,2762.416607423,418,2,sad,1,30.304972999601887,0.033131446689367294,0.16447807848453522,0.5434162616729736,0.2589741051197052
1774267722.743,2762.467106409,419,2,sad,1,30.406935999963025,0.09480695426464081,0.20567375421524048,0.4341357350349426,0.26538345217704773
1774267722.794,2762.518010191,420,2,sad,1,30.18302800001038,0.20423167943954468,0.20064496994018555,0.35990697145462036,0.23521625995635986
1774267722.845,2762.568935122,421,2,sad,1,30.368825000095967,0.1985660046339035,0.19064484536647797,0.40050244331359863,0.21028658747673035
1774267722.895,2762.619155552,422,2,sad,1,30.425269000261324,0.2074238508939743,0.15197902917861938,0.4462975263595581,0.19429944455623627
1774267722.946,2762.669597667,423,2,sad,1,30.819177000012132,0.20275287330150604,0.1194862648844719,0.5125430822372437,0.16521766781806946
1774267722.996,2762.720086782,424,2,sad,1,30.43156599960639,0.22307687997817993,0.12135888636112213,0.5126522779464722,0.14291183650493622
1774267723.046,2762.770357545,425,2,sad,1,30.042232000141667,0.3206845819950104,0.10121580213308334,0.4593377709388733,0.11876175552606583
1774267723.097,2762.821229494,426,2,sad,1,30.565381000087655,0.34142765402793884,0.20704291760921478,0.34724900126457214,0.10428034514188766
1774267723.147,2762.871638221,427,2,sad,1,29.848824000055174,0.35460227727890015,0.16521167755126953,0.37145984172821045,0.1087261512875557
1774267723.200,2762.922028466,428,0,neutral,1,32.750050999766245,0.34438642859458923,0.2641271948814392,0.3031705617904663,0.08831581473350525
1774267723.249,2762.972436822,429,0,neutral,1,31.298067000079755,0.3583724796772003,0.3227459192276001,0.24324534833431244,0.07563621550798416
1774267723.299,2763.022746178,430,1,happy,1,30.75269600003594,0.3016606867313385,0.4253646731376648,0.21071551740169525,0.06225905567407608
1774267723.350,2763.073704331,431,1,happy,1,31.231826999828627,0.322640061378479,0.39055395126342773,0.22836586833000183,0.058439988642930984
1774267723.402,2763.124602614,432,1,happy,1,31.762234999860084,0.2591620981693268,0.46368610858917236,0.22322626411914825,0.053925421088933945
1774267723.452,2763.174781636,433,1,happy,1,31.673013000272476,0.24770766496658325,0.4040389060974121,0.2817169725894928,0.06653633713722229
1774267723.502,2763.225409048,434,1,happy,1,30.998233999980584,0.20070017874240875,0.5106952786445618,0.22741468250751495,0.061189740896224976
1774267723.553,2763.275568034,435,1,happy,1,32.035734999681154,0.20741550624370575,0.44046729803085327,0.2878769636154175,0.06424008309841156
1774267723.603,2763.326138149,436,1,happy,1,31.613827000001038,0.2309289574623108,0.4209135174751282,0.28928959369659424,0.05886777490377426
1774267723.654,2763.376204709,437,1,happy,1,32.34812400023657,0.19763973355293274,0.39936766028404236,0.335813045501709,0.06717941910028458
1774267723.705,2763.426953028,438,1,happy,1,32.77638500003377,0.22332558035850525,0.40775373578071594,0.303733766078949,0.0651867687702179
1774267723.754,2763.477116217,439,1,happy,1,31.52499399993758,0.22731517255306244,0.3821879029273987,0.3218374252319336,0.06865941733121872
1774267723.806,2763.528086593,440,1,happy,1,32.14595700001155,0.21100056171417236,0.4226537346839905,0.2882171869277954,0.07812842726707458
1774267723.856,2763.578283745,441,1,happy,1,32.3064199997134,0.26962244510650635,0.43105632066726685,0.2409294694662094,0.05839173123240471
1774267723.908,2763.629047694,442,1,happy,1,33.850682000320376,0.2787354588508606,0.4255211353302002,0.24074093997478485,0.05500243604183197
1774267723.958,2763.679300291,443,1,happy,1,33.40373700029886,0.2742713689804077,0.42634713649749756,0.2519912123680115,0.04739029332995415
1774267724.008,2763.729921166,444,1,happy,1,33.068606999677286,0.22492918372154236,0.4647606611251831,0.25928038358688354,0.051029741764068604
1774267724.060,2763.781249134,445,1,happy,1,33.227663000161556,0.226327583193779,0.47989422082901,0.24268123507499695,0.05109691619873047
1774267724.109,2763.831901362,446,1,happy,1,31.489456000144855,0.22643330693244934,0.4991544187068939,0.2321287989616394,0.042283426970243454
1774267724.159,2763.882664033,447,1,happy,1,30.919288999939454,0.19900336861610413,0.5598717927932739,0.2034107744693756,0.03771400824189186
1774267724.210,2763.932854575,448,1,happy,1,31.505030000062106,0.37475335597991943,0.39372244477272034,0.1967785656452179,0.03474561870098114
1774267724.259,2763.983207672,449,0,neutral,1,30.787122000219824,0.4445232152938843,0.26789575815200806,0.24800604581832886,0.039574943482875824
1774267724.310,2764.03378951,450,0,neutral,1,31.01104799998211,0.5356324911117554,0.19725514948368073,0.235499307513237,0.03161296993494034
1774267724.360,2764.083577032,451,2,sad,1,30.681862000164983,0.350893497467041,0.16002383828163147,0.4640795588493347,0.025003032758831978
1774267724.410,2764.134170518,452,2,sad,1,31.01788200001465,0.22978252172470093,0.10679646581411362,0.6445167064666748,0.01890423335134983
1774267724.460,2764.184909634,453,2,sad,1,30.246491999605496,0.1543964147567749,0.07194601744413376,0.7601035833358765,0.013553855009377003
1774267724.511,2764.235184879,454,2,sad,1,31.000992999906885,0.10257111489772797,0.061216920614242554,0.8262101411819458,0.010001746006309986
1774267724.561,2764.285457513,455,2,sad,1,30.44565900017915,0.06911741197109222,0.04779624938964844,0.8760315775871277,0.007054745219647884
1774267724.612,2764.336139185,456,2,sad,1,30.65084400031992,0.04567210376262665,0.03178934007883072,0.9174550771713257,0.0050834896974265575
1774267724.662,2764.386912894,457,2,sad,1,30.275769000127184,0.031051961705088615,0.0235588476061821,0.9406993389129639,0.004689818248152733
1774267724.712,2764.436803786,458,2,sad,1,30.295121000108338,0.020454641431570053,0.016445614397525787,0.9597007036209106,0.003398983273655176
1774267724.763,2764.487334439,459,2,sad,1,30.55838099999164,0.014230998232960701,0.016409514471888542,0.9653209447860718,0.004038525279611349
1774267724.813,2764.537408887,460,2,sad,1,30.17491800028438,0.009449913166463375,0.011839677579700947,0.9746063947677612,0.004103907383978367
1774267724.863,2764.587640244,461,2,sad,1,30.217769000046246,0.006224100477993488,0.007866566069424152,0.9831283092498779,0.0027808540035039186
1774267724.914,2764.638251711,462,2,sad,1,30.56673299988688,0.005099250003695488,0.009890790097415447,0.9822362661361694,0.0027735549956560135
1774267724.965,2764.689032365,463,2,sad,1,30.65315899993948,0.0033780571538954973,0.007248834241181612,0.9872869253158569,0.0020860990043729544
1774267725.016,2764.739727221,464,2,sad,1,30.66023299970766,0.002282479777932167,0.0053771305829286575,0.9904758930206299,0.0018644139636307955
1774267725.067,2764.789827911,465,2,sad,1,31.832975999805058,0.00232142535969615,0.0057271323166787624,0.9904240369796753,0.0015273820608854294
1774267725.118,2764.840550194,466,2,sad,1,32.35340199989878,0.0016302564181387424,0.004224721807986498,0.9927570223808289,0.001387971919029951
1774267725.170,2764.89098931,467,2,sad,1,33.37112600002001,0.0010992051102221012,0.0027648406103253365,0.9951947927474976,0.0009411051869392395
1774267725.219,2764.941547574,468,2,sad,1,32.60427299983348,0.0009842835133895278,0.002079970669001341,0.9956517219543457,0.0012838965049013495
1774267725.269,2764.991636208,469,2,sad,1,32.344199000363005,0.0009916822891682386,0.003511228132992983,0.9795403480529785,0.015956595540046692
1774267725.319,2765.042353047,470,2,sad,1,31.729160000395495,0.0194843839854002,0.050781719386577606,0.9086278080940247,0.021105986088514328
1774267725.371,2765.093596256,471,2,sad,1,32.363180999709584,0.02248697355389595,0.17099197208881378,0.7366047501564026,0.06991622596979141
1774267725.422,2765.144248373,472,2,sad,1,32.55890199989153,0.07267210632562637,0.23717235028743744,0.5914292335510254,0.09872624278068542
1774267725.473,2765.195290434,473,2,sad,1,32.227347000116424,0.09702621400356293,0.18270978331565857,0.6036424040794373,0.11662151664495468
1774267725.524,2765.244793363,474,2,sad,1,33.5796819999814,0.1202697828412056,0.21398098766803741,0.4739469885826111,0.19180214405059814
1774267725.574,2765.29563111,475,2,sad,1,32.872735999717406,0.161045104265213,0.24922601878643036,0.3908572793006897,0.19887149333953857
1774267725.623,2765.345655817,476,2,sad,1,31.847439000102895,0.15243548154830933,0.2587951123714447,0.39653128385543823,0.19223803281784058
1774267725.674,2765.396403749,477,2,sad,1,32.50630999991699,0.14224588871002197,0.2510082423686981,0.41423937678337097,0.19250640273094177
1774267725.723,2765.446194475,478,2,sad,1,31.931660999816813,0.15092754364013672,0.2534518539905548,0.4132225811481476,0.18239794671535492
1774267725.776,2765.497041739,479,2,sad,1,33.31682999987606,0.12819752097129822,0.2299223393201828,0.4123324155807495,0.2295476496219635
1774267725.825,2765.548671005,480,2,sad,1,31.36136400007672,0.11633144319057465,0.23529350757598877,0.38709044456481934,0.26128455996513367
1774267725.875,2765.598376157,481,2,sad,1,31.51425299984112,0.11775481700897217,0.1742771714925766,0.4427945017814636,0.26517346501350403
1774267725.928,2765.648922107,482,2,sad,1,33.36881099994571,0.13540461659431458,0.24230334162712097,0.3740667998790741,0.2482251524925232
1774267725.977,2765.700278817,483,2,sad,1,31.600364000041736,0.11674764752388,0.1999911665916443,0.39864468574523926,0.2846163809299469
1774267726.028,2765.75121347,484,2,sad,1,31.260419999853184,0.10581677407026291,0.32511481642723083,0.32817399501800537,0.24089431762695312
1774267726.078,2765.800528344,485,1,happy,1,31.61488299974735,0.11932271718978882,0.3939405679702759,0.2851608991622925,0.20157572627067566
1774267726.128,2765.851171701,486,1,happy,1,31.74366099983672,0.1704055666923523,0.38609471917152405,0.26594865322113037,0.17755092680454254
1774267726.178,2765.902749116,487,2,sad,1,30.22132500018415,0.2461605966091156,0.30398568511009216,0.308516263961792,0.14133736491203308
1774267726.229,2765.951820711,488,1,happy,1,31.382735000079265,0.2620338201522827,0.31468966603279114,0.3116475045681,0.1116289347410202
1774267726.286,2766.003688293,489,1,happy,1,36.51326099998187,0.24730929732322693,0.34135901927948,0.31074604392051697,0.10058554261922836
1774267726.335,2766.054598965,490,1,happy,1,35.42337099997894,0.2543468773365021,0.36784759163856506,0.2810000479221344,0.09680540859699249
1774267726.380,2766.103864857,491,1,happy,1,30.68286299958345,0.25527656078338623,0.3821043372154236,0.26586806774139404,0.09675095975399017
1774267726.430,2766.154353733,492,1,happy,1,30.0924540001688,0.22930024564266205,0.48212289810180664,0.21460917592048645,0.07396760582923889
1774267726.481,2766.205094998,493,1,happy,1,30.771215000186203,0.2557743489742279,0.41787397861480713,0.25306493043899536,0.07328666746616364
1774267726.531,2766.25519128,494,1,happy,1,30.222066000078485,0.3350241184234619,0.39588984847068787,0.21241576969623566,0.0566701777279377
1774267726.583,2766.306314064,495,1,happy,1,31.38064199993096,0.30696234107017517,0.41951829195022583,0.2285843789577484,0.04493488371372223
1774267726.633,2766.356356068,496,1,happy,1,30.871327000113524,0.2902534306049347,0.4282728433609009,0.23613643646240234,0.045337188988924026
1774267726.685,2766.407064259,497,1,happy,1,32.46719900016615,0.29161661863327026,0.39369702339172363,0.2761963903903961,0.038489848375320435
1774267726.734,2766.457964654,498,1,happy,1,31.20625299970925,0.3152928054332733,0.43554365634918213,0.21526825428009033,0.03389514982700348
1774267726.785,2766.508546844,499,1,happy,1,30.666992999613285,0.2892957329750061,0.3719773292541504,0.301110178232193,0.037616655230522156
1774267726.837,2766.559590999,500,1,happy,1,31.653807999646233,0.2929929196834564,0.4065338969230652,0.2671956419944763,0.03327743709087372
1774267726.887,2766.609475688,501,1,happy,1,31.947197999670607,0.2573372721672058,0.4660332202911377,0.24431943893432617,0.032309990376234055
1774267726.937,2766.660354046,502,1,happy,1,31.467715999951906,0.2300562858581543,0.550799548625946,0.18921199440956116,0.029932096600532532
1774267726.988,2766.710484439,503,1,happy,1,32.02121699996496,0.29488712549209595,0.4455067813396454,0.2258566915988922,0.0337492898106575
1774267727.040,2766.761536001,504,1,happy,1,32.66756999983045,0.30753347277641296,0.4257456958293915,0.2269240915775299,0.03979669138789177
1774267727.089,2766.811467098,505,1,happy,1,32.25910600031057,0.30086079239845276,0.41237691044807434,0.24134188890457153,0.045420367270708084
1774267727.139,2766.862189993,506,1,happy,1,31.38997499991092,0.28615522384643555,0.4210270047187805,0.2405546009540558,0.052263107150793076
1774267727.190,2766.913158703,507,1,happy,1,31.604011999661452,0.28490814566612244,0.4625791311264038,0.20907199382781982,0.04344065859913826
1774267727.242,2766.963633838,508,1,happy,1,32.62845800009018,0.3123127520084381,0.4233419895172119,0.22174406051635742,0.04260113835334778
1774267727.291,2767.014960067,509,0,neutral,1,30.975418999787507,0.38064447045326233,0.37182149291038513,0.20588715374469757,0.041646793484687805
1774267727.342,2767.064873367,510,0,neutral,1,31.809309999971447,0.4270850419998169,0.3472123146057129,0.1797638088464737,0.04593876004219055
1774267727.392,2767.115697355,511,0,neutral,1,30.78727100000833,0.3866424858570099,0.35148659348487854,0.20583410561084747,0.05603674054145813
1774267727.442,2767.16568473,512,1,happy,1,31.32279000010385,0.32796159386634827,0.4107484519481659,0.2075740247964859,0.05371584743261337
1774267727.493,2767.21635331,513,1,happy,1,31.75812399967981,0.29129618406295776,0.41715890169143677,0.2374560534954071,0.05408875644207001
1774267727.543,2767.266500574,514,1,happy,1,30.932973999824753,0.2641077935695648,0.5016438961029053,0.18400585651397705,0.05024239048361778
1774267727.594,2767.317486987,515,1,happy,1,31.446106000203145,0.30705714225769043,0.5112914443016052,0.14102962613105774,0.040621694177389145
1774267727.644,2767.36828153,516,1,happy,1,30.908660000022792,0.30601751804351807,0.4829581379890442,0.16897812485694885,0.04204614832997322
1774267727.695,2767.418497202,517,1,happy,1,30.76353000005838,0.30365297198295593,0.44527339935302734,0.20603585243225098,0.045037731528282166
1774267727.745,2767.468960689,518,1,happy,1,30.77147399972091,0.263776957988739,0.5327156186103821,0.16426625847816467,0.039241157472133636
1774267727.796,2767.519954047,519,1,happy,1,30.462437000096543,0.24439138174057007,0.5223148465156555,0.19642682373523712,0.0368669331073761
1774267727.846,2767.571003183,520,1,happy,1,30.02469500006555,0.24809300899505615,0.4971582889556885,0.22089765965938568,0.03385103493928909
1774267727.897,2767.621513318,521,1,happy,1,30.41401100017538,0.25836777687072754,0.5067462921142578,0.20369984209537506,0.03118603676557541
1774267727.949,2767.672112509,522,1,happy,1,31.807680000383698,0.20457500219345093,0.582149863243103,0.17952226102352142,0.03375282883644104
1774267727.999,2767.722310532,523,1,happy,1,30.93045700006769,0.2576349675655365,0.4989933967590332,0.210386261343956,0.032985325902700424
1774267728.050,2767.772638186,524,1,happy,1,31.751734999943437,0.29067298769950867,0.4384075999259949,0.23469017446041107,0.036229208111763
1774267728.099,2767.822954932,525,1,happy,1,30.93184499994095,0.2568759322166443,0.4508097171783447,0.24804192781448364,0.044272374361753464
1774267728.150,2767.873243123,526,1,happy,1,31.24641900012648,0.25568121671676636,0.41870957612991333,0.2810307741165161,0.044578343629837036
1774267728.201,2767.923895814,527,1,happy,1,31.66893900015566,0.2649763226509094,0.43782371282577515,0.258805513381958,0.03839436173439026
1774267728.252,2767.974790894,528,1,happy,1,31.69547600009537,0.24581566452980042,0.3603117763996124,0.3469906449317932,0.04688185453414917
1774267728.303,2768.025069863,529,1,happy,1,32.30821699980879,0.23938387632369995,0.3785817623138428,0.33564284443855286,0.046391475945711136
1774267728.353,2768.075453424,530,1,happy,1,32.12890199984031,0.25812360644340515,0.3646247684955597,0.32750505208969116,0.04974650591611862
1774267728.403,2768.125512521,531,1,happy,1,31.944569000188494,0.23618733882904053,0.4429095387458801,0.2769245207309723,0.04397854208946228
1774267728.454,2768.176138398,532,1,happy,1,32.26425399998334,0.2633589804172516,0.3820751905441284,0.30683472752571106,0.04773098975419998
1774267728.505,2768.22717383,533,1,happy,1,32.18044000004738,0.2720419764518738,0.34744131565093994,0.33253374695777893,0.04798285663127899
1774267728.554,2768.276935724,534,2,sad,1,31.70803100010744,0.25480127334594727,0.3278748691082001,0.3675140142440796,0.04980982095003128
1774267728.606,2768.327857063,535,2,sad,1,32.331995999811625,0.2374344766139984,0.33079805970191956,0.3736655116081238,0.05810191109776497
1774267728.657,2768.378592773,536,1,happy,1,32.833089000178006,0.2647661566734314,0.353787362575531,0.3254789113998413,0.055967457592487335
1774267728.708,2768.428636056,537,1,happy,1,33.95638700021664,0.25064539909362793,0.40415602922439575,0.2921736240386963,0.05302482470870018
1774267728.756,2768.478772357,538,1,happy,1,31.771273000231304,0.23583033680915833,0.4716624617576599,0.24909526109695435,0.04341184347867966
1774267728.807,2768.529504919,539,1,happy,1,32.622588999856816,0.23461014032363892,0.5237444639205933,0.2061900645494461,0.03545527532696724
1774267728.858,2768.580462462,540,1,happy,1,32.22831099992618,0.2148236632347107,0.5083627700805664,0.2369297593832016,0.03988374024629593
1774267728.908,2768.631507617,541,1,happy,1,31.400272000155383,0.26926684379577637,0.4916297197341919,0.19859100878238678,0.04051235318183899
1774267728.959,2768.682028938,542,1,happy,1,31.203419000121357,0.2588081955909729,0.4832446575164795,0.210239440202713,0.047707587480545044
1774267729.008,2768.733232704,543,1,happy,1,29.92093600005319,0.28901538252830505,0.4492185711860657,0.21810580790042877,0.04366014525294304
1774267729.059,2768.783480024,544,1,happy,1,30.029770000055578,0.3405022919178009,0.38085871934890747,0.23783870041370392,0.04080025106668472
1774267729.110,2768.833803308,545,0,neutral,1,30.6824740000593,0.3727211058139801,0.3379320800304413,0.24910375475883484,0.04024304449558258
1774267729.161,2768.884076091,546,1,happy,1,31.48356799965768,0.30805522203445435,0.46367764472961426,0.1943904161453247,0.033876679837703705
1774267729.211,2768.934822171,547,1,happy,1,30.54475299995829,0.3519226312637329,0.40422284603118896,0.20748043060302734,0.0363740473985672
1774267729.261,2768.985631919,548,1,happy,1,30.276492000211874,0.34489068388938904,0.4438391327857971,0.17509399354457855,0.036176133900880814
1774267729.313,2769.035722702,549,1,happy,1,31.84618000022965,0.372455358505249,0.44931942224502563,0.14650270342826843,0.03172247111797333
1774267729.362,2769.0857718,550,1,happy,1,31.336215999999695,0.323266863822937,0.5150997638702393,0.13233806192874908,0.02929527312517166
1774267729.412,2769.136295398,551,1,happy,1,30.37001099983172,0.2899351119995117,0.5234848260879517,0.1533827781677246,0.03319722041487694
1774267729.463,2769.186457126,552,1,happy,1,30.819586000234267,0.2923275828361511,0.5430110096931458,0.13722237944602966,0.027438949793577194
1774267729.513,2769.237232447,553,1,happy,1,30.274362999989535,0.3171738386154175,0.4824405908584595,0.17298701405525208,0.027398474514484406
1774267729.565,2769.288313102,554,1,happy,1,30.879808999998204,0.33462536334991455,0.43847090005874634,0.19474399089813232,0.03215969726443291
1774267729.615,2769.339028886,555,1,happy,1,30.464678000043932,0.3920222520828247,0.4308203458786011,0.14874789118766785,0.028409458696842194
1774267729.666,2769.390025449,556,1,happy,1,30.845530000078725,0.3693177103996277,0.40886449813842773,0.18990406394004822,0.03191366791725159
1774267729.717,2769.440730437,557,1,happy,1,31.179363999854104,0.335038423538208,0.414226233959198,0.2141360640525818,0.03659919649362564
1774267729.769,2769.491762666,558,1,happy,1,32.20877300009306,0.3648778796195984,0.3998069167137146,0.19867199659347534,0.036643143743276596
1774267729.820,2769.542575339,559,0,neutral,1,32.12434699980804,0.3725132346153259,0.3607799708843231,0.22524875402450562,0.04145794361829758
1774267729.872,2769.593741253,560,0,neutral,1,32.47458899977573,0.4268440008163452,0.3455529808998108,0.191584974527359,0.036018006503582
1774267729.922,2769.644422334,561,0,neutral,1,32.51449600020351,0.40035879611968994,0.3995073735713959,0.1672268509864807,0.03290689364075661
1774267729.972,2769.694951284,562,1,happy,1,31.957883999893966,0.3601963520050049,0.36381494998931885,0.23029553890228271,0.045693084597587585
1774267730.023,2769.745520235,563,0,neutral,1,31.82651299994177,0.4092041850090027,0.33459365367889404,0.21929240226745605,0.03690970689058304
1774267730.074,2769.795636129,564,0,neutral,1,32.566107000093325,0.4017249047756195,0.3578999936580658,0.19919367134571075,0.04118136316537857
1774267730.125,2769.846831081,565,1,happy,1,32.59358900004372,0.35196545720100403,0.36590126156806946,0.23364444077014923,0.048488784581422806
1774267730.175,2769.897860625,566,1,happy,1,32.082718000310706,0.2831437289714813,0.45268917083740234,0.2158009260892868,0.04836612567305565
1774267730.225,2769.948767447,567,1,happy,1,30.60075199982748,0.24915139377117157,0.47368645668029785,0.2283787727355957,0.04878329485654831
1774267730.276,2769.999614287,568,1,happy,1,30.5442519997996,0.2047881782054901,0.5411232709884644,0.20513121783733368,0.04895728826522827
1774267730.326,2770.050424479,569,1,happy,1,30.634400000053574,0.2213277816772461,0.5583281517028809,0.18095830082893372,0.03938572108745575
1774267730.377,2770.100081576,570,1,happy,1,31.164939000063896,0.1547619104385376,0.6569876670837402,0.15273496508598328,0.035515401512384415
1774267730.427,2770.150621249,571,1,happy,1,31.52773600004366,0.2506990134716034,0.5167833566665649,0.18285363912582397,0.04966394230723381
1774267730.478,2770.201979053,572,1,happy,1,30.85854900018603,0.239561527967453,0.4143681526184082,0.28380510210990906,0.062265150249004364
1774267730.529,2770.253105079,573,1,happy,1,30.18745500003206,0.19826875627040863,0.5417947173118591,0.2113792449235916,0.04855718836188316
1774267730.578,2770.302882843,574,1,happy,1,29.951399999845307,0.16595155000686646,0.5470499396324158,0.23644770681858063,0.050550710409879684
1774267730.629,2770.353491516,575,1,happy,1,30.118622000372852,0.172044038772583,0.5943071246147156,0.19277948141098022,0.04086921736598015
1774267730.680,2770.403909004,576,1,happy,1,30.30351100005646,0.12873831391334534,0.7026020288467407,0.1369825005531311,0.0316769964993
1774267730.730,2770.454671363,577,1,happy,1,30.18743699976767,0.10178818553686142,0.765520453453064,0.10741004347801208,0.025281110778450966
1774267730.781,2770.505455295,578,1,happy,1,30.33995599980699,0.11166583746671677,0.7573162913322449,0.10317197442054749,0.027845734730362892
1774267730.832,2770.555889931,579,1,happy,1,30.864494000070408,0.11922301352024078,0.702406644821167,0.1327073574066162,0.04566286504268646
1774267730.882,2770.606483715,580,1,happy,1,30.693567999605875,0.11244739592075348,0.740695059299469,0.11119864135980606,0.035658810287714005
1774267730.933,2770.65673761,581,1,happy,1,30.796066999755567,0.13266579806804657,0.6363794207572937,0.18472465872764587,0.04623003304004669
1774267730.985,2770.70767221,582,1,happy,1,31.82216100003643,0.13675037026405334,0.5968031287193298,0.21568378806114197,0.05076263099908829
1774267731.036,2770.757801308,583,1,happy,1,32.75107099989327,0.13610701262950897,0.5888451933860779,0.22786511480808258,0.04718255624175072
1774267731.086,2770.808505315,584,1,happy,1,32.16821800015168,0.14431561529636383,0.5129782557487488,0.28174126148223877,0.06096475571393967
1774267731.137,2770.85938884,585,1,happy,1,32.14984799978993,0.14393725991249084,0.5495677590370178,0.2510416805744171,0.05545320734381676
1774267731.187,2770.91008031,586,1,happy,1,31.42495800011602,0.14397652447223663,0.5496327877044678,0.2506133019924164,0.05577734112739563
1774267731.238,2770.960529705,587,1,happy,1,32.192588999805594,0.13941815495491028,0.4796163737773895,0.30751150846481323,0.073453888297081
1774267731.290,2771.010673508,588,1,happy,1,33.784609000122146,0.15285204350948334,0.45200851559638977,0.31591060757637024,0.07922875881195068
1774267731.343,2771.061504107,589,1,happy,1,36.03372399993532,0.20347920060157776,0.3706223666667938,0.3332301378250122,0.09266819059848785
1774267731.397,2771.112818393,590,1,happy,1,39.07461800008605,0.20240232348442078,0.4042549133300781,0.3208622932434082,0.07248029857873917
1774267731.444,2771.165890218,591,1,happy,1,32.96112699990772,0.21346527338027954,0.435578316450119,0.28223246335983276,0.06872379779815674
1774267731.490,2771.21225994,592,1,happy,1,32.85834899998008,0.21251480281352997,0.4678056240081787,0.26208385825157166,0.05759559944272041
1774267731.539,2771.261936538,593,1,happy,1,31.459642999834614,0.22299960255622864,0.4600238502025604,0.25613486766815186,0.06084158271551132
1774267731.591,2771.312211452,594,1,happy,1,33.02792299973589,0.18988773226737976,0.47029346227645874,0.27845728397369385,0.061361417174339294
1774267731.641,2771.362868866,595,1,happy,1,32.504107000022486,0.19729769229888916,0.473797082901001,0.2703400254249573,0.058565136045217514
1774267731.690,2771.413510391,596,1,happy,1,31.663995000144496,0.20387452840805054,0.45959144830703735,0.2650893032550812,0.07144461572170258
1774267731.742,2771.464272232,597,1,happy,1,32.050754000010784,0.19654713571071625,0.5101337432861328,0.2386743128299713,0.05464473366737366
1774267731.791,2771.514611793,598,1,happy,1,31.083087000297382,0.20688453316688538,0.5233182907104492,0.2292710542678833,0.04052603989839554
1774267731.842,2771.565146504,599,1,happy,1,31.338771999799064,0.22208181023597717,0.5017841458320618,0.2417689710855484,0.034364983439445496
1774267731.892,2771.615131083,600,1,happy,1,31.25184700002137,0.265322208404541,0.4124628007411957,0.2858539819717407,0.03636091202497482
1774267731.943,2771.666355647,601,1,happy,1,31.103401000109443,0.2670591473579407,0.4225524067878723,0.26630184054374695,0.04408653452992439
1774267731.993,2771.716614116,602,2,sad,1,30.81025299979956,0.23670348525047302,0.3504466414451599,0.36784231662750244,0.045007526874542236
1774267732.043,2771.767051844,603,2,sad,1,30.279993000021932,0.2112957239151001,0.3386925458908081,0.40734031796455383,0.04267134517431259
1774267732.094,2771.818219741,604,1,happy,1,30.70412299985037,0.18476320803165436,0.38667234778404236,0.3858242630958557,0.04274008423089981
1774267732.144,2771.868846119,605,1,happy,1,30.325900000207184,0.20872440934181213,0.41007673740386963,0.33733582496643066,0.0438629575073719
1774267732.195,2771.919713256,606,1,happy,1,30.40399300016361,0.22063133120536804,0.39765992760658264,0.3384898602962494,0.043218787759542465
1774267732.245,2771.969853225,607,2,sad,1,30.24251099986941,0.19429893791675568,0.3115352988243103,0.43418657779693604,0.05997911095619202
1774267732.296,2772.019923601,608,2,sad,1,31.062475999988237,0.18914178013801575,0.2752099633216858,0.4518072307109833,0.0838409885764122
1774267732.346,2772.07065746,609,2,sad,1,30.126382000162266,0.19147583842277527,0.23579749464988708,0.4899234473705292,0.0828031525015831
1774267732.396,2772.120818429,610,2,sad,1,29.93941900012942,0.18574044108390808,0.26267290115356445,0.4567868411540985,0.09479974210262299
1774267732.447,2772.171433325,611,2,sad,1,30.250826999690617,0.18228280544281006,0.2393704205751419,0.486247181892395,0.09209949523210526
1774267732.499,2772.22169585,612,2,sad,1,31.813459000204602,0.14906510710716248,0.30864664912223816,0.44661831855773926,0.09566982090473175
1774267732.549,2772.272412394,613,1,happy,1,31.06138299972372,0.13024573028087616,0.4034675061702728,0.385608971118927,0.08067765831947327
1774267732.599,2772.322987735,614,2,sad,1,30.773716000112472,0.1156034916639328,0.3804640769958496,0.43435680866241455,0.06957551836967468
1774267732.651,2772.373767686,615,2,sad,1,31.66114399982689,0.11106434464454651,0.33715111017227173,0.4897134304046631,0.06207098811864853
1774267732.700,2772.423865137,616,2,sad,1,30.963900999722682,0.14546602964401245,0.3400691747665405,0.4651418924331665,0.049322791397571564
1774267732.750,2772.474024939,617,2,sad,1,30.773715999657725,0.18563757836818695,0.3707008361816406,0.4044985771179199,0.03916292265057564
1774267732.802,2772.524397039,618,1,happy,1,31.81847599989851,0.20253542065620422,0.4196174740791321,0.34737783670425415,0.030469149351119995
1774267732.851,2772.574458971,619,1,happy,1,31.561902000248665,0.18271270394325256,0.5538133382797241,0.24183037877082825,0.021643485873937607
1774267732.902,2772.6251957,620,1,happy,1,31.394660999922053,0.14698153734207153,0.6532473564147949,0.18251663446426392,0.0172544177621603
1774267732.954,2772.676179096,621,1,happy,1,32.04905200027497,0.14235839247703552,0.7076115608215332,0.13642926514148712,0.013600722886621952
1774267733.004,2772.726677603,622,1,happy,1,31.78947700007484,0.16494441032409668,0.6801084876060486,0.13860289752483368,0.016344156116247177
1774267733.058,2772.777616092,623,1,happy,1,34.846612000364985,0.17027200758457184,0.6463304758071899,0.16379734873771667,0.01960013434290886
1774267733.107,2772.827626099,624,1,happy,1,33.79305399994337,0.1714586317539215,0.6017336845397949,0.20393896102905273,0.022868633270263672
1774267733.156,2772.877786883,625,1,happy,1,32.59301499974754,0.18123120069503784,0.5285612344741821,0.26786312460899353,0.02234429307281971
1774267733.207,2772.92805089,626,1,happy,1,33.65992399994866,0.165431946516037,0.5184017419815063,0.28101879358291626,0.03514740616083145
1774267733.256,2772.978286581,627,1,happy,1,32.18751500025974,0.1811962127685547,0.4576359987258911,0.32401514053344727,0.037152521312236786
1774267733.306,2773.028664866,628,1,happy,1,31.970551000085834,0.16531234979629517,0.4402760863304138,0.35003459453582764,0.04437685012817383
1774267733.357,2773.079263855,629,1,happy,1,32.31938499993703,0.16915348172187805,0.43060535192489624,0.3378027379512787,0.06243833899497986
1774267733.408,2773.130557752,630,1,happy,1,31.946272999903158,0.1711147576570511,0.394296258687973,0.3748058080673218,0.059783052653074265
1774267733.458,2773.180815259,631,2,sad,1,31.78823600001124,0.16899923980236053,0.31900203227996826,0.44978347420692444,0.06221509352326393
1774267733.508,2773.231284803,632,2,sad,1,31.419475999882707,0.17585450410842896,0.25825414061546326,0.5017136335372925,0.06417754292488098
1774267733.558,2773.281380957,633,2,sad,1,31.27932800043709,0.18239563703536987,0.19857598841190338,0.5515269041061401,0.06750135123729706
1774267733.609,2773.332070409,634,2,sad,1,31.357809999917663,0.1816677302122116,0.17784452438354492,0.5712618231773376,0.06922581046819687
1774267733.660,2773.383106454,635,2,sad,1,31.435549999969226,0.2170851230621338,0.2150757610797882,0.5055243968963623,0.06231459975242615
1774267733.709,2773.432757404,636,2,sad,1,30.76525300002686,0.24506333470344543,0.19060027599334717,0.5030305981636047,0.06130566447973251
1774267733.758,2773.482686058,637,2,sad,1,30.32999299966832,0.2515949606895447,0.17280907928943634,0.5079907178878784,0.06760512292385101
1774267733.810,2773.533793789,638,2,sad,1,30.87649400004011,0.25831782817840576,0.2111932337284088,0.46293893456459045,0.06754988431930542
1774267733.861,2773.585343408,639,2,sad,1,30.356790000041656,0.223550945520401,0.18685775995254517,0.5197480916976929,0.06984305381774902
1774267733.913,2773.636834658,640,2,sad,1,30.756252999708522,0.2460172176361084,0.22491279244422913,0.4660812020301819,0.06298867613077164
1774267733.962,2773.686019533,641,2,sad,1,30.88453100008337,0.2696417570114136,0.28765997290611267,0.39015230536460876,0.052545830607414246
1774267734.013,2773.737556838,642,2,sad,1,29.953956000099424,0.31571078300476074,0.25522178411483765,0.38149163126945496,0.047575704753398895
1774267734.063,2773.787389585,643,2,sad,1,30.558179000308883,0.3344099521636963,0.2446834295988083,0.37322235107421875,0.04768417775630951
1774267734.114,2773.837431573,644,2,sad,1,30.715753000094992,0.30695006251335144,0.264163076877594,0.3797478973865509,0.049138862639665604
1774267734.164,2773.888429526,645,2,sad,1,30.26206699996692,0.3075137138366699,0.23122984170913696,0.3999220132827759,0.06133432686328888
1774267734.214,2773.938582143,646,2,sad,1,30.445789999703265,0.27248626947402954,0.2950473725795746,0.38003209233283997,0.05243418365716934
1774267734.265,2773.988948465,647,1,happy,1,31.198421000226517,0.22529105842113495,0.39292508363723755,0.3241279721260071,0.05765581876039505
1774267734.314,2774.038862453,648,1,happy,1,30.03756699990845,0.21912556886672974,0.3918004631996155,0.32762449979782104,0.06144934892654419
1774267734.365,2774.088974923,649,2,sad,1,30.516344999796274,0.3041572570800781,0.31849151849746704,0.32385122776031494,0.05349990725517273
1774267734.416,2774.139122559,650,1,happy,1,31.61003300010634,0.2624848484992981,0.39491891860961914,0.2900221645832062,0.05257397145032883
1774267734.465,2774.189172121,651,2,sad,1,30.753383000046597,0.21557611227035522,0.28990715742111206,0.42789769172668457,0.0666188895702362
1774267734.517,2774.240064259,652,2,sad,1,31.270494999716902,0.31389468908309937,0.23398029804229736,0.3897588551044464,0.06236603111028671
1774267734.566,2774.290287858,653,2,sad,1,30.703179000283853,0.31694164872169495,0.20431533455848694,0.4156654477119446,0.06307748705148697
1774267734.617,2774.34089657,654,2,sad,1,31.232698000167147,0.3708323836326599,0.1806819587945938,0.39199885725975037,0.05648667737841606
1774267734.668,2774.390660779,655,0,neutral,1,32.01479300014398,0.3983350098133087,0.15862596035003662,0.37506136298179626,0.06797757744789124
1774267734.719,2774.441480269,656,0,neutral,1,31.8509950002408,0.3956863284111023,0.15042075514793396,0.3824942111968994,0.07139863818883896
1774267734.769,2774.492103276,657,0,neutral,1,32.001922000290506,0.45597192645072937,0.1660432517528534,0.3080604374408722,0.06992429494857788
1774267734.820,2774.542534969,658,0,neutral,1,31.725310000183526,0.48099154233932495,0.1515154391527176,0.2886556386947632,0.07883729040622711
1774267734.870,2774.592716642,659,0,neutral,1,32.339959999717394,0.454629123210907,0.19462670385837555,0.2686512768268585,0.0820927694439888
1774267734.921,2774.642820834,660,1,happy,1,32.64199700015524,0.3241349160671234,0.3823521137237549,0.21872730553150177,0.07478552311658859
1774267734.970,2774.693416638,661,2,sad,1,31.53016199985359,0.25251537561416626,0.3273604214191437,0.33877524733543396,0.08134883642196655
1774267735.022,2774.743956515,662,2,sad,1,32.24914500015075,0.22012917697429657,0.333673894405365,0.3780473470687866,0.06814945489168167
1774267735.071,2774.7942633,663,2,sad,1,31.86625600028492,0.16763775050640106,0.26662567257881165,0.497549831867218,0.06818664819002151
1774267735.122,2774.844464826,664,2,sad,1,32.519977999982075,0.1367928683757782,0.1875448226928711,0.62392258644104,0.05173962935805321
1774267735.172,2774.895526779,665,2,sad,1,31.38627299995278,0.1408529281616211,0.16627399623394012,0.6453697085380554,0.0475032776594162
1774267735.224,2774.946364935,666,2,sad,1,32.22255199989377,0.11205428838729858,0.11853772401809692,0.7248245477676392,0.044583335518836975
1774267735.275,2774.997214962,667,2,sad,1,32.23321900031806,0.09366852045059204,0.07861021906137466,0.7953059673309326,0.03241520747542381
1774267735.325,2775.047259913,668,2,sad,1,32.71796000035465,0.08141929656267166,0.13236510753631592,0.7544930577278137,0.03172244131565094
1774267735.375,2775.098274644,669,2,sad,1,31.410884000251826,0.0673198401927948,0.09503217041492462,0.8066481351852417,0.030999740585684776
1774267735.426,2775.14973082,670,2,sad,1,31.020327000078396,0.07361353933811188,0.07412683963775635,0.8211125731468201,0.0311469454318285
1774267735.476,2775.199633271,671,2,sad,1,30.91047499992783,0.06641538441181183,0.06991267204284668,0.8321016430854797,0.03157024830579758
1774267735.526,2775.249522907,672,2,sad,1,31.280902000162314,0.05609912425279617,0.05944901704788208,0.8482911586761475,0.036160677671432495
1774267735.576,2775.299424858,673,2,sad,1,30.753401000310987,0.04759259521961212,0.04188372567296028,0.8786814212799072,0.03184211999177933
1774267735.626,2775.350517737,674,2,sad,1,30.321827000079793,0.04176869988441467,0.039111826568841934,0.8930554389953613,0.02606387808918953
1774267735.677,2775.400259354,675,2,sad,1,31.33792100015853,0.033170923590660095,0.033644359558820724,0.8904609084129333,0.042723648250103
1774267735.729,2775.45108427,676,2,sad,1,32.13247799976671,0.025252006947994232,0.023979440331459045,0.8733335733413696,0.07743480056524277
1774267735.779,2775.502873816,677,2,sad,1,30.565530999865587,0.01890464872121811,0.017761243507266045,0.8369302749633789,0.12640371918678284
1774267735.829,2775.553567676,678,2,sad,1,30.625438999777543,0.018083013594150543,0.0175688024610281,0.8374530076980591,0.12689515948295593
1774267735.880,2775.603841165,679,2,sad,1,30.450141999608604,0.0152643583714962,0.017123645171523094,0.858108401298523,0.10950352996587753
1774267735.930,2775.654228376,680,2,sad,1,30.594327000017074,0.013221249915659428,0.027958936989307404,0.8526124954223633,0.10620728135108948
1774267735.981,2775.705371551,681,2,sad,1,30.170215999987704,0.011916138231754303,0.037323303520679474,0.8536325693130493,0.09712792187929153
1774267736.031,2775.755286521,682,2,sad,1,30.328122999890184,0.022660154849290848,0.17707453668117523,0.6706966161727905,0.12956863641738892
1774267736.082,2775.806088418,683,2,sad,1,30.88799499982997,0.07502741366624832,0.25012484192848206,0.5514646172523499,0.12338308990001678
1774267736.134,2775.857079593,684,2,sad,1,32.00197800015303,0.05917901173233986,0.34374889731407166,0.4846268594264984,0.1124451756477356
1774267736.183,2775.907547823,685,2,sad,1,30.616216999987955,0.1245117038488388,0.32635605335235596,0.4091774821281433,0.13995468616485596
1774267736.234,2775.95785172,686,1,happy,1,31.17699500035087,0.12066240608692169,0.4191322326660156,0.3023713231086731,0.157833993434906
1774267736.286,2776.008255246,687,1,happy,1,32.655256999987614,0.16067233681678772,0.3204024136066437,0.30849578976631165,0.21042940020561218
1774267736.340,2776.060121552,688,2,sad,1,34.26020400002017,0.22312207520008087,0.2523038983345032,0.31804460287094116,0.20652934908866882
1774267736.391,2776.110692727,689,0,neutral,1,34.79198200011524,0.3422945737838745,0.21019934117794037,0.28026917576789856,0.1672368049621582
1774267736.441,2776.160998364,690,0,neutral,1,35.12646399985897,0.390330970287323,0.1940026581287384,0.2738943099975586,0.14177197217941284
1774267736.495,2776.212212225,691,0,neutral,1,37.66361700036214,0.45495152473449707,0.1559959053993225,0.26166093349456787,0.1273915320634842
1774267736.544,2776.26394229,692,0,neutral,1,34.805204999884154,0.41529324650764465,0.1572875678539276,0.2866465747356415,0.14077255129814148
1774267736.591,2776.313262074,693,0,neutral,1,32.77653500026645,0.41189056634902954,0.19665080308914185,0.2413887083530426,0.15006984770298004
1774267736.641,2776.362719987,694,0,neutral,1,33.36166599956414,0.3973080813884735,0.17205005884170532,0.2834264636039734,0.14721530675888062
1774267736.691,2776.414021682,695,0,neutral,1,31.55699499984621,0.47994866967201233,0.1481548696756363,0.25086164474487305,0.12103470414876938
1774267736.742,2776.465488654,696,0,neutral,1,31.47214399996301,0.4266444146633148,0.18501538038253784,0.24594417214393616,0.14239594340324402
1774267736.792,2776.515467069,697,0,neutral,1,31.33438400027444,0.45305773615837097,0.20163622498512268,0.2188490778207779,0.12645688652992249
1774267736.843,2776.565966076,698,0,neutral,1,32.059940999715764,0.43700534105300903,0.19684267044067383,0.22615215182304382,0.13999974727630615
1774267736.893,2776.61666664,699,0,neutral,1,30.915865000224585,0.36055076122283936,0.30759310722351074,0.19785940647125244,0.13399669528007507
1774267736.945,2776.667125092,700,1,happy,1,32.72062700034439,0.26755574345588684,0.4863215684890747,0.14359253644943237,0.1025301069021225
1774267736.994,2776.717756637,701,1,happy,1,30.861587999879703,0.2872295081615448,0.4327191114425659,0.13388139009475708,0.14616993069648743
1774267737.046,2776.769766555,702,0,neutral,1,30.42666100009228,0.37785133719444275,0.3161407709121704,0.16911908984184265,0.13688874244689941
1774267737.097,2776.820638749,703,0,neutral,1,30.57353099984539,0.3479274809360504,0.32550501823425293,0.17229938507080078,0.1542680412530899
1774267737.147,2776.871445739,704,0,neutral,1,29.95897499977218,0.372830867767334,0.34498846530914307,0.16022522747516632,0.12195537239313126
1774267737.197,2776.921027949,705,0,neutral,1,30.88892100004159,0.3440006673336029,0.286469966173172,0.2119157463312149,0.1576135754585266
1774267737.248,2776.971837884,706,0,neutral,1,30.538383000020985,0.3022620379924774,0.2641509175300598,0.23014646768569946,0.20344054698944092
1774267737.300,2777.022648781,707,1,happy,1,31.96844100011731,0.22073091566562653,0.41003620624542236,0.18965297937393188,0.17957986891269684
1774267737.349,2777.073257549,708,1,happy,1,30.64095699983227,0.2047179788351059,0.4914700984954834,0.15498816967010498,0.14882369339466095
1774267737.401,2777.124286743,709,1,happy,1,31.69242200010558,0.2343839555978775,0.4961549937725067,0.11997462809085846,0.14948636293411255
1774267737.455,2777.174325139,710,1,happy,1,35.512168999957794,0.29910969734191895,0.38470709323883057,0.18512767553329468,0.13105544447898865
1774267737.502,2777.22477637,711,1,happy,1,32.40577499991559,0.24524590373039246,0.5178266167640686,0.14137448370456696,0.09555291384458542
1774267737.552,2777.274895229,712,1,happy,1,31.296069000291027,0.18219411373138428,0.6234711408615112,0.11474887281656265,0.07958580553531647
1774267737.603,2777.32606972,713,1,happy,1,31.743792000270332,0.13403062522411346,0.7096445560455322,0.08746317774057388,0.06886156648397446
1774267737.653,2777.376152134,714,1,happy,1,31.95397799981947,0.12607915699481964,0.7264915108680725,0.09080572426319122,0.05662350356578827
1774267737.704,2777.426924236,715,1,happy,1,31.369161999919015,0.09828502684831619,0.7751325368881226,0.07615983486175537,0.050422485917806625
1774267737.755,2777.477837244,716,1,happy,1,32.16497899984461,0.09392856061458588,0.7284972667694092,0.11319142580032349,0.0643826574087143
1774267737.809,2777.528426901,717,1,happy,1,34.43696300018928,0.0800904929637909,0.7548336982727051,0.10488281399011612,0.06019294261932373
1774267737.860,2777.578552149,718,1,happy,1,36.2823179998486,0.06740565598011017,0.7726630568504333,0.09481203556060791,0.06511916220188141
1774267737.910,2777.629530306,719,1,happy,1,35.03413099997488,0.06271051615476608,0.789115309715271,0.09481050074100494,0.05336354300379753
1774267737.960,2777.680261722,720,1,happy,1,34.40342600015356,0.06690274178981781,0.7688912153244019,0.11244820058345795,0.051757726818323135
1774267738.010,2777.730562822,721,1,happy,1,34.31022299992037,0.05203012749552727,0.812056303024292,0.093205526471138,0.04270798712968826
1774267738.060,2777.781840832,722,1,happy,1,32.44366399985665,0.051859285682439804,0.8169971704483032,0.08731261640787125,0.043830886483192444
1774267738.110,2777.833359119,723,1,happy,1,31.623867000234895,0.05271559953689575,0.7764344215393066,0.10414501279592514,0.06670490652322769
1774267738.159,2777.883139127,724,1,happy,1,30.831401999876107,0.040437862277030945,0.8361010551452637,0.07299911230802536,0.050461914390325546
1774267738.212,2777.934478544,725,1,happy,1,32.02051500011294,0.03333001956343651,0.6858282089233398,0.07785552740097046,0.20298612117767334
1774267738.260,2777.984159884,726,1,happy,1,30.940106000343803,0.028265394270420074,0.5721307992935181,0.08068770170211792,0.3189160227775574
1774267738.311,2778.035062449,727,1,happy,1,30.647864999991725,0.032944679260253906,0.5331931710243225,0.10569383949041367,0.32816821336746216
1774267738.361,2778.085691846,728,1,happy,1,30.369994000011502,0.04640430584549904,0.6106921434402466,0.09876067191362381,0.24414274096488953
1774267738.413,2778.136667466,729,1,happy,1,31.234663000304863,0.04271289333701134,0.5962140560150146,0.09871137142181396,0.262361615896225
1774267738.462,2778.186669492,730,1,happy,1,29.878401000132726,0.056192729622125626,0.5630338191986084,0.1351700723171234,0.24560332298278809
1774267738.513,2778.237097723,731,1,happy,1,30.391272000088065,0.041631899774074554,0.5667494535446167,0.1200324296951294,0.27158617973327637
1774267738.563,2778.287467231,732,1,happy,1,30.367030999968847,0.05235316604375839,0.5817157626152039,0.12149792164564133,0.24443306028842926
1774267738.614,2778.338608889,733,1,happy,1,30.320716000005632,0.06782558560371399,0.6227381229400635,0.13092419505119324,0.17851199209690094
1774267738.665,2778.389073175,734,1,happy,1,30.919865000214486,0.07623669505119324,0.6035586595535278,0.18010160326957703,0.14010290801525116
1774267738.716,2778.439786998,735,1,happy,1,30.820273000244924,0.07600206136703491,0.6468527317047119,0.16900986433029175,0.10813520103693008
1774267738.768,2778.489781635,736,1,happy,1,32.42225700023482,0.07942764461040497,0.640303373336792,0.16460809111595154,0.11566072702407837
1774267738.817,2778.540310385,737,1,happy,1,31.605903000127,0.141839861869812,0.5986119508743286,0.15108053386211395,0.10846750438213348
1774267738.868,2778.5906103,738,1,happy,1,31.763643999966007,0.23947587609291077,0.4610911011695862,0.1470527946949005,0.152380108833313
1774267738.918,2778.641353253,739,1,happy,1,31.120551000185515,0.18651455640792847,0.3847631514072418,0.2521022856235504,0.17661991715431213
1774267738.969,2778.692459911,740,2,sad,1,31.648385000153212,0.13650712370872498,0.3319642245769501,0.3658941686153412,0.165634423494339
1774267739.020,2778.743194549,741,2,sad,1,31.54294000023583,0.11286887526512146,0.29173338413238525,0.4428045451641083,0.15259316563606262
1774267739.071,2778.793499539,742,2,sad,1,32.56671999997707,0.09994585067033768,0.3830583989620209,0.38843587040901184,0.12855981290340424
1774267739.121,2778.8442699,743,1,happy,1,31.81912599984571,0.08487336337566376,0.4712826609611511,0.3256935179233551,0.11815039068460464
1774267739.171,2778.894608501,744,1,happy,1,31.43738399967333,0.07617782056331635,0.5049651861190796,0.2892402112483978,0.12961672246456146
1774267739.225,2778.947263587,745,1,happy,1,32.22090400004163,0.07161258161067963,0.480336457490921,0.2941991090774536,0.15385180711746216
1774267739.274,2778.995941074,746,1,happy,1,32.19159000036598,0.07810556888580322,0.5156053304672241,0.24770000576972961,0.15858906507492065
1774267739.323,2779.045914785,747,1,happy,1,31.421551999756048,0.08197537064552307,0.5050466060638428,0.22341521084308624,0.18956273794174194
1774267739.373,2779.096244794,748,1,happy,1,31.605477000084647,0.08419929444789886,0.49110281467437744,0.24180683493614197,0.18289093673229218
1774267739.424,2779.147353507,749,1,happy,1,31.64953300029083,0.08606782555580139,0.45437124371528625,0.2001802921295166,0.2593805193901062
1774267739.475,2779.198109146,750,1,happy,1,31.666200000017852,0.08997832238674164,0.5023534297943115,0.18927854299545288,0.21838954091072083
1774267739.524,2779.248147654,751,1,happy,1,30.671290999634948,0.08561037480831146,0.5554344654083252,0.16198702156543732,0.19696801900863647
1774267739.575,2779.298818051,752,1,happy,1,30.976865999946313,0.07133984565734863,0.6426475048065186,0.12974320352077484,0.156269371509552
1774267739.626,2779.349357467,753,1,happy,1,31.207662999804597,0.08590633422136307,0.6489255428314209,0.1187392920255661,0.14642876386642456
1774267739.677,2779.399294716,754,1,happy,1,31.970922999789764,0.09603872895240784,0.6204556822776794,0.123179130256176,0.16032639145851135
1774267739.726,2779.449298613,755,1,happy,1,31.232884000019112,0.10816404968500137,0.6149102449417114,0.13611291348934174,0.1408127397298813
1774267739.775,2779.499387658,756,1,happy,1,30.30827099973976,0.09769346565008163,0.6625450253486633,0.1203000545501709,0.11946137249469757
1774267739.825,2779.549946722,757,1,happy,1,30.220511999687005,0.09209883213043213,0.6668535470962524,0.10484915226697922,0.13619838654994965
1774267739.877,2779.601070287,758,1,happy,1,30.313383000247995,0.07488399744033813,0.6884355545043945,0.10166044533252716,0.13501988351345062
1774267739.927,2779.651550314,759,1,happy,1,29.92214200003218,0.08468199521303177,0.6557130217552185,0.10214067995548248,0.15746420621871948
1774267739.978,2779.702140415,760,1,happy,1,30.244067999774416,0.07476052641868591,0.7203131914138794,0.0890609622001648,0.11586520075798035
1774267740.028,2779.752803202,761,1,happy,1,30.36647599992648,0.07262792438268661,0.7563209533691406,0.07473331689834595,0.09631768614053726
1774267740.079,2779.802846173,762,1,happy,1,30.60832799974378,0.06265673041343689,0.7880598306655884,0.07191319763660431,0.07737011462450027
1774267740.130,2779.853926627,763,1,happy,1,30.41277300008005,0.06565406918525696,0.7968995571136475,0.06771159917116165,0.06973468512296677
1774267740.180,2779.904443062,764,1,happy,1,30.25134599965895,0.07488656789064407,0.745924174785614,0.07896777987480164,0.10022139549255371
1774267740.231,2779.95518059,765,1,happy,1,30.1976979999381,0.0695672407746315,0.7691294550895691,0.07477608323097229,0.08652713149785995
1774267740.282,2780.005497469,766,1,happy,1,30.679346999932022,0.06809584051370621,0.7956646680831909,0.06773516535758972,0.06850428134202957
1774267740.332,2780.056300664,767,1,happy,1,30.559549999907176,0.08806343376636505,0.7784149646759033,0.07797208428382874,0.055549442768096924
1774267740.383,2780.106452116,768,1,happy,1,30.963143999997556,0.09510438144207001,0.7560722827911377,0.09233119338750839,0.05649207532405853
1774267740.434,2780.157445941,769,1,happy,1,31.205829000100493,0.1587928831577301,0.6249579191207886,0.1390729695558548,0.07717618346214294
1774267740.484,2780.207246134,770,1,happy,1,31.441774000086298,0.1687934696674347,0.5874927043914795,0.17026400566101074,0.07344981282949448
1774267740.537,2780.258227292,771,1,happy,1,33.10636900005193,0.14609788358211517,0.5498611330986023,0.17613869905471802,0.12790228426456451
1774267740.587,2780.309111097,772,1,happy,1,32.24018299988529,0.14839360117912292,0.553702712059021,0.16644632816314697,0.13145728409290314
1774267740.638,2780.359454773,773,1,happy,1,32.73372000012387,0.12871624529361725,0.618617057800293,0.15145619213581085,0.10121045261621475
1774267740.687,2780.40993417,774,1,happy,1,32.11007200025051,0.12476290762424469,0.6324945688247681,0.1534220278263092,0.08932044357061386
1774267740.737,2780.46019429,775,1,happy,1,31.93362599995453,0.13752348721027374,0.63209468126297,0.14980782568454742,0.08057395368814468
1774267740.788,2780.510575632,776,1,happy,1,31.759218999923178,0.22359904646873474,0.5453303456306458,0.16504812240600586,0.06602240353822708
1774267740.839,2780.560898696,777,1,happy,1,32.946887999969476,0.23296207189559937,0.523078203201294,0.16850753128528595,0.07545211166143417
1774267740.890,2780.611445983,778,1,happy,1,33.26546200014491,0.19790475070476532,0.531069278717041,0.19684842228889465,0.07417741417884827
1774267740.941,2780.662512659,779,1,happy,1,33.38646299971515,0.16736887395381927,0.5753577947616577,0.18342475593090057,0.07384846359491348
1774267740.991,2780.71346415,780,1,happy,1,32.56084999975428,0.12213237583637238,0.6153755187988281,0.19206804037094116,0.07042394578456879
1774267741.041,2780.763780622,781,1,happy,1,31.57610800008115,0.09034741669893265,0.674500584602356,0.16424322128295898,0.07090871036052704
1774267741.091,2780.814875206,782,1,happy,1,31.219718000102148,0.0756530612707138,0.7000628709793091,0.16099807620048523,0.06328588724136353
1774267741.142,2780.865366752,783,1,happy,1,31.504255999607267,0.08424250036478043,0.5618014335632324,0.2747941017150879,0.07916185259819031
1774267741.192,2780.915642206,784,1,happy,1,31.007568999939394,0.08941031992435455,0.6072486639022827,0.23403015732765198,0.06931070983409882
1774267741.243,2780.966676845,785,1,happy,1,31.20910699999513,0.0957011803984642,0.6355680227279663,0.2029602974653244,0.06577032059431076
1774267741.293,2781.017390725,786,1,happy,1,30.068031000155315,0.11616602540016174,0.6062867045402527,0.20918428897857666,0.06836284697055817
1774267741.343,2781.067345993,787,1,happy,1,30.168216000220127,0.08681174367666245,0.6866278648376465,0.16048294305801392,0.06607730686664581
1774267741.394,2781.118458114,788,1,happy,1,30.517309000060777,0.11929525434970856,0.568777322769165,0.22274461388587952,0.08918267488479614
1774267741.444,2781.168782919,789,1,happy,1,30.07438299982823,0.12613984942436218,0.4895183742046356,0.2739933729171753,0.11034831404685974
1774267741.495,2781.219224743,790,1,happy,1,30.076734999965993,0.18137378990650177,0.4332541227340698,0.28034284710884094,0.10502918064594269
1774267741.550,2781.269874493,791,1,happy,1,34.92287200015198,0.23171675205230713,0.384083092212677,0.2888024151325226,0.09539766609668732
1774267741.604,2781.321591208,792,1,happy,1,37.29422800006432,0.21760162711143494,0.4040103554725647,0.29036569595336914,0.08802218735218048
1774267741.652,2781.373378756,793,1,happy,1,33.447407000039675,0.2000582218170166,0.4688768982887268,0.24894878268241882,0.08211592584848404
1774267741.697,2781.420842094,794,1,happy,1,31.17734700026631,0.19064699113368988,0.41284844279289246,0.2844451367855072,0.11205929517745972
1774267741.748,2781.472336456,795,1,happy,1,30.590180000217515,0.18507304787635803,0.3826874792575836,0.3146902918815613,0.11754906177520752
1774267741.799,2781.522653743,796,1,happy,1,30.69082799993339,0.15566524863243103,0.46397098898887634,0.2645702064037323,0.11579347401857376
1774267741.850,2781.573717179,797,1,happy,1,31.118254999910278,0.14630678296089172,0.4928480088710785,0.23209354281425476,0.12875160574913025
1774267741.900,2781.624292207,798,1,happy,1,30.71830899989436,0.16438540816307068,0.519102931022644,0.2057826966047287,0.11072883754968643
1774267741.951,2781.674817364,799,1,happy,1,30.989829000191094,0.12789897620677948,0.6064390540122986,0.16180476546287537,0.1038571149110794
1774267742.003,2781.725350706,800,1,happy,1,32.53838699993139,0.13014572858810425,0.5863628387451172,0.18646860122680664,0.09702272713184357
1774267742.053,2781.775782845,801,1,happy,1,32.09825700014335,0.14122790098190308,0.5263369679450989,0.2052675038576126,0.1271675080060959
1774267742.104,2781.826428392,802,1,happy,1,32.13933100005306,0.1214001253247261,0.6112231612205505,0.16765257716178894,0.09972404688596725
1774267742.154,2781.876998161,803,1,happy,1,31.409811000230548,0.15440836548805237,0.4855293333530426,0.243048757314682,0.11701345443725586
1774267742.205,2781.928093597,804,1,happy,1,32.05440500005352,0.1330435574054718,0.5421435832977295,0.20264731347560883,0.12216544151306152
1774267742.256,2781.978000253,805,1,happy,1,32.33279500000208,0.1531018614768982,0.4350028336048126,0.26375317573547363,0.1481420397758484
1774267742.306,2782.028608467,806,1,happy,1,32.290959999954794,0.16591548919677734,0.3837398886680603,0.295917272567749,0.15442728996276855
1774267742.356,2782.079356421,807,1,happy,1,31.4169960001891,0.17343252897262573,0.3723498582839966,0.2856854200363159,0.168532133102417
1774267742.407,2782.129518541,808,1,happy,1,31.951089999893156,0.14853790402412415,0.48443904519081116,0.23254115879535675,0.13448183238506317
1774267742.458,2782.180649829,809,1,happy,1,31.77855300009469,0.12253496050834656,0.5126454830169678,0.2581838071346283,0.10663563758134842
1774267742.508,2782.231218413,810,1,happy,1,31.415643999935128,0.10469315201044083,0.4670228362083435,0.3379702568054199,0.09031370282173157
1774267742.558,2782.282696516,811,2,sad,1,30.374364999715908,0.10207240283489227,0.3553623855113983,0.4556002914905548,0.08696486055850983
1774267742.609,2782.33291684,812,2,sad,1,31.190014999992854,0.12894266843795776,0.31799793243408203,0.4606308937072754,0.09242843091487885
1774267742.660,2782.383351405,813,1,happy,1,31.241495999893232,0.15810582041740417,0.3975447416305542,0.3463532626628876,0.09799608588218689
1774267742.711,2782.433376969,814,1,happy,1,31.975441999748,0.20539957284927368,0.4336400330066681,0.25982606410980225,0.10113422572612762
1774267742.761,2782.483513607,815,1,happy,1,32.03671999972357,0.17755520343780518,0.43457627296447754,0.2945489287376404,0.09331947565078735
1774267742.810,2782.534160339,816,1,happy,1,30.501753999942594,0.13886849582195282,0.46732690930366516,0.3283007740974426,0.06550371646881104
1774267742.862,2782.585093553,817,1,happy,1,31.12251499987906,0.10921062529087067,0.4340585470199585,0.4104224443435669,0.04630826786160469
1774267742.910,2782.635330507,818,2,sad,1,29.800548999901366,0.07276786118745804,0.38818633556365967,0.5068879723548889,0.03215773403644562
1774267742.961,2782.685484312,819,2,sad,1,30.304698000236385,0.047564875334501266,0.253925621509552,0.6772884130477905,0.021220963448286057
1774267743.012,2782.736467414,820,2,sad,1,30.315439000332844,0.031502045691013336,0.1653645932674408,0.7891266345977783,0.014006631448864937
1774267743.062,2782.786292052,821,2,sad,1,30.123827999887,0.02081024833023548,0.10876858234405518,0.8612028956413269,0.00921820942312479
1774267743.112,2782.83646071,822,2,sad,1,30.478753999886976,0.013981442898511887,0.07268758863210678,0.9061481356620789,0.00718272477388382
1774267743.162,2782.886694608,823,2,sad,1,30.446512999787956,0.00929123256355524,0.04805426672101021,0.937727689743042,0.004926731809973717
1774267743.213,2782.936831358,824,2,sad,1,30.688754000038898,0.012323779053986073,0.04328477755188942,0.9398231506347656,0.004568200558423996
1774267743.263,2782.987661331,825,2,sad,1,29.93614200022421,0.008961804211139679,0.03225761279463768,0.9554967880249023,0.0032836829777806997
1774267743.313,2783.037998136,826,2,sad,1,29.690901999856578,0.01051369123160839,0.02560329996049404,0.961034893989563,0.0028480489272624254
1774267743.363,2783.088333257,827,2,sad,1,29.700493999825994,0.009400537237524986,0.02233203500509262,0.966026246547699,0.002241112058982253
1774267743.414,2783.138224043,828,2,sad,1,30.365847000211943,0.006329544819891453,0.01601632684469223,0.9759691953659058,0.0016848630039021373
1774267743.465,2783.188545497,829,2,sad,1,31.411107999701926,0.004345764871686697,0.010740627534687519,0.9837202429771423,0.0011933285277336836
1774267743.514,2783.23847545,830,2,sad,1,29.902087000209576,0.0052274614572525024,0.011812906712293625,0.9816238880157471,0.0013356609269976616
1774267743.564,2783.288896701,831,2,sad,1,30.053568000312225,0.004485760349780321,0.01037018746137619,0.9840375781059265,0.0011064058635383844
1774267743.618,2783.339756803,832,2,sad,1,33.17083299998558,0.0029288134537637234,0.007010481785982847,0.9890463352203369,0.00101431121584028
1774267743.667,2783.390460739,833,2,sad,1,31.079237000085413,0.002005373127758503,0.005537896417081356,0.9748939275741577,0.017562707886099815
1774267743.717,2783.441018508,834,2,sad,1,30.40008800007854,0.001915771048516035,0.0360516682267189,0.9400756359100342,0.02195686101913452
1774267743.768,2783.49094611,835,2,sad,1,31.55692199970872,0.006551964208483696,0.10286124050617218,0.7811488509178162,0.10943785309791565
1774267743.820,2783.541853064,836,2,sad,1,32.50651700000162,0.029192442074418068,0.15787410736083984,0.6350380182266235,0.17789535224437714
1774267743.870,2783.592294926,837,2,sad,1,32.29060900002878,0.04909408837556839,0.29741981625556946,0.4709492027759552,0.1825367659330368
1774267743.920,2783.64292388,838,2,sad,1,31.727459999729035,0.17259889841079712,0.24127650260925293,0.4275985658168793,0.15852588415145874
1774267743.971,2783.693716094,839,2,sad,1,31.736052999804087,0.198190838098526,0.17717202007770538,0.448977530002594,0.17565946280956268
1774267744.021,2783.744176141,840,2,sad,1,31.69116299977759,0.29244673252105713,0.14384829998016357,0.42663058638572693,0.1370743066072464
1774267744.072,2783.79552467,841,2,sad,1,31.65983100006997,0.23728090524673462,0.12946400046348572,0.5044465065002441,0.12880849838256836
1774267744.123,2783.845391198,842,2,sad,1,32.47018299998672,0.18969233334064484,0.24049046635627747,0.44855228066444397,0.12126481533050537
1774267744.174,2783.895823411,843,2,sad,1,32.69490599996061,0.18869268894195557,0.230828195810318,0.4596521556377411,0.12082687020301819
1774267744.223,2783.946008976,844,2,sad,1,31.34581199992681,0.15687912702560425,0.22166958451271057,0.48207998275756836,0.13937118649482727
1774267744.275,2783.996849783,845,2,sad,1,32.49355399975684,0.12666797637939453,0.27515578269958496,0.4469594359397888,0.15121667087078094
1774267744.325,2784.048119072,846,2,sad,1,31.846181999753753,0.10373201966285706,0.3396388590335846,0.37779104709625244,0.17883795499801636
1774267744.376,2784.09852573,847,1,happy,1,32.13523800013718,0.07203880697488785,0.5371682047843933,0.26865750551223755,0.12213537842035294
1774267744.427,2784.148860536,848,1,happy,1,32.499312999789254,0.053477972745895386,0.5837482213973999,0.2541221082210541,0.10865160077810287
1774267744.477,2784.200202454,849,1,happy,1,31.394570999964344,0.04042695462703705,0.7000600099563599,0.1835397332906723,0.07597318291664124
1774267744.527,2784.250153963,850,1,happy,1,31.014978000257543,0.03015921823680401,0.7725511789321899,0.13991393148899078,0.05737554281949997
1774267744.577,2784.300204732,851,1,happy,1,31.243995999830076,0.020907176658511162,0.8398541212081909,0.09617779403924942,0.043060775846242905
1774267744.629,2784.351334632,852,1,happy,1,31.975071000033495,0.01388789527118206,0.8912159204483032,0.06412510573863983,0.030770979821681976
1774267744.678,2784.401666456,853,1,happy,1,31.20771900012187,0.012333323247730732,0.9113640785217285,0.051704734563827515,0.02459782361984253
1774267744.729,2784.452241262,854,1,happy,1,31.225366999933613,0.008575831539928913,0.9375560283660889,0.036370016634464264,0.017498133704066277
1774267744.779,2784.502484957,855,1,happy,1,31.43029300008493,0.005917277652770281,0.9563302993774414,0.02513924613595009,0.012613198719918728
1774267744.830,2784.553836283,856,1,happy,1,31.31497800040961,0.005267021246254444,0.9610785245895386,0.022909389808773994,0.010745116509497166
1774267744.881,2784.604272219,857,1,happy,1,31.605663999926037,0.0037866332568228245,0.9725871086120605,0.015807341784238815,0.007818913087248802
1774267744.931,2784.654521136,858,1,happy,1,31.296719000238227,0.0032834091689437628,0.9708293676376343,0.017281528562307358,0.008605621755123138
1774267744.982,2784.704642682,859,1,happy,1,31.727052999940497,0.0022938980255275965,0.978317379951477,0.012635971419513226,0.006752706598490477
1774267745.034,2784.754734969,860,1,happy,1,33.670982000330696,0.0018423619912937284,0.978783369064331,0.011354421265423298,0.008019840344786644
1774267745.083,2784.805529258,861,1,happy,1,31.852718999743956,0.0017230571247637272,0.9818281531333923,0.00879677664488554,0.007651996333152056
1774267745.135,2784.856379435,862,1,happy,1,32.886796000184404,0.0012531268876045942,0.9829548597335815,0.00835368875414133,0.007438362576067448
1774267745.185,2784.907217112,863,1,happy,1,32.67270299966185,0.0016894196160137653,0.9700709581375122,0.018504783511161804,0.009734934195876122
1774267745.236,2784.958004549,864,1,happy,1,32.39446099996712,0.0015372501220554113,0.9540306925773621,0.03430737927556038,0.010124769061803818
1774267745.286,2785.007791299,865,1,happy,1,32.6946649997808,0.0032679811120033264,0.896161675453186,0.08286137133836746,0.017709052190184593
1774267745.338,2785.05888368,866,1,happy,1,33.6305750001884,0.014696316793560982,0.6462029218673706,0.3232840597629547,0.01581665873527527
1774267745.387,2785.109506746,867,2,sad,1,31.902404999982537,0.06030583754181862,0.42495355010032654,0.4962758421897888,0.018464695662260056
1774267745.437,2785.159448904,868,2,sad,1,31.958923000274808,0.07126428186893463,0.2906527817249298,0.6059573888778687,0.03212545067071915
1774267745.488,2785.210027692,869,2,sad,1,32.37999800012403,0.2639801502227783,0.1978605091571808,0.5064107179641724,0.03174855187535286
1774267745.539,2785.260140331,870,2,sad,1,33.44361100016613,0.20835933089256287,0.2002919614315033,0.5381852984428406,0.05316334590315819
1774267745.589,2785.310183044,871,2,sad,1,33.00622200004,0.19373346865177155,0.3246471583843231,0.4195166230201721,0.06210264563560486
1774267745.638,2785.360528424,872,2,sad,1,32.17546099995161,0.1689852774143219,0.2853957712650299,0.4536151885986328,0.09200367331504822
1774267745.693,2785.41127925,873,2,sad,1,36.47037500013539,0.23861680924892426,0.20932476222515106,0.46558916568756104,0.08646917343139648
1774267745.741,2785.461661482,874,2,sad,1,34.11759399978109,0.19449862837791443,0.19131672382354736,0.5199785232543945,0.09420605003833771
1774267745.791,2785.511657584,875,2,sad,1,33.81079699965994,0.200596421957016,0.20168298482894897,0.468462735414505,0.12925778329372406
1774267745.841,2785.562300057,876,2,sad,1,32.97188800024742,0.1837100386619568,0.2541264295578003,0.4319438934326172,0.13021954894065857
1774267745.890,2785.612430307,877,2,sad,1,32.73527700002887,0.1528080552816391,0.18105646967887878,0.5651941299438477,0.10094119608402252
1774267745.942,2785.663839356,878,2,sad,1,32.34423899993999,0.22740817070007324,0.1301785409450531,0.5585106611251831,0.08390254527330399
1774267745.992,2785.713887847,879,2,sad,1,32.41086900015944,0.20941029489040375,0.09761426597833633,0.6154261827468872,0.07754917442798615
1774267746.041,2785.764656006,880,2,sad,1,31.459125999845128,0.25163525342941284,0.07462893426418304,0.6126326322555542,0.06110307574272156
1774267746.092,2785.815553684,881,2,sad,1,30.851236000216886,0.3160552382469177,0.05932503938674927,0.5790205597877502,0.04559905827045441
1774267746.142,2785.865501452,882,2,sad,1,31.05481200009308,0.38722118735313416,0.05095197632908821,0.5272340774536133,0.0345926508307457
1774267746.194,2785.916466723,883,2,sad,1,32.379497999954765,0.3997907042503357,0.04402601718902588,0.524030327796936,0.03215281292796135
1774267746.244,2785.967289715,884,2,sad,1,31.195849000141607,0.31731289625167847,0.040985479950904846,0.6074676513671875,0.03423383831977844
1774267746.294,2786.017635614,885,2,sad,1,30.784884999775386,0.27385878562927246,0.03428057208657265,0.6616921424865723,0.030168380588293076
1774267746.345,2786.068975626,886,2,sad,1,31.20831200021712,0.2983691096305847,0.04043814539909363,0.6283466815948486,0.03284600377082825
1774267746.396,2786.118885006,887,2,sad,1,31.590701000368426,0.27435728907585144,0.1946287900209427,0.4709901213645935,0.06002374738454819
1774267746.446,2786.169543091,888,2,sad,1,31.559051999920484,0.24855265021324158,0.1490909904241562,0.5531265735626221,0.049229785799980164
1774267746.498,2786.220475435,889,2,sad,1,31.738830999984202,0.29482191801071167,0.13064008951187134,0.5284807682037354,0.046057235449552536
1774267746.547,2786.270514834,890,2,sad,1,30.756513999676827,0.2679707109928131,0.09502484649419785,0.5972495079040527,0.039754852652549744
1774267746.597,2786.320709232,891,2,sad,1,31.059071000072436,0.20578864216804504,0.0940757766366005,0.6640669107437134,0.03606858476996422
1774267746.654,2786.371272484,892,2,sad,1,37.482654999621445,0.1914534717798233,0.0690116435289383,0.7110864520072937,0.02844836935400963
1774267746.709,2786.425123037,893,2,sad,1,38.71225000011691,0.16887108981609344,0.057940687984228134,0.7461326122283936,0.027055568993091583
1774267746.758,2786.480174407,894,2,sad,1,32.084368000141694,0.1525515466928482,0.05929775908589363,0.7449363470077515,0.04321426898241043
1774267746.804,2786.524716296,895,2,sad,1,33.878742000069906,0.16114714741706848,0.04718540236353874,0.7551226615905762,0.03654470667243004
1774267746.853,2786.574637565,896,2,sad,1,33.42755599987868,0.12737102806568146,0.03930467367172241,0.7832341194152832,0.050090089440345764
1774267746.903,2786.625834299,897,2,sad,1,32.34973899998295,0.09068117290735245,0.03677777573466301,0.8202273845672607,0.05231355130672455
1774267746.954,2786.676101531,898,2,sad,1,32.46783200029313,0.07857973873615265,0.06078150495886803,0.7525776624679565,0.10806097090244293
1774267747.004,2786.726402763,899,2,sad,1,31.60127499995724,0.07609143108129501,0.08079660683870316,0.6932744979858398,0.14983737468719482
1774267747.054,2786.776355328,900,2,sad,1,32.18809100008002,0.09238915145397186,0.17903533577919006,0.5426338911056519,0.18594148755073547
1774267747.105,2786.826978321,901,2,sad,1,32.9157959999975,0.09737373888492584,0.13161271810531616,0.580765962600708,0.19024741649627686
1774267747.154,2786.877403461,902,2,sad,1,31.633626999791886,0.11072152853012085,0.21814186871051788,0.5053550004959106,0.16578149795532227
1774267747.204,2786.926983914,903,2,sad,1,31.839090999710606,0.18452920019626617,0.2847374677658081,0.39393818378448486,0.1367950439453125
1774267747.255,2786.977619055,904,2,sad,1,32.11886899998717,0.274627685546875,0.22012069821357727,0.4087945818901062,0.09645691514015198
1774267747.306,2787.028687511,905,2,sad,1,31.742387000122108,0.25189393758773804,0.17229606211185455,0.47006213665008545,0.10574774444103241
1774267747.358,2787.0797953,906,2,sad,1,32.51416600005541,0.23051618039608002,0.12547855079174042,0.5662362575531006,0.0777689665555954
1774267747.407,2787.130107533,907,2,sad,1,31.85877600026288,0.20851121842861176,0.0876837819814682,0.6504111289978027,0.05339383706450462
1774267747.458,2787.181322712,908,2,sad,1,31.382997000036994,0.1716112345457077,0.16067634522914886,0.6231482028961182,0.04456415772438049
1774267747.509,2787.232285019,909,2,sad,1,31.621016000372038,0.13643518090248108,0.15611080825328827,0.673612117767334,0.03384184464812279
1774267747.561,2787.283377309,910,2,sad,1,31.941626999923756,0.10102719068527222,0.11387700587511063,0.7585660219192505,0.02652970887720585
1774267747.610,2787.333857801,911,2,sad,1,30.37166200010688,0.0759909600019455,0.11756082624197006,0.7836538553237915,0.02279427833855152
1774267747.659,2787.383257902,912,2,sad,1,30.546292000053654,0.05525398254394531,0.08643750101327896,0.8397638201713562,0.018544595688581467
1774267747.710,2787.43396758,913,2,sad,1,30.566310999802226,0.04810912162065506,0.06425517052412033,0.8732538223266602,0.01438172534108162
1774267747.761,2787.484393609,914,2,sad,1,30.74751499980266,0.03765157610177994,0.05744461342692375,0.8913424015045166,0.013561324216425419
1774267747.811,2787.534614953,915,2,sad,1,31.569275000038033,0.026048902422189713,0.04347684234380722,0.9199159145355225,0.01055825687944889
1774267747.862,2787.584993167,916,2,sad,1,32.04572000004191,0.03638254851102829,0.051835350692272186,0.9011569619178772,0.010625066235661507
1774267747.912,2787.636356142,917,2,sad,1,30.447143999936088,0.044411420822143555,0.06987550854682922,0.8722466230392456,0.013466429896652699
1774267747.962,2787.686058762,918,2,sad,1,30.50506999989011,0.03805017098784447,0.07827438414096832,0.8709161877632141,0.012759188190102577
1774267748.012,2787.736780348,919,2,sad,1,30.372290999821416,0.04941893368959427,0.09216269850730896,0.8424496650695801,0.015968669205904007
1774267748.063,2787.787559025,920,2,sad,1,30.517348000103084,0.049524903297424316,0.08521430939435959,0.8478034138679504,0.017457330599427223
1774267748.116,2787.838139296,921,2,sad,1,32.52620300008857,0.07618637382984161,0.07808896154165268,0.8227530717849731,0.022971518337726593
1774267748.165,2787.888534788,922,2,sad,1,31.005940999875747,0.07064913213253021,0.0748768299818039,0.8356887102127075,0.01878523640334606
1774267748.215,2787.938986725,923,2,sad,1,30.75840299970878,0.07241986691951752,0.07895394414663315,0.8273158073425293,0.021310336887836456
1774267748.266,2787.989234717,924,2,sad,1,31.23321900011433,0.06949993968009949,0.08252377808094025,0.8265047669410706,0.021471478044986725
1774267748.319,2788.040050413,925,2,sad,1,33.30942700040396,0.09975840151309967,0.08837111294269562,0.7910915017127991,0.020778940990567207
1774267748.367,2788.090176165,926,2,sad,1,31.48105200034479,0.08630628138780594,0.07041975110769272,0.8221017122268677,0.02117217145860195
1774267748.418,2788.140389342,927,2,sad,1,32.4041839999154,0.09188282489776611,0.09226720035076141,0.7913859486579895,0.024463919922709465
1774267748.469,2788.191379057,928,2,sad,1,32.5683329997446,0.08280764520168304,0.0803171768784523,0.8117495775222778,0.02512550912797451
1774267748.521,2788.242234235,929,2,sad,1,33.23894499999369,0.08290380239486694,0.07617855817079544,0.8141165971755981,0.02680090069770813
1774267748.572,2788.293692766,930,2,sad,1,33.0116300001464,0.08796614408493042,0.08653998374938965,0.794382631778717,0.031111106276512146
1774267748.621,2788.342693127,931,2,sad,1,33.296240999789006,0.07462487369775772,0.06781187653541565,0.8244682550430298,0.0330948568880558
1774267748.671,2788.393037804,932,2,sad,1,32.62251800015292,0.07131745666265488,0.051521044224500656,0.8427869081497192,0.03437452390789986
1774267748.722,2788.443017944,933,2,sad,1,33.592203999887715,0.06399032473564148,0.043301597237586975,0.8610955476760864,0.03161247819662094
1774267748.772,2788.493895511,934,2,sad,1,32.43368399989777,0.06009218841791153,0.035667046904563904,0.8770307302474976,0.02721000835299492
1774267748.821,2788.543910169,935,2,sad,1,31.77785000025324,0.04806896671652794,0.02815786376595497,0.9003585577011108,0.02341456711292267
1774267748.872,2788.594251513,936,2,sad,1,32.44422099987787,0.047346651554107666,0.023651685565710068,0.9087165594100952,0.020284991711378098
1774267748.923,2788.64488482,937,2,sad,1,32.91511100042044,0.04480952024459839,0.0233834907412529,0.9117593765258789,0.020047511905431747
1774267748.975,2788.695534313,938,2,sad,1,34.24035400030334,0.03861020505428314,0.0232849083840847,0.9228256940841675,0.015279038809239864
1774267749.024,2788.746141269,939,2,sad,1,32.358184000258916,0.03319219499826431,0.022319626063108444,0.9294692873954773,0.015018763020634651
1774267749.075,2788.797679652,940,2,sad,1,32.381480999902124,0.03158861771225929,0.017705602571368217,0.9384312033653259,0.012274467386305332
1774267749.126,2788.84860896,941,2,sad,1,32.0533690000957,0.042969364672899246,0.017811369150877,0.9255135655403137,0.01370559073984623
1774267749.177,2788.898869489,942,2,sad,1,32.94190799988428,0.0526275709271431,0.01952989585697651,0.9147276878356934,0.013114780187606812
1774267749.226,2788.949511797,943,2,sad,1,31.092329999864887,0.05340318754315376,0.019711526110768318,0.912230372428894,0.014654845930635929
1774267749.276,2788.999591048,944,2,sad,1,31.41185000004043,0.04757562279701233,0.021562445908784866,0.9189506769180298,0.011911213397979736
1774267749.328,2789.050903654,945,2,sad,1,31.453329999749258,0.039553023874759674,0.01964065060019493,0.9294118881225586,0.011394412256777287
1774267749.377,2789.100461811,946,2,sad,1,30.690847999721882,0.03137511759996414,0.025462524965405464,0.9336450695991516,0.009517213329672813
1774267749.426,2789.150270192,947,2,sad,1,30.331106000176078,0.029923606663942337,0.023259494453668594,0.937286376953125,0.00953047163784504
1774267749.476,2789.200472295,948,2,sad,1,30.582088999835833,0.038362596184015274,0.022271865978837013,0.9286146759986877,0.010750780813395977
1774267749.529,2789.251984678,949,2,sad,1,31.281959999887476,0.03493594750761986,0.023814912885427475,0.9306746125221252,0.01057443954050541
1774267749.579,2789.302063504,950,2,sad,1,31.150699999670906,0.03376101329922676,0.020820418372750282,0.9353604316711426,0.010057991370558739
1774267749.629,2789.352272144,951,2,sad,1,31.017830000109825,0.030074939131736755,0.019689081236720085,0.9382166862487793,0.012019156478345394
1774267749.679,2789.402977933,952,2,sad,1,30.692052000176773,0.034449294209480286,0.021788403391838074,0.9292280673980713,0.014534134417772293
1774267749.730,2789.453549056,953,2,sad,1,31.11471900001561,0.0354342982172966,0.017404070124030113,0.933127760887146,0.014033816754817963
1774267749.779,2789.50371727,954,2,sad,1,30.44582900020032,0.030762676149606705,0.017560549080371857,0.9365652203559875,0.015111520886421204
1774267749.829,2789.553564947,955,2,sad,1,30.391014000088035,0.027431495487689972,0.02144237980246544,0.9376659393310547,0.013460169546306133
1774267749.879,2789.603626216,956,2,sad,1,30.117087999769865,0.028659174218773842,0.019891317933797836,0.9376155138015747,0.013833930715918541
1774267749.930,2789.654034283,957,2,sad,1,30.18073600014759,0.02336597815155983,0.015905702486634254,0.9493639469146729,0.011364271864295006
1774267749.981,2789.705015443,958,2,sad,1,30.649089000235108,0.03040662221610546,0.014348544180393219,0.9429502487182617,0.01229444332420826
1774267750.032,2789.755214083,959,2,sad,1,31.22001600013391,0.028032366186380386,0.01129458099603653,0.9493709802627563,0.01130194403231144
1774267750.082,2789.805686465,960,2,sad,1,31.37864600012108,0.024325087666511536,0.012340636923909187,0.95283043384552,0.010503764264285564
1774267750.133,2789.856163032,961,2,sad,1,31.729924000046594,0.02186751365661621,0.012005921453237534,0.9561777114868164,0.00994877889752388
1774267750.186,2789.90672584,962,2,sad,1,34.233576000133326,0.022600635886192322,0.011087960563600063,0.9560254812240601,0.010285838507115841
1774267750.236,2789.957563333,963,2,sad,1,32.900037999752385,0.019842641428112984,0.008834966458380222,0.9608129262924194,0.010509399697184563
1774267750.286,2790.008097401,964,2,sad,1,32.92820299975574,0.02077370695769787,0.015021947212517262,0.950019359588623,0.014184894040226936
1774267750.336,2790.058945839,965,2,sad,1,32.03853500008336,0.020460331812500954,0.012248500250279903,0.9534097909927368,0.013881306163966656
1774267750.387,2790.109714906,966,2,sad,1,31.617071999789914,0.025677375495433807,0.014933758415281773,0.9430293440818787,0.016359446570277214
1774267750.438,2790.159993287,967,2,sad,1,32.54824100031328,0.02412821725010872,0.01217184029519558,0.9459586143493652,0.017741184681653976
1774267750.490,2790.210922522,968,2,sad,1,33.32712999963405,0.01978790946304798,0.01784186065196991,0.9477874040603638,0.014582723379135132
1774267750.539,2790.261701645,969,2,sad,1,32.459666000249854,0.019526220858097076,0.015205830335617065,0.9503186941146851,0.014949127100408077
1774267750.590,2790.312195656,970,2,sad,1,32.79077800016239,0.019202183932065964,0.012937705963850021,0.953545093536377,0.014314933679997921
1774267750.640,2790.363227169,971,2,sad,1,31.280349000098795,0.02165578305721283,0.013095149770379066,0.9472652673721313,0.017983756959438324
1774267750.689,2790.413133401,972,2,sad,1,30.196422000244638,0.017137425020337105,0.014297103509306908,0.9535306692123413,0.015034730546176434
1774267750.739,2790.463814283,973,2,sad,1,30.198792000192043,0.017951395362615585,0.011384216137230396,0.9566659927368164,0.013998351991176605
1774267750.791,2790.515122444,974,2,sad,1,30.796256000030553,0.015095976181328297,0.011943898163735867,0.9611860513687134,0.011773984879255295
1774267750.843,2790.565680715,975,2,sad,1,31.543109000267577,0.018114812672138214,0.00945783220231533,0.9605122804641724,0.011914984323084354
1774267750.893,2790.616712931,976,2,sad,1,30.97658999968189,0.013197056017816067,0.007557264529168606,0.9704537391662598,0.008791808970272541
1774267750.943,2790.666918553,977,2,sad,1,30.646441000044433,0.015894493088126183,0.009079750627279282,0.9633889198303223,0.011636712588369846
1774267750.994,2790.71704636,978,2,sad,1,31.239089999871794,0.01615235209465027,0.0089622987434268,0.9642004370689392,0.010684797540307045
1774267751.045,2790.768526948,979,2,sad,1,31.341349000285845,0.014334856532514095,0.008749894797801971,0.9676298499107361,0.009285299107432365
1774267751.094,2790.818225921,980,2,sad,1,30.64675600035116,0.0177815780043602,0.010856209322810173,0.9597280025482178,0.01163407601416111
1774267751.144,2790.86830495,981,2,sad,1,30.383329999949638,0.020552758127450943,0.011510184034705162,0.9570703506469727,0.010866587981581688
1774267751.197,2790.919769853,982,2,sad,1,31.69134999961898,0.01957155019044876,0.011835871264338493,0.9575432538986206,0.011049236170947552
1774267751.246,2790.969266177,983,2,sad,1,30.990960000053747,0.01786305569112301,0.012606151401996613,0.9576153755187988,0.011915276758372784
1774267751.296,2791.019614374,984,2,sad,1,30.649329999960173,0.02022881805896759,0.011281437240540981,0.954540491104126,0.013949194923043251
1774267751.346,2791.070421146,985,2,sad,1,30.529440000009345,0.027119189500808716,0.012246665544807911,0.946913480758667,0.013720603659749031
1774267751.397,2791.120546731,986,2,sad,1,31.22873799975423,0.04866568744182587,0.0171354953199625,0.9164589643478394,0.017739754170179367
1774267751.450,2791.171517243,987,2,sad,1,33.56061300019064,0.07362554967403412,0.019798006862401962,0.886164665222168,0.020411701872944832
1774267751.499,2791.222939997,988,2,sad,1,31.17816399981166,0.07710456848144531,0.029988545924425125,0.8731682896614075,0.01973855495452881
1774267751.549,2791.272822397,989,2,sad,1,31.211812000037753,0.12371662259101868,0.044708237051963806,0.8118609189987183,0.01971415802836418
1774267751.601,2791.323602113,990,2,sad,1,31.678997999733838,0.12509262561798096,0.03634042292833328,0.8139134049415588,0.02465350180864334
1774267751.652,2791.374339569,991,2,sad,1,32.3605920002592,0.10372264683246613,0.0288358423858881,0.843104898929596,0.024336518719792366
1774267751.703,2791.424905877,992,2,sad,1,32.342758999675425,0.10935981571674347,0.030254773795604706,0.835824191570282,0.02456107921898365
1774267751.759,2791.475748982,993,2,sad,1,38.131769000301574,0.0941649004817009,0.02735033631324768,0.8533633947372437,0.02512132190167904
1774267751.813,2791.527399959,994,2,sad,1,40.21125300005224,0.08146720379590988,0.03019847348332405,0.8644962310791016,0.02383803203701973
1774267751.859,2791.582096755,995,2,sad,1,31.916610000280343,0.07083038985729218,0.027490418404340744,0.8784276247024536,0.02325146272778511
1774267751.906,2791.627466036,996,2,sad,1,33.426335000058316,0.06343518942594528,0.02439531497657299,0.8918495178222656,0.02031989023089409
1774267751.956,2791.677593029,997,2,sad,1,32.851832999767794,0.101222462952137,0.028951704502105713,0.8463252186775208,0.023500537499785423
1774267752.005,2791.728169374,998,2,sad,1,31.916386999910173,0.10095791518688202,0.027463726699352264,0.8458114266395569,0.02576683834195137
1774267752.056,2791.778388478,999,2,sad,1,32.02759099985997,0.09924814105033875,0.026631373912096024,0.8508180975914001,0.023302286863327026
1774267752.107,2791.82905649,1000,2,sad,1,32.299888000125065,0.09943380206823349,0.028285298496484756,0.8425935506820679,0.02968727797269821
1774267752.157,2791.879224001,1001,2,sad,1,32.280537000133336,0.09946151077747345,0.029005885124206543,0.8437389135360718,0.027793576940894127
1774267752.208,2791.929432846,1002,2,sad,1,32.95264899998074,0.09009456634521484,0.02697792276740074,0.856727123260498,0.026200253516435623
1774267752.259,2791.980417229,1003,2,sad,1,33.058686000003945,0.12018895149230957,0.03144276142120361,0.821045458316803,0.02732269838452339
1774267752.308,2792.029494202,1004,2,sad,1,32.86692599976959,0.1488933265209198,0.03908216953277588,0.7814307808876038,0.030593644827604294
1774267752.358,2792.079915565,1005,2,sad,1,32.95027900003333,0.13688500225543976,0.03543563932180405,0.7950724363327026,0.03260679915547371
1774267752.407,2792.129753761,1006,2,sad,1,31.47311000020636,0.11649718880653381,0.030292212963104248,0.8257514238357544,0.027459079399704933
1774267752.458,2792.180515107,1007,2,sad,1,32.05718400022306,0.19547873735427856,0.03209247067570686,0.7458336353302002,0.026595046743750572
1774267752.509,2792.231890806,1008,2,sad,1,31.742923999900086,0.17243139445781708,0.03951841965317726,0.7621397376060486,0.02591034770011902
1774267752.559,2792.282676133,1009,2,sad,1,31.254182999873592,0.18244366347789764,0.03557388111948967,0.7552669048309326,0.026715397834777832
1774267752.610,2792.332746681,1010,2,sad,1,31.892387999960192,0.15739533305168152,0.02962292730808258,0.7830612063407898,0.029920395463705063
1774267752.662,2792.383779009,1011,2,sad,1,32.6654629998302,0.12894263863563538,0.0244351327419281,0.8195723295211792,0.027049802243709564
1774267752.711,2792.434495447,1012,2,sad,1,31.457757000225683,0.12893836200237274,0.020057793706655502,0.8217422962188721,0.02926143817603588
1774267752.761,2792.484379032,1013,2,sad,1,30.789941999955772,0.13780421018600464,0.023562481626868248,0.8072128295898438,0.031420402228832245
1774267752.811,2792.535013748,1014,2,sad,1,30.330606999996235,0.16982030868530273,0.021809393540024757,0.7770794630050659,0.03129075467586517
1774267752.861,2792.585132722,1015,2,sad,1,30.207163000341097,0.17108258605003357,0.021901810541749,0.7740060091018677,0.033009521663188934
1774267752.911,2792.635583438,1016,2,sad,1,30.016069999874162,0.14345817267894745,0.019643699750304222,0.8084347248077393,0.0284633319824934
1774267752.962,2792.686230302,1017,2,sad,1,30.59590400016532,0.1382431834936142,0.02009403705596924,0.8181527853012085,0.023509874939918518
1774267753.015,2792.736750092,1018,2,sad,1,32.56553700020959,0.13539424538612366,0.022858507931232452,0.8052129149436951,0.03653423488140106
1774267753.064,2792.787135955,1019,2,sad,1,31.305961000271054,0.1184682622551918,0.021354863420128822,0.8270608186721802,0.033116016536951065
1774267753.113,2792.837386801,1020,2,sad,1,30.761497000185045,0.10389374196529388,0.025132708251476288,0.8260271549224854,0.04494631290435791
1774267753.164,2792.887565442,1021,2,sad,1,31.050867999965703,0.11050258576869965,0.024857904762029648,0.8257114887237549,0.03892795369029045
1774267753.214,2792.938249269,1022,2,sad,1,30.372533999980078,0.09933415055274963,0.0234854593873024,0.839231014251709,0.03794929012656212
1774267753.264,2792.988521244,1023,2,sad,1,30.57023700011996,0.0849592387676239,0.020185193046927452,0.863136887550354,0.03171864151954651
1774267753.316,2793.03914183,1024,2,sad,1,31.087312999716232,0.09837450087070465,0.018284104764461517,0.8521550893783569,0.031186312437057495
1774267753.367,2793.090134269,1025,2,sad,1,31.74274000002697,0.07499334216117859,0.015825659036636353,0.8827647566795349,0.026416204869747162
1774267753.417,2793.140306281,1026,2,sad,1,31.424535000041942,0.06765010207891464,0.013957129791378975,0.8935328722000122,0.02485988847911358
1774267753.469,2793.191206998,1027,2,sad,1,32.50016600031813,0.08151748776435852,0.013574829325079918,0.8729379773139954,0.03196968883275986
1774267753.519,2793.241433065,1028,2,sad,1,31.822813999951904,0.07720962166786194,0.01500542089343071,0.876222550868988,0.031562432646751404
1774267753.570,2793.292307096,1029,2,sad,1,32.00644399976227,0.0816977247595787,0.013513200916349888,0.8740006685256958,0.030788328498601913
1774267753.622,2793.342779645,1030,2,sad,1,33.80465100008223,0.08755268156528473,0.013512855395674706,0.8660699129104614,0.03286443278193474
1774267753.670,2793.39341701,1031,2,sad,1,31.67799799985005,0.0756099671125412,0.012227543629705906,0.8816827535629272,0.030479658395051956
1774267753.721,2793.444029189,1032,2,sad,1,31.840924999869458,0.07980358600616455,0.013766822405159473,0.8708599209785461,0.035569630563259125
1774267753.772,2793.494662868,1033,2,sad,1,31.89083200004461,0.072255939245224,0.012933818623423576,0.8795838356018066,0.03522637486457825
1774267753.823,2793.545075843,1034,2,sad,1,32.32833299989579,0.05701007321476936,0.01189960166811943,0.900245189666748,0.030845077708363533
1774267753.874,2793.595935874,1035,2,sad,1,32.60077799995997,0.0434008464217186,0.012703215703368187,0.9193788766860962,0.024517038837075233
1774267753.924,2793.646860739,1036,2,sad,1,31.941183999606437,0.03991299122571945,0.011221056804060936,0.9252541065216064,0.02361183613538742
1774267753.975,2793.697898141,1037,2,sad,1,31.363997999960702,0.031078342348337173,0.012776423245668411,0.9375953674316406,0.01854979805648327
1774267754.025,2793.748326838,1038,2,sad,1,31.651925000005576,0.03532381355762482,0.011453300714492798,0.9318401217460632,0.021382708102464676
1774267754.076,2793.799475389,1039,2,sad,1,30.82053400021323,0.03431178629398346,0.011914203874766827,0.9347653985023499,0.019008584320545197
1774267754.125,2793.849704327,1040,2,sad,1,30.34233000016684,0.03202218934893608,0.011915059760212898,0.9358059167861938,0.02025676891207695
1774267754.176,2793.899828487,1041,2,sad,1,30.50758900008077,0.02784564718604088,0.011438827030360699,0.9434784650802612,0.017236994579434395
1774267754.227,2793.950547111,1042,2,sad,1,30.800812000052247,0.024053893983364105,0.010289266705513,0.950590968132019,0.015065774321556091
1774267754.278,2794.002041736,1043,2,sad,1,30.508662999636726,0.021654337644577026,0.010204913094639778,0.9545684456825256,0.013572197407484055
1774267754.328,2794.051921599,1044,2,sad,1,30.32594100022834,0.02394070103764534,0.010767240077257156,0.953058123588562,0.0122338542714715
1774267754.379,2794.102988909,1045,2,sad,1,30.48581099983494,0.026645034551620483,0.009720103815197945,0.9491039514541626,0.014530811458826065
1774267754.429,2794.153008143,1046,2,sad,1,30.79292299980807,0.02680138126015663,0.009652840904891491,0.9496421813964844,0.013903483748435974
1774267754.480,2794.203521026,1047,2,sad,1,31.065756999851146,0.039159901440143585,0.011894755065441132,0.9308196306228638,0.01812553033232689
1774267754.530,2794.254310483,1048,2,sad,1,29.953069999919535,0.03094511292874813,0.00929310917854309,0.9453756809234619,0.014385940507054329
1774267754.580,2794.304395402,1049,2,sad,1,29.83831099982126,0.031593937426805496,0.008755011484026909,0.9456130266189575,0.014037908986210823
1774267754.631,2794.355236063,1050,2,sad,1,30.812645999958477,0.027923529967665672,0.007985652424395084,0.9515736699104309,0.012517062947154045
1774267754.681,2794.405236871,1051,2,sad,1,30.106607000107033,0.022824909538030624,0.007498237304389477,0.9595037698745728,0.010173063725233078
1774267754.733,2794.456137773,1052,2,sad,1,31.393590999869048,0.03322155773639679,0.008762377314269543,0.9440329074859619,0.013983117416501045
1774267754.783,2794.506859064,1053,2,sad,1,31.13764599993374,0.028934726491570473,0.008927303366363049,0.9499127864837646,0.012225102633237839
1774267754.834,2794.557457484,1054,2,sad,1,31.600849999904312,0.022358333691954613,0.007252576760947704,0.9589040279388428,0.011484965682029724
1774267754.886,2794.608177126,1055,2,sad,1,32.28416699994341,0.02512851357460022,0.008443405851721764,0.9524160027503967,0.01401199959218502
1774267754.935,2794.658517972,1056,2,sad,1,31.436108999969292,0.02932518534362316,0.010518180206418037,0.9442099928855896,0.01594650000333786
1774267754.986,2794.7092298,1057,2,sad,1,31.230831000357284,0.026207279413938522,0.010901981964707375,0.946392297744751,0.016498282551765442
1774267755.036,2794.759250774,1058,2,sad,1,31.51942499971483,0.02881348319351673,0.01066520344465971,0.9441092014312744,0.016412047669291496
1774267755.087,2794.809456435,1059,2,sad,1,32.29733300031512,0.036638520658016205,0.010530426166951656,0.9309550523757935,0.021875914186239243
1774267755.139,2794.860305318,1060,2,sad,1,32.9093529999227,0.03598139435052872,0.010486163198947906,0.9330751895904541,0.020457148551940918
1774267755.188,2794.910673108,1061,2,sad,1,31.997778000004473,0.03441794961690903,0.011876413598656654,0.9326875805854797,0.021017959341406822
1774267755.239,2794.961580326,1062,2,sad,1,32.271814000068844,0.04141530394554138,0.012367414310574532,0.9228465557098389,0.023370634764432907
1774267755.290,2795.012135598,1063,2,sad,1,32.38199999987046,0.0493660531938076,0.016972627490758896,0.8975753784179688,0.036085810512304306
1774267755.342,2795.063303241,1064,2,sad,1,33.1271499999275,0.07895345985889435,0.0255696140229702,0.8494325876235962,0.04604421928524971
1774267755.391,2795.114498848,1065,2,sad,1,31.262145999789936,0.07045954465866089,0.02802996337413788,0.8564985990524292,0.045011818408966064
1774267755.441,2795.163115857,1066,2,sad,1,32.1047960001124,0.07677967101335526,0.024264207109808922,0.859769880771637,0.03918617218732834
1774267755.491,2795.214773853,1067,2,sad,1,31.23573899983967,0.08043817430734634,0.02657659724354744,0.8421144485473633,0.05087074637413025
1774267755.542,2795.265276236,1068,2,sad,1,31.726685000194266,0.08214056491851807,0.0235995315015316,0.8362593650817871,0.058000482618808746
1774267755.592,2795.315633601,1069,2,sad,1,31.37623899965547,0.0822431892156601,0.025408994406461716,0.8365520238876343,0.05579569190740585
1774267755.643,2795.36621778,1070,2,sad,1,30.87410899979659,0.0762205496430397,0.02328505739569664,0.8446229696273804,0.05587130784988403
1774267755.694,2795.416327996,1071,2,sad,1,32.06520300000193,0.09154219180345535,0.03518660366535187,0.8136144280433655,0.05965670943260193
1774267755.743,2795.467082361,1072,2,sad,1,30.69575600011376,0.08110346645116806,0.02754070796072483,0.8383975028991699,0.052958231419324875
1774267755.792,2795.517132354,1073,2,sad,1,30.034404000161885,0.0794198140501976,0.023447170853614807,0.8505421876907349,0.04659079760313034
1774267755.844,2795.56813209,1074,2,sad,1,30.311034000078507,0.08896759897470474,0.01991834118962288,0.8466767072677612,0.04443732649087906
1774267755.894,2795.618473066,1075,2,sad,1,30.323569999836764,0.1190047562122345,0.024428296834230423,0.8070062398910522,0.049560628831386566
1774267755.945,2795.669320153,1076,2,sad,1,30.672348999814858,0.12991687655448914,0.0212806798517704,0.80513995885849,0.0436624139547348
1774267755.995,2795.719672702,1077,2,sad,1,30.396959999961837,0.13271209597587585,0.020752988755702972,0.8026106357574463,0.04392414540052414
1774267756.046,2795.769741289,1078,2,sad,1,30.45062599994708,0.12908896803855896,0.0297051053494215,0.7887919545173645,0.052413806319236755
1774267756.097,2795.821119377,1079,2,sad,1,30.807849000211718,0.18410980701446533,0.029737114906311035,0.7289872765541077,0.05716565251350403
1774267756.147,2795.871718205,1080,2,sad,1,30.261015000178304,0.1652863770723343,0.03188258782029152,0.7385940551757812,0.0642368271946907
1774267756.198,2795.921541513,1081,2,sad,1,30.831367999780923,0.12839321792125702,0.033898498862981796,0.7795695066452026,0.058138687163591385
1774267756.247,2795.971580396,1082,2,sad,1,30.07834800018827,0.1029464602470398,0.026355568319559097,0.8246672749519348,0.04603061079978943
1774267756.298,2796.021846816,1083,2,sad,1,30.455014999915875,0.08000700175762177,0.023795487359166145,0.8556067943572998,0.04059065133333206
1774267756.349,2796.072689718,1084,2,sad,1,30.717663999894285,0.06547854095697403,0.02175324223935604,0.8708474636077881,0.041920654475688934
1774267756.400,2796.123240398,1085,2,sad,1,31.496387000061077,0.062071897089481354,0.02189696580171585,0.8731145858764648,0.04291649907827377
1774267756.451,2796.173372373,1086,2,sad,1,32.11787000009281,0.053841784596443176,0.021343346685171127,0.884093701839447,0.0407210998237133
1774267756.503,2796.22445048,1087,2,sad,1,33.29524199989464,0.0822933092713356,0.02967117913067341,0.8499305248260498,0.03810490667819977
1774267756.555,2796.275512308,1088,2,sad,1,34.310318999814626,0.08899803459644318,0.05986744910478592,0.8151885867118835,0.03594585508108139
1774267756.603,2796.325805358,1089,2,sad,1,32.15681500023493,0.12979674339294434,0.06443732976913452,0.7690933346748352,0.03667249530553818
1774267756.656,2796.376195074,1090,2,sad,1,34.20894800001406,0.14681178331375122,0.06368779391050339,0.7572082281112671,0.03229214623570442
1774267756.704,2796.42641305,1091,2,sad,1,32.12890699978743,0.14394257962703705,0.07639545202255249,0.7481110095977783,0.031550921499729156
1774267756.755,2796.477391638,1092,2,sad,1,32.196592000218516,0.12243930250406265,0.11369027197360992,0.7342148423194885,0.02965550497174263
1774267756.806,2796.527499317,1093,2,sad,1,33.060593999834964,0.10855253040790558,0.11560039222240448,0.7500903010368347,0.025756683200597763
1774267756.862,2796.577956848,1094,2,sad,1,38.895511999726295,0.094035804271698,0.10913073271512985,0.7705956697463989,0.026237728074193
1774267756.915,2796.632206071,1095,2,sad,1,37.31980500015197,0.10746172070503235,0.10591273754835129,0.7607090473175049,0.025916405022144318
1774267756.959,2796.683091696,1096,2,sad,1,30.755164000311197,0.12307801842689514,0.09979062527418137,0.7470382452011108,0.030093006789684296
1774267757.007,2796.729487424,1097,2,sad,1,31.716813999992155,0.1356038898229599,0.08136633038520813,0.7449986934661865,0.038030944764614105
1774267757.058,2796.781220199,1098,2,sad,1,31.377127999803633,0.10382207483053207,0.07617604732513428,0.7588909864425659,0.061110761016607285
1774267757.110,2796.831449082,1099,2,sad,1,32.886038000015105,0.08892428874969482,0.05942024663090706,0.7974230051040649,0.05423232167959213
1774267757.160,2796.882350262,1100,2,sad,1,31.91157400033262,0.0825050100684166,0.06874512135982513,0.8023302555084229,0.04641945660114288
1774267757.210,2796.932759886,1101,2,sad,1,31.5678880001542,0.0925845056772232,0.06521168351173401,0.8028004169464111,0.039403241127729416
1774267757.260,2796.983207677,1102,2,sad,1,31.104369000331644,0.06737347692251205,0.05522768199443817,0.8200644254684448,0.05733422189950943
1774267757.310,2797.033617468,1103,2,sad,1,30.865404999985913,0.049410879611968994,0.06412656605243683,0.8289446234703064,0.05751777067780495
1774267757.414,2797.134187697,1104,2,sad,1,34.87130099983915,0.0805627852678299,0.09460002183914185,0.7118600010871887,0.1129770278930664
1774267757.482,2797.195291192,1105,2,sad,1,41.234923000047274,0.10383211821317673,0.0942583829164505,0.6245496273040771,0.17735973000526428
1774267757.528,2797.248222432,1106,2,sad,1,34.72737399988546,0.09384903311729431,0.07094626873731613,0.6746950149536133,0.16050954163074493
1774267757.575,2797.293639751,1107,2,sad,1,36.3500810003643,0.08667251467704773,0.04968132823705673,0.7228522300720215,0.1407938003540039
1774267757.627,2797.342824669,1108,2,sad,1,38.00239900010638,0.06032492592930794,0.03283373638987541,0.8127028942108154,0.09413836151361465
1774267757.676,2797.393075738,1109,2,sad,1,37.231026999961614,0.04342895746231079,0.021445685997605324,0.8582165241241455,0.07690869271755219
1774267757.722,2797.442921898,1110,2,sad,1,33.642688000327325,0.0352611318230629,0.014469308778643608,0.8185228109359741,0.1317465603351593
1774267757.766,2797.4894692,1111,2,sad,1,30.90988700023445,0.030310610309243202,0.011018889024853706,0.7876599431037903,0.17101043462753296
1774267757.813,2797.537261802,1112,2,sad,1,30.654848999802198,0.02058909460902214,0.01202419027686119,0.6024163961410522,0.36497020721435547
1774267757.864,2797.588397649,1113,2,sad,1,30.025347999981022,0.017532935366034508,0.012040240690112114,0.7214279174804688,0.248998761177063
1774267757.915,2797.638547791,1114,2,sad,1,30.746720000024652,0.04996273294091225,0.09633173048496246,0.6650847792625427,0.18862062692642212
1774267757.967,2797.688899267,1115,2,sad,1,32.94176100007462,0.16836115717887878,0.1614072620868683,0.5283442139625549,0.14188723266124725
1774267758.017,2797.738954632,1116,2,sad,1,32.99457499997516,0.1938151717185974,0.16349372267723083,0.5446034669876099,0.09808751195669174
1774267758.066,2797.789363163,1117,2,sad,1,31.57009200003813,0.17836713790893555,0.1844637095928192,0.5515708327293396,0.08559820055961609
1774267758.117,2797.840140455,1118,2,sad,1,31.180479999875388,0.17998406291007996,0.17399926483631134,0.5640004873275757,0.08201605081558228
1774267758.167,2797.890570005,1119,2,sad,1,31.24322099984056,0.12984950840473175,0.12943056225776672,0.6501967310905457,0.09052307903766632
1774267758.219,2797.941292575,1120,2,sad,1,31.864851000136696,0.10414135456085205,0.10477964580059052,0.7098302245140076,0.0812487006187439
1774267758.268,2797.991653181,1121,2,sad,1,30.819311999948695,0.09881669282913208,0.1063404381275177,0.7318687438964844,0.06297402083873749
1774267758.319,2798.042581936,1122,2,sad,1,31.280535000405507,0.08107107877731323,0.09431640058755875,0.7707312703132629,0.05388113483786583
1774267758.370,2798.09342469,1123,2,sad,1,31.442998999864358,0.06127413734793663,0.08334731310606003,0.7962436676025391,0.059134773910045624
1774267758.477,2798.19464107,1124,2,sad,1,36.73876699986067,0.0642746314406395,0.09809722006320953,0.7308397889137268,0.10678821802139282
1774267758.538,2798.257061974,1125,2,sad,1,35.72806200008927,0.11587543785572052,0.07859695702791214,0.6683910489082336,0.13713645935058594
1774267758.585,2798.305261928,1126,2,sad,1,34.87952299974495,0.13011808693408966,0.058559585362672806,0.6566932201385498,0.15462902188301086
1774267758.632,2798.352636029,1127,2,sad,1,34.203262999653816,0.19475558400154114,0.07530497014522552,0.6025137901306152,0.12742553651332855
1774267758.680,2798.398807609,1128,2,sad,1,35.32378299996708,0.22669145464897156,0.05979946628212929,0.5718488693237305,0.14166010916233063
1774267758.730,2798.447977731,1129,2,sad,1,36.483247999967716,0.1806388944387436,0.04011233523488045,0.6388473510742188,0.14040136337280273
1774267758.777,2798.498615448,1130,2,sad,1,32.7959460000784,0.12276041507720947,0.033428385853767395,0.5230247974395752,0.32078632712364197
1774267758.826,2798.548713943,1131,2,sad,1,32.032202999744186,0.08382830768823624,0.037754274904727936,0.48246556520462036,0.3959517478942871
1774267758.876,2798.599580383,1132,2,sad,1,31.138182999711717,0.07134364545345306,0.03758992254734039,0.6157915592193604,0.27527478337287903
1774267758.926,2798.649645932,1133,2,sad,1,30.55981299985433,0.10276435315608978,0.08436603844165802,0.6213955879211426,0.19147394597530365
1774267758.976,2798.699952149,1134,2,sad,1,30.529904999639257,0.10062769800424576,0.06906106323003769,0.696785569190979,0.13352562487125397
1774267759.027,2798.750523941,1135,2,sad,1,31.42157299998871,0.11097698658704758,0.0937197208404541,0.6944852471351624,0.10081801563501358
1774267759.077,2798.800488009,1136,2,sad,1,30.669200999909663,0.12881803512573242,0.11276554316282272,0.6894516348838806,0.06896470487117767
1774267759.128,2798.851286208,1137,2,sad,1,31.074016999809828,0.17527244985103607,0.10089430212974548,0.6707472205162048,0.05308593809604645
1774267759.178,2798.901482036,1138,2,sad,1,31.673500000124477,0.19877660274505615,0.0961327850818634,0.6617498993873596,0.04334059730172157
1774267759.229,2798.952088161,1139,2,sad,1,31.872869999915565,0.23912248015403748,0.08874648064374924,0.635269045829773,0.036861881613731384
1774267759.280,2799.003815955,1140,2,sad,1,31.19579500025793,0.21275444328784943,0.12361262738704681,0.6325231790542603,0.031109634786844254
1774267759.330,2799.053760412,1141,2,sad,1,30.96164599992335,0.16643071174621582,0.13444286584854126,0.6640246510505676,0.035101693123579025
1774267759.380,2799.103812221,1142,2,sad,1,30.707645999882516,0.21613718569278717,0.10217830538749695,0.6382064819335938,0.04347787797451019
1774267759.434,2799.157248018,1143,2,sad,1,31.585370000357216,0.22573572397232056,0.17006716132164001,0.5439456701278687,0.060251280665397644
1774267759.482,2799.204948175,1144,2,sad,1,32.122833999892464,0.19568754732608795,0.36535996198654175,0.38584476709365845,0.05310758948326111
1774267759.531,2799.255159966,1145,1,happy,1,30.10979300006511,0.22001782059669495,0.3806232511997223,0.34162694215774536,0.05773187428712845
1774267759.581,2799.305649498,1146,2,sad,1,29.925255999842193,0.2026081532239914,0.32684969902038574,0.3949143886566162,0.0756276547908783
1774267759.632,2799.35590366,1147,2,sad,1,30.631905000063853,0.13486413657665253,0.21611452102661133,0.571060061454773,0.07796116918325424
1774267759.683,2799.407352971,1148,2,sad,1,29.976848999922368,0.140497624874115,0.1528351604938507,0.6532570123672485,0.053410131484270096
1774267759.732,2799.456780613,1149,2,sad,1,29.91920000022219,0.1336376816034317,0.12850378453731537,0.7009971141815186,0.03686133027076721
1774267759.786,2799.506936089,1150,2,sad,1,33.56483599964122,0.09258542954921722,0.0913168266415596,0.7918769121170044,0.02422071062028408
1774267759.834,2799.557200028,1151,2,sad,1,31.026850000216655,0.09198025614023209,0.24951165914535522,0.6425881385803223,0.015919873490929604
1774267759.885,2799.607917709,1152,2,sad,1,31.284812999729184,0.09526833146810532,0.2411213517189026,0.6531003713607788,0.010509833693504333
1774267759.935,2799.658784705,1153,2,sad,1,30.976516000009724,0.13258349895477295,0.32398730516433716,0.5365714430809021,0.006857583299279213
1774267759.986,2799.708941625,1154,1,happy,1,31.48999899985938,0.15935200452804565,0.46092820167541504,0.3752254843711853,0.004494164604693651
1774267760.037,2799.759577843,1155,1,happy,1,31.982999999854655,0.1790415495634079,0.5259024500846863,0.2920953631401062,0.00296048098243773
1774267760.087,2799.810747043,1156,1,happy,1,30.91603499979101,0.20619511604309082,0.5674409866333008,0.22442007064819336,0.0019436634611338377
1774267760.137,2799.860966297,1157,2,sad,1,31.03218400019614,0.13484139740467072,0.37632861733436584,0.4874424338340759,0.0013874216238036752
1774267760.188,2799.911812386,1158,2,sad,1,30.817646000286913,0.08917306363582611,0.24541549384593964,0.664124071598053,0.001287248800508678
1774267760.238,2799.962309289,1159,2,sad,1,30.52616400009356,0.061022184789180756,0.15989495813846588,0.7771105766296387,0.001972133992239833
1774267760.290,2800.013452396,1160,2,sad,1,30.97472099989318,0.09573273360729218,0.12978670001029968,0.771151602268219,0.003328800667077303
1774267760.382,2800.064575189,1161,2,sad,1,31.25570299971514,0.0626409724354744,0.08448866009712219,0.8457804918289185,0.007089756894856691
1774267760.425,2800.147168074,1162,2,sad,1,32.10911099995428,0.04559091478586197,0.07828616350889206,0.8231298327445984,0.052992962300777435
1774267760.470,2800.189929167,1163,2,sad,1,34.89835699974719,0.04726512357592583,0.27365171909332275,0.628185510635376,0.050897520035505295
1774267760.514,2800.236485804,1164,1,happy,1,32.60170500016102,0.036184001713991165,0.5147626399993896,0.40861713886260986,0.04043614864349365
1774267760.559,2800.279379397,1165,1,happy,1,34.27083799988395,0.07364744693040848,0.5781619548797607,0.2797163426876068,0.0684741884469986
1774267760.601,2800.324390864,1166,1,happy,1,31.645184999888443,0.1939765214920044,0.4066838026046753,0.3200550675392151,0.07928457111120224
1774267760.644,2800.367538328,1167,2,sad,1,30.593775999932404,0.2081579864025116,0.2962617874145508,0.413968563079834,0.08161157369613647
1774267760.695,2800.417771546,1168,2,sad,1,31.612833000053797,0.19570407271385193,0.21160683035850525,0.4917134940624237,0.10097552835941315
1774267760.746,2800.46852056,1169,2,sad,1,31.740185000217025,0.1745804399251938,0.17926576733589172,0.549410343170166,0.09674336761236191
1774267760.796,2800.519325723,1170,2,sad,1,31.533258000308706,0.13997256755828857,0.14342725276947021,0.6356672048568726,0.08093294501304626
1774267760.847,2800.570316312,1171,2,sad,1,31.664313999954175,0.18819472193717957,0.10620547086000443,0.6092947721481323,0.0963050127029419
1774267760.899,2800.621056567,1172,2,sad,1,32.867242000065744,0.23314785957336426,0.11122015118598938,0.5844268202781677,0.07120513170957565
1774267760.949,2800.671798248,1173,2,sad,1,32.246796999970684,0.18034450709819794,0.08026056736707687,0.6649888753890991,0.07440599054098129
1774267760.998,2800.721564538,1174,2,sad,1,31.19209199985562,0.14394015073776245,0.06788606941699982,0.7166742086410522,0.07149948179721832
1774267761.049,2800.772368831,1175,2,sad,1,31.082145999789645,0.1268271803855896,0.05281631648540497,0.7568984627723694,0.06345799565315247
1774267761.100,2800.822660604,1176,2,sad,1,31.92616700016515,0.12266233563423157,0.03883973881602287,0.7811217308044434,0.057376082986593246
1774267761.150,2800.87301634,1177,2,sad,1,31.458869999823946,0.1571030616760254,0.028493251651525497,0.7551639080047607,0.05923968553543091
1774267761.203,2800.924459226,1178,2,sad,1,33.50113299984514,0.13021117448806763,0.024753212928771973,0.7694573402404785,0.07557819783687592
1774267761.255,2800.974831092,1179,2,sad,1,35.33148799988339,0.09789073467254639,0.018330827355384827,0.8122334480285645,0.07154493778944016
1774267761.303,2801.025242828,1180,2,sad,1,32.7167800001007,0.1328502893447876,0.01765063777565956,0.779121458530426,0.07037752121686935
1774267761.354,2801.076099769,1181,2,sad,1,32.11424100027216,0.11678812652826309,0.023951655253767967,0.7764019966125488,0.08285820484161377
1774267761.405,2801.126266653,1182,2,sad,1,32.98713200001657,0.08549638092517853,0.020072706043720245,0.8198801279067993,0.07455077767372131
1774267761.455,2801.176952686,1183,2,sad,1,32.90902000026108,0.07351589947938919,0.01888774335384369,0.8415588140487671,0.06603756546974182
1774267761.509,2801.227338793,1184,2,sad,1,36.36676699989039,0.051236674189567566,0.01616811752319336,0.88127601146698,0.05131921172142029
1774267761.556,2801.277995529,1185,2,sad,1,32.34089000034146,0.040354348719120026,0.0178243238478899,0.8976097106933594,0.04421158507466316
1774267761.606,2801.328254302,1186,2,sad,1,32.679928000106884,0.030352594330906868,0.013778693974018097,0.9201676845550537,0.03570101037621498
1774267761.658,2801.378957224,1187,2,sad,1,33.417540000300505,0.021772298961877823,0.010354453697800636,0.9408963918685913,0.026976805180311203
1774267761.708,2801.430144462,1188,2,sad,1,32.634390000112035,0.0340685173869133,0.010879812762141228,0.9042692184448242,0.05078241229057312
1774267761.759,2801.480912921,1189,2,sad,1,32.853835000423715,0.06824514269828796,0.021874064579606056,0.8500233292579651,0.05985744297504425
1774267761.809,2801.531883658,1190,2,sad,1,31.76787099982903,0.06331648677587509,0.020887665450572968,0.8619093894958496,0.05388645827770233
1774267761.859,2801.58270134,1191,2,sad,1,31.233146999966266,0.05783216655254364,0.02070322260260582,0.861038863658905,0.06042572110891342
1774267761.910,2801.632818631,1192,2,sad,1,31.358739999632235,0.03871693089604378,0.014171452261507511,0.9010168313980103,0.04609476402401924
1774267761.968,2801.683317868,1193,2,sad,1,39.229178999903525,0.030782759189605713,0.013631788082420826,0.912344217300415,0.04324118420481682
1774267762.022,2801.736587313,1194,2,sad,1,39.61540199998126,0.03123381920158863,0.014343351125717163,0.9089457988739014,0.04547695815563202
1774267762.066,2801.789389479,1195,2,sad,1,31.327072999829397,0.027992308139801025,0.017407774925231934,0.9140294790267944,0.040570348501205444
1774267762.111,2801.835085485,1196,2,sad,1,30.88879500000985,0.021464858204126358,0.013738862238824368,0.9331997632980347,0.03159637004137039
1774267762.161,2801.88485548,1197,2,sad,1,31.20766599977287,0.02073410339653492,0.013419779017567635,0.9274702072143555,0.03837582468986511
1774267762.211,2801.934737975,1198,2,sad,1,30.5229419996067,0.031571365892887115,0.010739198885858059,0.9224903583526611,0.03519901633262634
1774267762.262,2801.985543378,1199,2,sad,1,30.730017000223597,0.04135489836335182,0.010675632394850254,0.9075545072555542,0.040414921939373016
1774267762.311,2802.035865837,1200,2,sad,1,30.257182999775978,0.03860428184270859,0.010100721381604671,0.9149957895278931,0.03629908710718155
1774267762.362,2802.086473704,1201,2,sad,1,30.30107099993984,0.05854373425245285,0.011996882036328316,0.8912080526351929,0.03825123608112335
1774267762.413,2802.137301033,1202,2,sad,1,29.979738000292855,0.06537635624408722,0.012505317106842995,0.8625881671905518,0.0595301017165184
1774267762.466,2802.187616288,1203,2,sad,1,32.951595000213274,0.08826659619808197,0.013410103507339954,0.8427159190177917,0.05560728535056114
1774267762.518,2802.238333192,1204,2,sad,1,34.20759699974951,0.09589493274688721,0.0215219147503376,0.8102477788925171,0.07233531773090363
1774267762.566,2802.288469243,1205,2,sad,1,31.7890190003709,0.11144131422042847,0.02191673219203949,0.8098294138908386,0.056812483817338943
1774267762.616,2802.339093795,1206,2,sad,1,32.08351900002526,0.10874475538730621,0.020331067964434624,0.8141477108001709,0.05677641183137894
1774267762.669,2802.389810143,1207,2,sad,1,34.36611600000106,0.10401357710361481,0.017318693920969963,0.8228873014450073,0.05578034743666649
1774267762.722,2802.440244583,1208,2,sad,1,36.755286999778036,0.08570334315299988,0.01615235209465027,0.8201836347579956,0.07796058803796768
1774267762.770,2802.490353504,1209,2,sad,1,34.299838000151794,0.12743499875068665,0.016404123976826668,0.7851834893226624,0.07097728550434113
1774267762.821,2802.540914611,1210,2,sad,1,34.99317299974791,0.12136827409267426,0.018640633672475815,0.7760172486305237,0.08397375047206879
1774267762.872,2802.591447052,1211,2,sad,1,34.74546799998279,0.13597866892814636,0.026019319891929626,0.7259703874588013,0.11203157901763916
1774267762.921,2802.641548029,1212,2,sad,1,33.93613299977005,0.21211647987365723,0.030879374593496323,0.6712682843208313,0.08573582768440247
1774267762.971,2802.691867913,1213,2,sad,1,34.17567099995722,0.2097821980714798,0.03662621229887009,0.6781389713287354,0.0754525288939476
1774267763.022,2802.74247115,1214,2,sad,1,34.365968000201974,0.24407678842544556,0.03883901610970497,0.6409046649932861,0.07617948204278946
1774267763.072,2802.792982979,1215,2,sad,1,33.48774400001275,0.2531455457210541,0.07162780314683914,0.6028672456741333,0.07235931605100632
1774267763.122,2802.844035977,1216,2,sad,1,32.63307499992152,0.24925613403320312,0.08438804000616074,0.5959508419036865,0.07040489464998245
1774267763.173,2802.895019899,1217,2,sad,1,33.08433599977434,0.2630102038383484,0.0783885046839714,0.5967994928359985,0.0618017204105854
1774267763.225,2802.945878007,1218,2,sad,1,33.39935500025604,0.24572278559207916,0.06836224347352982,0.6243556141853333,0.06155930459499359
1774267763.276,2802.998373155,1219,2,sad,1,32.513760999790975,0.21828874945640564,0.06006869673728943,0.646088719367981,0.0755537673830986
1774267763.326,2803.047001056,1220,2,sad,1,33.112520999566186,0.19787876307964325,0.05103369057178497,0.672332763671875,0.07875469326972961
1774267763.377,2803.098208683,1221,2,sad,1,33.24716899987834,0.18967609107494354,0.04656900838017464,0.6788026690483093,0.08495211601257324
1774267763.427,2803.147987641,1222,2,sad,1,33.505170000353246,0.1771688461303711,0.056025177240371704,0.698290228843689,0.06851568073034286
1774267763.476,2803.199063378,1223,2,sad,1,31.954537999808963,0.1396680623292923,0.060635246336460114,0.7449663281440735,0.054730258882045746
1774267763.527,2803.249193837,1224,2,sad,1,32.79190900002504,0.1746746301651001,0.06358199566602707,0.7131109237670898,0.04863238334655762
1774267763.577,2803.299240388,1225,2,sad,1,32.4802790000831,0.17523705959320068,0.06737150251865387,0.7110481262207031,0.04634319990873337
1774267763.629,2803.349607088,1226,2,sad,1,34.03118899996116,0.20642119646072388,0.0774618610739708,0.6717972755432129,0.04431955888867378
1774267763.677,2803.401086548,1227,2,sad,1,30.903591999958735,0.19317494332790375,0.08065243810415268,0.6822395324707031,0.04393295571208
1774267763.727,2803.44997119,1228,2,sad,1,31.27992500003529,0.238163024187088,0.09511661529541016,0.6234259605407715,0.04329429194331169
1774267763.778,2803.500254797,1229,2,sad,1,32.04976000006354,0.23633714020252228,0.08273237943649292,0.6428180932998657,0.03811228275299072
1774267763.827,2803.550740423,1230,2,sad,1,31.13229499967929,0.237031027674675,0.08226228505373001,0.630582332611084,0.050124313682317734
1774267763.878,2803.600988567,1231,2,sad,1,31.724463000045944,0.244062602519989,0.08506239950656891,0.6230901479721069,0.047784820199012756
1774267763.930,2803.651696526,1232,2,sad,1,32.50690900040354,0.19340798258781433,0.07516689598560333,0.686851441860199,0.044573623687028885
1774267763.980,2803.702856968,1233,2,sad,1,31.843704000038997,0.19354835152626038,0.06778816878795624,0.6977255940437317,0.04093783348798752
1774267764.029,2803.752952871,1234,2,sad,1,30.629849999968428,0.18759554624557495,0.0778471976518631,0.689011812210083,0.04554535448551178
1774267764.080,2803.804085368,1235,2,sad,1,30.513201999838202,0.2441082000732422,0.11231543123722076,0.5931755304336548,0.05040077865123749
1774267764.129,2803.852390509,1236,2,sad,1,31.19222199984506,0.197374626994133,0.0977516770362854,0.6599909067153931,0.044882722198963165
1774267764.180,2803.903585933,1237,2,sad,1,30.76764599973103,0.24229949712753296,0.08580575883388519,0.6292282342910767,0.04266642779111862
1774267764.230,2803.9541768,1238,2,sad,1,30.840127999908873,0.24045932292938232,0.08154185116291046,0.6341713666915894,0.04382731020450592
1774267764.280,2804.003884109,1239,2,sad,1,30.679017000238673,0.21110758185386658,0.07712153345346451,0.6660902500152588,0.04568043351173401
1774267764.330,2804.054143716,1240,2,sad,1,30.822239999906742,0.20890654623508453,0.07211004942655563,0.6788626909255981,0.04012049734592438
1774267764.382,2804.104535768,1241,2,sad,1,31.684407999819086,0.17770886421203613,0.0773734301328659,0.7087481021881104,0.03616946190595627
1774267764.431,2804.155069617,1242,2,sad,1,31.091720999938843,0.2211349904537201,0.0797903761267662,0.664779782295227,0.03429468348622322
1774267764.483,2804.206017781,1243,2,sad,1,31.69449999995777,0.19728457927703857,0.0621086023747921,0.7066011428833008,0.03400552645325661
1774267764.534,2804.25679837,1244,2,sad,1,31.745722999858117,0.20395883917808533,0.060596246272325516,0.7001489400863647,0.03529582545161247
1774267764.585,2804.307185866,1245,2,sad,1,32.96722499999305,0.23998631536960602,0.059114135801792145,0.6636577844619751,0.037241604179143906
1774267764.636,2804.35796703,1246,2,sad,1,32.227500999852055,0.22333228588104248,0.06570912897586823,0.6683616042137146,0.042596835643053055
1774267764.686,2804.408312637,1247,2,sad,1,32.183593999889126,0.2157929241657257,0.08956020325422287,0.6566560864448547,0.03799063712358475
1774267764.737,2804.459197708,1248,2,sad,1,32.006909000301675,0.1905864030122757,0.08960326761007309,0.6836905479431152,0.03611963987350464
1774267764.787,2804.510064854,1249,2,sad,1,31.90675999985615,0.21546196937561035,0.10109485685825348,0.6537680625915527,0.02967505156993866
1774267764.837,2804.56011572,1250,2,sad,1,31.625907000034204,0.2696489095687866,0.09348661452531815,0.6091479063034058,0.0277164988219738
1774267764.891,2804.610713068,1251,2,sad,1,35.226135999891994,0.3115501403808594,0.1105327382683754,0.5510201454162598,0.026896867901086807
1774267764.940,2804.661612436,1252,2,sad,1,32.76437200020155,0.2362353801727295,0.0964428186416626,0.6358572244644165,0.03146452084183693
1774267764.990,2804.712234414,1253,2,sad,1,32.119871000304556,0.22170060873031616,0.09397408366203308,0.6567097902297974,0.0276154987514019
1774267765.040,2804.762255854,1254,2,sad,1,31.98057500003415,0.21010154485702515,0.11670136451721191,0.649603545665741,0.02359350025653839
1774267765.091,2804.812618146,1255,2,sad,1,32.97585499967681,0.2624654173851013,0.11539929360151291,0.5945687294006348,0.027566440403461456
1774267765.140,2804.863071458,1256,2,sad,1,31.962130000010802,0.22998355329036713,0.09690630435943604,0.6424357891082764,0.030674215406179428
1774267765.191,2804.91450466,1257,2,sad,1,31.376500000078522,0.2120559960603714,0.0881219431757927,0.6678863763809204,0.03193555399775505
1774267765.243,2804.965028953,1258,2,sad,1,31.725370999993174,0.2122921347618103,0.1034851223230362,0.6537367701530457,0.0304858535528183
1774267765.294,2805.015799117,1259,2,sad,1,33.31761400022515,0.21623048186302185,0.1002512127161026,0.6521453261375427,0.03137288615107536
1774267765.344,2805.066134706,1260,2,sad,1,32.97342799987746,0.22093169391155243,0.08132163435220718,0.6667678952217102,0.030978690832853317
1774267765.393,2805.116237183,1261,2,sad,1,31.345092999799817,0.24543972313404083,0.08416104316711426,0.6396117210388184,0.03078746609389782
1774267765.445,2805.16726544,1262,2,sad,1,32.07950100022572,0.22767168283462524,0.07274067401885986,0.6672602891921997,0.032327283173799515
1774267765.493,2805.217439751,1263,2,sad,1,30.138313000406924,0.202924445271492,0.08294206857681274,0.6821063756942749,0.03202704340219498
1774267765.545,2805.268388526,1264,2,sad,1,31.238852000115003,0.18247470259666443,0.0855305939912796,0.702296257019043,0.02969840168952942
1774267765.595,2805.319257468,1265,2,sad,1,30.91918399968563,0.18074996769428253,0.08182676136493683,0.710338294506073,0.027084901928901672
1774267765.646,2805.369760668,1266,2,sad,1,30.79542500017851,0.1933087855577469,0.07306662201881409,0.7036599516868591,0.029964549466967583
1774267765.698,2805.420271591,1267,2,sad,1,32.030372000008356,0.21738123893737793,0.08087494969367981,0.6714938879013062,0.03024986758828163
1774267765.748,2805.470387939,1268,2,sad,1,31.825371000195446,0.2339896559715271,0.07171506434679031,0.6583852171897888,0.03591001778841019
1774267765.800,2805.521385214,1269,2,sad,1,32.89666999990004,0.30592554807662964,0.058094438165426254,0.6021728515625,0.03380711004137993
1774267765.850,2805.572543397,1270,2,sad,1,31.76813099980791,0.3015705347061157,0.04919354245066643,0.617475152015686,0.03176068514585495
1774267765.899,2805.622452597,1271,2,sad,1,31.568703999710124,0.3082512617111206,0.04020848497748375,0.6109825372695923,0.040557682514190674
1774267765.949,2805.672501741,1272,2,sad,1,30.964350999965973,0.3019993007183075,0.033609095960855484,0.6219233870506287,0.04246816411614418
1774267766.000,2805.723435997,1273,2,sad,1,31.638166999982786,0.22566454112529755,0.03184287250041962,0.6861339211463928,0.05635858327150345
1774267766.052,2805.774213809,1274,2,sad,1,32.74917000044297,0.1828213632106781,0.027953654527664185,0.7386186122894287,0.050606317818164825
1774267766.102,2805.824535547,1275,2,sad,1,32.415019999916694,0.23082637786865234,0.03835606575012207,0.6810287237167358,0.04978874325752258
1774267766.154,2805.875468933,1276,2,sad,1,32.913096000356745,0.20332752168178558,0.04384276643395424,0.7081050872802734,0.04472450166940689
1774267766.204,2805.926904432,1277,2,sad,1,31.733056000120996,0.1951797753572464,0.052204910665750504,0.7071639895439148,0.04545117914676666
1774267766.254,2805.97629526,1278,2,sad,1,32.022686999880534,0.18930158019065857,0.05756291002035141,0.7123461961746216,0.04078914225101471
1774267766.304,2806.026565349,1279,2,sad,1,32.09570499984693,0.19332686066627502,0.05124838650226593,0.7162653803825378,0.03915920853614807
1774267766.357,2806.076963439,1280,2,sad,1,34.31396800033326,0.20570582151412964,0.04487556219100952,0.7045835256576538,0.04483494162559509
1774267766.407,2806.127447676,1281,2,sad,1,33.897875000093336,0.1679939180612564,0.044373832643032074,0.7435953617095947,0.044036705046892166
1774267766.456,2806.178041377,1282,2,sad,1,32.301112999903125,0.21104708313941956,0.03964855894446373,0.6963837146759033,0.05292047560214996
1774267766.508,2806.229020708,1283,2,sad,1,33.46578199989381,0.1840178370475769,0.04851964861154556,0.7257791757583618,0.04168323799967766
1774267766.558,2806.280524707,1284,2,sad,1,32.247650000044814,0.1851954311132431,0.05997506529092789,0.7076989412307739,0.04713048040866852
1774267766.608,2806.330447129,1285,2,sad,1,31.889390000287676,0.20672979950904846,0.05568836256861687,0.6891511082649231,0.0484306737780571
1774267766.658,2806.380603496,1286,2,sad,1,31.937260000177048,0.1923915445804596,0.06396938860416412,0.6997190713882446,0.043919920921325684
1774267766.709,2806.431599456,1287,2,sad,1,31.779315999756363,0.16772371530532837,0.06333635747432709,0.7296730279922485,0.039266761392354965
1774267766.759,2806.482048564,1288,2,sad,1,31.562112000301568,0.14408424496650696,0.10475227236747742,0.704499363899231,0.046664007008075714
1774267766.810,2806.532327783,1289,2,sad,1,32.293539000420424,0.13674257695674896,0.10388293117284775,0.7213762998580933,0.037998050451278687
1774267766.859,2806.583113392,1290,2,sad,1,30.709368999850994,0.1424511969089508,0.09364252537488937,0.7305258512496948,0.033380333334207535
1774267766.908,2806.633035999,1291,2,sad,1,30.11331199968481,0.1466519832611084,0.08175777643918991,0.7385818362236023,0.03300829231739044
1774267766.959,2806.683663699,1292,2,sad,1,30.171202000019548,0.19685092568397522,0.0780649185180664,0.6838282942771912,0.04125577211380005
1774267767.010,2806.734891698,1293,2,sad,1,29.576292999990983,0.21427151560783386,0.06796781718730927,0.6749454736709595,0.04281514883041382
1774267767.068,2806.785653195,1294,2,sad,1,36.713064999730705,0.26196756958961487,0.05725463479757309,0.6432094573974609,0.03756825625896454
1774267767.120,2806.836781119,1295,2,sad,1,37.992308999946545,0.3739374876022339,0.05023900792002678,0.5452530384063721,0.030570384114980698
1774267767.171,2806.887582413,1296,2,sad,1,38.18803100011792,0.35493695735931396,0.06168823689222336,0.5408172011375427,0.04255754500627518
1774267767.221,2806.938255615,1297,2,sad,1,37.23339899988787,0.33885282278060913,0.0651872456073761,0.5556116104125977,0.04034824296832085
1774267767.266,2806.989750428,1298,2,sad,1,30.96403699964867,0.3324328064918518,0.08521066606044769,0.5378588438034058,0.044497597962617874
1774267767.313,2807.037298328,1299,2,sad,1,30.422109000028286,0.3239705562591553,0.08366675674915314,0.5539700984954834,0.03839253634214401
1774267767.363,2807.086910768,1300,2,sad,1,30.489071999909356,0.38248109817504883,0.074220672249794,0.5068327188491821,0.036465421319007874
1774267767.413,2807.137459302,1301,2,sad,1,29.943942000045354,0.2993869185447693,0.06947262585163116,0.5845158100128174,0.0466245673596859
1774267767.464,2807.187626299,1302,2,sad,1,31.165777000296657,0.2594640851020813,0.06490713357925415,0.6339970827102661,0.04163161292672157
1774267767.513,2807.237762925,1303,2,sad,1,30.27877600015927,0.23851850628852844,0.057037126272916794,0.6697311401367188,0.03471311181783676
1774267767.564,2807.288186977,1304,2,sad,1,30.05492400006915,0.196806401014328,0.05400276556611061,0.7215039730072021,0.02768675982952118
1774267767.615,2807.338718067,1305,2,sad,1,31.0722409999471,0.191220223903656,0.049336276948451996,0.735551118850708,0.02389228530228138
1774267767.665,2807.389209842,1306,2,sad,1,30.708628999946086,0.2203173041343689,0.05812974274158478,0.6907844543457031,0.030768360942602158
1774267767.715,2807.438985153,1307,2,sad,1,31.189888999961113,0.21122467517852783,0.07014934718608856,0.6810210943222046,0.03760480135679245
1774267767.766,2807.489025557,1308,2,sad,1,31.58996299998762,0.21765106916427612,0.08006541430950165,0.6630963087081909,0.03918711841106415
1774267767.815,2807.539318961,1309,2,sad,1,30.665425000279356,0.21387451887130737,0.09003734588623047,0.651799201965332,0.04428883269429207
1774267767.866,2807.590034458,1310,2,sad,1,30.301127999791788,0.22608426213264465,0.09232752025127411,0.6457359194755554,0.035852186381816864
1774267767.917,2807.641116438,1311,2,sad,1,30.995850999715913,0.2172418236732483,0.08169157803058624,0.6659670472145081,0.03509944677352905
1774267767.970,2807.691830917,1312,2,sad,1,32.77383600016037,0.21732813119888306,0.0734267309308052,0.6797162294387817,0.029528766870498657
1774267768.020,2807.742709859,1313,2,sad,1,32.00737199995274,0.20121285319328308,0.06776251643896103,0.7009416222572327,0.030082911252975464
1774267768.070,2807.792690948,1314,2,sad,1,32.248742999854585,0.20438693463802338,0.06440368294715881,0.6947208642959595,0.036488454788923264
1774267768.122,2807.843915262,1315,2,sad,1,32.60604000024614,0.20939752459526062,0.05777156725525856,0.6942663192749023,0.03856448456645012
1774267768.173,2807.89462913,1316,2,sad,1,32.6032060002035,0.2176560014486313,0.05671573430299759,0.6885671615600586,0.037060968577861786
1774267768.223,2807.944699016,1317,2,sad,1,32.79987299993081,0.21448656916618347,0.056909941136837006,0.6969177722930908,0.031685538589954376
1774267768.273,2807.995314124,1318,2,sad,1,32.29074299997592,0.2543129324913025,0.048444926738739014,0.6685463190078735,0.02869565412402153
1774267768.324,2808.045293713,1319,2,sad,1,33.63133800030482,0.21540877223014832,0.054253872483968735,0.695717453956604,0.0346197634935379
1774267768.374,2808.096247952,1320,2,sad,1,32.48942900017937,0.18736422061920166,0.06021535396575928,0.7188480496406555,0.0335722491145134
1774267768.426,2808.147411655,1321,2,sad,1,33.098911000251974,0.22616222500801086,0.08062619715929031,0.6611995100975037,0.032011978328228
1774267768.476,2808.198540746,1322,2,sad,1,32.0125379998899,0.20008480548858643,0.06964050233364105,0.6988489627838135,0.03142562136054039
1774267768.526,2808.249210281,1323,2,sad,1,31.20844399973066,0.19342608749866486,0.057963743805885315,0.7217950820922852,0.026814963668584824
1774267768.578,2808.299952797,1324,2,sad,1,32.94237399995836,0.19677108526229858,0.0534476600587368,0.7229799032211304,0.026801258325576782
1774267768.628,2808.35000246,1325,2,sad,1,32.22918700021182,0.19522784650325775,0.0525256022810936,0.7249616384506226,0.027284841984510422
1774267768.678,2808.400200883,1326,2,sad,1,32.18485400020654,0.1823069453239441,0.05780402570962906,0.7333378791809082,0.026551133021712303
1774267768.730,2808.451345289,1327,2,sad,1,32.864039999822126,0.18141263723373413,0.05936138704419136,0.7315443158149719,0.027681637555360794
1774267768.777,2808.500289062,1328,2,sad,1,30.987443999947573,0.19698500633239746,0.05511520430445671,0.717116117477417,0.03078361228108406
1774267768.827,2808.551447653,1329,2,sad,1,30.67388799991022,0.19537310302257538,0.04817739501595497,0.7253683805465698,0.031081072986125946
1774267768.878,2808.602149447,1330,2,sad,1,30.558535999716696,0.19569148123264313,0.05931834876537323,0.7116396427154541,0.03335048258304596
1774267768.929,2808.652999871,1331,2,sad,1,30.410980000397103,0.18772494792938232,0.05357469618320465,0.7295469045639038,0.02915339730679989
1774267768.979,2808.703126145,1332,2,sad,1,30.737499999759166,0.1779150813817978,0.05253826826810837,0.7360864877700806,0.03346012905240059
1774267769.029,2808.753520772,1333,2,sad,1,29.72627500003,0.16462956368923187,0.05147466063499451,0.755565881729126,0.028329815715551376
1774267769.079,2808.804136696,1334,2,sad,1,29.97371999981624,0.188917875289917,0.052555885165929794,0.726873517036438,0.031652599573135376
1774267769.130,2808.854296008,1335,2,sad,1,30.425573000229633,0.21207338571548462,0.04725280776619911,0.7073814272880554,0.03329227864742279
1774267769.182,2808.905021247,1336,2,sad,1,31.81379699981335,0.22349831461906433,0.07127774506807327,0.6705758571624756,0.034648023545742035
1774267769.233,2808.955399855,1337,2,sad,1,31.8007050000233,0.23315587639808655,0.05640418827533722,0.6751362085342407,0.03530365228652954
1774267769.284,2809.006236335,1338,2,sad,1,32.18207600002643,0.22301529347896576,0.08440083265304565,0.653285801410675,0.03929799795150757
1774267769.334,2809.056574221,1339,2,sad,1,32.20394699974349,0.19368229806423187,0.08041945844888687,0.6658617854118347,0.06003642827272415
1774267769.384,2809.107408664,1340,2,sad,1,30.91133299994908,0.20777258276939392,0.11160025000572205,0.6201532483100891,0.06047391518950462
1774267769.435,2809.15777368,1341,2,sad,1,32.373223999911716,0.2619438171386719,0.10775648057460785,0.5685697793960571,0.06172993779182434
1774267769.486,2809.208201455,1342,2,sad,1,32.2813729999325,0.2787308096885681,0.10590860247612,0.5689072608947754,0.0464533232152462
1774267769.537,2809.259368639,1343,2,sad,1,32.541725000100996,0.22609804570674896,0.15838311612606049,0.561011552810669,0.054507263004779816
1774267769.589,2809.309194247,1344,2,sad,1,34.498709999752464,0.18127599358558655,0.18798530101776123,0.5839127898216248,0.046825867146253586
1774267769.640,2809.359776208,1345,2,sad,1,34.60439500031498,0.20133917033672333,0.18693280220031738,0.5732306838035583,0.038497306406497955
1774267769.690,2809.410889466,1346,2,sad,1,33.76615300021513,0.18423707783222198,0.19098621606826782,0.587216854095459,0.03755982965230942
1774267769.753,2809.461268593,1347,2,sad,1,46.88734299998032,0.15327726304531097,0.18960127234458923,0.6202890872955322,0.036832332611083984
1774267769.821,2809.523477963,1348,2,sad,1,51.99761199992281,0.14211250841617584,0.1462778002023697,0.6771349906921387,0.03447466716170311
1774267769.868,2809.588868728,1349,2,sad,1,33.98030200014546,0.1694011092185974,0.18567810952663422,0.6037111878395081,0.041209541261196136
1774267769.910,2809.633965642,1350,2,sad,1,30.85855500012258,0.24210841953754425,0.1504642516374588,0.5546770691871643,0.052750155329704285
1774267769.953,2809.67598931,1351,2,sad,1,32.11107599963725,0.29737865924835205,0.10791207104921341,0.5505886077880859,0.04412059113383293
1774267769.995,2809.719101628,1352,2,sad,1,30.57840600013151,0.38895469903945923,0.08136987686157227,0.49401557445526123,0.0356597825884819
1774267770.040,2809.764828024,1353,2,sad,1,29.892775999996957,0.43411749601364136,0.06388291716575623,0.47170454263687134,0.030294936150312424
1774267770.092,2809.81533867,1354,2,sad,1,31.198001000120712,0.39652401208877563,0.15919846296310425,0.4020841419696808,0.04219330474734306
1774267770.142,2809.866459354,1355,2,sad,1,30.168609999691398,0.3613772392272949,0.21188965439796448,0.37609612941741943,0.0506368987262249
1774267770.192,2809.916402833,1356,1,happy,1,30.184164999809582,0.28369876742362976,0.36175352334976196,0.28894418478012085,0.06560345739126205
1774267770.242,2809.96670233,1357,0,neutral,1,30.24757299999692,0.4031336307525635,0.2742770314216614,0.2599134147167206,0.062675841152668
1774267770.293,2810.017084087,1358,0,neutral,1,30.679777999921498,0.48485803604125977,0.2730260193347931,0.18899106979370117,0.05312483012676239
1774267770.343,2810.067320066,1359,0,neutral,1,30.561869999928604,0.4476516842842102,0.2907450795173645,0.20222242176532745,0.059380777180194855
1774267770.394,2810.117731731,1360,1,happy,1,31.068315000084112,0.3067968785762787,0.4979891777038574,0.14119555056095123,0.054018329828977585
1774267770.445,2810.16819321,1361,1,happy,1,31.362166999770125,0.2009871006011963,0.6670003533363342,0.09308500587940216,0.03892742842435837
1774267770.497,2810.218608689,1362,1,happy,1,33.56852299975799,0.1423141211271286,0.6738864779472351,0.0963677167892456,0.08743159472942352
1774267770.546,2810.268659834,1363,1,happy,1,31.795409000096697,0.10297839343547821,0.4633111357688904,0.32445621490478516,0.10925419628620148
1774267770.596,2810.319925056,1364,2,sad,1,30.84779599976173,0.09890437126159668,0.367479145526886,0.4392271041870117,0.09438934177160263
1774267770.646,2810.369852997,1365,2,sad,1,30.550110999683966,0.0752120316028595,0.24244418740272522,0.5764476656913757,0.10589607059955597
1774267770.696,2810.420292051,1366,2,sad,1,30.50620199974219,0.0683726891875267,0.16551201045513153,0.6576242446899414,0.10849098116159439
1774267770.746,2810.47040627,1367,2,sad,1,30.250221000187594,0.05285816267132759,0.42027947306632996,0.44416162371635437,0.0827006846666336
1774267770.798,2810.520874972,1368,1,happy,1,32.065223999779846,0.04977596551179886,0.5437926054000854,0.3350287675857544,0.07140257954597473
1774267770.847,2810.571106821,1369,1,happy,1,31.06366700012586,0.04840248078107834,0.5185785889625549,0.31936925649642944,0.11364954710006714
1774267770.898,2810.621119151,1370,1,happy,1,32.0668909998858,0.03777152672410011,0.6620266437530518,0.21393121778964996,0.08627050369977951
1774267770.949,2810.672026428,1371,1,happy,1,31.832148999910714,0.05723509564995766,0.6982532739639282,0.17419672012329102,0.07031482458114624
1774267770.999,2810.722838019,1372,1,happy,1,30.84992499998407,0.03936992958188057,0.7946280241012573,0.11500389128923416,0.05099806189537048
1774267771.051,2810.773790425,1373,1,happy,1,31.73140900025828,0.028923703357577324,0.8552335500717163,0.07809318602085114,0.03774949535727501
1774267771.101,2810.82395633,1374,1,happy,1,31.409018999966065,0.05483507364988327,0.6770415306091309,0.16241687536239624,0.10570647567510605
1774267771.152,2810.875015885,1375,1,happy,1,31.206574000407272,0.050528161227703094,0.7486218810081482,0.12475861608982086,0.07609129697084427
1774267771.204,2810.925090438,1376,1,happy,1,33.172429999922315,0.042191460728645325,0.7907799482345581,0.09462408721446991,0.07240445911884308
1774267771.252,2810.975369843,1377,1,happy,1,31.67835300018851,0.0293424054980278,0.828560471534729,0.07103526592254639,0.07106184959411621
1774267771.303,2811.025689211,1378,1,happy,1,31.878760999916267,0.025718506425619125,0.6294373869895935,0.1343715339899063,0.21047252416610718
1774267771.361,2811.078000194,1379,1,happy,1,37.48823399973844,0.024062981829047203,0.47458234429359436,0.18424645066261292,0.3171081840991974
1774267771.403,2811.126666726,1380,1,happy,1,30.952518000049167,0.0332348607480526,0.3880419135093689,0.27283066511154175,0.3058924973011017
1774267771.455,2811.176521908,1381,1,happy,1,33.341134000238526,0.04646045342087746,0.5018455386161804,0.21923105418682098,0.23246288299560547
1774267771.505,2811.22679148,1382,1,happy,1,33.23767099982433,0.06346721947193146,0.5094893574714661,0.216001957654953,0.2110414206981659
1774267771.560,2811.277742145,1383,1,happy,1,36.5572699997756,0.06992187350988388,0.5958766937255859,0.1720297485589981,0.1621716171503067
1774267771.605,2811.327899661,1384,1,happy,1,32.18087300001571,0.05954283848404884,0.7075546383857727,0.11959504336118698,0.11330737173557281
1774267771.656,2811.378079196,1385,1,happy,1,32.2624469999937,0.05977441370487213,0.6231733560562134,0.16326017677783966,0.15379199385643005
1774267771.711,2811.428562768,1386,1,happy,1,36.78765899985592,0.04804890602827072,0.6946011185646057,0.12753911316394806,0.12981081008911133
1774267771.755,2811.479096415,1387,1,happy,1,30.868258999817044,0.07609876990318298,0.6787828803062439,0.13761551678180695,0.1075027659535408
1774267771.804,2811.528428429,1388,1,happy,1,30.346814000040467,0.10025341808795929,0.6518606543540955,0.15385664999485016,0.09402924031019211
1774267771.855,2811.578877853,1389,1,happy,1,30.50081399987903,0.12651582062244415,0.6099803447723389,0.15751910209655762,0.10598469525575638
1774267771.905,2811.629330944,1390,1,happy,1,30.407851000290975,0.13240642845630646,0.5934761762619019,0.14591214060783386,0.12820523977279663
1774267771.955,2811.679668923,1391,1,happy,1,30.292203000044537,0.2409297525882721,0.44037938117980957,0.18641914427280426,0.1322716772556305
1774267772.006,2811.730313903,1392,0,neutral,1,30.243517000144493,0.37222620844841003,0.3619804382324219,0.15274693071842194,0.11304637789726257
1774267772.057,2811.781319569,1393,0,neutral,1,30.449183999735396,0.39163270592689514,0.3223949372768402,0.14798909425735474,0.13798320293426514
1774267772.108,2811.830701232,1394,0,neutral,1,31.735575999846333,0.47538620233535767,0.2602061331272125,0.15746812522411346,0.10693944245576859
1774267772.157,2811.881049619,1395,2,sad,1,30.58744400004798,0.35935860872268677,0.19904860854148865,0.35940441489219666,0.08218829333782196
1774267772.209,2811.931646618,1396,2,sad,1,32.238891000361036,0.27930882573127747,0.27984750270843506,0.34772419929504395,0.09311941266059875
1774267772.265,2811.982171579,1397,1,happy,1,37.47830800011798,0.2525142431259155,0.35065364837646484,0.32398614287376404,0.07284589111804962
1774267772.319,2812.033787968,1398,1,happy,1,39.52084899992769,0.23153063654899597,0.4216083288192749,0.2989404499530792,0.04792053997516632
1774267772.365,2812.085195691,1399,1,happy,1,34.033856999940326,0.16370047628879547,0.5958478450775146,0.20909878611564636,0.031352877616882324
1774267772.411,2812.134644187,1400,1,happy,1,30.88096300007237,0.12400875240564346,0.7117608785629272,0.14373193681240082,0.020498372614383698
1774267772.461,2812.1849925,1401,1,happy,1,31.17913000005501,0.12417398393154144,0.747175931930542,0.11498311161994934,0.013666891492903233
1774267772.511,2812.23531335,1402,1,happy,1,30.026924000139843,0.09921609610319138,0.8142828345298767,0.07750634104013443,0.008994637988507748
1774267772.561,2812.285503144,1403,1,happy,1,30.051275999994687,0.13501307368278503,0.790162980556488,0.06888700276613235,0.005936819594353437
1774267772.612,2812.335544308,1404,1,happy,1,30.629018000126962,0.13813742995262146,0.7803131341934204,0.07752641290426254,0.004022850655019283
1774267772.662,2812.38611077,1405,1,happy,1,30.696129000261863,0.1194743663072586,0.5151466131210327,0.3615623116493225,0.0038165710866451263
1774267772.713,2812.437652381,1406,2,sad,1,30.21464699986609,0.07802566140890121,0.336475670337677,0.5820998549461365,0.003398667322471738
1774267772.764,2812.487750601,1407,2,sad,1,30.739944000288233,0.055022161453962326,0.23400211334228516,0.7077286839485168,0.003246913431212306
1774267772.813,2812.537926099,1408,2,sad,1,30.02727600005528,0.07171657681465149,0.18069538474082947,0.730046272277832,0.017541663721203804
1774267772.865,2812.588292745,1409,2,sad,1,31.568686999889906,0.2182832658290863,0.14249369502067566,0.6106681823730469,0.0285547636449337
1774267772.918,2812.638372447,1410,2,sad,1,34.501524999996036,0.3270542621612549,0.1041659489274025,0.5297374129295349,0.03904227539896965
1774267772.968,2812.689333946,1411,0,neutral,1,33.251856000333646,0.5076009631156921,0.07533740252256393,0.3827493190765381,0.034312158823013306
1774267773.017,2812.74037813,1412,0,neutral,1,30.844722999972873,0.46025174856185913,0.18577773869037628,0.315584659576416,0.038385696709156036
1774267773.067,2812.791217889,1413,0,neutral,1,30.636054999831686,0.39241090416908264,0.28895509243011475,0.2707749605178833,0.04785893112421036
1774267773.119,2812.841480868,1414,0,neutral,1,31.810353999844665,0.510378360748291,0.21327751874923706,0.2198839634656906,0.05646001175045967
1774267773.169,2812.892192164,1415,0,neutral,1,31.277945000056206,0.5078413486480713,0.251054048538208,0.1704254448413849,0.07067899405956268
1774267773.222,2812.943319589,1416,0,neutral,1,33.82648799970411,0.43142735958099365,0.3783608078956604,0.12137365341186523,0.06883805990219116
1774267773.271,2812.992976253,1417,0,neutral,1,32.70591099999365,0.47035709023475647,0.3879198431968689,0.08646008372306824,0.05526289343833923
1774267773.321,2813.043513215,1418,0,neutral,1,31.773667999914323,0.4944610893726349,0.3887143135070801,0.06662508100271225,0.050199441611766815
1774267773.372,2813.094341381,1419,1,happy,1,32.3061509998297,0.42793411016464233,0.4367563724517822,0.07496850192546844,0.060340918600559235
1774267773.422,2813.145243658,1420,1,happy,1,31.756391000271833,0.34242546558380127,0.4740413427352905,0.09352150559425354,0.09001155197620392
1774267773.474,2813.196159713,1421,1,happy,1,32.44781800003693,0.31013351678848267,0.4172702431678772,0.10876284539699554,0.16383329033851624
1774267773.523,2813.246270341,1422,0,neutral,1,31.91000199967675,0.3544629216194153,0.3251723647117615,0.1493816375732422,0.1709829866886139
1774267773.574,2813.296642524,1423,0,neutral,1,32.16265099990778,0.428525447845459,0.30763015151023865,0.12550142407417297,0.13834290206432343
1774267773.624,2813.346830985,1424,0,neutral,1,31.57518699981665,0.3875184655189514,0.34858545660972595,0.10983824729919434,0.15405775606632233
1774267773.674,2813.396959372,1425,0,neutral,1,31.54372400013017,0.4243725538253784,0.3320475220680237,0.09922100603580475,0.14435887336730957
1774267773.725,2813.4475545,1426,0,neutral,1,32.02198400003908,0.37223371863365173,0.33107417821884155,0.12616464495658875,0.1705273985862732
1774267773.776,2813.498718074,1427,0,neutral,1,31.694594999862602,0.44054052233695984,0.3308849334716797,0.09594154357910156,0.13263292610645294
1774267773.827,2813.54902785,1428,0,neutral,1,32.37757699980648,0.39309126138687134,0.3306370973587036,0.1373578906059265,0.13891369104385376
1774267773.878,2813.599662942,1429,0,neutral,1,32.71024400009992,0.4001900851726532,0.30534088611602783,0.14763198792934418,0.14683693647384644
1774267773.927,2813.649580458,1430,0,neutral,1,31.658761000016966,0.3598746955394745,0.29984647035598755,0.1573563665151596,0.1829223930835724
1774267773.985,2813.699986882,1431,0,neutral,1,39.7008680001818,0.46170127391815186,0.28014978766441345,0.1240292340517044,0.1341196596622467
1774267774.031,2813.751886735,1432,0,neutral,1,33.432265000101324,0.43109914660453796,0.34853941202163696,0.11053326725959778,0.10982813686132431
1774267774.079,2813.800684861,1433,1,happy,1,32.93102200041176,0.34965062141418457,0.4206323027610779,0.10322241485118866,0.1264946162700653
1774267774.128,2813.850851674,1434,1,happy,1,32.30517000019972,0.28688281774520874,0.4483303427696228,0.12380741536617279,0.1409793496131897
1774267774.178,2813.90074569,1435,1,happy,1,32.035446999998385,0.23871338367462158,0.5479961633682251,0.0947144627571106,0.11857594549655914
1774267774.229,2813.950815966,1436,1,happy,1,32.758762999947066,0.19140027463436127,0.6482382416725159,0.07211888581514359,0.0882425606250763
1774267774.279,2814.000947001,1437,1,happy,1,32.36283700016429,0.1490781307220459,0.7060589790344238,0.059468500316143036,0.08539431542158127
1774267774.329,2814.051152074,1438,1,happy,1,32.53594799980419,0.15910710394382477,0.6164145469665527,0.10213354229927063,0.12234476953744888
1774267774.379,2814.101694073,1439,1,happy,1,32.41496600003302,0.1489671766757965,0.5366536378860474,0.1360015869140625,0.17837759852409363
1774267774.430,2814.152512943,1440,1,happy,1,32.35983600006875,0.14630000293254852,0.43646731972694397,0.2000303417444229,0.2172023206949234
1774267774.481,2814.203250979,1441,1,happy,1,31.99118799966527,0.147588849067688,0.3959060311317444,0.2359466552734375,0.22055843472480774
1774267774.531,2814.253604885,1442,1,happy,1,31.960946999788575,0.1490408182144165,0.4261575937271118,0.19920358061790466,0.22559797763824463
1774267774.583,2814.305523942,1443,1,happy,1,31.81155799984481,0.14269763231277466,0.5097111463546753,0.14905041456222534,0.19854076206684113
1774267774.631,2814.353991808,1444,1,happy,1,31.434518999958527,0.2112269401550293,0.40702101588249207,0.16204798221588135,0.21970400214195251
1774267774.682,2814.404191065,1445,1,happy,1,32.98781900002723,0.2095768004655838,0.36705219745635986,0.14677490293979645,0.2765960097312927
1774267774.732,2814.454492397,1446,1,happy,1,31.98646499959068,0.2297104150056839,0.4202214479446411,0.12450402975082397,0.22556400299072266
1774267774.782,2814.505147155,1447,1,happy,1,31.78296499982025,0.1770794540643692,0.5438911318778992,0.09790714085102081,0.18112215399742126
1774267774.833,2814.554995098,1448,1,happy,1,32.95226299997012,0.2556159496307373,0.5129169821739197,0.08260882645845413,0.14885811507701874
1774267774.883,2814.605930042,1449,1,happy,1,31.805538999833516,0.28357967734336853,0.5104462504386902,0.0778924897313118,0.12808150053024292
1774267774.935,2814.656478004,1450,1,happy,1,32.844707000094786,0.1940813958644867,0.6589510440826416,0.0545644536614418,0.09240303933620453
1774267774.985,2814.707456318,1451,1,happy,1,32.61689300006765,0.13893519341945648,0.7251565456390381,0.041436567902565,0.09447167813777924
1774267775.053,2814.759402746,1452,1,happy,1,48.087568000028114,0.10628277063369751,0.7427335381507874,0.06820385903120041,0.08277980238199234
1774267775.122,2814.825866996,1453,1,happy,1,51.16022299989709,0.07421406358480453,0.8113440275192261,0.04956236854195595,0.06487951427698135
1774267775.188,2814.892931581,1454,1,happy,1,49.32971900007033,0.04980878531932831,0.8676393032073975,0.0351191945374012,0.047432705760002136
1774267775.293,2814.960421907,1455,1,happy,1,85.93537799970363,0.035024527460336685,0.9018185138702393,0.026921942830085754,0.03623494878411293
1774267775.402,2815.07605995,1456,1,happy,1,81.00435100004688,0.025637002661824226,0.9150216579437256,0.026408202946186066,0.0329330675303936
1774267775.452,2815.172057736,1457,1,happy,1,34.391321999919455,0.020108595490455627,0.9166210293769836,0.03297107666730881,0.030299216508865356
1774267775.495,2815.216634224,1458,1,happy,1,32.791967000321165,0.02082284912467003,0.8916603922843933,0.055375874042510986,0.03214075788855553
1774267775.539,2815.261074064,1459,1,happy,1,32.820078000440844,0.029503215104341507,0.8210614919662476,0.10538148880004883,0.04405369237065315
1774267775.589,2815.303794883,1460,1,happy,1,40.07016500008831,0.03429131209850311,0.73223876953125,0.17332959175109863,0.06014024093747139
1774267775.668,2815.361059301,1461,1,happy,1,61.69988999999987,0.034477606415748596,0.7285637855529785,0.16153784096240997,0.07542066276073456
1774267775.720,2815.43674218,1462,1,happy,1,37.62525300044217,0.03223157301545143,0.6766263842582703,0.19334319233894348,0.09779875725507736
1774267775.764,2815.485493416,1463,1,happy,1,33.65330199994787,0.04546961188316345,0.6689056754112244,0.18535929918289185,0.10026534646749496
1774267775.809,2815.530569998,1464,1,happy,1,32.65137400012463,0.04597128927707672,0.7192174196243286,0.1496770679950714,0.0851341187953949
1774267775.851,2815.573715299,1465,1,happy,1,32.24941000007675,0.05272073298692703,0.6786326169967651,0.1867864727973938,0.08186005055904388
1774267775.895,2815.617212248,1466,1,happy,1,32.61107799971796,0.04864417389035225,0.7458716630935669,0.13782745599746704,0.06765665113925934
1774267775.942,2815.660420104,1467,1,happy,1,35.90726899983565,0.03540005162358284,0.8201680183410645,0.0956411361694336,0.04879068583250046
1774267775.988,2815.707632023,1468,1,happy,1,34.73413800020353,0.03507295250892639,0.8499277830123901,0.07419636845588684,0.04080279543995857
1774267776.040,2815.757798652,1469,1,happy,1,36.582510999778606,0.026941966265439987,0.8725240230560303,0.06702510267496109,0.033508844673633575
1774267776.084,2815.805741794,1470,1,happy,1,32.58644900006402,0.029565423727035522,0.8876345157623291,0.05163981392979622,0.031160123646259308
1774267776.127,2815.84875891,1471,1,happy,1,33.24332000011054,0.028322331607341766,0.8313573598861694,0.08795566856861115,0.052364517003297806
1774267776.171,2815.892208637,1472,1,happy,1,33.30326400009653,0.03927287459373474,0.8372898101806641,0.07663261145353317,0.04680459573864937
1774267776.215,2815.935974383,1473,1,happy,1,33.48696900002324,0.039798688143491745,0.8406631946563721,0.07792754471302032,0.041610442101955414
1774267776.260,2815.982109097,1474,1,happy,1,32.6951340002779,0.04051502048969269,0.8011894226074219,0.10642828047275543,0.05186714604496956
1774267776.304,2816.026253418,1475,1,happy,1,32.619725999666116,0.05175122618675232,0.7916942834854126,0.10748503357172012,0.0490693673491478
1774267776.358,2816.070185517,1476,1,happy,1,42.10546500007695,0.05013082176446915,0.7654857635498047,0.130403071641922,0.05398028343915939
1774267776.406,2816.124686968,1477,1,happy,1,36.08610300034343,0.039022140204906464,0.8254123330116272,0.09504871070384979,0.04051673039793968
1774267776.450,2816.171222941,1478,1,happy,1,33.422802000131924,0.0356876365840435,0.8462263345718384,0.0762718915939331,0.04181405156850815
1774267776.497,2816.217967045,1479,1,happy,1,34.16259899995566,0.0349445678293705,0.8593496084213257,0.06936066597700119,0.03634503111243248
1774267776.543,2816.264426,1480,1,happy,1,32.852837999598705,0.0466647632420063,0.8234952688217163,0.08959589153528214,0.0402439683675766
1774267776.589,2816.308529284,1481,1,happy,1,35.082211999906576,0.043108951300382614,0.8061492443084717,0.0947992131114006,0.055942438542842865
1774267776.634,2816.354768405,1482,1,happy,1,34.28161800002272,0.03677985817193985,0.8141021728515625,0.08320747315883636,0.06591040641069412
1774267776.678,2816.40030271,1483,1,happy,1,32.75198600022122,0.0375296026468277,0.8160925507545471,0.08234129101037979,0.06403642892837524
1774267776.722,2816.443797364,1484,1,happy,1,32.983707999846956,0.034235622733831406,0.8416787385940552,0.06813587248325348,0.05594960227608681
1774267776.766,2816.488329519,1485,1,happy,1,32.51246699983312,0.030334748327732086,0.8660646677017212,0.05393149331212044,0.04966893792152405
1774267776.810,2816.531971117,1486,1,happy,1,32.613947999834636,0.043056000024080276,0.841844916343689,0.07097099721431732,0.04412797838449478
1774267776.858,2816.575113455,1487,1,happy,1,37.90519799986214,0.038877103477716446,0.7995527982711792,0.11392194032669067,0.0476481094956398
1774267776.914,2816.628857071,1488,1,happy,1,40.135629000360495,0.03608108311891556,0.8208872079849243,0.09954602271318436,0.04348558560013771
1774267776.966,2816.679472256,1489,1,happy,1,41.52435300011348,0.04040350764989853,0.820619523525238,0.0942772924900055,0.04469960927963257
1774267777.021,2816.734471393,1490,1,happy,1,40.75187099988398,0.036956578493118286,0.8482405543327332,0.07434242218732834,0.04046037793159485
1774267777.076,2816.790682662,1491,1,happy,1,40.257554999698186,0.05370546877384186,0.8221420645713806,0.08197461813688278,0.0421777218580246
1774267777.124,2816.842642887,1492,1,happy,1,35.74976900017646,0.05833461135625839,0.8300314545631409,0.07198171317577362,0.039652109146118164
1774267777.174,2816.89044353,1493,1,happy,1,37.78923499976372,0.05261195823550224,0.8564087152481079,0.057129502296447754,0.03384978324174881
1774267777.222,2816.94064414,1494,1,happy,1,35.83673200000703,0.04662518948316574,0.8481267094612122,0.06291796267032623,0.04233010485768318
1774267777.267,2816.988293764,1495,1,happy,1,32.978227000057814,0.040766164660453796,0.8651686906814575,0.05502503365278244,0.03904010355472565
1774267777.312,2817.032884104,1496,1,happy,1,33.547172999988106,0.04448407143354416,0.8467534780502319,0.06905124336481094,0.039711177349090576
1774267777.358,2817.077927205,1497,1,happy,1,34.94117499985805,0.03796428069472313,0.7604881525039673,0.09820875525474548,0.10333879292011261
1774267777.403,2817.122936065,1498,1,happy,1,34.84652699989965,0.04487772285938263,0.768215000629425,0.09514996409416199,0.09175726771354675
1774267777.448,2817.168897445,1499,1,happy,1,33.84628399999201,0.03839508444070816,0.808484673500061,0.07596299052238464,0.07715722918510437
1774267777.491,2817.213285989,1500,1,happy,1,32.61978199998339,0.027731968089938164,0.854514479637146,0.054187074303627014,0.06356647610664368
1774267777.535,2817.256674846,1501,1,happy,1,32.905485999890516,0.02845623716711998,0.8787351846694946,0.04177756980061531,0.05103103816509247
1774267777.579,2817.300351463,1502,1,happy,1,33.478006000223104,0.019318416714668274,0.912226676940918,0.029344430193305016,0.039110422134399414
1774267777.622,2817.34485147,1503,1,happy,1,31.834503000027325,0.015474382787942886,0.9230114221572876,0.026522018015384674,0.03499208018183708
1774267777.668,2817.389802015,1504,1,happy,1,32.675893000032374,0.018517756834626198,0.9249699115753174,0.027746617794036865,0.028765620663762093
1774267777.719,2817.440982868,1505,1,happy,1,32.52431900000374,0.01566298119723797,0.9360370635986328,0.02444428764283657,0.0238555446267128
1774267777.769,2817.490438255,1506,1,happy,1,32.83524500011481,0.013036669231951237,0.9427658319473267,0.021564822643995285,0.022632546722888947
1774267777.821,2817.541486607,1507,1,happy,1,33.836098999927344,0.019464896991848946,0.9323747158050537,0.029180794954299927,0.018979497253894806
1774267777.871,2817.591086568,1508,1,happy,1,34.25089600023057,0.01675831899046898,0.9403728246688843,0.02477584406733513,0.01809295266866684
1774267777.921,2817.641593623,1509,1,happy,1,33.621524999944086,0.014040798880159855,0.943123459815979,0.02611265331506729,0.01672299951314926
1774267777.970,2817.691778585,1510,1,happy,1,33.25274600001649,0.014458845369517803,0.9401120543479919,0.02859184890985489,0.01683719828724861
1774267778.022,2817.742497122,1511,1,happy,1,34.107044000393216,0.021999932825565338,0.9196163415908813,0.033621348440647125,0.024762295186519623
1774267778.073,2817.793449956,1512,1,happy,1,34.69682299964916,0.01644212007522583,0.9232906699180603,0.03281893581151962,0.02744816243648529
1774267778.124,2817.843551178,1513,1,happy,1,34.784323000167205,0.013994947075843811,0.9125040769577026,0.0471663624048233,0.026334501802921295
1774267778.173,2817.894414141,1514,1,happy,1,33.32119099968622,0.012897271662950516,0.9025588631629944,0.05659329146146774,0.027950473129749298
1774267778.226,2817.946127384,1515,1,happy,1,34.95184199982759,0.009718725457787514,0.9209206700325012,0.04568804055452347,0.023672450333833694
1774267778.275,2817.996240124,1516,1,happy,1,33.35591299992302,0.00923207402229309,0.9077292680740356,0.05636303871870041,0.026675572618842125
1774267778.324,2818.046623216,1517,1,happy,1,32.08526199978223,0.011184311471879482,0.8518742322921753,0.09712432324886322,0.039816997945308685
1774267778.375,2818.09692153,1518,1,happy,1,32.89044899975124,0.012479811906814575,0.8570849895477295,0.08929676562547684,0.04113834723830223
1774267778.426,2818.14776829,1519,1,happy,1,32.82044900015535,0.008562715724110603,0.9008251428604126,0.06077902764081955,0.029833028092980385
1774267778.476,2818.198220679,1520,1,happy,1,32.48920700025337,0.009990849532186985,0.8862621784210205,0.07263361662626266,0.031113222241401672
1774267778.528,2818.248738197,1521,1,happy,1,33.99802500007354,0.006986725144088268,0.9152735471725464,0.05268997699022293,0.02504962682723999
1774267778.577,2818.298680714,1522,1,happy,1,32.636671000091155,0.008601374924182892,0.912948727607727,0.05416882783174515,0.02428096905350685
1774267778.626,2818.348948936,1523,1,happy,1,31.705780000265804,0.007471420336514711,0.9238286018371582,0.046082235872745514,0.022617600858211517
1774267778.677,2818.399413621,1524,1,happy,1,32.54330000027039,0.006854677572846413,0.9290957450866699,0.042288511991500854,0.021760916337370872
1774267778.726,2818.449230879,1525,1,happy,1,31.604150000021036,0.005133030470460653,0.9422264099121094,0.03267868980765343,0.019961733371019363
1774267778.777,2818.500224639,1526,1,happy,1,31.376519999867014,0.004508910235017538,0.9411216974258423,0.03642977029085159,0.017939437180757523
1774267778.828,2818.550458953,1527,1,happy,1,31.92179899997427,0.003804640844464302,0.946893572807312,0.033218443393707275,0.01608320325613022
1774267778.881,2818.601587047,1528,1,happy,1,33.552413000052184,0.004320981912314892,0.9169833064079285,0.05863375589251518,0.02006186544895172
1774267778.930,2818.651674194,1529,1,happy,1,32.73263400024007,0.006780621595680714,0.8937928676605225,0.0718727558851242,0.027553606778383255
1774267778.981,2818.70291851,1530,1,happy,1,32.46813399982784,0.0061056604608893394,0.9033896923065186,0.06755471229553223,0.022949784994125366
1774267779.031,2818.753058676,1531,1,happy,1,32.909338000081334,0.004757655318826437,0.917483925819397,0.05890863388776779,0.01884964108467102
1774267779.082,2818.803784769,1532,1,happy,1,32.9399120000744,0.003932593390345573,0.9367029666900635,0.044625189155340195,0.014739159494638443
1774267779.133,2818.854219213,1533,1,happy,1,33.00698700013527,0.0037320246919989586,0.9361570477485657,0.043094612658023834,0.017016218975186348
1774267779.182,2818.904286027,1534,1,happy,1,32.455522999953246,0.0028193616308271885,0.9531420469284058,0.03139207139611244,0.012646341696381569
1774267779.233,2818.955221325,1535,1,happy,1,32.82187500008149,0.0025702514685690403,0.9615904092788696,0.025183625519275665,0.01065553817898035
1774267779.283,2819.005818455,1536,1,happy,1,31.991688000289287,0.002551219891756773,0.9663125276565552,0.02016269788146019,0.01097344234585762
1774267779.334,2819.056099491,1537,1,happy,1,32.33681899973817,0.003305317834019661,0.964404821395874,0.021349353715777397,0.010940407402813435
1774267779.386,2819.106676195,1538,1,happy,1,34.176451999883284,0.0033195100259035826,0.9656023979187012,0.020484864711761475,0.010593157261610031
1774267779.441,2819.157418085,1539,1,happy,1,38.24705100032588,0.003299170406535268,0.9650636315345764,0.022365804761648178,0.009271332994103432
1774267779.527,2819.208547808,1540,1,happy,1,72.97002300038002,0.00417544087395072,0.9547969698905945,0.030588900670409203,0.010438581928610802
1774267779.585,2819.299042289,1541,1,happy,1,40.681129999939,0.005611495114862919,0.9445897340774536,0.036670491099357605,0.013128156773746014
1774267779.630,2819.35064755,1542,1,happy,1,34.50902700024017,0.005091882310807705,0.9234534502029419,0.05746691673994064,0.013987613841891289
1774267779.674,2819.395406151,1543,1,happy,1,33.514099000058195,0.005272670183330774,0.9028992056846619,0.07364030182361603,0.018187707290053368
1774267779.717,2819.438911879,1544,1,happy,1,33.03422699991643,0.005048057995736599,0.9093278646469116,0.06818562746047974,0.017438329756259918
1774267779.759,2819.482490422,1545,1,happy,1,31.577614000070753,0.006348684895783663,0.9010627865791321,0.07414200901985168,0.018446411937475204
1774267779.800,2819.524588981,1546,1,happy,1,30.194722000032925,0.005107010714709759,0.9271566867828369,0.053905028849840164,0.013831181451678276
1774267779.841,2819.565804834,1547,1,happy,1,30.321741000079783,0.007515875622630119,0.9154671430587769,0.059253837913274765,0.017763089388608932
1774267779.890,2819.613423773,1548,1,happy,1,31.700855000053707,0.006501996424049139,0.9279083013534546,0.049633875489234924,0.015955742448568344
1774267779.942,2819.664297219,1549,1,happy,1,32.66005999967092,0.0052161430940032005,0.9454163908958435,0.03623610734939575,0.013131292536854744
1774267779.993,2819.715452183,1550,1,happy,1,32.00422500003697,0.008282992988824844,0.9427633881568909,0.03711516782641411,0.011838379316031933
1774267780.043,2819.766019979,1551,1,happy,1,31.734873999994306,0.008432887494564056,0.9428039789199829,0.036486729979515076,0.012276379391551018
1774267780.094,2819.81680211,1552,1,happy,1,31.579742999838345,0.0059569827280938625,0.9568299651145935,0.026515457779169083,0.010697541758418083
1774267780.145,2819.867939056,1553,1,happy,1,31.95926199987298,0.004169099498540163,0.9645503759384155,0.019061630591750145,0.012218844145536423
1774267780.195,2819.918065944,1554,1,happy,1,31.708281000192073,0.007645966485142708,0.9436904191970825,0.03746122866868973,0.011202359572052956
1774267780.260,2819.971781673,1555,1,happy,1,43.02928300012354,0.009555330500006676,0.9331904649734497,0.04052600637078285,0.016728084534406662
1774267780.310,2820.028241629,1556,1,happy,1,36.61115999966569,0.007758558262139559,0.9467265009880066,0.03095010295510292,0.014564696699380875
1774267780.361,2820.078062461,1557,1,happy,1,37.04606799965404,0.006100080907344818,0.9596375226974487,0.022111909464001656,0.012150302529335022
1774267780.416,2820.128845406,1558,1,happy,1,42.265948000022036,0.004633970558643341,0.9622887969017029,0.01764281652867794,0.015434285625815392
1774267780.462,2820.182783487,1559,1,happy,1,33.40067299996008,0.003517161589115858,0.9666159152984619,0.013492231257259846,0.016374599188566208
1774267780.510,2820.229558499,1560,1,happy,1,34.69280499984961,0.002684143139049411,0.9693873524665833,0.010113161988556385,0.017815247178077698
1774267780.557,2820.278716775,1561,1,happy,1,32.93274500038024,0.004715893883258104,0.9337276220321655,0.031314339488744736,0.03024197928607464
1774267780.601,2820.323105412,1562,1,happy,1,32.11252199980663,0.0033557196147739887,0.954181432723999,0.02094213292002678,0.021520493552088737
1774267780.652,2820.373703727,1563,1,happy,1,33.35795100019823,0.010226641781628132,0.9087599515914917,0.058904558420181274,0.02210870385169983
1774267780.703,2820.424142987,1564,1,happy,1,34.04193300002589,0.013896867632865906,0.8708277344703674,0.08688165247440338,0.028393644839525223
1774267780.754,2820.474772932,1565,1,happy,1,34.3142669998997,0.009189954027533531,0.9101773500442505,0.05743026360869408,0.023202357813715935
1774267780.804,2820.52480369,1566,1,happy,1,33.534802999838575,0.006540786940604448,0.9380282163619995,0.038644470274448395,0.016786446794867516
1774267780.855,2820.576412322,1567,1,happy,1,33.24846899977274,0.005366099067032337,0.9467353820800781,0.027870796620845795,0.020027579739689827
1774267780.905,2820.626303248,1568,1,happy,1,33.491042999685305,0.004335900768637657,0.9500299096107483,0.021224260330200195,0.024409795179963112
1774267780.956,2820.677991306,1569,1,happy,1,32.52707799993004,0.003975235857069492,0.9540642499923706,0.01686006784439087,0.025100326165556908
1774267781.012,2820.727661434,1570,1,happy,1,38.85473800028194,0.0031208081636577845,0.9626283645629883,0.012770486064255238,0.02148027904331684
1774267781.063,2820.778421991,1571,1,happy,1,39.66175799996563,0.0024229411501437426,0.9603291153907776,0.010050352662801743,0.02719748392701149
1774267781.122,2820.834908261,1572,1,happy,1,42.04376300003787,0.0036558492574840784,0.9642016887664795,0.011166194453835487,0.020976092666387558
1774267781.169,2820.891055069,1573,1,happy,1,32.33648500008712,0.007647893391549587,0.9583784341812134,0.014082187786698341,0.019891392439603806
1774267781.211,2820.934092222,1574,1,happy,1,31.217613000080746,0.007003881968557835,0.9680722951889038,0.010155348107218742,0.01476837694644928
1774267781.256,2820.979622158,1575,1,happy,1,31.40896500008239,0.008951662108302116,0.9576596021652222,0.012319184839725494,0.021069416776299477
1774267781.306,2821.029525472,1576,1,happy,1,31.104409999898053,0.011811740696430206,0.9609082937240601,0.010232919827103615,0.017046956345438957
1774267781.359,2821.080626289,1577,1,happy,1,32.85513499986337,0.0099384356290102,0.9564576148986816,0.009193976409733295,0.02440989762544632
1774267781.412,2821.130887585,1578,1,happy,1,35.459805999835226,0.011010181158781052,0.951683759689331,0.012018037959933281,0.02528800256550312
1774267781.458,2821.181524308,1579,1,happy,1,31.656021999879158,0.03951582685112953,0.8862141370773315,0.026198122650384903,0.048071905970573425
1774267781.509,2821.231910642,1580,1,happy,1,31.88370699990628,0.06914851814508438,0.8339911699295044,0.03727014735341072,0.0595901682972908
1774267781.559,2821.282070753,1581,1,happy,1,31.917039999825647,0.05695320665836334,0.8562910556793213,0.030978970229625702,0.055776748806238174
1774267781.610,2821.332541402,1582,1,happy,1,31.982058999801666,0.06048053503036499,0.857224702835083,0.03080558031797409,0.05148918926715851
1774267781.665,2821.383437255,1583,1,happy,1,36.413214999811316,0.05652162432670593,0.8486604690551758,0.031206795945763588,0.06361102312803268
1774267781.713,2821.434812164,1584,1,happy,1,32.763135000095645,0.06198108196258545,0.8547963500022888,0.0310463048517704,0.05217617005109787
1774267781.762,2821.484675423,1585,1,happy,1,32.17015199970774,0.06290015578269958,0.8472673892974854,0.03386753797531128,0.055964864790439606
1774267781.811,2821.53466596,1586,1,happy,1,30.901019999873824,0.08665573596954346,0.8210057020187378,0.03594110161066055,0.05639738589525223
1774267781.861,2821.584954979,1587,1,happy,1,30.88377899985062,0.06842143088579178,0.8519497513771057,0.033695612102746964,0.04593313857913017
1774267781.911,2821.635296923,1588,1,happy,1,30.444500999692536,0.053741246461868286,0.8680616617202759,0.028377119451761246,0.04981991648674011
1774267781.962,2821.685471553,1589,1,happy,1,31.115150000005087,0.048603639006614685,0.8696731328964233,0.028853856027126312,0.05286921188235283
1774267782.012,2821.735836479,1590,1,happy,1,30.67244599969854,0.03905227780342102,0.8852901458740234,0.024922307580709457,0.05073513090610504
1774267782.063,2821.786095646,1591,1,happy,1,31.134391000250616,0.046323396265506744,0.887106716632843,0.023716632276773453,0.04285314679145813
1774267782.117,2821.83616335,1592,1,happy,1,35.69576900008542,0.07192077487707138,0.8058211207389832,0.04230247437953949,0.07995551824569702
1774267782.168,2821.887465667,1593,1,happy,1,35.657139999784704,0.05244069546461105,0.8469963073730469,0.032662246376276016,0.0679006427526474
1774267782.236,2821.940946488,1594,1,happy,1,49.71544399995764,0.0374302975833416,0.883387565612793,0.025611471384763718,0.05357062816619873
1774267782.306,2822.007990242,1595,1,happy,1,52.36463300025207,0.02766328677535057,0.9124447703361511,0.020526915788650513,0.03936496376991272
1774267782.365,2822.077973093,1596,1,happy,1,41.953633000048285,0.024159420281648636,0.9244705438613892,0.018654773011803627,0.03271527960896492
1774267782.411,2822.131352136,1597,1,happy,1,34.14304500029175,0.023357335478067398,0.9197028875350952,0.02619073912501335,0.030749067664146423
1774267782.454,2822.176310831,1598,1,happy,1,32.09874399999535,0.017661267891526222,0.9356103539466858,0.020599665120244026,0.026128672063350677
1774267782.495,2822.218429075,1599,1,happy,1,30.937298000026203,0.02021048218011856,0.914444088935852,0.019907165318727493,0.045438215136528015
1774267782.536,2822.259618614,1600,1,happy,1,31.25361399997928,0.01425238698720932,0.9359492063522339,0.014371594414114952,0.03542677313089371
1774267782.577,2822.301371173,1601,1,happy,1,30.758093999793346,0.00984761118888855,0.9515668153762817,0.010420642793178558,0.028164859861135483
1774267782.619,2822.342735453,1602,1,happy,1,30.780002000028617,0.009851273149251938,0.953047513961792,0.00949479267001152,0.027606366202235222
1774267782.671,2822.391575118,1603,1,happy,1,34.46326699986457,0.017950482666492462,0.9187465906143188,0.0316537544131279,0.0316491574048996
1774267782.733,2822.447106609,1604,1,happy,1,40.81461299983857,0.01595333218574524,0.8864961862564087,0.03155911713838577,0.06599126756191254
1774267782.784,2822.499866911,1605,1,happy,1,38.69421899980807,0.015038883313536644,0.9108197689056396,0.023050647228956223,0.0510905496776104
1774267782.829,2822.549245558,1606,1,happy,1,34.20845199980249,0.014338402077555656,0.8971604704856873,0.021650850772857666,0.06685014814138412
1774267782.875,2822.596668571,1607,1,happy,1,33.36998799977664,0.0371786467730999,0.8379130363464355,0.04150734841823578,0.08340081572532654
1774267782.920,2822.642932379,1608,1,happy,1,32.00602200013236,0.031566716730594635,0.8747175931930542,0.03125222772359848,0.06246334686875343
1774267782.972,2822.693519621,1609,1,happy,1,32.67337499983114,0.0265267975628376,0.8964365720748901,0.027132710441946983,0.04990383982658386
1774267783.023,2822.744583752,1610,1,happy,1,33.17756200021904,0.08382491022348404,0.7613940834999084,0.07354636490345001,0.08123457431793213
1774267783.072,2822.794192696,1611,1,happy,1,32.476244999998016,0.10057240724563599,0.705811619758606,0.09448952972888947,0.09912636876106262
1774267783.124,2822.845713532,1612,1,happy,1,33.173079999869515,0.06965883076190948,0.7816651463508606,0.06664668023586273,0.08202926814556122
1774267783.173,2822.895291365,1613,1,happy,1,32.27776299991092,0.09464257955551147,0.686511754989624,0.08013603091239929,0.13870957493782043
1774267783.224,2822.947248628,1614,1,happy,1,31.77835499991488,0.13899508118629456,0.5758252739906311,0.12055525183677673,0.16462430357933044
1774267783.275,2822.996684127,1615,1,happy,1,32.92074599994521,0.13194291293621063,0.5351715683937073,0.20576074719429016,0.12712466716766357
1774267783.325,2823.046980776,1616,1,happy,1,32.838912999977765,0.1720571517944336,0.45578914880752563,0.2555750608444214,0.11657853424549103
1774267783.376,2823.098815798,1617,2,sad,1,31.765874000029726,0.18128500878810883,0.3160339891910553,0.4101005792617798,0.09258034080266953
1774267783.428,2823.148287741,1618,2,sad,1,34.22537899996314,0.1557917296886444,0.2917318046092987,0.4628305435180664,0.08964584767818451
1774267783.477,2823.198743983,1619,2,sad,1,32.9635429998234,0.14712172746658325,0.27391842007637024,0.5100584030151367,0.06890140473842621
1774267783.530,2823.249429873,1620,2,sad,1,35.38467700036563,0.12996619939804077,0.20334984362125397,0.6070771217346191,0.05960677191615105
1774267783.582,2823.2995688,1621,2,sad,1,36.92773500006297,0.22279489040374756,0.15260173380374908,0.5649876594543457,0.05961564928293228
1774267783.630,2823.351054747,1622,2,sad,1,33.97465599982752,0.29497843980789185,0.1075577363371849,0.5534713268280029,0.04399240389466286
1774267783.685,2823.401417637,1623,2,sad,1,38.11503299994001,0.20747904479503632,0.13064630329608917,0.5966291427612305,0.06524542719125748
1774267783.731,2823.452441768,1624,2,sad,1,32.81891300002826,0.14359214901924133,0.125589519739151,0.676398754119873,0.05441943183541298
1774267783.781,2823.502116768,1625,2,sad,1,33.676932999696874,0.09405335783958435,0.0831356793642044,0.785275936126709,0.0375349298119545
1774267783.839,2823.553715086,1626,2,sad,1,39.4542580002053,0.06465848535299301,0.05840326473116875,0.8512841463088989,0.025654027238488197
1774267783.928,2823.614434661,1627,2,sad,1,67.96862600003806,0.0523371696472168,0.053788043558597565,0.874685525894165,0.019189205020666122
1774267784.025,2823.707387389,1628,2,sad,1,71.85867099997267,0.0425642654299736,0.15531647205352783,0.7873505353927612,0.014768633060157299
1774267784.081,2823.797450464,1629,2,sad,1,38.027958999919065,0.03221460059285164,0.28346171975135803,0.6713511347770691,0.012972422875463963
1774267784.124,2823.846312332,1630,2,sad,1,32.22806000030687,0.02583496645092964,0.41718295216560364,0.5478703379631042,0.009111616760492325
1774267784.169,2823.889369987,1631,1,happy,1,34.11480400018263,0.04920453578233719,0.49139678478240967,0.4468843340873718,0.012514219619333744
1774267784.217,2823.935294313,1632,2,sad,1,36.54419699978462,0.04489525407552719,0.4505678713321686,0.49354472756385803,0.010992050170898438
1774267784.263,2823.982500956,1633,1,happy,1,35.21993599997586,0.05164381116628647,0.5280866622924805,0.4059675931930542,0.014301776885986328
1774267784.310,2824.0302651,1634,1,happy,1,33.94058200001382,0.06034795194864273,0.5962814092636108,0.32903704047203064,0.014333449304103851
1774267784.356,2824.075132943,1635,1,happy,1,36.02501100021982,0.05038091540336609,0.5452561974525452,0.3849828839302063,0.019379854202270508
1774267784.403,2824.122027252,1636,2,sad,1,35.92327100022885,0.05399264022707939,0.44007354974746704,0.48877671360969543,0.017156975343823433
1774267784.449,2824.169441211,1637,2,sad,1,33.873285000026954,0.03547504544258118,0.2877258360385895,0.6628421545028687,0.013956824317574501
1774267784.495,2824.214554924,1638,2,sad,1,35.40569599999799,0.02835235185921192,0.18730971217155457,0.7736157178878784,0.010722106322646141
1774267784.541,2824.260900881,1639,2,sad,1,34.94343500005925,0.024852033704519272,0.3634570837020874,0.5772730112075806,0.034417759627103806
1774267784.626,2824.30753832,1640,2,sad,1,73.21226500016564,0.07866042107343674,0.2527361512184143,0.6275248527526855,0.04107847064733505
1774267784.670,2824.391411346,1641,2,sad,1,33.712414000092394,0.18184414505958557,0.1919899582862854,0.5950581431388855,0.03110760822892189
1774267784.714,2824.435377298,1642,2,sad,1,33.036691000233986,0.26198405027389526,0.13280978798866272,0.5780066847801208,0.02719932049512863
1774267784.759,2824.480513123,1643,2,sad,1,33.21635800011791,0.2667766809463501,0.12213575839996338,0.575706958770752,0.03538050502538681
1774267784.803,2824.524555167,1644,2,sad,1,32.64443099988057,0.20585185289382935,0.16532635688781738,0.5600857138633728,0.06873597204685211
1774267784.846,2824.568092378,1645,2,sad,1,32.80296799994176,0.1572853922843933,0.1698438972234726,0.5849456787109375,0.08792488276958466
1774267784.891,2824.611843367,1646,2,sad,1,33.617803000197455,0.14767280220985413,0.18818259239196777,0.5439803600311279,0.12016412615776062
1774267784.935,2824.655526578,1647,2,sad,1,34.08002600008331,0.13623574376106262,0.21980255842208862,0.5370739698410034,0.10688760876655579
1774267784.981,2824.700353457,1648,2,sad,1,35.41888100016877,0.15641909837722778,0.21389555931091309,0.4651373326778412,0.1645478904247284
1774267785.026,2824.746859673,1649,2,sad,1,34.14285999997446,0.12698538601398468,0.19198957085609436,0.478052020072937,0.20297294855117798
1774267785.074,2824.79168809,1650,2,sad,1,36.679975999959424,0.09735282510519028,0.28285229206085205,0.4176669120788574,0.20212790369987488
1774267785.118,2824.839090845,1651,2,sad,1,33.28795099969284,0.10524818301200867,0.2659306526184082,0.384513258934021,0.24430781602859497
1774267785.160,2824.883337242,1652,2,sad,1,30.992298999990453,0.10324180126190186,0.20224395394325256,0.42171674966812134,0.2727974057197571
1774267785.210,2824.927577991,1653,2,sad,1,37.238311000237445,0.09735657274723053,0.19283640384674072,0.4203837513923645,0.28942322731018066
1774267785.256,2824.977126232,1654,2,sad,1,33.655359000022145,0.118275947868824,0.19778457283973694,0.4193550944328308,0.26458433270454407
1774267785.303,2825.023518744,1655,2,sad,1,33.78704500028107,0.11318258196115494,0.1864444464445114,0.4310522973537445,0.26932060718536377
1774267785.351,2825.07339656,1656,2,sad,1,32.20283699965876,0.10165217518806458,0.1567975878715515,0.48355984687805176,0.2579903304576874
1774267785.416,2825.125359527,1657,2,sad,1,44.719527999859565,0.07629142701625824,0.20310856401920319,0.4723944664001465,0.24820546805858612
1774267785.462,2825.180798686,1658,2,sad,1,36.023882000336016,0.0997023731470108,0.17670676112174988,0.47901076078414917,0.24458004534244537
1774267785.510,2825.229470869,1659,2,sad,1,35.31419499995536,0.08694984018802643,0.20972396433353424,0.47374674677848816,0.2295793890953064
1774267785.552,2825.274702787,1660,2,sad,1,31.520169000032183,0.08439376950263977,0.2261945903301239,0.4431111812591553,0.24630039930343628
1774267785.610,2825.325297677,1661,2,sad,1,39.138295000157086,0.07901450991630554,0.2652890682220459,0.3914487659931183,0.2642475962638855
1774267785.655,2825.376178068,1662,1,happy,1,33.30433999963134,0.08154529333114624,0.36953312158584595,0.34380003809928894,0.2051214724779129
1774267785.705,2825.427326238,1663,1,happy,1,32.73146799983806,0.07612168043851852,0.41006216406822205,0.3275637924671173,0.18625229597091675
1774267785.756,2825.47797148,1664,2,sad,1,33.07389499968849,0.10362845659255981,0.30479681491851807,0.4191538393497467,0.17242082953453064
1774267785.807,2825.529150853,1665,1,happy,1,32.37943100020857,0.07416347414255142,0.36973750591278076,0.3446202874183655,0.21147866547107697
1774267785.858,2825.579866485,1666,2,sad,1,33.02333900001031,0.08318546414375305,0.28631091117858887,0.39362388849258423,0.23687966167926788
1774267785.909,2825.630422172,1667,2,sad,1,33.55783999995765,0.14273229241371155,0.24444928765296936,0.37968528270721436,0.23313307762145996
1774267785.958,2825.680394154,1668,2,sad,1,32.463819999975385,0.11865650862455368,0.16132506728172302,0.48266366124153137,0.23735469579696655
1774267786.009,2825.731187341,1669,2,sad,1,32.810765000249376,0.09464588761329651,0.14939355850219727,0.5609967708587646,0.1949637234210968
1774267786.060,2825.78211664,1670,2,sad,1,32.19135600011214,0.06262484192848206,0.1005823090672493,0.6901035904884338,0.14668919146060944
1774267786.110,2825.832896401,1671,2,sad,1,32.16755999983434,0.040965087711811066,0.07891371846199036,0.7443798780441284,0.1357412040233612
1774267786.161,2825.883516626,1672,2,sad,1,31.927151999752823,0.027482256293296814,0.05812525004148483,0.8160486221313477,0.09834373742341995
1774267786.215,2825.933937812,1673,2,sad,1,35.2602510001816,0.018517768010497093,0.04120853170752525,0.873254656791687,0.06701889634132385
1774267786.263,2825.984735,1674,2,sad,1,32.88150600019435,0.014663517475128174,0.031151950359344482,0.9082226753234863,0.04596169665455818
1774267786.313,2826.034991205,1675,2,sad,1,32.22646699987308,0.010159608907997608,0.028849352151155472,0.9286375045776367,0.032353416085243225
1774267786.362,2826.084859354,1676,2,sad,1,32.32330099990577,0.011062011122703552,0.028183039277791977,0.9361901879310608,0.024564649909734726
1774267786.416,2826.135804912,1677,2,sad,1,34.45912000006501,0.009760726243257523,0.0292869471013546,0.9395241141319275,0.021428098902106285
1774267786.472,2826.186655988,1678,2,sad,1,39.869148999969184,0.09797922521829605,0.06044945865869522,0.8225053548812866,0.019065851345658302
1774267786.520,2826.240721404,1679,2,sad,1,34.42562000009275,0.1369897723197937,0.3113085925579071,0.5388883948326111,0.0128131452947855
1774267786.568,2826.286970231,1680,1,happy,1,35.52603000025556,0.13706253468990326,0.49015605449676514,0.3638051748275757,0.008976097218692303
1774267786.617,2826.337984864,1681,1,happy,1,33.87926699997479,0.1702776998281479,0.5681306719779968,0.25487220287323,0.006719282828271389
1774267786.669,2826.388672088,1682,1,happy,1,35.01632500001506,0.19234254956245422,0.5667657852172852,0.2257165163755417,0.01517503522336483
1774267786.720,2826.439393146,1683,1,happy,1,35.33026900004188,0.15842382609844208,0.6195758581161499,0.19269512593746185,0.029305092990398407
1774267786.776,2826.490227833,1684,1,happy,1,40.494390999811,0.1830011010169983,0.4923182725906372,0.2776612639427185,0.047019220888614655
1774267786.824,2826.543337469,1685,1,happy,1,35.421788999883574,0.1424187272787094,0.4242507219314575,0.3780849575996399,0.055245477706193924
1774267786.874,2826.594391898,1686,1,happy,1,34.754046999751154,0.1803271770477295,0.456973135471344,0.3128587603569031,0.049840789288282394
1774267786.921,2826.642088487,1687,1,happy,1,33.13232100026653,0.32723531126976013,0.3613123297691345,0.26461026072502136,0.046842001378536224
1774267786.970,2826.692522656,1688,2,sad,1,32.572763999723975,0.33743172883987427,0.24764522910118103,0.33800017833709717,0.07692277431488037
1774267787.021,2826.742619731,1689,0,neutral,1,33.27378399990266,0.34535038471221924,0.2365664392709732,0.3202805817127228,0.09780249744653702
1774267787.071,2826.793394011,1690,0,neutral,1,32.69128300007651,0.4546874463558197,0.21931226551532745,0.2498597353696823,0.07614046335220337
1774267787.122,2826.844194439,1691,0,neutral,1,31.93231899967941,0.4671461284160614,0.23484227061271667,0.22408872842788696,0.07392279803752899
1774267787.172,2826.894360089,1692,0,neutral,1,31.893373999992036,0.4411017894744873,0.3074280619621277,0.18065905570983887,0.07081101089715958
1774267787.222,2826.945142628,1693,0,neutral,1,31.698244999915914,0.4217674136161804,0.33257007598876953,0.16504284739494324,0.08061958849430084
1774267787.273,2826.995467426,1694,0,neutral,1,32.446913000057975,0.4079975485801697,0.3068322539329529,0.17887306213378906,0.10629702359437943
1774267787.325,2827.046673689,1695,0,neutral,1,33.00867300004029,0.3740195035934448,0.2447081357240677,0.2266991138458252,0.15457317233085632
1774267787.375,2827.096932024,1696,3,angry,1,32.28976399987005,0.2578750252723694,0.16553626954555511,0.22533291578292847,0.35125571489334106
1774267787.426,2827.148304176,1697,3,angry,1,32.726487000218185,0.18316687643527985,0.11425347626209259,0.2784983217716217,0.4240812659263611
1774267788.466,2828.161151186,1698,1,happy,1,59.19524099999762,0.1376166045665741,0.3350253105163574,0.2313438504934311,0.2960141897201538
1774267800.984,2840.693235428,1699,2,sad,1,45.01425399985237,0.09613953530788422,0.23400670289993286,0.4699476957321167,0.19990608096122742
1774267801.072,2840.769141075,1700,2,sad,1,57.7100190002966,0.0916152372956276,0.19863957166671753,0.569978654384613,0.13976651430130005
1774267801.127,2840.842204679,1701,2,sad,1,39.85654100006286,0.08870492875576019,0.18374411761760712,0.6247073411941528,0.10284358263015747
1774267801.182,2840.894804022,1702,2,sad,1,42.00671100034015,0.0673079788684845,0.14182302355766296,0.7149420976638794,0.07592684030532837
1774267801.234,2840.950798149,1703,2,sad,1,37.57170299968493,0.06978259980678558,0.1406228095293045,0.7317501306533813,0.057844340801239014
1774267801.322,2841.020259599,1704,2,sad,1,56.39707199998156,0.0764823853969574,0.11833585798740387,0.6647466421127319,0.14043498039245605
1774267801.403,2841.109327956,1705,2,sad,1,48.255223000069236,0.16004739701747894,0.10097861289978027,0.6122537851333618,0.12672007083892822
1774267801.450,2841.169768055,1706,2,sad,1,35.15706799998952,0.12378744781017303,0.11224385350942612,0.653065025806427,0.11090356111526489
1774267801.497,2841.216298293,1707,2,sad,1,35.813144000258035,0.10118987411260605,0.18257959187030792,0.6270303130149841,0.08920013159513474
1774267801.545,2841.262995791,1708,2,sad,1,36.342367000088416,0.08080430328845978,0.18598973751068115,0.6423873901367188,0.09081843495368958
1774267801.591,2841.310675624,1709,2,sad,1,35.35043900001256,0.05826330929994583,0.24822065234184265,0.5893680453300476,0.10414786636829376
1774267801.636,2841.35720964,1710,2,sad,1,33.354158000292955,0.04442322999238968,0.18578243255615234,0.6030884981155396,0.16670572757720947
1774267801.680,2841.402431747,1711,2,sad,1,31.80802400038374,0.11011314392089844,0.14134424924850464,0.5922913551330566,0.15625114738941193
1774267801.725,2841.445486311,1712,2,sad,1,33.843270000033954,0.17173980176448822,0.12391200661659241,0.5427983999252319,0.16154971718788147
1774267801.770,2841.490936622,1713,2,sad,1,33.239453000078356,0.14076298475265503,0.08626949787139893,0.4892914295196533,0.28367599844932556
1774267801.813,2841.535767801,1714,2,sad,1,31.55370900003618,0.1983955204486847,0.06150466203689575,0.5166465044021606,0.22345319390296936
1774267801.856,2841.578555236,1715,2,sad,1,32.137192000391224,0.15600797533988953,0.04276502877473831,0.5598756670951843,0.24135126173496246
1774267801.899,2841.621747431,1716,2,sad,1,31.758153999817296,0.1580447554588318,0.03527933359146118,0.6378728151321411,0.16880299150943756
1774267801.942,2841.664679958,1717,2,sad,1,32.16280300011931,0.34410953521728516,0.0892767608165741,0.45275193452835083,0.11386167258024216
1774267801.986,2841.708405636,1718,0,neutral,1,32.07874700001412,0.4800349473953247,0.11407102644443512,0.32843804359436035,0.07745587080717087
1774267802.031,2841.754605892,1719,0,neutral,1,31.486171999858925,0.47340670228004456,0.09911640733480453,0.37305301427841187,0.054423801600933075
1774267802.083,2841.80493299,1720,0,neutral,1,32.51148900017142,0.37687352299690247,0.3374512195587158,0.24402104318141937,0.041654132306575775
1774267802.142,2841.856314793,1721,1,happy,1,39.906299999984185,0.3290281295776367,0.476764976978302,0.15956304967403412,0.03464370220899582
1774267802.200,2841.908109357,1722,1,happy,1,46.05899700027294,0.2818972170352936,0.5680257678031921,0.11884651333093643,0.031230371445417404
1774267802.260,2841.96776338,1723,1,happy,1,47.02966499962713,0.28474661707878113,0.6026017665863037,0.08387792855501175,0.028773577883839607
1774267802.318,2842.029857241,1724,1,happy,1,42.66308299975208,0.28657376766204834,0.6354187726974487,0.0573018454015255,0.020705528557300568
1774267802.390,2842.085518461,1725,1,happy,1,58.85394699998869,0.2879416346549988,0.655739426612854,0.03965577110648155,0.01666300743818283
1774267802.449,2842.158748418,1726,1,happy,1,44.38410400007342,0.2061973661184311,0.7540980577468872,0.027832472696900368,0.011872016824781895
1774267802.502,2842.215569084,1727,1,happy,1,40.94719000022451,0.20186741650104523,0.7492511868476868,0.03949802368879318,0.009383274242281914
1774267802.555,2842.267868537,1728,1,happy,1,42.00154499994824,0.1324673593044281,0.8345993757247925,0.02671254426240921,0.006220629904419184
1774267802.614,2842.325699057,1729,1,happy,1,42.724767999970936,0.09771712124347687,0.8620878458023071,0.03522332012653351,0.004971613176167011
1774267802.667,2842.379929514,1730,1,happy,1,41.51763599975311,0.09121429175138474,0.7625158429145813,0.13920775055885315,0.0070620146580040455
1774267802.717,2842.433498896,1731,1,happy,1,37.702665999859164,0.07342025637626648,0.6224819421768188,0.29693031311035156,0.0071673584170639515
1774267802.766,2842.48328527,1732,1,happy,1,37.3698879998301,0.06417742371559143,0.7115134000778198,0.21908828616142273,0.005220819730311632
1774267802.820,2842.533552164,1733,1,happy,1,40.7551160001276,0.05072840675711632,0.6492438316345215,0.2952672243118286,0.004760462790727615
1774267802.868,2842.585747395,1734,1,happy,1,37.038941999981034,0.0344405472278595,0.7015534043312073,0.2596932053565979,0.004312756936997175
1774267802.914,2842.633934822,1735,1,happy,1,34.6171230003165,0.028251411393284798,0.5160074830055237,0.45162874460220337,0.004112280905246735
1774267802.959,2842.680545413,1736,2,sad,1,33.06876800024838,0.04243231564760208,0.35422587394714355,0.6003642082214355,0.0029775388538837433
1774267803.003,2842.72503998,1737,2,sad,1,33.019120000062685,0.05516211688518524,0.47064289450645447,0.47202545404434204,0.002169468440115452
1774267803.048,2842.76971079,1738,2,sad,1,32.53085899996222,0.04431452602148056,0.3460274934768677,0.6081974506378174,0.0014604220632463694
1774267803.091,2842.813610264,1739,2,sad,1,32.32126700004301,0.06977139413356781,0.3074256479740143,0.6217766404151917,0.0010262493742629886
1774267803.134,2842.857245997,1740,2,sad,1,31.409265000093,0.07160402089357376,0.23010681569576263,0.6971324682235718,0.001156607992015779
1774267803.177,2842.90040897,1741,2,sad,1,31.473023999751604,0.11905273795127869,0.16144943237304688,0.7182849645614624,0.0012128122616559267
1774267803.222,2842.942933164,1742,2,sad,1,33.41371300030005,0.22599869966506958,0.16382727026939392,0.6091899275779724,0.0009840363636612892
1774267803.266,2842.987596788,1743,2,sad,1,32.653823000146076,0.22523990273475647,0.2218320369720459,0.5521887540817261,0.000739211798645556
1774267803.309,2843.031439392,1744,2,sad,1,32.27537700013272,0.14974378049373627,0.35448694229125977,0.4952537715435028,0.0005154573591426015
1774267803.355,2843.078390687,1745,2,sad,1,31.715912999970897,0.09857098758220673,0.44930535554885864,0.4517677426338196,0.0003558494208846241
1774267803.401,2843.123447237,1746,2,sad,1,32.50735999972676,0.08562101423740387,0.2998923063278198,0.6122695207595825,0.0022171479649841785
1774267803.452,2843.173881891,1747,2,sad,1,32.476397000209545,0.056221917271614075,0.19606763124465942,0.745487630367279,0.002222769195213914
1774267803.503,2843.224718083,1748,2,sad,1,32.633304000228236,0.03699936717748642,0.13180498778820038,0.8243609666824341,0.0068346671760082245
1774267803.554,2843.2754872,1749,2,sad,1,32.732118999774684,0.02422718144953251,0.08667244762182236,0.8788141012191772,0.010286222212016582
1774267803.604,2843.326212558,1750,2,sad,1,32.0964699999422,0.028064604848623276,0.17370542883872986,0.7761564254760742,0.022073501721024513
1774267803.659,2843.376973694,1751,2,sad,1,37.211128000308236,0.07791022956371307,0.21938467025756836,0.6747682690620422,0.02793675847351551
1774267803.710,2843.42898198,1752,2,sad,1,35.79308899998068,0.14681488275527954,0.242821604013443,0.5544602870941162,0.05590313673019409
1774267803.762,2843.479746598,1753,2,sad,1,37.41359100013142,0.23801183700561523,0.19940334558486938,0.4998568892478943,0.06272785365581512
1774267803.809,2843.530358196,1754,2,sad,1,33.35480599980656,0.3200737535953522,0.16123589873313904,0.4479336738586426,0.07075655460357666
1774267803.856,2843.579134458,1755,2,sad,1,31.141060999743786,0.3390544652938843,0.14648722112178802,0.38322585821151733,0.1312323659658432
1774267803.907,2843.630313835,1756,0,neutral,1,31.67830300026253,0.3581758141517639,0.20689713954925537,0.32711702585220337,0.10780993103981018
1774267803.958,2843.680797026,1757,1,happy,1,31.682913999702578,0.31512656807899475,0.32652270793914795,0.26818716526031494,0.0901634469628334
1774267804.008,2843.731162958,1758,1,happy,1,31.305727000017214,0.3269539773464203,0.34131649136543274,0.2501181364059448,0.08161129057407379
1774267804.059,2843.781420389,1759,1,happy,1,32.18874800040794,0.3231147229671478,0.3502444624900818,0.25057730078697205,0.07606339454650879
1774267804.110,2843.832553637,1760,1,happy,1,32.176044000152615,0.27958279848098755,0.4275759756565094,0.2352266013622284,0.057614512741565704
1774267804.160,2843.88242316,1761,1,happy,1,32.66976799977783,0.3273395895957947,0.3289257884025574,0.2945888340473175,0.049145691096782684
1774267804.214,2843.932945148,1762,2,sad,1,35.390605999964464,0.3235979378223419,0.23506413400173187,0.3758895993232727,0.06544820964336395
1774267804.259,2843.982937578,1763,2,sad,1,31.04285700010223,0.32151979207992554,0.27943986654281616,0.3215230107307434,0.07751727104187012
1774267804.317,2844.033393251,1764,2,sad,1,37.9988890003915,0.3013516962528229,0.2185048758983612,0.3786211609840393,0.10152219235897064
1774267804.363,2844.085564964,1765,0,neutral,1,32.48789700000998,0.3549279570579529,0.20529797673225403,0.32437628507614136,0.11539767682552338
1774267804.413,2844.13539982,1766,2,sad,1,32.57521199975599,0.3527947664260864,0.1655060201883316,0.3538220524787903,0.12787708640098572
1774267804.463,2844.185560492,1767,2,sad,1,32.255710999834264,0.32439541816711426,0.18172681331634521,0.36650896072387695,0.1273687332868576
1774267804.518,2844.236156313,1768,2,sad,1,36.22262700037027,0.3423892855644226,0.13286688923835754,0.4109153747558594,0.11382840573787689
1774267804.584,2844.294028852,1769,2,sad,1,44.93840300028751,0.29752445220947266,0.11499711126089096,0.45662999153137207,0.13084834814071655
1774267804.637,2844.350533185,1770,2,sad,1,41.03870900007678,0.259402334690094,0.12190468609333038,0.44516801834106445,0.1735249161720276
1774267804.686,2844.404343419,1771,2,sad,1,35.86621800013745,0.23019637167453766,0.22180406749248505,0.3599175214767456,0.1880819946527481
1774267804.739,2844.452918755,1772,2,sad,1,40.80526500001724,0.31552785634994507,0.190776526927948,0.3265612721443176,0.16713427007198334
1774267804.788,2844.50710299,1773,2,sad,1,36.025237000103516,0.288249671459198,0.16408281028270721,0.35972368717193604,0.18794375658035278
1774267804.837,2844.555762974,1774,2,sad,1,36.37255300009201,0.25734174251556396,0.16144436597824097,0.35151225328445435,0.22970157861709595
1774267804.884,2844.604905514,1775,1,happy,1,33.51165799995215,0.2100784331560135,0.34223753213882446,0.2662353515625,0.18144863843917847
1774267804.929,2844.651218827,1776,1,happy,1,32.392637000157265,0.145416721701622,0.5459840297698975,0.18278947472572327,0.12580975890159607
1774267804.976,2844.698010844,1777,1,happy,1,32.64902700038874,0.10056208074092865,0.6811122894287109,0.12965615093708038,0.08866941183805466
1774267805.022,2844.7437036,1778,1,happy,1,32.99115699974209,0.07968514412641525,0.7486499547958374,0.09712699055671692,0.07453786581754684
1774267805.072,2844.792759937,1779,1,happy,1,33.67593599978136,0.07368522882461548,0.7634999752044678,0.0871158093214035,0.07569892704486847
1774267805.121,2844.842959535,1780,1,happy,1,33.20865700015929,0.12046028673648834,0.6822969913482666,0.11494684219360352,0.08229577541351318
1774267805.171,2844.893498708,1781,1,happy,1,32.329396000022825,0.08665541559457779,0.7642358541488647,0.0823795348405838,0.06672914326190948
1774267805.223,2844.944381696,1782,1,happy,1,33.206360999884055,0.06564375758171082,0.7844861149787903,0.06968054175376892,0.08018948882818222
1774267805.273,2844.994715461,1783,1,happy,1,33.123323999916465,0.11694857478141785,0.624175488948822,0.13874685764312744,0.12012895941734314
1774267805.323,2845.045641413,1784,1,happy,1,32.36300800017489,0.0948113426566124,0.6761105060577393,0.10741226375102997,0.12166579067707062
1774267805.375,2845.096879717,1785,1,happy,1,32.899026999984926,0.12691883742809296,0.5876299738883972,0.16102494299411774,0.12442620098590851
1774267805.425,2845.147548557,1786,1,happy,1,32.23674800028675,0.15474793314933777,0.5138920545578003,0.17143189907073975,0.15992800891399384
1774267805.481,2845.19838823,1787,1,happy,1,36.99475799976426,0.2115946114063263,0.41643643379211426,0.21075548231601715,0.16121339797973633
1774267805.528,2845.2493642,1788,1,happy,1,33.2788430000619,0.18571974337100983,0.4543750286102295,0.196257084608078,0.16364803910255432
1774267805.587,2845.299084538,1789,1,happy,1,42.78178799995658,0.16430826485157013,0.38178423047065735,0.27320224046707153,0.18070515990257263
1774267805.638,2845.354468017,1790,2,sad,1,37.87609200026054,0.18894022703170776,0.3128353953361511,0.3300458788871765,0.16817840933799744
1774267805.687,2845.404937801,1791,1,happy,1,36.34931199985658,0.23736044764518738,0.30689671635627747,0.2965989410877228,0.15914380550384521
1774267805.732,2845.454660028,1792,2,sad,1,31.72513599974991,0.24445155262947083,0.28906384110450745,0.31222227215766907,0.1542622596025467
1774267805.778,2845.500249432,1793,2,sad,1,32.39434099987193,0.24164792895317078,0.21875494718551636,0.3426629304885864,0.19693413376808167
1774267805.830,2845.549724084,1794,2,sad,1,35.35679100014022,0.2185136377811432,0.19654934108257294,0.3835170865058899,0.20141983032226562
1774267805.878,2845.600885443,1795,2,sad,1,32.21784099969227,0.2178407609462738,0.18952356278896332,0.3933224678039551,0.19931313395500183
1774267805.929,2845.651055949,1796,2,sad,1,32.54969300041921,0.24939244985580444,0.19535818696022034,0.3695407509803772,0.18570852279663086
1774267805.982,2845.702839791,1797,2,sad,1,33.46475000034843,0.28776347637176514,0.17499838769435883,0.3791014552116394,0.15813657641410828
1774267806.032,2845.751930813,1798,2,sad,1,35.022217000005185,0.2516820430755615,0.1516040414571762,0.41603291034698486,0.18068093061447144
1774267806.084,2845.803820248,1799,2,sad,1,34.469474999696104,0.2731974720954895,0.16580837965011597,0.4105765223503113,0.15041759610176086
1774267806.132,2845.85317877,1800,2,sad,1,33.266436000303656,0.24783921241760254,0.12575721740722656,0.47152459621429443,0.15487894415855408
1774267806.182,2845.903669536,1801,2,sad,1,32.94302799986326,0.2182140350341797,0.12768831849098206,0.4663381278514862,0.18775948882102966
1774267806.231,2845.953900505,1802,2,sad,1,32.10815600004935,0.20835676789283752,0.10674342513084412,0.49328529834747314,0.19161444902420044
1774267806.283,2846.004853809,1803,2,sad,1,32.670545000200946,0.2230881005525589,0.10640983283519745,0.5052782893180847,0.16522373259067535
1774267806.332,2846.054359202,1804,2,sad,1,32.45052600004783,0.19269497692584991,0.10351549088954926,0.5423813462257385,0.16140815615653992
1774267806.384,2846.105022672,1805,2,sad,1,33.514176000153384,0.20549866557121277,0.09215057641267776,0.5574560761451721,0.14489462971687317
1774267806.436,2846.155391344,1806,2,sad,1,35.029532000407926,0.17801153659820557,0.0947594940662384,0.5536396503448486,0.173589289188385
1774267806.493,2846.207445021,1807,2,sad,1,40.256004000184475,0.17829903960227966,0.11163242906332016,0.5373044013977051,0.17276409268379211
1774267806.543,2846.261876683,1808,2,sad,1,36.20786700003009,0.18207713961601257,0.12005136907100677,0.5406535863876343,0.1572178304195404
1774267806.592,2846.311332446,1809,2,sad,1,35.09273600002416,0.1927984207868576,0.13267485797405243,0.513103723526001,0.16142290830612183
1774267806.639,2846.358785058,1810,2,sad,1,34.848975999921095,0.20202353596687317,0.13390515744686127,0.481181263923645,0.18288996815681458
1774267806.688,2846.408867138,1811,2,sad,1,33.64541700011614,0.18364757299423218,0.11428897827863693,0.5144074559211731,0.18765586614608765
1774267806.738,2846.458861328,1812,2,sad,1,34.052419000090595,0.16093726456165314,0.11120956391096115,0.5490332841873169,0.17881973087787628
1774267806.789,2846.509678039,1813,2,sad,1,33.692824999889126,0.11741669476032257,0.08348613232374191,0.6252683997154236,0.17382866144180298
1774267806.838,2846.559716656,1814,2,sad,1,32.75074900011532,0.09079159796237946,0.2131686508655548,0.5435245633125305,0.15251506865024567
1774267806.904,2846.610325384,1815,2,sad,1,47.908279999774095,0.07657220214605331,0.24602168798446655,0.49595507979393005,0.18145090341567993
1774267806.963,2846.674736622,1816,2,sad,1,42.658694999772706,0.0836455374956131,0.3058375120162964,0.45545125007629395,0.15506553649902344
1774267807.016,2846.728597394,1817,2,sad,1,42.18080499958887,0.12665434181690216,0.27535608410835266,0.47023850679397583,0.1277509480714798
1774267807.067,2846.782812371,1818,2,sad,1,38.559946000077616,0.14432895183563232,0.24963906407356262,0.49188995361328125,0.11414189636707306
1774267807.121,2846.834523954,1819,2,sad,1,40.73039500008235,0.1435253620147705,0.20994973182678223,0.5344662070274353,0.1120585948228836
1774267807.169,2846.886673538,1820,2,sad,1,36.897053999837226,0.11913240700960159,0.17590956389904022,0.5786648392677307,0.1262931227684021
1774267807.216,2846.934958651,1821,2,sad,1,35.778292999566474,0.09596283733844757,0.20131458342075348,0.5674134492874146,0.13530908524990082
1774267807.262,2846.982761264,1822,2,sad,1,33.76251100007721,0.08147811889648438,0.24969801306724548,0.4991052746772766,0.16971850395202637
1774267807.307,2847.027912389,1823,1,happy,1,33.59090000003562,0.08506453037261963,0.4298039674758911,0.35962551832199097,0.12550590932369232
1774267807.352,2847.072966663,1824,1,happy,1,33.976697000071,0.08817945420742035,0.5663820505142212,0.255352646112442,0.09008577466011047
1774267807.399,2847.119539125,1825,1,happy,1,33.94649300025776,0.06726103276014328,0.6505395770072937,0.1952584832906723,0.08694083988666534
1774267807.455,2847.169069185,1826,1,happy,1,40.39550600009534,0.04999914392828941,0.721497654914856,0.1468835473060608,0.08161961287260056
1774267807.502,2847.221940382,1827,1,happy,1,34.963161000177934,0.03456561639904976,0.7501830458641052,0.1265621781349182,0.08868907392024994
1774267807.549,2847.269896124,1828,1,happy,1,33.888640999975905,0.023307185620069504,0.8110703229904175,0.10076513886451721,0.06485725939273834
1774267807.598,2847.319590907,1829,1,happy,1,33.17024999978457,0.01528604794293642,0.8691352605819702,0.06856203824281693,0.047016579657793045
1774267807.648,2847.370406748,1830,1,happy,1,32.436637000046176,0.009987452998757362,0.9125186800956726,0.04526004567742348,0.03223373740911484
1774267807.699,2847.421397348,1831,1,happy,1,32.67891599989525,0.006838853005319834,0.9165130257606506,0.04730002582073212,0.029348038136959076
1774267807.753,2847.47275143,1832,1,happy,1,34.423883000272326,0.006914888974279165,0.9369201064109802,0.034408532083034515,0.021756410598754883
1774267807.802,2847.522553806,1833,1,happy,1,33.8075290001143,0.005246941931545734,0.9468038082122803,0.027981936931610107,0.01996723562479019
1774267807.851,2847.572543626,1834,1,happy,1,33.52469599985852,0.003877336159348488,0.9453390836715698,0.023558221757411957,0.027225255966186523
1774267807.902,2847.622882355,1835,1,happy,1,33.88541799995437,0.006214158609509468,0.9176045656204224,0.04553867504000664,0.030642453581094742
1774267807.952,2847.67336601,1836,1,happy,1,33.04669399994964,0.00680443923920393,0.8858424425125122,0.0696154236793518,0.03773757070302963
1774267808.003,2847.723998868,1837,1,happy,1,33.65262200031793,0.024765778332948685,0.8625078201293945,0.08000315725803375,0.03272312134504318
1774267808.054,2847.774417319,1838,1,happy,1,34.699902000284055,0.028160765767097473,0.8701393604278564,0.07574478536844254,0.025955017656087875
1774267808.104,2847.82515629,1839,1,happy,1,34.01075200008563,0.051039718091487885,0.8325079083442688,0.09026901423931122,0.02618328481912613
1774267808.156,2847.8755825,1840,1,happy,1,35.237977000178944,0.07381740212440491,0.794195294380188,0.10167896747589111,0.030308270826935768
1774267808.207,2847.926267341,1841,1,happy,1,35.136310000325466,0.07336822152137756,0.7738664150238037,0.11565914005041122,0.037106189876794815
1774267808.257,2847.976941163,1842,1,happy,1,34.05143700001645,0.05938902869820595,0.8198884725570679,0.09065514802932739,0.030067311599850655
1774267808.309,2848.026741483,1843,1,happy,1,37.03718399992795,0.049318891018629074,0.838707447052002,0.08132825791835785,0.030645420774817467
1774267808.357,2848.078375066,1844,1,happy,1,33.72038099996644,0.03948844596743584,0.872298002243042,0.06308885663747787,0.025124642997980118
1774267808.421,2848.130957003,1845,1,happy,1,44.78777300028014,0.036705613136291504,0.8758640289306641,0.06206692010164261,0.025363396853208542
