timestamp_unix,packet_ts,seq,argmax_idx,argmax_label,face_detected,latency_ms,neutral,happy,sad,angry
1774267927.585,2967.300918508,0,1,happy,1,38.74933599990982,0.018243996426463127,0.9512125849723816,0.030191175639629364,0.00035225035389885306
1774267927.790,2967.506668326,1,1,happy,1,38.22201999992103,0.038102250546216965,0.7667573690414429,0.19470682740211487,0.0004335546400398016
1774267927.838,2967.558040211,2,1,happy,1,34.22804699994231,0.08879737555980682,0.6271191835403442,0.2832508981227875,0.0008324994705617428
1774267927.885,2967.605257475,3,1,happy,1,34.307620999697974,0.10266746580600739,0.49409177899360657,0.4021364450454712,0.0011042626574635506
1774267927.931,2967.652617313,4,2,sad,1,33.074135999868304,0.12212064862251282,0.36520570516586304,0.5116827487945557,0.0009908012580126524
1774267927.975,2967.696433661,5,2,sad,1,33.34495199987941,0.2201111614704132,0.3032527565956116,0.4757126569747925,0.0009233236778527498
1774267928.019,2967.740908288,6,2,sad,1,32.38728299993454,0.30917221307754517,0.2733117938041687,0.41666388511657715,0.0008520127739757299
1774267928.061,2967.784216098,7,0,neutral,1,31.260631999884936,0.3548834025859833,0.2984432876110077,0.34579047560691833,0.0008827674901112914
1774267928.103,2967.827035703,8,1,happy,1,31.1027429997921,0.3179169297218323,0.3411540985107422,0.34004485607147217,0.0008840255322866142
1774267928.146,2967.869519289,9,1,happy,1,30.953741999837803,0.35568904876708984,0.357803076505661,0.28530198335647583,0.0012058124411851168
1774267928.189,2967.911779411,10,1,happy,1,31.902762999834522,0.3347994387149811,0.3790370225906372,0.28492647409439087,0.0012370035983622074
1774267928.231,2967.955519036,11,1,happy,1,30.614056999638706,0.30490729212760925,0.3767939805984497,0.31686145067214966,0.0014371818397194147
1774267928.274,2967.997967233,12,1,happy,1,30.5619820001084,0.28655216097831726,0.4464196264743805,0.2653777599334717,0.0016503724036738276
1774267928.317,2968.039721224,13,2,sad,1,31.737448000058066,0.202365905046463,0.36147063970565796,0.43469393253326416,0.0014694595010951161
1774267928.360,2968.083041682,14,2,sad,1,31.70942999986437,0.13534170389175415,0.24008207023143768,0.6161417961120605,0.008434372954070568
1774267928.404,2968.126562104,15,2,sad,1,32.49218999962977,0.10694670677185059,0.16660556197166443,0.7099097967147827,0.016537848860025406
1774267928.446,2968.170254896,16,2,sad,1,30.77359400003843,0.16739873588085175,0.11633104085922241,0.701152503490448,0.01511760801076889
1774267928.489,2968.213180242,17,2,sad,1,30.61581500014654,0.1978553831577301,0.1439383327960968,0.6252018213272095,0.033004336059093475
1774267928.531,2968.25538066,18,2,sad,1,29.96088800000507,0.31503134965896606,0.16216008365154266,0.4942169785499573,0.0285914596170187
1774267928.573,2968.296610983,19,0,neutral,1,30.73740900026678,0.38569676876068115,0.255082368850708,0.3376765847206116,0.021544134244322777
1774267928.616,2968.339738144,20,0,neutral,1,31.119335999846953,0.38493382930755615,0.37737083435058594,0.2221813052892685,0.015513903461396694
1774267928.659,2968.383731548,21,1,happy,1,29.79485100013335,0.3513355255126953,0.48724859952926636,0.14869016408920288,0.012725574895739555
1774267928.701,2968.425244076,22,1,happy,1,30.615390000093612,0.29906779527664185,0.5893785357475281,0.09922321885824203,0.012330364435911179
1774267928.743,2968.467445031,23,1,happy,1,29.878870000175084,0.2051422894001007,0.7205775380134583,0.06481929123401642,0.009460808709263802
1774267928.786,2968.509242893,24,1,happy,1,31.41794699968159,0.1611534208059311,0.780028223991394,0.04391467943787575,0.014903660863637924
1774267928.835,2968.559356201,25,1,happy,1,30.30529600027876,0.13116537034511566,0.8218958377838135,0.030776597559452057,0.016162171959877014
1774267928.885,2968.609271897,26,1,happy,1,30.351685999903566,0.11331687122583389,0.8501666188240051,0.022089185193181038,0.014427266083657742
1774267928.935,2968.659243798,27,1,happy,1,30.71818600028564,0.09886978566646576,0.873477041721344,0.01503367442637682,0.01261945441365242
1774267928.987,2968.709596995,28,1,happy,1,31.819485000141867,0.1143672987818718,0.8619375824928284,0.01194465160369873,0.011750414967536926
1774267929.037,2968.760663009,29,1,happy,1,30.987132000063866,0.09138272702693939,0.8907808065414429,0.008269291371107101,0.009567074477672577
1774267929.088,2968.810977595,30,1,happy,1,31.489095999859273,0.07295901328325272,0.9107532501220703,0.006295009516179562,0.00999261625111103
1774267929.138,2968.861938072,31,1,happy,1,30.870445999880758,0.05395321920514107,0.9336982369422913,0.004344231449067593,0.00800416711717844
1774267929.189,2968.912657067,32,1,happy,1,31.036187000154314,0.04353226348757744,0.9465032815933228,0.0031335963867604733,0.006830749101936817
1774267929.240,2968.963590544,33,1,happy,1,30.799353000020346,0.0407954603433609,0.9496670365333557,0.0038679130375385284,0.0056694746017456055
1774267929.292,2969.015121078,34,1,happy,1,31.232651000209444,0.06509755551815033,0.882899284362793,0.03882410749793053,0.013178869150578976
1774267929.340,2969.065306127,35,1,happy,1,29.820092000136356,0.1594003587961197,0.6690857410430908,0.1587517261505127,0.012761995196342468
1774267929.391,2969.115471306,36,1,happy,1,29.928203000054054,0.15738257765769958,0.592863917350769,0.23633797466754913,0.013415411114692688
1774267929.442,2969.165998596,37,2,sad,1,30.502870999953302,0.10998541116714478,0.4224753677845001,0.4489944577217102,0.01854463294148445
1774267929.492,2969.216354701,38,2,sad,1,30.445742000210885,0.08752155303955078,0.389049232006073,0.5031384229660034,0.020290695130825043
1774267929.543,2969.267036807,39,2,sad,1,30.17236999994566,0.09636333584785461,0.3136989176273346,0.5563936233520508,0.03354400768876076
1774267929.594,2969.318494248,40,1,happy,1,29.72264699974403,0.2095745950937271,0.4053233861923218,0.3629712462425232,0.022130673751235008
1774267929.645,2969.369130798,41,1,happy,1,30.401797000195074,0.2111843228340149,0.5359780788421631,0.2372404783964157,0.015597032383084297
1774267929.695,2969.419612663,42,1,happy,1,30.465704000107507,0.2092287838459015,0.6255404949188232,0.15487349033355713,0.010357124730944633
1774267929.745,2969.470215065,43,1,happy,1,29.619701999763492,0.1870768517255783,0.7039579153060913,0.10176432132720947,0.007200763560831547
1774267929.795,2969.520188058,44,1,happy,1,29.636906000177987,0.3694876730442047,0.5595239400863647,0.06625121831893921,0.004737026523798704
1774267929.845,2969.570392088,45,1,happy,1,29.589554999802203,0.4531034231185913,0.5007172226905823,0.043080899864435196,0.0030983411706984043
1774267929.896,2969.621203417,46,0,neutral,1,29.864739999993617,0.5396811962127686,0.43020445108413696,0.028054801747202873,0.0020594284869730473
1774267929.947,2969.67172817,47,1,happy,1,29.796777000228758,0.3997992277145386,0.5804327726364136,0.01828194595873356,0.0014859772054478526
1774267929.998,2969.722336776,48,1,happy,1,29.889351000292663,0.26803699135780334,0.7189743518829346,0.0119100883603096,0.001078522065654397
1774267930.049,2969.773173179,49,1,happy,1,30.425963000197953,0.17759355902671814,0.8139253854751587,0.007747679017484188,0.00073329295264557
1774267930.100,2969.824131082,50,1,happy,1,30.5674450000879,0.11684583127498627,0.8775668740272522,0.005045603960752487,0.0005416146595962346
1774267930.150,2969.874460613,51,1,happy,1,30.285611000181234,0.0808495357632637,0.9154622554779053,0.0032935207709670067,0.0003946107462979853
1774267930.202,2969.924877403,52,1,happy,1,31.593410999903426,0.0532129742205143,0.9443641901016235,0.002143456833437085,0.00027931726071983576
1774267930.251,2969.974913137,53,1,happy,1,30.619816000125866,0.034809742122888565,0.963578462600708,0.0013985666446387768,0.0002131404762621969
1774267930.301,2970.025794374,54,1,happy,1,29.806962000293424,0.028281692415475845,0.9706165194511414,0.0009220275678671896,0.0001796576689230278
1774267930.352,2970.076127738,55,1,happy,1,30.99646499958908,0.01919913850724697,0.9800434112548828,0.0006071509560570121,0.00015027372865006328
1774267930.406,2970.126842492,56,1,happy,1,33.769176000078005,0.013897223398089409,0.9854183197021484,0.00045215676072984934,0.0002322648069821298
1774267930.461,2970.178553879,57,1,happy,1,37.10801699980948,0.012638498097658157,0.9868530631065369,0.0003120783076155931,0.00019634768250398338
1774267930.509,2970.22983106,58,1,happy,1,34.16504699998768,0.04343205690383911,0.9445180892944336,0.009846036322414875,0.0022037180606275797
1774267930.555,2970.27936046,59,1,happy,1,30.81100100007461,0.03420352563261986,0.9511301517486572,0.012799171730875969,0.0018670681165531278
1774267930.606,2970.32957712,60,1,happy,1,31.381632999909925,0.2503877282142639,0.7393860220909119,0.008915296755731106,0.0013108529383316636
1774267930.657,2970.381442118,61,1,happy,1,30.33724099987012,0.2916024327278137,0.7013891935348511,0.0061110821552574635,0.000897229474503547
1774267930.707,2970.431726927,62,1,happy,1,30.134276999888243,0.31124699115753174,0.6838760375976562,0.004243660718202591,0.0006332824123091996
1774267930.757,2970.482670922,63,1,happy,1,29.515184000047157,0.27386361360549927,0.7228395938873291,0.0028380067087709904,0.00045867657172493637
1774267930.809,2970.533427195,64,1,happy,1,29.804980999870168,0.3465249538421631,0.6511545777320862,0.001991617726162076,0.0003287410654593259
1774267930.860,2970.584467913,65,1,happy,1,29.928999999810912,0.2587338387966156,0.7395366430282593,0.0014904261333867908,0.00023903547844383866
1774267930.910,2970.634762203,66,1,happy,1,30.206241000087175,0.2807345390319824,0.7179057598114014,0.0011303809005767107,0.0002292209246661514
1774267930.961,2970.68543442,67,1,happy,1,30.016795999927126,0.2763679325580597,0.7223345637321472,0.001077598542906344,0.00021977441792842
1774267931.013,2970.736395046,68,1,happy,1,31.15987299997869,0.2093525379896164,0.789650559425354,0.0008161960286088288,0.00018056391854770482
1774267931.063,2970.786741892,69,1,happy,1,30.551742000170634,0.17686985433101654,0.8224140405654907,0.000587059126701206,0.000128879226394929
1774267931.112,2970.837174368,70,1,happy,1,29.775831999813818,0.3030576705932617,0.6962931156158447,0.0005386301199905574,0.00011037713557016104
1774267931.163,2970.887936215,71,1,happy,1,29.70238799980507,0.24723908305168152,0.7520419359207153,0.0005013563786633313,0.0002174376859329641
1774267931.213,2970.937974449,72,1,happy,1,30.10696299998017,0.22314542531967163,0.7762521505355835,0.0004332122625783086,0.00016901401977520436
1774267931.264,2970.98900276,73,1,happy,1,29.80270299985932,0.15385936200618744,0.8453463315963745,0.0005132711958140135,0.00028083453071303666
1774267931.319,2971.039852737,74,1,happy,1,33.83880499995939,0.11587484925985336,0.8835353851318359,0.00039875495713204145,0.00019086178508587182
1774267931.366,2971.09025075,75,1,happy,1,30.917372000203613,0.08027378469705582,0.9185968041419983,0.0009826015448197722,0.00014666671631857753
1774267931.417,2971.14076893,76,1,happy,1,30.705094000040845,0.052291933447122574,0.8294610381126404,0.1180909052491188,0.0001560207747388631
1774267931.468,2971.191892444,77,1,happy,1,31.169557999874087,0.036849625408649445,0.8795868158340454,0.08342248946428299,0.00014096361701376736
1774267931.519,2971.242438032,78,1,happy,1,31.670485000176996,0.029356634244322777,0.9162271022796631,0.05431907996535301,9.70809196587652e-05
1774267931.569,2971.292740341,79,1,happy,1,30.526315000315662,0.023344479501247406,0.9412250518798828,0.03536214679479599,6.826940079918131e-05
1774267931.619,2971.342459722,80,1,happy,1,31.56746700005897,0.01902150548994541,0.9577360153198242,0.023188341408967972,5.4106236348161474e-05
1774267931.669,2971.393308977,81,1,happy,1,30.679390000386775,0.01496825646609068,0.9698276519775391,0.015164582058787346,3.946567449020222e-05
1774267931.721,2971.443687268,82,1,happy,1,32.137097000031645,0.01157755684107542,0.978263258934021,0.010131388902664185,2.7780357413575985e-05
1774267931.770,2971.494067762,83,1,happy,1,31.07303899969338,0.01856924407184124,0.9745205044746399,0.006882591638714075,2.7613903512246907e-05
1774267931.822,2971.545040035,84,1,happy,1,32.023504999870056,0.03314852714538574,0.9617986679077148,0.005024931393563747,2.782975570880808e-05
1774267931.873,2971.595426919,85,1,happy,1,32.51670899999226,0.0390707291662693,0.9559959173202515,0.004908217582851648,2.5021241526701488e-05
1774267931.922,2971.646396359,86,1,happy,1,30.741427000066324,0.034666918218135834,0.9618613719940186,0.0034458742011338472,2.568749914644286e-05
1774267931.973,2971.696607964,87,1,happy,1,30.99274299984245,0.05559655278921127,0.941231369972229,0.0031421398743987083,2.9811915737809613e-05
1774267932.023,2971.74662755,88,1,happy,1,30.719020000105957,0.04399540275335312,0.9524168968200684,0.0035538608208298683,3.372222272446379e-05
1774267932.074,2971.797030433,89,1,happy,1,31.313207000039256,0.02963598631322384,0.96419358253479,0.006144826300442219,2.5402145183761604e-05
1774267932.124,2971.848347041,90,1,happy,1,30.627316999925824,0.0212674792855978,0.9743215441703796,0.00439247814938426,1.8318989532417618e-05
1774267932.175,2971.898762203,91,1,happy,1,30.890130999978282,0.01578136719763279,0.9811340570449829,0.0030383775010704994,4.603733395924792e-05
1774267932.226,2971.948898678,92,1,happy,1,31.6199669996422,0.014909902587532997,0.9827766418457031,0.002216534921899438,9.672376472735777e-05
1774267932.275,2971.998763282,93,1,happy,1,31.40639299999748,0.019291279837489128,0.9790819883346558,0.0015256775077432394,0.00010093448508996516
1774267932.325,2972.048913202,94,1,happy,1,31.059113999617693,0.019202493131160736,0.9795773029327393,0.0011351063149049878,8.494944631820545e-05
1774267932.378,2972.100163014,95,1,happy,1,32.30493099999876,0.013027855195105076,0.9860131144523621,0.0008942594286054373,6.46780536044389e-05
1774267932.428,2972.150425138,96,1,happy,1,32.08961599966642,0.011833880096673965,0.9862455725669861,0.0015798918902873993,0.000340540602337569
1774267932.480,2972.200848095,97,1,happy,1,33.3736380002847,0.00903594121336937,0.9895560145378113,0.0011783886002376676,0.00022955622989684343
1774267932.529,2972.251420905,98,1,happy,1,32.138652999947226,0.008037867024540901,0.9908775091171265,0.0009192962315864861,0.0001651936472626403
1774267932.582,2972.303628219,99,1,happy,1,32.80987700009064,0.0063610319048166275,0.992445170879364,0.0010645490838214755,0.00012917352432850748
1774267932.632,2972.353704379,100,1,happy,1,33.20219299985183,0.005169830750674009,0.9940020442008972,0.0007343016914092004,9.374678484164178e-05
1774267932.681,2972.404202263,101,1,happy,1,31.963967999672604,0.005705343559384346,0.9934436678886414,0.0007537113269791007,9.717744251247495e-05
1774267932.730,2972.453723181,102,1,happy,1,30.844427999909385,0.004821620415896177,0.9943276643753052,0.0007646589074283838,8.599493594374508e-05
1774267932.785,2972.506127144,103,1,happy,1,33.60974899987923,0.004377385601401329,0.9949101209640503,0.0006365457084029913,7.59201284381561e-05
1774267932.833,2972.555534803,104,1,happy,1,32.586395000180346,0.004683396779000759,0.9945648908615112,0.0006853641243651509,6.631323049077764e-05
1774267932.881,2972.605753964,105,1,happy,1,30.314499999803957,0.004798387177288532,0.9944949746131897,0.0006130152032710612,9.359512478113174e-05
1774267932.933,2972.65630157,106,1,happy,1,31.140984000103344,0.005664072930812836,0.993806004524231,0.00045646957005374134,7.346329221036285e-05
1774267932.984,2972.707082547,107,1,happy,1,31.450224999844067,0.006187201477587223,0.9933594465255737,0.0003814269439317286,7.189230382209644e-05
1774267933.034,2972.757347763,108,1,happy,1,31.811244999971677,0.0055943438783288,0.9940154552459717,0.0003147078095935285,7.5508352892939e-05
1774267933.085,2972.808092092,109,1,happy,1,31.459077999898,0.006670995615422726,0.9929354190826416,0.000326800683978945,6.674767064396292e-05
1774267933.135,2972.858338809,110,1,happy,1,31.757281999944098,0.017441580072045326,0.9818670749664307,0.0006157215684652328,7.557531353086233e-05
1774267933.186,2972.908887211,111,1,happy,1,31.99206099998264,0.026837509125471115,0.972339928150177,0.0006835266249254346,0.00013895267329644412
1774267933.236,2972.959481614,112,1,happy,1,31.263020999631408,0.02188991755247116,0.9774568676948547,0.0005376318586058915,0.00011552865180419758
1774267933.285,2973.0093102,113,1,happy,1,30.78205700012404,0.02048482373356819,0.9786434173583984,0.0007648551254533231,0.00010685934103094041
1774267933.339,2973.059988325,114,1,happy,1,34.17591699962941,0.018027104437351227,0.9811164140701294,0.0007650654297322035,9.135354775935411e-05
1774267933.387,2973.11053519,115,1,happy,1,31.271206999917922,0.015050658956170082,0.9842877984046936,0.0005872128531336784,7.424205978168175e-05
1774267933.438,2973.160621055,116,1,happy,1,31.798282000181644,0.013695914298295975,0.9857816696166992,0.00045830931048840284,6.400654092431068e-05
1774267933.488,2973.210723271,117,1,happy,1,32.011337999847456,0.011919919401407242,0.9876736402511597,0.000357020297087729,4.920807259622961e-05
1774267933.539,2973.261167266,118,1,happy,1,32.93145099996764,0.013257008977234364,0.9862174391746521,0.000477517896797508,4.7879675548756495e-05
1774267933.589,2973.311781891,119,1,happy,1,32.016301000112435,0.015244259499013424,0.9841707348823547,0.000538285297807306,4.658857506001368e-05
1774267933.640,2973.362462053,120,1,happy,1,31.89852300010898,0.015208212658762932,0.9841663837432861,0.0005767268012277782,4.859398177359253e-05
1774267933.692,2973.413543457,121,1,happy,1,32.8272100000504,0.015240568667650223,0.9841278195381165,0.0005731616402044892,5.834260446135886e-05
1774267933.742,2973.465184121,122,1,happy,1,31.54724499972872,0.01587006449699402,0.983539342880249,0.0004746151971630752,0.00011592532973736525
1774267933.793,2973.515478967,123,1,happy,1,31.884615999842936,0.015111466869711876,0.9842181205749512,0.000553225283510983,0.0001170876421383582
1774267933.842,2973.565365239,124,1,happy,1,31.20305799984635,0.014359277673065662,0.985117495059967,0.0004179752722848207,0.00010516778274904937
1774267933.892,2973.616360309,125,1,happy,1,30.305926999972144,0.016634095460176468,0.9828759431838989,0.0003917334252037108,9.813975339056924e-05
1774267933.943,2973.666900971,126,1,happy,1,30.67705700004808,0.026537438854575157,0.9726665019989014,0.0006977921002544463,9.815912926569581e-05
1774267933.993,2973.717020817,127,1,happy,1,30.86963099985951,0.021442856639623642,0.9677643179893494,0.010719629935920238,7.307012128876522e-05
1774267934.047,2973.769172242,128,1,happy,1,32.53537599994161,0.01473342813551426,0.8314563035964966,0.1537310928106308,7.907202962087467e-05
1774267934.097,2973.819000124,129,1,happy,1,32.15024600012839,0.011500791646540165,0.8569781184196472,0.1314416229724884,7.93474682723172e-05
1774267934.147,2973.869460045,130,1,happy,1,32.072098000298865,0.011810647323727608,0.9011338949203491,0.08691927045583725,0.00013610662426799536
1774267934.197,2973.919537669,131,1,happy,1,31.985523000003013,0.014063503593206406,0.9284857511520386,0.057302121073007584,0.00014851754531264305
1774267934.247,2973.969824108,132,1,happy,1,31.67594900014592,0.01429215632379055,0.9479819536209106,0.03760170564055443,0.00012408927432261407
1774267934.298,2974.02146681,133,1,happy,1,31.04800199980673,0.018737461417913437,0.9562528133392334,0.024874147027730942,0.00013545378169510514
1774267934.348,2974.07165886,134,1,happy,1,30.841205000342597,0.02183188498020172,0.9613608121871948,0.016667446121573448,0.00013974460307508707
1774267934.398,2974.121662761,135,1,happy,1,30.795613000009325,0.02494223788380623,0.9635985493659973,0.011312723159790039,0.00014639391156379133
1774267934.450,2974.172468516,136,1,happy,1,32.447727999624476,0.02237829566001892,0.969965398311615,0.007531676907092333,0.00012452802911866456
1774267934.499,2974.222570529,137,1,happy,1,31.1258359997737,0.020723393186926842,0.974024772644043,0.00514451926574111,0.0001072688028216362
1774267934.549,2974.272542319,138,1,happy,1,31.610671000180446,0.017103087157011032,0.9793033599853516,0.0035044350661337376,8.909149619285017e-05
1774267934.600,2974.322900869,139,1,happy,1,31.56178200015347,0.01650410331785679,0.9809784293174744,0.002410666551440954,0.0001067821285687387
1774267934.651,2974.373318087,140,1,happy,1,32.087485999909404,0.01618696004152298,0.9817930459976196,0.0018485088367015123,0.00017139792907983065
1774267934.701,2974.423456729,141,1,happy,1,32.298357999934524,0.013694154098629951,0.9847338795661926,0.0013740567956119776,0.00019784981850534678
1774267934.752,2974.474508392,142,1,happy,1,32.19913499970062,0.014247404411435127,0.9842836260795593,0.0013146770652383566,0.00015421415446326137
1774267934.804,2974.525142573,143,1,happy,1,33.112508000158414,0.01540214940905571,0.9832843542098999,0.0011164165334776044,0.00019702286226674914
1774267934.854,2974.57595605,144,1,happy,1,32.664543999999296,0.017748549580574036,0.9805742502212524,0.0015093693509697914,0.00016781213344074786
1774267934.906,2974.626289545,145,1,happy,1,34.74321600015173,0.015676062554121017,0.9830105304718018,0.0011720381444320083,0.00014138626283966005
1774267934.954,2974.676868226,146,1,happy,1,32.04754200032767,0.018515469506382942,0.9795083999633789,0.0018158257007598877,0.0001603000273462385
1774267935.004,2974.726969924,147,1,happy,1,31.702114999916375,0.01593713089823723,0.9823384284973145,0.0014695253921672702,0.0002548334305174649
1774267935.054,2974.777232307,148,1,happy,1,31.693708000148035,0.015225274488329887,0.9829007387161255,0.0016408455558121204,0.00023302558111026883
1774267935.105,2974.827476172,149,1,happy,1,31.714115999875503,0.015152910724282265,0.9815730452537537,0.0030388538725674152,0.00023506168508902192
1774267935.157,2974.878186612,150,1,happy,1,33.73751000026459,0.010513540357351303,0.9866934418678284,0.002495073014870286,0.0002978410921059549
1774267935.206,2974.928334088,151,1,happy,1,32.0999870000378,0.009950834326446056,0.9876099824905396,0.0021321759559214115,0.00030686805257573724
1774267935.255,2974.978765065,152,1,happy,1,31.20722499988915,0.01125123631209135,0.9858614206314087,0.002565688919275999,0.0003215353935956955
1774267935.307,2975.029457116,153,1,happy,1,32.07343200028845,0.018025033175945282,0.9796867966651917,0.001970388228073716,0.00031767733162268996
1774267935.357,2975.079483888,154,1,happy,1,32.378968999637436,0.02009023353457451,0.9772616624832153,0.002422431018203497,0.00022566362167708576
1774267935.407,2975.129723031,155,1,happy,1,32.228135999957885,0.02316955104470253,0.9733039140701294,0.003189092269167304,0.00033735219039954245
1774267935.458,2975.17952471,156,1,happy,1,32.71339599996281,0.02166280522942543,0.9743699431419373,0.0035929721780121326,0.0003741414111573249
1774267935.507,2975.229714908,157,1,happy,1,32.30848800012609,0.021370399743318558,0.9752008318901062,0.0030516881961375475,0.00037693465128540993
1774267935.564,2975.282060927,158,1,happy,1,36.419274999843765,0.017689868807792664,0.9795844554901123,0.002361432183533907,0.0003640641807578504
1774267935.612,2975.333499813,159,1,happy,1,33.44856500007154,0.01692618615925312,0.9806939363479614,0.002018603729084134,0.00036114707472734153
1774267935.659,2975.383389659,160,1,happy,1,30.753724000078364,0.014622051268815994,0.983596682548523,0.0014398355269804597,0.00034132078872062266
1774267935.710,2975.433444783,161,1,happy,1,30.999947000054817,0.013502032496035099,0.9851754903793335,0.0010717345867305994,0.000250673241680488
1774267935.759,2975.483289332,162,1,happy,1,30.88078000018868,0.009769085794687271,0.9892531633377075,0.0007830466493032873,0.00019466022786218673
1774267935.809,2975.533638679,163,1,happy,1,30.277797000053397,0.00683445343747735,0.9924660325050354,0.0005547474138438702,0.00014468643348664045
1774267935.862,2975.585385289,164,1,happy,1,31.087151000065205,0.009373689070343971,0.9899331331253052,0.0004778529400937259,0.00021526849013753235
1774267935.912,2975.636152618,165,1,happy,1,30.74024300030942,0.01149117760360241,0.9877183437347412,0.0005631396779790521,0.00022721495770383626
1774267935.962,2975.686449391,166,1,happy,1,29.816591999860975,0.014089425094425678,0.983373761177063,0.0022149826399981976,0.00032167398603633046
1774267936.012,2975.73670933,167,1,happy,1,30.322982000143384,0.02277599275112152,0.9741365313529968,0.0027264170348644257,0.00036092993104830384
1774267936.063,2975.787232251,168,1,happy,1,30.452168000010715,0.035976383835077286,0.9603305459022522,0.0031040827743709087,0.000588876660913229
1774267936.114,2975.837690006,169,1,happy,1,30.82613200012929,0.03682862967252731,0.9586811065673828,0.0037587746046483517,0.0007313768146559596
1774267936.163,2975.887755074,170,1,happy,1,30.396335000205,0.030877254903316498,0.9631591439247131,0.005348402075469494,0.0006151031702756882
1774267936.214,2975.938487941,171,1,happy,1,30.412537999836786,0.0304136723279953,0.9611707329750061,0.007833095267415047,0.0005823516985401511
1774267936.264,2975.988603176,172,1,happy,1,30.437723999966693,0.022198883816599846,0.9710195064544678,0.006282888352870941,0.0004986075800843537
1774267936.314,2976.038682115,173,1,happy,1,30.40150100014216,0.03172161802649498,0.9616955518722534,0.0060746194794774055,0.000508100725710392
1774267936.365,2976.089554852,174,1,happy,1,30.629853999926127,0.036151301115751266,0.9560736417770386,0.007203616201877594,0.0005714247236028314
1774267936.416,2976.140613757,175,1,happy,1,30.24272299990116,0.08164341747760773,0.9108450412750244,0.006313644349575043,0.001197840552777052
1774267936.467,2976.191511568,176,1,happy,1,29.814610999892466,0.07919824123382568,0.9142098426818848,0.005500942934304476,0.001090896432287991
1774267936.518,2976.242186971,177,1,happy,1,30.47505699987596,0.0802433118224144,0.9128245711326599,0.0056504858657717705,0.0012815574882552028
1774267936.569,2976.292963338,178,1,happy,1,30.60013100002834,0.058329567313194275,0.93537437915802,0.005047930404543877,0.0012479943688958883
1774267936.621,2976.343389093,179,1,happy,1,32.368691000101535,0.07599484920501709,0.9140472412109375,0.007738523185253143,0.0022192583419382572
1774267936.674,2976.393807477,180,1,happy,1,34.50295600032405,0.10337309539318085,0.8865625262260437,0.006886158604174852,0.0031781180296093225
1774267936.722,2976.444679047,181,1,happy,1,32.064227999853756,0.08638256788253784,0.9035471677780151,0.005303662270307541,0.004766471218317747
1774267936.774,2976.495427118,182,1,happy,1,33.18839700023091,0.0742131695151329,0.9142983555793762,0.006475214846432209,0.005013192538172007
1774267936.824,2976.545784076,183,1,happy,1,32.56193200013513,0.07994505763053894,0.9041121006011963,0.010216907598078251,0.005725824274122715
1774267936.874,2976.596113423,184,1,happy,1,32.94889599965245,0.07034105062484741,0.9143962860107422,0.009649865329265594,0.005612658336758614
1774267936.925,2976.64664827,185,1,happy,1,32.55708100004995,0.04737871512770653,0.8219791650772095,0.12580391764640808,0.004838111344724894
1774267936.975,2976.697506452,186,1,happy,1,31.821096999919973,0.03199279308319092,0.7091431617736816,0.25551560521125793,0.0033483600709587336
1774267937.024,2976.747509261,187,1,happy,1,31.557171000258677,0.02940114215016365,0.7347872257232666,0.23337766528129578,0.0024338834919035435
1774267937.075,2976.798147387,188,1,happy,1,31.45428100015124,0.07242842763662338,0.761756956577301,0.16356419026851654,0.002250382211059332
1774267937.125,2976.848237881,189,1,happy,1,31.178577999980917,0.06509572267532349,0.810901403427124,0.1221320852637291,0.0018707042327150702
1774267937.176,2976.89859284,190,1,happy,1,31.722207999791863,0.05644938722252846,0.8454316854476929,0.09647484868764877,0.0016440261388197541
1774267937.228,2976.949617744,191,1,happy,1,33.41250899984516,0.06496462225914001,0.8560689687728882,0.07728659361600876,0.0016797659918665886
1774267937.277,2976.999983739,192,1,happy,1,31.434171000000788,0.08725389093160629,0.8076587915420532,0.1030399352312088,0.002047319198027253
1774267937.327,2977.050192679,193,1,happy,1,31.60048600011578,0.09446978569030762,0.7467354536056519,0.1554477959871292,0.0033468552865087986
1774267937.377,2977.100335488,194,1,happy,1,31.062800000199786,0.09310789406299591,0.7327486276626587,0.17070236802101135,0.003441011533141136
1774267937.428,2977.150547946,195,1,happy,1,32.1064319996367,0.06405296176671982,0.72292560338974,0.21044522523880005,0.0025760920252650976
1774267937.478,2977.201514258,196,2,sad,1,31.02157700004682,0.04164283722639084,0.4722180962562561,0.48445725440979004,0.0016816993011161685
1774267937.527,2977.25107314,197,2,sad,1,30.492594000406825,0.028011757880449295,0.3682090640068054,0.6024320125579834,0.0013470875564962626
1774267937.578,2977.302123063,198,1,happy,1,30.2594639997551,0.020594967529177666,0.5317784547805786,0.44645798206329346,0.0011684732744470239
1774267937.629,2977.352729059,199,1,happy,1,30.773336000038398,0.024175960570573807,0.6702924966812134,0.3037233054637909,0.0018081453163176775
1774267937.679,2977.403429852,200,1,happy,1,30.47992699976021,0.023860380053520203,0.7599601149559021,0.21454888582229614,0.0016305126482620835
1774267937.729,2977.453578328,201,1,happy,1,30.598946000282012,0.025793658569455147,0.8191601037979126,0.1532202810049057,0.0018258299678564072
1774267937.780,2977.503893471,202,1,happy,1,30.53733499973532,0.030591212213039398,0.8603366017341614,0.10744795203208923,0.0016241242410615087
1774267937.830,2977.554584375,203,1,happy,1,30.399297999792907,0.036456406116485596,0.8756756782531738,0.08583736419677734,0.00203047227114439
1774267937.881,2977.605533705,204,1,happy,1,30.37353899981099,0.040290553122758865,0.8837995529174805,0.07379473000764847,0.0021151022519916296
1774267937.933,2977.656222053,205,1,happy,1,31.90424600006736,0.03617098927497864,0.9056820869445801,0.055821724236011505,0.002325158566236496
1774267937.986,2977.707191495,206,1,happy,1,33.34960099982709,0.03352540731430054,0.9172998070716858,0.04735371470451355,0.0018210087437182665
1774267938.036,2977.757388027,207,1,happy,1,33.1598039997516,0.02912864461541176,0.9299135804176331,0.039544012397527695,0.0014137225225567818
1774267938.085,2977.807815078,208,1,happy,1,31.895763999727933,0.029788192361593246,0.9348030090332031,0.033886127173900604,0.0015225536189973354
1774267938.135,2977.8586305,209,1,happy,1,31.355375000202912,0.03395538404583931,0.9217818975448608,0.04221278801560402,0.002049787435680628
1774267938.185,2977.909535071,210,1,happy,1,30.52429800027312,0.03648274391889572,0.9208782911300659,0.040880270302295685,0.0017585925525054336
1774267938.238,2977.960438994,211,1,happy,1,31.85683899982905,0.03726565092802048,0.9244649410247803,0.036861248314380646,0.0014080819673836231
1774267938.289,2978.011051009,212,1,happy,1,32.433710000077554,0.034697115421295166,0.9312341809272766,0.03277081623673439,0.0012978131417185068
1774267938.340,2978.061103448,213,1,happy,1,33.883343000070454,0.031114567071199417,0.9410839080810547,0.02673596702516079,0.0010655415244400501
1774267938.389,2978.11142011,214,1,happy,1,32.562451000103465,0.030914194881916046,0.9401639699935913,0.028046607971191406,0.0008751694113016129
1774267938.439,2978.161570957,215,1,happy,1,32.46372900002825,0.03134042024612427,0.942878007888794,0.024909570813179016,0.0008719842880964279
1774267938.490,2978.211853489,216,1,happy,1,32.52411799985566,0.03150983899831772,0.940238356590271,0.02746317908167839,0.0007885933155193925
1774267938.540,2978.261983003,217,1,happy,1,32.98126700019566,0.04279831424355507,0.9209245443344116,0.03516813740134239,0.0011089202016592026
1774267938.591,2978.313021833,218,1,happy,1,32.74485999963872,0.034949637949466705,0.9361369013786316,0.028063533827662468,0.0008498607785440981
1774267938.640,2978.363526033,219,1,happy,1,31.65250499978356,0.04211028665304184,0.9170792102813721,0.040007542818784714,0.0008029072778299451
1774267938.691,2978.413640528,220,1,happy,1,31.69956000010643,0.03936964273452759,0.9231923818588257,0.0367388017475605,0.0006990935653448105
1774267938.742,2978.465151563,221,1,happy,1,31.28913399996236,0.040295831859111786,0.9223165512084961,0.03668217360973358,0.000705366488546133
1774267938.792,2978.515478466,222,1,happy,1,31.103948000236414,0.04256148636341095,0.9222973585128784,0.03444749861955643,0.000693506037350744
1774267938.842,2978.566442945,223,1,happy,1,30.663669000205118,0.04142698645591736,0.9284011125564575,0.0295565128326416,0.00061522435862571
1774267938.893,2978.616733699,224,1,happy,1,31.309188999784965,0.04651574790477753,0.8894259929656982,0.0634448453783989,0.0006132820853963494
1774267938.943,2978.666955509,225,1,happy,1,30.95328099971084,0.042237550020217896,0.8835455179214478,0.07357610762119293,0.0006406857282854617
1774267938.993,2978.71767971,226,1,happy,1,30.146314999910828,0.02962133102118969,0.9014892578125,0.06819362938404083,0.0006956272991374135
1774267939.045,2978.768914504,227,1,happy,1,30.595316000017192,0.01974436454474926,0.6212447881698608,0.3584137260913849,0.0005970311467535794
1774267939.095,2978.819147851,228,1,happy,1,30.64394600005471,0.013049095869064331,0.7141058444976807,0.27232131361961365,0.0005236598080955446
1774267939.145,2978.869919144,229,1,happy,1,29.646370000136812,0.008793644607067108,0.8123422861099243,0.1783737689256668,0.0004901966312900186
1774267939.196,2978.920201769,230,1,happy,1,30.09238999993613,0.005747018847614527,0.8771359920501709,0.11647099256515503,0.0006459046853706241
1774267939.246,2978.970551654,231,1,happy,1,29.87581500019587,0.0037800746504217386,0.9168229103088379,0.07811903208494186,0.0012779332464560866
1774267939.296,2979.020605556,232,1,happy,1,29.897444999733125,0.0025152224116027355,0.9443588852882385,0.051812101155519485,0.0013137204805389047
1774267939.347,2979.071485775,233,1,happy,1,30.192853000244213,0.00164832326117903,0.9635558128356934,0.033889446407556534,0.0009063601028174162
1774267939.398,2979.122111753,234,1,happy,1,30.466428000181622,0.001123533584177494,0.9745022058486938,0.023399464786052704,0.0009747286094352603
1774267939.449,2979.172402045,235,1,happy,1,31.231577999733418,0.0007529768045060337,0.9825237393379211,0.015694256871938705,0.0010289570782333612
1774267939.499,2979.222936152,236,1,happy,1,30.883966000146756,0.0005148465279489756,0.987725019454956,0.01082274504005909,0.0009372883941978216
1774267939.552,2979.273761186,237,1,happy,1,33.22095300018191,0.0003573442227207124,0.9913453459739685,0.007447707466781139,0.000849519798066467
1774267939.602,2979.324673535,238,1,happy,1,32.2244320000209,0.00026957670343108475,0.9933019876480103,0.005621841177344322,0.0008064701687544584
1774267939.652,2979.375121457,239,1,happy,1,31.401781999647937,0.00027878425316885114,0.9920297265052795,0.006374693010002375,0.0013166795251891017
1774267939.703,2979.425757935,240,1,happy,1,31.830004999847006,0.00020159366249572486,0.9941093921661377,0.004671852570027113,0.0010170553578063846
1774267939.752,2979.475865856,241,1,happy,1,30.530020000242075,0.00015914623509161174,0.995603084564209,0.0034758634865283966,0.000761756207793951
1774267939.803,2979.525979073,242,1,happy,1,32.14100600007441,0.0001306134945480153,0.9382635354995728,0.061010099947452545,0.0005956506356596947
1774267939.853,2979.576109883,243,1,happy,1,31.67983799994545,9.234460594598204e-05,0.9491503238677979,0.04973490908741951,0.0010223838035017252
1774267939.903,2979.626279619,244,1,happy,1,31.566078000196285,0.00018030335195362568,0.9630112051963806,0.03442155942320824,0.0023868498392403126
1774267939.954,2979.676991986,245,1,happy,1,32.17704300004698,0.00023312901612371206,0.9306052923202515,0.022825052961707115,0.04633645340800285
1774267940.007,2979.727560778,246,1,happy,1,34.21152999999322,0.00021832693892065436,0.8112202286720276,0.016275184229016304,0.1722862273454666
1774267940.056,2979.777776385,247,1,happy,1,32.76552600027571,0.00034981098724529147,0.7784554362297058,0.01629391871392727,0.20490077137947083
1774267940.106,2979.828127696,248,1,happy,1,32.13139399986176,0.0032691636588424444,0.7846737504005432,0.07113175839185715,0.14092525839805603
1774267940.157,2979.878682877,249,1,happy,1,32.688414999938686,0.009476087987422943,0.8223890066146851,0.07565014809370041,0.09248468279838562
1774267940.207,2979.929268577,250,1,happy,1,32.51391499998135,0.019569532945752144,0.794431209564209,0.12498122453689575,0.061017923057079315
1774267940.257,2979.979661444,251,1,happy,1,32.064097999864316,0.020827947184443474,0.8479303121566772,0.09035153687000275,0.04089008644223213
1774267940.305,2980.029537179,252,1,happy,1,30.61783600014678,0.018541665747761726,0.8852406144142151,0.06741026788949966,0.02880731411278248
1774267940.357,2980.080343121,253,1,happy,1,31.758115999764414,0.013813212513923645,0.914539098739624,0.051253847777843475,0.020393691956996918
1774267940.408,2980.131219377,254,1,happy,1,31.68591199982984,0.009774870239198208,0.93804931640625,0.03814562410116196,0.014030070044100285
1774267940.459,2980.182123596,255,1,happy,1,31.532079000044178,0.006760787218809128,0.9559510946273804,0.027231626212596893,0.01005640160292387
1774267940.509,2980.232828612,256,1,happy,1,31.159354999999778,0.005617914721369743,0.9643933773040771,0.023241501301527023,0.0067470744252204895
1774267940.561,2980.282891514,257,1,happy,1,32.778323000002274,0.003777208039537072,0.9694231152534485,0.022225692868232727,0.004573862534016371
1774267940.613,2980.33364403,258,1,happy,1,34.2624549998618,0.002474292181432247,0.9792238473892212,0.015299953520298004,0.0030017520766705275
1774267940.671,2980.386264235,259,1,happy,1,39.18824599986692,0.0016327627236023545,0.9851397275924683,0.011053262278437614,0.0021741276141256094
1774267940.719,2980.440124962,260,1,happy,1,33.7403059997996,0.006184490863233805,0.9713448286056519,0.02060113660991192,0.001869439845904708
1774267940.761,2980.486136354,261,1,happy,1,30.05372300003728,0.006876456551253796,0.9468965530395508,0.04495658725500107,0.0012703163083642721
1774267940.812,2980.535420273,262,1,happy,1,30.854299000111496,0.010687148198485374,0.9273741841316223,0.061009570956230164,0.0009290474117733538
1774267940.861,2980.585771047,263,1,happy,1,29.877092999868182,0.0077037266455590725,0.9461866617202759,0.04542236402630806,0.0006872214726172388
1774267940.913,2980.636504914,264,1,happy,1,31.115967000005185,0.005579284392297268,0.9000444412231445,0.09314759075641632,0.0012285762932151556
1774267940.963,2980.687272263,265,1,happy,1,30.06548199982717,0.0036540371365845203,0.847001314163208,0.14543403685092926,0.003910582046955824
1774267941.013,2980.737485369,266,1,happy,1,30.154631000186782,0.0025255270302295685,0.881218433380127,0.11294153332710266,0.003314402187243104
1774267941.064,2980.787770087,267,1,happy,1,30.424261999996816,0.0016732231015339494,0.9120781421661377,0.08380468934774399,0.0024438221007585526
1774267941.114,2980.838514251,268,1,happy,1,30.635020999852713,0.0011689071543514729,0.9395430684089661,0.05732669308781624,0.0019612261094152927
1774267941.164,2980.888633969,269,1,happy,1,30.21474200022567,0.0008356371545232832,0.9558349847793579,0.04186507314443588,0.0014642012538388371
1774267941.215,2980.938732816,270,1,happy,1,31.363208000129816,0.0006423417944461107,0.9642620086669922,0.033948130905628204,0.0011474548373371363
1774267941.266,2980.98988061,271,1,happy,1,31.11246700018455,0.0021969834342598915,0.8201841711997986,0.1750170886516571,0.002601643791422248
1774267941.317,2981.041159127,272,1,happy,1,30.526465000093594,0.002506756456568837,0.5577775239944458,0.4356423616409302,0.004073215648531914
1774267941.367,2981.090665232,273,2,sad,1,30.870447999859607,0.007446989882737398,0.366679847240448,0.622360110282898,0.0035129457246512175
1774267941.417,2981.14103421,274,2,sad,1,30.66120600033173,0.010161694139242172,0.26902440190315247,0.7161260843276978,0.00468774838373065
1774267941.468,2981.191733485,275,2,sad,1,31.06589199978771,0.015387661755084991,0.21139854192733765,0.769122838973999,0.004090867470949888
1774267941.522,2981.242754686,276,2,sad,1,33.48663899987514,0.0102977454662323,0.16410137712955475,0.809248149394989,0.01635264791548252
1774267941.570,2981.292875774,277,2,sad,1,31.978486999832967,0.007248708978295326,0.11224575340747833,0.8680874109268188,0.012418026104569435
1774267941.620,2981.3431404,278,2,sad,1,31.912709000152972,0.004996062256395817,0.14394649863243103,0.8359658718109131,0.015091418288648129
1774267941.672,2981.393831045,279,2,sad,1,33.319286000278225,0.01393132284283638,0.11160051077604294,0.862708568572998,0.011759525164961815
1774267941.722,2981.444076577,280,2,sad,1,32.60422999983348,0.045238085091114044,0.10082650929689407,0.8443835973739624,0.009551719762384892
1774267941.771,2981.495252927,281,2,sad,1,30.871262999880855,0.04180610179901123,0.08817316591739655,0.8630021214485168,0.007018543779850006
1774267941.823,2981.545786776,282,2,sad,1,31.517059999714547,0.040475551038980484,0.11014476418495178,0.8433033227920532,0.006076273508369923
1774267941.873,2981.596063883,283,2,sad,1,31.56200399962472,0.0336151197552681,0.08637809753417969,0.8753975629806519,0.004609151277691126
1774267941.924,2981.64626186,284,2,sad,1,32.399414000337856,0.03549421578645706,0.07154061645269394,0.8891706466674805,0.0037944584619253874
1774267941.975,2981.696948338,285,2,sad,1,32.620156000120915,0.05183691531419754,0.09161709249019623,0.8525271415710449,0.004018824547529221
1774267942.024,2981.747199204,286,2,sad,1,31.87883900000088,0.052436500787734985,0.08894579857587814,0.8546351194381714,0.003982533235102892
1774267942.076,2981.798488314,287,2,sad,1,31.718208999791386,0.0628233402967453,0.08158315718173981,0.8521931171417236,0.0034002955071628094
1774267942.125,2981.84902907,288,2,sad,1,30.70987299997796,0.05136306956410408,0.06210392713546753,0.8833314776420593,0.0032014423049986362
1774267942.175,2981.899103713,289,2,sad,1,30.917780999971,0.0450027659535408,0.05226282775402069,0.8994064331054688,0.0033279391936957836
1774267942.226,2981.950164378,290,2,sad,1,30.469298999832972,0.036599528044462204,0.057057999074459076,0.9012260437011719,0.005116390995681286
1774267942.276,2982.000739801,291,2,sad,1,30.320224000206508,0.028267066925764084,0.043715596199035645,0.9184317588806152,0.009585540741682053
1774267942.326,2982.050804482,292,2,sad,1,29.87538900015352,0.039565250277519226,0.07177853584289551,0.8777076005935669,0.010948593728244305
1774267942.376,2982.100770255,293,2,sad,1,29.501166000045487,0.044848646968603134,0.1454455554485321,0.7937828898429871,0.015922879800200462
1774267942.428,2982.151919808,294,2,sad,1,30.58963200010112,0.0337122417986393,0.11215904355049133,0.8423999547958374,0.011728680692613125
1774267942.478,2982.202202027,295,2,sad,1,30.965520999870932,0.034559279680252075,0.11331970244646072,0.8405762910842896,0.011544710025191307
1774267942.529,2982.252519134,296,2,sad,1,30.808687999979156,0.060653477907180786,0.29073581099510193,0.6345216631889343,0.014089012518525124
1774267942.579,2982.303186464,297,2,sad,1,30.174186999829544,0.056596774607896805,0.23850302398204803,0.6923173666000366,0.012582785449922085
1774267942.630,2982.353241108,298,2,sad,1,31.01639199985584,0.06787029653787613,0.17631594836711884,0.7422158122062683,0.013597864657640457
1774267942.679,2982.40361953,299,2,sad,1,30.374854000001505,0.05235174298286438,0.13435444235801697,0.8019908666610718,0.011302867904305458
1774267942.729,2982.453704988,300,2,sad,1,30.125501999918924,0.051905348896980286,0.10473519563674927,0.8315234184265137,0.011835972778499126
1774267942.780,2982.504033781,301,2,sad,1,30.63059499982046,0.03870891407132149,0.2119423747062683,0.7155898213386536,0.03375881910324097
1774267942.829,2982.554147999,302,2,sad,1,30.004796999946848,0.02664978802204132,0.3548209071159363,0.5840838551521301,0.0344453789293766
1774267942.881,2982.604595514,303,2,sad,1,30.765799000164407,0.01771126687526703,0.33223170042037964,0.6228078007698059,0.027249157428741455
1774267942.931,2982.654851676,304,2,sad,1,30.788262999976723,0.0118488110601902,0.22664915025234222,0.7417382001876831,0.0197637639939785
1774267942.981,2982.705333914,305,2,sad,1,30.178722999608,0.00901278480887413,0.14821867644786835,0.8287900686264038,0.013978325761854649
1774267943.031,2982.755654502,306,2,sad,1,30.183149999629677,0.006221767049282789,0.09775645285844803,0.8868296146392822,0.009192083962261677
1774267943.082,2982.80624737,307,2,sad,1,30.67472499969881,0.005002845078706741,0.07105012983083725,0.9179472923278809,0.00599962892010808
1774267943.133,2982.857388516,308,2,sad,1,30.652244000066275,0.003385738469660282,0.04892272874712944,0.9437848329544067,0.003906639292836189
1774267943.184,2982.907559808,309,2,sad,1,31.615505999980087,0.0028711354825645685,0.0387546606361866,0.9558045268058777,0.0025696060620248318
1774267943.235,2982.958852381,310,2,sad,1,31.034355999963736,0.003149211872369051,0.05382014065980911,0.9411554932594299,0.0018751116003841162
1774267943.286,2983.009270508,311,2,sad,1,31.547633999707614,0.006753535941243172,0.06670291721820831,0.9252787828445435,0.0012646930990740657
1774267943.336,2983.060115913,312,2,sad,1,30.778021000060107,0.009677022695541382,0.09133857488632202,0.898108184337616,0.0008761773933656514
1774267943.389,2983.111127707,313,2,sad,1,32.16608000002452,0.013150820508599281,0.07567203789949417,0.9105857610702515,0.000591330579482019
1774267943.440,2983.162018112,314,2,sad,1,32.474617999923794,0.01327167171984911,0.0741473138332367,0.9121475219726562,0.0004334199766162783
1774267943.490,2983.212548516,315,2,sad,1,32.352025999898615,0.014055851846933365,0.062346771359443665,0.9232736825942993,0.00032361436751671135
1774267943.540,2983.262754327,316,2,sad,1,32.411563000096066,0.01458391360938549,0.056042201817035675,0.9291254281997681,0.0002483302087057382
1774267943.590,2983.312715971,317,2,sad,1,31.720356999812793,0.011899619363248348,0.056750066578388214,0.931145191192627,0.00020498056255746633
1774267943.642,2983.362808966,318,2,sad,1,33.43237999979465,0.01270197331905365,0.04684101417660713,0.9402942657470703,0.00016258169489447027
1774267943.691,2983.412990573,319,2,sad,1,32.70450799982427,0.009570109657943249,0.03743737190961838,0.9528735876083374,0.00011878805526066571
1774267943.741,2983.46412972,320,2,sad,1,31.462931000078243,0.010220866650342941,0.03067305125296116,0.9589985609054565,0.00010740501602413133
1774267943.792,2983.51499644,321,2,sad,1,31.334004000200366,0.012209758162498474,0.03877845034003258,0.9489072561264038,0.00010441530321259052
1774267943.842,2983.565968012,322,2,sad,1,30.70733599997766,0.009950957261025906,0.038741834461688995,0.9512253403663635,8.178398275049403e-05
1774267943.892,2983.616397731,323,2,sad,1,30.6957250004416,0.015524639748036861,0.04163511097431183,0.9427458047866821,9.435139509150758e-05
1774267943.942,2983.666458504,324,2,sad,1,30.723947000296903,0.014852751046419144,0.03296523168683052,0.9521005153656006,8.143996092258021e-05
1774267943.993,2983.716931408,325,2,sad,1,30.433649999849877,0.021464725956320763,0.030065331608057022,0.9483540058135986,0.00011591038492042571
1774267944.043,2983.767116775,326,2,sad,1,30.838409999887517,0.023546461015939713,0.02912827953696251,0.9471677541732788,0.00015749594604130834
1774267944.094,2983.818722552,327,2,sad,1,30.258630999924208,0.027132440358400345,0.026748480275273323,0.945956826210022,0.00016223250713665038
1774267944.145,2983.869049771,328,2,sad,1,30.968447999839555,0.02992868423461914,0.024294443428516388,0.9456222057342529,0.00015457510016858578
1774267944.195,2983.91955699,329,2,sad,1,30.27105700039101,0.02398674376308918,0.04218757897615433,0.9336608052253723,0.00016482477076351643
1774267944.246,2983.970312395,330,2,sad,1,30.009611999957997,0.020009823143482208,0.06817570328712463,0.9116404056549072,0.00017401530931238085
1774267944.295,2984.019518833,331,2,sad,1,29.772019000120054,0.013083573430776596,0.045175082981586456,0.9416261911392212,0.00011510095646372065
1774267944.345,2984.069747385,332,2,sad,1,29.648018999978376,0.008775883354246616,0.029467923566699028,0.9615495204925537,0.00020665960619226098
1774267944.396,2984.120725735,333,2,sad,1,30.185371999778,0.005719808395951986,0.019340604543685913,0.974724292755127,0.00021519135043490678
1774267944.448,2984.171034898,334,2,sad,1,31.078225999863207,0.004855755716562271,0.039792198687791824,0.9526631832122803,0.0026888304855674505
1774267944.497,2984.221260857,335,2,sad,1,30.4002800003218,0.12706874310970306,0.035646505653858185,0.8353582620620728,0.0019264596048742533
1774267944.547,2984.271713743,336,2,sad,1,30.001741999967635,0.09745748341083527,0.13195426762104034,0.7670483589172363,0.0035398295149207115
1774267944.598,2984.322506074,337,2,sad,1,30.60198399998626,0.08346634358167648,0.19982796907424927,0.710544228553772,0.0061613828875124454
1774267944.649,2984.372786496,338,2,sad,1,31.26535599994895,0.05976283550262451,0.24307237565517426,0.689701497554779,0.007463231682777405
1774267944.700,2984.424246292,339,2,sad,1,30.845836000025884,0.07725954800844193,0.34261858463287354,0.5605571269989014,0.019564704969525337
1774267944.750,2984.473692675,340,1,happy,1,30.529446999935317,0.05880436301231384,0.5510557889938354,0.3728478252887726,0.017291933298110962
1774267944.801,2984.524738099,341,1,happy,1,30.912004000128945,0.057584844529628754,0.6760101914405823,0.25000935792922974,0.01639549247920513
1774267944.852,2984.57499717,342,1,happy,1,31.742541999847163,0.04522444307804108,0.7753208875656128,0.16447128355503082,0.01498330570757389
1774267944.902,2984.625866556,343,1,happy,1,30.578873000195017,0.04298870265483856,0.827061653137207,0.11102208495140076,0.01892753317952156
1774267944.952,2984.676315275,344,1,happy,1,30.852892999973847,0.033581674098968506,0.8788833618164062,0.07279236614704132,0.014742482453584671
1774267945.005,2984.727283866,345,1,happy,1,32.15428399971643,0.02759772539138794,0.9099533557891846,0.04830050468444824,0.014148257672786713
1774267945.055,2984.777679733,346,1,happy,1,31.539153000267106,0.018883438780903816,0.9381928443908691,0.032327424734830856,0.010596150532364845
1774267945.107,2984.82865688,347,1,happy,1,32.595933000266086,0.015188266523182392,0.9543896317481995,0.021731022745370865,0.008690916001796722
1774267945.156,2984.878988043,348,1,happy,1,31.72204300017256,0.013885860331356525,0.9636353254318237,0.014794458635151386,0.007684154435992241
1774267945.207,2984.929330799,349,1,happy,1,31.931987999996636,0.022827493026852608,0.9575735926628113,0.011286106891930103,0.008312610909342766
1774267945.258,2984.980322834,350,1,happy,1,32.076821999908134,0.034724850207567215,0.9478273391723633,0.009197778068482876,0.008249829523265362
1774267945.308,2985.031446259,351,1,happy,1,31.201986000269244,0.06001996994018555,0.9209822416305542,0.008498373441398144,0.010499201714992523
1774267945.359,2985.081933238,352,1,happy,1,31.261484999959066,0.04804243892431259,0.9215494990348816,0.008916407823562622,0.021491460502147675
1774267945.410,2985.132706069,353,1,happy,1,31.461004999982833,0.035672955214977264,0.9383189082145691,0.006691941060125828,0.019316066056489944
1774267945.459,2985.183574382,354,1,happy,1,30.538520999925822,0.04184454679489136,0.897673487663269,0.013274840079247952,0.04720699414610863
1774267945.510,2985.233514618,355,1,happy,1,31.268134000129066,0.029267949983477592,0.9250588417053223,0.009148536249995232,0.03652457520365715
1774267945.560,2985.283640744,356,1,happy,1,31.04250400019737,0.02282072976231575,0.9358595609664917,0.006512726191431284,0.03480684757232666
1774267945.610,2985.334374149,357,1,happy,1,30.22209400023712,0.01656147837638855,0.9464907646179199,0.004423635546118021,0.0325239934027195
1774267945.662,2985.385025128,358,1,happy,1,31.366949000130262,0.01729440875351429,0.9005964994430542,0.0067975264973938465,0.07531146705150604
1774267945.713,2985.435022624,359,1,happy,1,33.05404599996109,0.01336759701371193,0.9136490821838379,0.005099124740809202,0.06788405776023865
1774267945.770,2985.48667855,360,1,happy,1,38.12583600029029,0.009675541892647743,0.9359469413757324,0.003617155598476529,0.05076024681329727
1774267945.819,2985.538692958,361,1,happy,1,35.41645899986179,0.006953352130949497,0.9537630677223206,0.0026821945793926716,0.03660125657916069
1774267945.864,2985.587664285,362,1,happy,1,30.64774300037243,0.00880713015794754,0.9422250986099243,0.0049373735673725605,0.044030316174030304
1774267945.913,2985.637270131,363,1,happy,1,30.300038999939716,0.015081768855452538,0.7666937708854675,0.01534900814294815,0.20287542045116425
1774267945.963,2985.68769135,364,1,happy,1,30.375095000181318,0.012217296287417412,0.797600269317627,0.011570784263312817,0.17861159145832062
1774267946.014,2985.737899921,365,1,happy,1,30.36609499986298,0.015955734997987747,0.7964157462120056,0.010042335838079453,0.17758610844612122
1774267946.065,2985.788461807,366,1,happy,1,31.305411999710486,0.022602112963795662,0.8214658498764038,0.012009916827082634,0.14392206072807312
1774267946.114,2985.838458562,367,1,happy,1,30.131612999866775,0.018167149275541306,0.853064775466919,0.009418406523764133,0.11934956908226013
1774267946.165,2985.888997671,368,1,happy,1,30.437186999733967,0.016849322244524956,0.7965222597122192,0.010927536524832249,0.17570079863071442
1774267946.216,2985.939503242,369,1,happy,1,31.533487000160676,0.01582954451441765,0.821951150894165,0.010076522827148438,0.1521427482366562
1774267946.266,2985.989686979,370,1,happy,1,31.39841299980617,0.015882017090916634,0.8307178020477295,0.008801903575658798,0.14459827542304993
1774267946.317,2986.040689274,371,1,happy,1,31.01709699967614,0.018223155289888382,0.8458776473999023,0.010238653048872948,0.1256605088710785
1774267946.368,2986.091180457,372,1,happy,1,31.911653999941336,0.017409292981028557,0.8449198007583618,0.0088264849036932,0.12884433567523956
1774267946.418,2986.142184381,373,1,happy,1,30.92378200017265,0.02341187372803688,0.7275230884552002,0.016991863027215004,0.2320730835199356
1774267946.469,2986.192134933,374,1,happy,1,31.13050399997519,0.03281595557928085,0.6766517162322998,0.027468571439385414,0.2630636692047119
1774267946.519,2986.242761412,375,1,happy,1,30.784743999902275,0.03199600428342819,0.6398890614509583,0.02871955744922161,0.29939526319503784
1774267946.570,2986.29294013,376,1,happy,1,31.753414000377234,0.03603554889559746,0.6357320547103882,0.039700254797935486,0.2885320782661438
1774267946.621,2986.343288479,377,1,happy,1,32.01459899992187,0.03687634691596031,0.6231778264045715,0.039019182324409485,0.3009265959262848
1774267946.672,2986.394213607,378,1,happy,1,32.093376999910106,0.03799819201231003,0.6026753187179565,0.03967098146677017,0.31965547800064087
1774267946.722,2986.444318752,379,1,happy,1,32.16882100014118,0.03815745562314987,0.5915706157684326,0.03848372399806976,0.33178818225860596
1774267946.773,2986.494535378,380,1,happy,1,32.65891499995632,0.03722412884235382,0.6438970565795898,0.03811035677790642,0.28076842427253723
1774267946.822,2986.545455358,381,1,happy,1,31.51726400028565,0.03722941130399704,0.6480059027671814,0.03544561192393303,0.27931898832321167
1774267946.872,2986.595016575,382,1,happy,1,31.58422700016672,0.03173641860485077,0.6250961422920227,0.03833995759487152,0.30482739210128784
1774267946.923,2986.645527276,383,1,happy,1,31.83824600000662,0.027332214638590813,0.6759638786315918,0.03253311291337013,0.26417064666748047
1774267946.973,2986.696185459,384,1,happy,1,31.594431000030454,0.02897142618894577,0.7013003826141357,0.03623145446181297,0.23349662125110626
1774267947.024,2986.746586845,385,1,happy,1,32.29946999999811,0.033261749893426895,0.6749839186668396,0.0359712615609169,0.25578299164772034
1774267947.073,2986.79716512,386,1,happy,1,30.650669999886304,0.029180312529206276,0.7032607197761536,0.027739686891436577,0.2398192137479782
1774267947.125,2986.847526987,387,1,happy,1,32.118211000124575,0.0496879518032074,0.634192168712616,0.044730331748723984,0.2713894546031952
1774267947.175,2986.897513243,388,1,happy,1,32.25521100011974,0.04617290198802948,0.6814255714416504,0.03373800963163376,0.2386634200811386
1774267947.225,2986.948736816,389,1,happy,1,31.078708000222832,0.03832457214593887,0.7330054640769958,0.024350443854928017,0.20431944727897644
1774267947.275,2986.999106684,390,1,happy,1,30.896318000031897,0.029523666948080063,0.8022991418838501,0.016845526173710823,0.1513315737247467
1774267947.326,2987.049174124,391,1,happy,1,31.037707999985287,0.020841337740421295,0.8557671308517456,0.011630511842668056,0.11176098138093948
1774267947.376,2987.099745122,392,1,happy,1,31.34855999996944,0.031481582671403885,0.8181788921356201,0.01919218711555004,0.13114729523658752
1774267947.427,2987.150479083,393,1,happy,1,31.317449000198394,0.04753787815570831,0.7702332735061646,0.02820931002497673,0.1540195196866989
1774267947.480,2987.201101914,394,1,happy,1,33.12062099985269,0.059510331600904465,0.7127882242202759,0.041380591690540314,0.18632078170776367
1774267947.532,2987.251451263,395,1,happy,1,35.08132900014971,0.07818131148815155,0.6642035245895386,0.05304400995373726,0.20457109808921814
1774267947.578,2987.30262504,396,1,happy,1,30.302669000320748,0.10231755673885345,0.6619112491607666,0.0481790266931057,0.18759210407733917
1774267947.629,2987.352577758,397,1,happy,1,30.67546600004789,0.14712870121002197,0.6646254062652588,0.04058653488755226,0.1476593017578125
1774267947.681,2987.403622942,398,1,happy,1,31.924692000302457,0.17378252744674683,0.5057194828987122,0.16614186763763428,0.15435606241226196
1774267947.729,2987.45386381,399,1,happy,1,30.25133500023003,0.18327805399894714,0.37072867155075073,0.3337967097759247,0.11219648271799088
1774267947.780,2987.503702953,400,2,sad,1,30.928115000278922,0.166236013174057,0.2731834650039673,0.47603195905685425,0.0845484510064125
1774267947.831,2987.55462973,401,2,sad,1,31.249540999851888,0.14992155134677887,0.21943093836307526,0.5669488906860352,0.06369845569133759
1774267947.882,2987.604734782,402,2,sad,1,31.613468000159628,0.18228569626808167,0.19532275199890137,0.5694039463996887,0.0529874712228775
1774267947.937,2987.655107131,403,2,sad,1,36.0960719999639,0.1903659999370575,0.176491379737854,0.5868625044822693,0.046279970556497574
1774267947.987,2987.706527427,404,2,sad,1,35.58195999994496,0.15232358872890472,0.14491413533687592,0.666091799736023,0.03667037561535835
1774267948.034,2987.756150163,405,2,sad,1,32.29735900004016,0.1481141895055771,0.13765639066696167,0.6837448477745056,0.030484478920698166
1774267948.085,2987.805756436,406,2,sad,1,34.132678999867494,0.11935112625360489,0.11638782918453217,0.7360703349113464,0.028190655633807182
1774267948.134,2987.856874824,407,2,sad,1,31.58222799993382,0.10042650997638702,0.1040746197104454,0.769560694694519,0.0259381253272295
1774267948.184,2987.907145821,408,2,sad,1,31.236522999734007,0.09900616109371185,0.09231503307819366,0.7852794528007507,0.02339932508766651
1774267948.236,2987.957449318,409,2,sad,1,33.028806000402255,0.1300898790359497,0.08691546320915222,0.7555883526802063,0.027406249195337296
1774267948.287,2988.008046816,410,2,sad,1,33.33397300002616,0.1245678961277008,0.1022547259926796,0.7462069988250732,0.026970289647579193
1774267948.338,2988.058416017,411,2,sad,1,34.03627099987716,0.10808701068162918,0.08312341570854187,0.7840464115142822,0.024743059650063515
1774267948.386,2988.108918978,412,2,sad,1,32.17578500016316,0.10785195976495743,0.09060059487819672,0.7745141386985779,0.027033207938075066
1774267948.436,2988.158748251,413,2,sad,1,31.908821999877546,0.10089776664972305,0.07503025978803635,0.7982923984527588,0.025779496878385544
1774267948.486,2988.209317305,414,2,sad,1,31.79630200020256,0.09030023217201233,0.06558752804994583,0.8201574087142944,0.02395479753613472
1774267948.538,2988.260351063,415,2,sad,1,32.25643299992953,0.17402100563049316,0.07400301098823547,0.72232985496521,0.029646050184965134
1774267948.588,2988.310386763,416,2,sad,1,32.36674799973116,0.15373578667640686,0.07855679094791412,0.7388243675231934,0.02888300269842148
1774267948.641,2988.361098706,417,2,sad,1,34.400474999984,0.1473425328731537,0.08236753195524216,0.7452144622802734,0.025075407698750496
1774267948.689,2988.411969704,418,2,sad,1,31.288227000004554,0.1253223866224289,0.08051694184541702,0.7688976526260376,0.02526303008198738
1774267948.742,2988.462596869,419,2,sad,1,33.94704799984538,0.13642653822898865,0.13827916979789734,0.6900120377540588,0.03528223931789398
1774267948.790,2988.513170126,420,2,sad,1,31.32846799962863,0.14591678977012634,0.27858442068099976,0.5266092419624329,0.04888955503702164
1774267948.845,2988.56579961,421,2,sad,1,33.47213999995802,0.17401939630508423,0.256502628326416,0.5229114890098572,0.04656648263335228
1774267948.894,2988.613624712,422,2,sad,1,34.630347000074835,0.21167829632759094,0.21997575461864471,0.5244767665863037,0.04386915639042854
1774267948.954,2988.665405269,423,2,sad,1,42.9102379998767,0.20391012728214264,0.16195733845233917,0.5937402248382568,0.04039229452610016
1774267949.007,2988.723967176,424,2,sad,1,37.25509400010196,0.2044292390346527,0.14678385853767395,0.6136241555213928,0.035162679851055145
1774267949.059,2988.774448581,425,2,sad,1,38.82598700010931,0.20297300815582275,0.12163753807544708,0.6456615924835205,0.02972782775759697
1774267949.108,2988.825694321,426,2,sad,1,36.528815000110626,0.18095004558563232,0.12817902863025665,0.6547203063964844,0.036150574684143066
1774267949.162,2988.876342727,427,2,sad,1,39.91661899999599,0.19410055875778198,0.11344835162162781,0.6605707406997681,0.03188031539320946
1774267949.212,2988.928633896,428,2,sad,1,38.159781000103976,0.20114624500274658,0.1854221224784851,0.5616223812103271,0.05180921033024788
1774267949.273,2988.978865708,429,2,sad,1,48.94338200028869,0.22212016582489014,0.21156102418899536,0.5132730007171631,0.05304579436779022
1774267949.348,2989.044460392,430,2,sad,1,58.5346469997603,0.21848490834236145,0.17760105431079865,0.5555115342140198,0.04840240627527237
1774267949.423,2989.1196256,431,2,sad,1,57.52147800012608,0.2086418867111206,0.17493844032287598,0.5416823625564575,0.07473720610141754
1774267949.487,2989.195346328,432,2,sad,1,46.14393099973313,0.22228290140628815,0.1842646449804306,0.5262308716773987,0.06722146272659302
1774267949.551,2989.256193222,433,2,sad,1,48.89908699988155,0.20481136441230774,0.19013696908950806,0.5222507119178772,0.08280083537101746
1774267949.612,2989.323339651,434,2,sad,1,43.38723899991237,0.19521808624267578,0.17925122380256653,0.5397720336914062,0.0857585221529007
1774267949.664,2989.383195043,435,2,sad,1,35.77558999995745,0.2009621262550354,0.14899729192256927,0.5572625398635864,0.09277792274951935
1774267949.715,2989.431440387,436,2,sad,1,37.93667000036294,0.22129696607589722,0.15481023490428925,0.5234965085983276,0.10039617121219635
1774267949.765,2989.482842313,437,2,sad,1,37.28601999955572,0.25836437940597534,0.19945459067821503,0.45481178164482117,0.0873691514134407
1774267949.815,2989.531493898,438,2,sad,1,38.544116000139184,0.23200702667236328,0.21928861737251282,0.43694931268692017,0.11175496131181717
1774267949.864,2989.5851257,439,2,sad,1,33.232436000162124,0.2609741687774658,0.21326175332069397,0.4265022873878479,0.09926170855760574
1774267949.910,2989.631192224,440,2,sad,1,33.09808399990288,0.27535030245780945,0.19145973026752472,0.434693306684494,0.09849657118320465
1774267949.964,2989.68208313,441,2,sad,1,36.647851999987324,0.2479037046432495,0.156484916806221,0.5032030940055847,0.0924081802368164
1774267950.015,2989.731816719,442,2,sad,1,37.28457499983051,0.24863788485527039,0.16918407380580902,0.4920489192008972,0.0901290699839592
1774267950.065,2989.78304507,443,2,sad,1,36.53075900001568,0.2146310806274414,0.19206023216247559,0.46479088068008423,0.1285177767276764
1774267950.114,2989.833640069,444,2,sad,1,34.9389580001116,0.2394891083240509,0.2785661816596985,0.3589481711387634,0.1229964941740036
1774267950.164,2989.883603084,445,2,sad,1,35.27745900009904,0.29231810569763184,0.2947031259536743,0.3035736680030823,0.10940500348806381
1774267950.219,2989.936240346,446,2,sad,1,37.00527899991357,0.33309847116470337,0.20987312495708466,0.374140202999115,0.08288808912038803
1774267950.271,2989.98830757,447,0,neutral,1,37.73426199995811,0.3838489055633545,0.20459504425525665,0.32720375061035156,0.08435220271348953
1774267950.329,2990.040417147,448,0,neutral,1,43.11390500015477,0.4368208348751068,0.19137105345726013,0.3003203868865967,0.07148761302232742
1774267950.382,2990.098220459,449,0,neutral,1,38.34720799977731,0.45213234424591064,0.14452654123306274,0.34636741876602173,0.05697362497448921
1774267950.431,2990.149139421,450,0,neutral,1,36.71187099962481,0.5351060628890991,0.12379543483257294,0.29240739345550537,0.04869098588824272
1774267950.482,2990.19759634,451,0,neutral,1,38.76265400003831,0.5800355672836304,0.09683869779109955,0.282292902469635,0.04083278030157089
1774267950.532,2990.25006551,452,0,neutral,1,36.79172200008907,0.5207563638687134,0.0783577486872673,0.3644326329231262,0.03645315766334534
1774267950.582,2990.300941342,453,0,neutral,1,35.66279400001804,0.5072298645973206,0.11343187093734741,0.33528411388397217,0.044054023921489716
1774267950.634,2990.350518041,454,0,neutral,1,37.768484999560314,0.4963222146034241,0.11177670955657959,0.35245704650878906,0.03944391384720802
1774267950.681,2990.400483482,455,0,neutral,1,34.8240880002777,0.4392856955528259,0.0896565318107605,0.4202433228492737,0.05081433802843094
1774267950.733,2990.451127888,456,0,neutral,1,36.55262900019807,0.45446979999542236,0.08139224350452423,0.4105428457260132,0.05359499901533127
1774267950.776,2990.49915662,457,0,neutral,1,31.67387699977553,0.4840438961982727,0.09746651351451874,0.36061692237854004,0.05787256732583046
1774267950.820,2990.542607953,458,0,neutral,1,32.56304500018814,0.41269245743751526,0.11759097874164581,0.4091840386390686,0.06053238362073898
1774267950.863,2990.587112269,459,2,sad,1,30.895095999767364,0.3321690559387207,0.12243290990591049,0.44812914729118347,0.09726878255605698
1774267950.908,2990.628436484,460,2,sad,1,34.37643899997056,0.2641638517379761,0.1028408333659172,0.5299191474914551,0.10307610034942627
1774267950.952,2990.674318804,461,2,sad,1,32.495396999820514,0.2771921157836914,0.0999630019068718,0.5365824103355408,0.08626242727041245
1774267950.995,2990.717635765,462,2,sad,1,32.34387800011973,0.3096170723438263,0.11703410744667053,0.4977573752403259,0.07559137791395187
1774267951.041,2990.76167771,463,2,sad,1,33.56743699987419,0.24321307241916656,0.09514890611171722,0.5835103988647461,0.07812758535146713
1774267951.084,2990.807156862,464,2,sad,1,31.277949000013905,0.22584135830402374,0.09492720663547516,0.600029706954956,0.07920164614915848
1774267951.126,2990.849846025,465,2,sad,1,31.07419000025402,0.3177998661994934,0.09073612093925476,0.5221366882324219,0.06932730227708817
1774267951.170,2990.893292543,466,2,sad,1,31.89687700023569,0.3825380206108093,0.0926695466041565,0.44651901721954346,0.07827339321374893
1774267951.216,2990.93861788,467,2,sad,1,32.377747999817075,0.36689460277557373,0.10252872109413147,0.4426270127296448,0.08794961869716644
1774267951.259,2990.981602025,468,2,sad,1,32.55787899979623,0.269398957490921,0.08173686265945435,0.5597716569900513,0.0890924483537674
1774267951.304,2991.025919601,469,2,sad,1,32.673600999714836,0.2604481875896454,0.12146925181150436,0.5207173824310303,0.09736516326665878
1774267951.346,2991.069699582,470,2,sad,1,31.363283000246156,0.2947554886341095,0.1141577661037445,0.49024420976638794,0.10084249079227448
1774267951.388,2991.110930927,471,2,sad,1,31.587932000093133,0.25983527302742004,0.12570033967494965,0.510922908782959,0.10354144126176834
1774267951.431,2991.154717556,472,2,sad,1,31.06835600010527,0.21714019775390625,0.17189297080039978,0.4043101966381073,0.2066565752029419
1774267951.475,2991.197336164,473,2,sad,1,32.045377000031294,0.2627173364162445,0.1985565423965454,0.3095995783805847,0.2291264683008194
1774267951.521,2991.241973647,474,2,sad,1,33.232139999654464,0.27270427346229553,0.22243069112300873,0.288337767124176,0.21652722358703613
1774267951.570,2991.292039718,475,2,sad,1,32.64213800002835,0.27148696780204773,0.2177969068288803,0.27532821893692017,0.2353878766298294
1774267951.620,2991.342553883,476,2,sad,1,32.168506999823876,0.26537585258483887,0.20329612493515015,0.2785150408744812,0.252812922000885
1774267951.670,2991.392839159,477,2,sad,1,31.95584000013696,0.2570817172527313,0.21827161312103271,0.29921963810920715,0.22542697191238403
1774267951.722,2991.444682253,478,0,neutral,1,31.791876000170305,0.26887860894203186,0.2460072636604309,0.2578221261501312,0.22729191184043884
1774267951.770,2991.493425672,479,2,sad,1,31.509321000157797,0.25217539072036743,0.21031107008457184,0.2690305709838867,0.26848286390304565
1774267951.821,2991.543594096,480,0,neutral,1,31.97159899991675,0.27868300676345825,0.20548084378242493,0.24216051399707794,0.27367550134658813
1774267951.873,2991.594259372,481,3,angry,1,33.49952899998243,0.2775418758392334,0.21724823117256165,0.22075867652893066,0.28445112705230713
1774267951.922,2991.644657351,482,0,neutral,1,32.07248899980186,0.28145307302474976,0.22822672128677368,0.2135814130306244,0.276738703250885
1774267951.972,2991.695177405,483,2,sad,1,31.665580000208138,0.25733432173728943,0.18648366630077362,0.29201847314834595,0.26416343450546265
1774267952.023,2991.745769644,484,3,angry,1,32.04021100009413,0.2523545026779175,0.2010309100151062,0.26908621191978455,0.277528315782547
1774267952.075,2991.796662551,485,2,sad,1,32.54628600006981,0.22885443270206451,0.18837696313858032,0.32745134830474854,0.25531721115112305
1774267952.124,2991.847126364,486,2,sad,1,31.88726600001246,0.20803384482860565,0.1809692084789276,0.3170259892940521,0.29397088289260864
1774267952.175,2991.897818159,487,3,angry,1,31.45189399992887,0.19902458786964417,0.17893460392951965,0.29381266236305237,0.32822805643081665
1774267952.225,2991.94823799,488,3,angry,1,31.52857999975822,0.2512962818145752,0.2479989230632782,0.22073610126972198,0.27996861934661865
1774267952.276,2991.998983341,489,3,angry,1,31.3998020001236,0.2504175007343292,0.2668744921684265,0.19184300303459167,0.2908649146556854
1774267952.326,2992.049401321,490,1,happy,1,31.30161599983694,0.24161824584007263,0.2956309914588928,0.17083127796649933,0.29191941022872925
1774267952.376,2992.099708707,491,1,happy,1,30.91100500023458,0.23185107111930847,0.3254055380821228,0.15745405852794647,0.28528928756713867
1774267952.426,2992.149831631,492,1,happy,1,30.457818000286352,0.23211130499839783,0.3211227059364319,0.17570629715919495,0.27105963230133057
1774267952.477,2992.201306261,493,1,happy,1,30.01089100007448,0.25064653158187866,0.32555386424064636,0.18092042207717896,0.24287909269332886
1774267952.526,2992.250674905,494,1,happy,1,30.22859500015329,0.2043003886938095,0.4427374005317688,0.1356588453054428,0.21730324625968933
1774267952.578,2992.301819442,495,1,happy,1,30.472207000002527,0.16480180621147156,0.5222398042678833,0.11310172080993652,0.19985653460025787
1774267952.629,2992.352596793,496,1,happy,1,30.965336999997817,0.20166164636611938,0.4938468337059021,0.15094564855098724,0.15354576706886292
1774267952.681,2992.403318588,497,1,happy,1,31.98393299999225,0.21578073501586914,0.5057662725448608,0.16541890799999237,0.11303399503231049
1774267952.729,2992.453719938,498,1,happy,1,30.21279799986587,0.20518654584884644,0.5406091809272766,0.1703375279903412,0.0838666558265686
1774267952.781,2992.504621641,499,1,happy,1,31.03687499969965,0.2097984105348587,0.5491233468055725,0.17898738384246826,0.06209074705839157
1774267952.831,2992.55521675,500,1,happy,1,30.13176200011003,0.18026462197303772,0.6031017899513245,0.16015300154685974,0.05648050457239151
1774267952.881,2992.605034543,501,1,happy,1,30.40870700033338,0.20331595838069916,0.5442662239074707,0.1819569319486618,0.07046083360910416
1774267952.931,2992.655329485,502,1,happy,1,30.12455799989766,0.20862963795661926,0.5059325098991394,0.20004093647003174,0.08539680391550064
1774267952.981,2992.705702391,503,1,happy,1,30.443965999893408,0.15017598867416382,0.6501953601837158,0.1368745118379593,0.06275396794080734
1774267953.033,2992.756102074,504,1,happy,1,31.29963499986843,0.11872617900371552,0.6438391208648682,0.16517940163612366,0.07225514948368073
1774267953.084,2992.807057629,505,1,happy,1,31.693913999788492,0.07763870060443878,0.6627387404441833,0.2010042667388916,0.05861814692616463
1774267953.134,2992.857141553,506,1,happy,1,31.690136000179336,0.05681715905666351,0.46422871947288513,0.4370984435081482,0.04185555875301361
1774267953.185,2992.908499535,507,2,sad,1,30.937541000184865,0.04162222519516945,0.3115483522415161,0.6173027157783508,0.029526643455028534
1774267953.236,2992.958859163,508,2,sad,1,32.05835900007514,0.03108985722064972,0.26955488324165344,0.6799724102020264,0.019382746890187263
1774267953.286,2993.009436569,509,2,sad,1,31.43433900004311,0.02291947789490223,0.194999560713768,0.7694576382637024,0.012623273767530918
1774267953.338,2993.060474031,510,2,sad,1,31.97080400013874,0.01617210917174816,0.18893352150917053,0.7865681648254395,0.008326182141900063
1774267953.389,2993.111444309,511,2,sad,1,32.27285999992091,0.01198011264204979,0.16445082426071167,0.8179792761802673,0.005589731503278017
1774267953.439,2993.162025789,512,2,sad,1,31.874655000137864,0.008494014851748943,0.1284327507019043,0.8592174053192139,0.0038557525258511305
1774267953.490,2993.212258731,513,2,sad,1,32.050599999820406,0.005779048427939415,0.0945049300789833,0.8971368670463562,0.0025790659710764885
1774267953.540,2993.263243138,514,2,sad,1,31.415284000104293,0.003839237382635474,0.07407554984092712,0.9203507900238037,0.0017343726940453053
1774267953.591,2993.313947156,515,2,sad,1,31.83476599997448,0.002566266804933548,0.05885900557041168,0.9373525381088257,0.0012221629731357098
1774267953.642,2993.364571599,516,2,sad,1,32.231544999831385,0.0020006929989904165,0.06113255023956299,0.9333730340003967,0.0034937302116304636
1774267953.694,2993.415136357,517,2,sad,1,33.463806999861845,0.001510979258455336,0.16385206580162048,0.83130943775177,0.0033274705056101084
1774267953.744,2993.465546652,518,2,sad,1,33.29082500022196,0.0013795001432299614,0.3887765109539032,0.6065908670425415,0.003253021975979209
1774267953.792,2993.515864594,519,2,sad,1,31.321264999860432,0.0011708778329193592,0.4359833002090454,0.5596671104431152,0.0031785727478563786
1774267953.844,2993.566321018,520,2,sad,1,32.496583000011015,0.0009091242682188749,0.4905111789703369,0.5051560401916504,0.0034235352650284767
1774267953.893,2993.616966536,521,2,sad,1,30.79937400025301,0.0007144613191485405,0.43393075466156006,0.5619531869888306,0.0034014659468084574
1774267953.943,2993.667836757,522,1,happy,1,29.98629900002925,0.0004784825723618269,0.5935981273651123,0.40357503294944763,0.0023483021650463343
1774267953.993,2993.718015477,523,1,happy,1,30.021040000065113,0.0003274285118095577,0.513871431350708,0.48404252529144287,0.0017585057066753507
1774267954.045,2993.768898088,524,1,happy,1,31.210413000280823,0.00022589082072954625,0.5013898611068726,0.49718165397644043,0.0012024757452309132
1774267954.096,2993.819385401,525,2,sad,1,31.634636000035243,0.00015046022599563003,0.3792635500431061,0.6197350025177002,0.0008508542086929083
1774267954.146,2993.870025326,526,2,sad,1,30.316966000100365,9.882207086775452e-05,0.2551698088645935,0.7441376447677612,0.0005936245433986187
1774267954.198,2993.9207939,527,2,sad,1,31.432265000148618,6.773725181119516e-05,0.16708199679851532,0.8324407339096069,0.000409466156270355
1774267954.249,2993.971051657,528,2,sad,1,32.80526900016412,7.360240124398842e-05,0.1104162409901619,0.8874518871307373,0.00205819308757782
1774267954.297,2994.021658971,529,2,sad,1,30.035408999992796,0.0005326152313500643,0.12296038120985031,0.8720306158065796,0.0044762673787772655
1774267954.347,2994.071245171,530,2,sad,1,30.762503999994806,0.022252008318901062,0.2460121512413025,0.7232198715209961,0.008515864610671997
1774267954.397,2994.121332076,531,2,sad,1,30.856060000132857,0.031670428812503815,0.33616235852241516,0.6178518533706665,0.014315293170511723
1774267954.448,2994.171727426,532,1,happy,1,30.874079000113852,0.028083354234695435,0.5292633771896362,0.4321366548538208,0.010516625829041004
1774267954.498,2994.222271295,533,1,happy,1,30.7929119999244,0.026306966319680214,0.5909698009490967,0.3727320730686188,0.009991178289055824
1774267954.549,2994.272414089,534,1,happy,1,30.959523000092304,0.02524770423769951,0.6690552234649658,0.2964264154434204,0.00927063450217247
1774267954.599,2994.322988829,535,1,happy,1,30.884614999649784,0.02803526446223259,0.7268908619880676,0.23202086985111237,0.01305299624800682
1774267954.653,2994.374041273,536,1,happy,1,33.31502900027772,0.03706676885485649,0.7687378525733948,0.1782604455947876,0.01593492366373539
1774267954.702,2994.424243864,537,1,happy,1,32.68741600004432,0.04418984800577164,0.8027313947677612,0.1385875940322876,0.014491129666566849
1774267954.753,2994.475149808,538,1,happy,1,31.822025000110443,0.05165642499923706,0.8073549270629883,0.1261311173439026,0.014857475645840168
1774267954.802,2994.525337491,539,1,happy,1,31.344913000339147,0.044187016785144806,0.8485145568847656,0.09577293694019318,0.01152542233467102
1774267954.854,2994.575821656,540,1,happy,1,32.399268000062875,0.04552628844976425,0.780335009098053,0.1601697951555252,0.013968801125884056
1774267954.904,2994.626140988,541,1,happy,1,32.48041599999851,0.03502052649855614,0.8245511651039124,0.12876254320144653,0.01166569720953703
1774267954.954,2994.67648456,542,1,happy,1,31.861637000019982,0.028883403167128563,0.8186822533607483,0.14088918268680573,0.01154507789760828
1774267955.006,2994.726771873,543,1,happy,1,33.69291900025928,0.03183005750179291,0.8330342769622803,0.1245865598320961,0.010549082420766354
1774267955.055,2994.777075205,544,1,happy,1,32.5293790001524,0.023233873769640923,0.8239173889160156,0.1417611986398697,0.0110875079408288
1774267955.105,2994.827674482,545,1,happy,1,32.173784999940835,0.022443626075983047,0.8410831093788147,0.12636032700538635,0.01011291891336441
1774267955.156,2994.878221092,546,1,happy,1,32.937694000338524,0.021526789292693138,0.6635922193527222,0.2977888286113739,0.017092088237404823
1774267955.207,2994.928561331,547,2,sad,1,33.05665800007773,0.014904176816344261,0.4343815743923187,0.5381372570991516,0.012576890178024769
1774267955.256,2994.978773162,548,2,sad,1,31.799599999885686,0.009712175466120243,0.28305792808532715,0.6983339786529541,0.008895773440599442
1774267955.306,2995.029059549,549,2,sad,1,31.600229000105173,0.006329295691102743,0.18468593060970306,0.8030173778533936,0.005967232398688793
1774267955.357,2995.079288529,550,2,sad,1,31.99141499999314,0.004212777595967054,0.12408393621444702,0.8675616979598999,0.004141511395573616
1774267955.408,2995.129485731,551,2,sad,1,32.871269000224856,0.002763069700449705,0.09658072888851166,0.897696316242218,0.002959792036563158
1774267955.457,2995.180082545,552,2,sad,1,32.02482200003942,0.001920478418469429,0.08172795921564102,0.9119465351104736,0.00440499372780323
1774267955.508,2995.230485802,553,2,sad,1,31.997470999613142,0.0012843674048781395,0.06293152272701263,0.9325000643730164,0.003283985424786806
1774267955.558,2995.281780785,554,2,sad,1,30.46844799973769,0.0008814083994366229,0.04767195135354996,0.948998212814331,0.0024483278393745422
1774267955.609,2995.332623655,555,2,sad,1,30.954801000007137,0.0006103442865423858,0.03977925702929497,0.9578267335891724,0.0017835651524364948
1774267955.659,2995.383371932,556,2,sad,1,29.877353999836487,0.00041139026870951056,0.046408675611019135,0.9515267610549927,0.00165312341414392
1774267955.710,2995.433672282,557,2,sad,1,30.782374999944295,0.00028004459454678,0.03631637617945671,0.9619213938713074,0.0014821212971583009
1774267955.761,2995.484739042,558,2,sad,1,30.954486000155157,0.00018787686713039875,0.03082270547747612,0.9678652286529541,0.0011241399915888906
1774267955.813,2995.535257652,559,2,sad,1,32.16834100021515,0.0001349425729131326,0.0316053181886673,0.9672751426696777,0.000984542304649949
1774267955.870,2995.587322284,560,2,sad,1,36.94142799986366,0.00012135008000768721,0.04516838118433952,0.9532573223114014,0.0014528223546221852
1774267955.919,2995.638642989,561,2,sad,1,34.97118099994623,9.448366472497582e-05,0.03734733164310455,0.961090087890625,0.0014679855667054653
1774267955.963,2995.68734202,562,2,sad,1,30.4241329999968,6.250740261748433e-05,0.025605782866477966,0.973349928855896,0.0009816656820476055
1774267956.012,2995.736911831,563,2,sad,1,30.259170000135782,5.865706771146506e-05,0.024872630834579468,0.9740896821022034,0.0009789250325411558
1774267956.063,2995.7872542,564,2,sad,1,30.871709000166447,4.6203480451367795e-05,0.030060522258281708,0.9691976308822632,0.0006955296266824007
1774267956.112,2995.837132809,565,2,sad,1,30.030149999674904,3.980575638706796e-05,0.03193966671824455,0.9674112796783447,0.000609163660556078
1774267956.165,2995.888090013,566,2,sad,1,31.224061000102665,4.596052167471498e-05,0.03537991642951965,0.9640339612960815,0.0005400948575697839
1774267956.214,2995.938069084,567,2,sad,1,30.553800000234332,4.4138469093013555e-05,0.03246432542800903,0.9668406248092651,0.0006508446531370282
1774267956.264,2995.988289786,568,2,sad,1,30.479059999834135,4.367473957245238e-05,0.027413809671998024,0.9718337655067444,0.0007087059784680605
1774267956.315,2996.03842447,569,2,sad,1,30.909338000128628,9.409450285602361e-05,0.0441560298204422,0.9546284675598145,0.001121382461860776
1774267956.367,2996.089292396,570,2,sad,1,31.941618000018934,0.00012434361269697547,0.03409499302506447,0.9645569324493408,0.0012236901093274355
1774267956.415,2996.139947839,571,2,sad,1,30.214540000088164,0.00010143993858946487,0.04292847216129303,0.9547719955444336,0.0021980430465191603
1774267956.466,2996.190301394,572,2,sad,1,30.425207000007504,8.948786125984043e-05,0.04535672441124916,0.9519358277320862,0.002617881167680025
1774267956.517,2996.241207431,573,2,sad,1,30.961485999796423,0.00015344431449193507,0.041658490896224976,0.9537509679794312,0.004437053110450506
1774267956.568,2996.29194556,574,2,sad,1,30.703466999966622,0.0004601769906003028,0.030968163162469864,0.9617477655410767,0.006823854986578226
1774267956.619,2996.342453318,575,2,sad,1,31.240265000178624,0.00040125579107552767,0.029470816254615784,0.961012601852417,0.009115219116210938
1774267956.669,2996.393250429,576,2,sad,1,30.86085599989019,0.00029687772621400654,0.022861478850245476,0.9682437181472778,0.008597777225077152
1774267956.722,2996.443641391,577,2,sad,1,32.56821200011473,0.0066724298521876335,0.03279707580804825,0.9491745233535767,0.011355828493833542
1774267956.773,2996.494595113,578,2,sad,1,32.68823100006557,0.031232062727212906,0.057457178831100464,0.8944544792175293,0.016856158152222633
1774267956.825,2996.545182631,579,2,sad,1,34.433161999913864,0.04385904222726822,0.10841098427772522,0.8197191953659058,0.028010692447423935
1774267956.874,2996.595196166,580,2,sad,1,33.4259920000477,0.06207439675927162,0.21498024463653564,0.6908062100410461,0.03213910758495331
1774267956.923,2996.646064073,581,2,sad,1,31.38220899973021,0.08086574822664261,0.23597687482833862,0.6528871059417725,0.030270196497440338
1774267956.974,2996.695962404,582,2,sad,1,32.295618999796716,0.08148442208766937,0.2778618633747101,0.6150687336921692,0.02558491751551628
1774267957.025,2996.747452479,583,2,sad,1,32.032136999987415,0.07386350631713867,0.3294055163860321,0.570512056350708,0.026218844577670097
1774267957.075,2996.798727629,584,2,sad,1,31.457320999834337,0.06273132562637329,0.4197918474674225,0.49598413705825806,0.021492594853043556
1774267957.126,2996.849382202,585,2,sad,1,31.149376000030315,0.05983905494213104,0.41361555457115173,0.5082477331161499,0.018297601491212845
1774267957.175,2996.899149829,586,2,sad,1,30.39711499968689,0.06171467900276184,0.3988230228424072,0.5150251388549805,0.024437054991722107
1774267957.227,2996.94993894,587,2,sad,1,31.45308000011937,0.06883779913187027,0.4160476326942444,0.48929649591445923,0.025817982852458954
1774267957.278,2997.000443106,588,2,sad,1,32.50793500001237,0.08177075535058975,0.42985284328460693,0.4497922658920288,0.03858402371406555
1774267957.327,2997.051086328,589,2,sad,1,29.99233499986076,0.07234857976436615,0.42515015602111816,0.4643571376800537,0.03814402595162392
1774267957.377,2997.101275437,590,2,sad,1,30.259763000231032,0.059454042464494705,0.3748300075531006,0.5308609008789062,0.034854963421821594
1774267957.428,2997.152392549,591,2,sad,1,30.45031800002107,0.05316972732543945,0.3865017592906952,0.5280877351760864,0.03224072977900505
1774267957.478,2997.202111898,592,2,sad,1,30.933485999867116,0.055349983274936676,0.364848792552948,0.5439532995223999,0.03584783524274826
1774267957.528,2997.252137692,593,2,sad,1,30.733134000001883,0.04861902445554733,0.39875802397727966,0.5161667466163635,0.03645611181855202
1774267957.578,2997.302517395,594,2,sad,1,30.27196599987292,0.04707160219550133,0.39879560470581055,0.517826497554779,0.03630624711513519
1774267957.629,2997.352807208,595,1,happy,1,31.171672000255057,0.04315521568059921,0.47234708070755005,0.45270705223083496,0.03179061785340309
1774267957.680,2997.403829746,596,1,happy,1,30.848207999952137,0.05288666486740112,0.4663441777229309,0.4531095623970032,0.02765951119363308
1774267957.730,2997.454061911,597,1,happy,1,30.465596000340156,0.04759515821933746,0.509178638458252,0.4135007858276367,0.029725339263677597
1774267957.787,2997.505317579,598,2,sad,1,36.33368500004508,0.04484592378139496,0.4299074113368988,0.49736130237579346,0.027885282412171364
1774267957.837,2997.556888081,599,1,happy,1,34.73562499993932,0.043716974556446075,0.49681979417800903,0.4320027232170105,0.02746039628982544
1774267957.884,2997.60701232,600,1,happy,1,31.365560999802256,0.04053804278373718,0.4765896201133728,0.45324474573135376,0.029627494513988495
1774267957.933,2997.657258874,601,1,happy,1,30.045001999951637,0.03578696399927139,0.502722978591919,0.4349212050437927,0.026568803936243057
1774267957.984,2997.707631873,602,2,sad,1,31.103819999771076,0.039432063698768616,0.4481711685657501,0.48213884234428406,0.030257869511842728
1774267958.035,2997.758148501,603,2,sad,1,31.37506199982454,0.03235096111893654,0.44955891370773315,0.4881017208099365,0.029988287016749382
1774267958.085,2997.808514667,604,1,happy,1,31.017968000014662,0.03918060287833214,0.5368115901947021,0.39644789695739746,0.027559831738471985
1774267958.138,2997.859682631,605,1,happy,1,32.56976800003031,0.03869115561246872,0.5185193419456482,0.4111146330833435,0.03167477995157242
1774267958.188,2997.91007726,606,1,happy,1,32.38284200006092,0.03973323106765747,0.5358614325523376,0.3953990340232849,0.029006220400333405
1774267958.237,2997.960262332,607,2,sad,1,31.355951000023197,0.0418425127863884,0.43686431646347046,0.48863404989242554,0.03265902400016785
1774267958.288,2998.010607979,608,2,sad,1,32.48465700016823,0.037786565721035004,0.32432761788368225,0.5995968580245972,0.03828883916139603
1774267958.338,2998.061253479,609,2,sad,1,31.463414000427292,0.031152691692113876,0.24271298944950104,0.689852774143219,0.03628142178058624
1774267958.390,2998.111527811,610,2,sad,1,33.625585999743635,0.030229222029447556,0.20509926974773407,0.7319798469543457,0.03269151598215103
1774267958.440,2998.162424589,611,2,sad,1,32.39723100023184,0.042932502925395966,0.30768638849258423,0.6206397414207458,0.02874123305082321
1774267958.490,2998.213608572,612,2,sad,1,30.842485999983182,0.0422188937664032,0.2469746172428131,0.6814204454421997,0.02938598208129406
1774267958.540,2998.263979738,613,2,sad,1,30.600651999975526,0.05406220257282257,0.2440822720527649,0.6753803491592407,0.026475122198462486
1774267958.592,2998.31549274,614,2,sad,1,31.66952499987019,0.06300519406795502,0.24988114833831787,0.6644465923309326,0.022666992619633675
1774267958.642,2998.366029387,615,2,sad,1,30.232744000386447,0.09422466158866882,0.2152639925479889,0.6588255763053894,0.0316857248544693
1774267958.693,2998.416788535,616,2,sad,1,30.444078000073205,0.0706576555967331,0.14751063287258148,0.7507766485214233,0.031054943799972534
1774267958.743,2998.467270812,617,2,sad,1,29.99585499992463,0.046689216047525406,0.10866095125675201,0.8182079792022705,0.02644181065261364
1774267958.795,2998.518383498,618,2,sad,1,30.821672000001854,0.031398992985486984,0.10305611789226532,0.8344889879226685,0.031055806204676628
1774267958.845,2998.569032998,619,2,sad,1,30.235670000365644,0.024665366858243942,0.12385927885770798,0.8230254650115967,0.028449781239032745
1774267958.895,2998.619726479,620,2,sad,1,30.212504000246554,0.17903104424476624,0.14949429035186768,0.6453524231910706,0.026122191920876503
1774267958.946,2998.670535461,621,2,sad,1,30.276002999926277,0.2818351984024048,0.18381108343601227,0.5060573220252991,0.028296347707509995
1774267958.997,2998.721063164,622,2,sad,1,30.25924399980795,0.3550650477409363,0.17591264843940735,0.4430689811706543,0.025953231379389763
1774267959.047,2998.771930461,623,2,sad,1,29.972557999826677,0.33715927600860596,0.1384611427783966,0.5060288906097412,0.01835063099861145
1774267959.099,2998.822520035,624,0,neutral,1,30.81350399997973,0.47726327180862427,0.12256994098424911,0.3848685324192047,0.015298155136406422
1774267959.149,2998.872664126,625,0,neutral,1,30.61163399979705,0.5367457866668701,0.09358696639537811,0.358914315700531,0.010752839967608452
1774267959.201,2998.92385909,626,0,neutral,1,31.60274699985166,0.48540452122688293,0.11189232021570206,0.39316728711128235,0.00953580904752016
1774267959.250,2998.97431483,627,0,neutral,1,30.049207000047318,0.5161504149436951,0.14199680089950562,0.3335849642753601,0.008267762139439583
1774267959.303,2999.025186164,628,0,neutral,1,32.32337899999038,0.4085640609264374,0.32314395904541016,0.25996217131614685,0.008329782634973526
1774267959.354,2999.075879571,629,0,neutral,1,32.81751000031363,0.43167227506637573,0.23392537236213684,0.3267326354980469,0.007669665850698948
1774267959.404,2999.126774127,630,2,sad,1,32.19463799996447,0.35547998547554016,0.2260572463274002,0.4106009602546692,0.007861773483455181
1774267959.455,2999.177485535,631,2,sad,1,32.53325000014229,0.2658725380897522,0.265097975730896,0.45770978927612305,0.011319638229906559
1774267959.506,2999.228338091,632,2,sad,1,32.185397000375815,0.17660868167877197,0.38684800267219543,0.42248666286468506,0.014056572690606117
1774267959.555,2999.278729127,633,2,sad,1,30.983245999777864,0.11839840561151505,0.3370465040206909,0.5296741724014282,0.014880849048495293
1774267959.606,2999.329622683,634,2,sad,1,30.602152000028582,0.0770869106054306,0.22918854653835297,0.6804361343383789,0.013288348913192749
1774267959.658,2999.379033087,635,2,sad,1,33.51567899971997,0.053887564688920975,0.31661662459373474,0.606936514377594,0.02255922183394432
1774267959.709,2999.43007657,636,2,sad,1,33.21586199990634,0.037153080105781555,0.2588147222995758,0.6764392852783203,0.027592794969677925
1774267959.756,2999.479626048,637,2,sad,1,30.817338000360905,0.0960765853524208,0.1771099865436554,0.6956602334976196,0.031153108924627304
1774267959.807,2999.530523345,638,2,sad,1,31.30972799999654,0.12005182355642319,0.17190566658973694,0.6501458883285522,0.057896487414836884
1774267959.864,2999.581472438,639,2,sad,1,36.73233499966955,0.1308843195438385,0.12881436944007874,0.688739538192749,0.05156164616346359
1774267959.914,2999.635446706,640,2,sad,1,33.121548000053735,0.16966642439365387,0.103776715695858,0.6784882545471191,0.04806851968169212
1774267959.959,2999.682455826,641,2,sad,1,31.09074599979067,0.1624281406402588,0.0887221172451973,0.7049554586410522,0.04389419034123421
1774267960.008,2999.732478936,642,2,sad,1,29.97759500021857,0.15244647860527039,0.1012880802154541,0.7073566913604736,0.03890861198306084
1774267960.059,2999.783157306,643,2,sad,1,30.75998600024832,0.20860931277275085,0.11757263541221619,0.6424258947372437,0.03139200434088707
1774267960.110,2999.832929933,644,2,sad,1,31.416322000040964,0.16740581393241882,0.10911642014980316,0.6953573226928711,0.02812032960355282
1774267960.160,2999.883584267,645,2,sad,1,31.143098000029568,0.1449839174747467,0.10605257749557495,0.7178999185562134,0.03106343373656273
1774267960.212,2999.934013563,646,2,sad,1,32.21756399989317,0.1437554657459259,0.12833672761917114,0.6970452666282654,0.030862390995025635
1774267960.260,2999.98431734,647,2,sad,1,30.308465999951295,0.15518081188201904,0.15597110986709595,0.6477813720703125,0.041066572070121765
1774267960.311,3000.035071006,648,2,sad,1,30.19783699983236,0.13050128519535065,0.12105381488800049,0.7091531157493591,0.03929166868329048
1774267960.362,3000.086236545,649,2,sad,1,29.994966000231216,0.12294579297304153,0.1340799778699875,0.7015023231506348,0.04147177189588547
1774267960.413,3000.136795619,650,2,sad,1,30.999597999652906,0.14465466141700745,0.12641441822052002,0.6813061833381653,0.047624602913856506
1774267960.463,3000.1874601,651,2,sad,1,30.287873999895965,0.14285144209861755,0.10237687826156616,0.7066068649291992,0.048164695501327515
1774267960.513,3000.237823637,652,2,sad,1,30.299965999802225,0.10257385671138763,0.09119970351457596,0.7625126838684082,0.04371364042162895
1774267960.564,3000.28831297,653,2,sad,1,30.412578000323265,0.06738277524709702,0.10596668720245361,0.7837437391281128,0.042906712740659714
1774267960.615,3000.338811469,654,2,sad,1,31.077542999810248,0.04954861104488373,0.09213243424892426,0.8196127414703369,0.03870610520243645
1774267960.666,3000.389568044,655,2,sad,1,31.02956099974108,0.05124342441558838,0.08288459479808807,0.8279933929443359,0.03787853941321373
1774267960.717,3000.440305266,656,2,sad,1,31.02293199981432,0.13837119936943054,0.07400558888912201,0.757388710975647,0.030234456062316895
1774267960.767,3000.490286931,657,2,sad,1,30.936227999973198,0.2731347680091858,0.12479954212903976,0.579521894454956,0.02254372090101242
1774267960.818,3000.540747912,658,2,sad,1,32.16597200025717,0.31375664472579956,0.2007015347480774,0.46970105171203613,0.015840688720345497
1774267960.869,3000.591367949,659,2,sad,1,31.945711999924242,0.33765101432800293,0.16483357548713684,0.4866815209388733,0.010833842679858208
1774267960.924,3000.642242302,660,2,sad,1,35.93518400020912,0.37869319319725037,0.1927499622106552,0.4204535484313965,0.008103282190859318
1774267960.978,3000.693768638,661,2,sad,1,38.585671999953775,0.34952512383461,0.21337318420410156,0.4309920072555542,0.00610966794192791
1774267961.024,3000.745039565,662,1,happy,1,33.18758500017793,0.280258446931839,0.3953630030155182,0.3202466368675232,0.0041318656876683235
1774267961.070,3000.79406132,663,1,happy,1,30.917117000171856,0.2545808255672455,0.45762428641319275,0.28442585468292236,0.0033689201809465885
1774267961.122,3000.84453719,664,1,happy,1,31.90565599970796,0.19150230288505554,0.5543903708457947,0.2517697811126709,0.0023374217562377453
1774267961.174,3000.894967986,665,1,happy,1,33.32578999970792,0.16871444880962372,0.5752865672111511,0.2542593479156494,0.0017395426984876394
1774267961.223,3000.945514709,666,1,happy,1,32.10848900016572,0.22024159133434296,0.49843525886535645,0.2798047959804535,0.0015182595234364271
1774267961.273,3000.996306728,667,1,happy,1,31.765802999871084,0.19471661746501923,0.5915471315383911,0.21266253292560577,0.0010735794203355908
1774267961.322,3001.046389467,668,1,happy,1,30.543374999979278,0.14918559789657593,0.697298526763916,0.15279482305049896,0.0007209154427982867
1774267961.374,3001.097675969,669,1,happy,1,31.157394999809185,0.10682488232851028,0.7864850759506226,0.10620982199907303,0.0004801061877515167
1774267961.426,3001.147752153,670,1,happy,1,32.553343000017776,0.15725558996200562,0.7439422607421875,0.09840089082717896,0.00040117447497323155
1774267961.476,3001.198806525,671,1,happy,1,31.38915400040787,0.10376691818237305,0.8307477831840515,0.06522142887115479,0.00026380131021142006
1774267961.524,3001.248670727,672,1,happy,1,30.470263000097475,0.07908353209495544,0.8698548674583435,0.05087576061487198,0.00018579073366709054
1774267961.577,3001.299684524,673,1,happy,1,31.748210999921866,0.06274641305208206,0.8933917284011841,0.043729767203330994,0.00013202414265833795
1774267961.627,3001.349749764,674,1,happy,1,31.74469199984742,0.061374254524707794,0.8867937326431274,0.05168065428733826,0.0001513525639893487
1774267961.676,3001.400514968,675,1,happy,1,30.051391999677435,0.06418932229280472,0.8760255575180054,0.059611715376377106,0.00017330783884972334
1774267961.727,3001.45116382,676,1,happy,1,30.70289299967044,0.08916032314300537,0.8304927349090576,0.0801658034324646,0.0001810859830584377
1774267961.778,3001.502110395,677,1,happy,1,30.587652000122034,0.07004699856042862,0.8493399620056152,0.08040124177932739,0.00021171383559703827
1774267961.828,3001.55217132,678,1,happy,1,30.940912000005483,0.08035513758659363,0.8531991243362427,0.06624150276184082,0.00020417681662365794
1774267961.878,3001.60261043,679,1,happy,1,29.731114000242087,0.057642608880996704,0.8970180749893188,0.045191213488578796,0.00014812122390139848
1774267961.929,3001.653184208,680,1,happy,1,30.25359599996591,0.041548747569322586,0.9256613254547119,0.032686177641153336,0.00010376884165452793
1774267961.980,3001.703654356,681,1,happy,1,31.000154000139446,0.11674629151821136,0.8054976463317871,0.07759807258844376,0.00015794479986652732
1774267962.029,3001.753231946,682,1,happy,1,30.337633999806712,0.09680980443954468,0.8315720558166504,0.07149580866098404,0.00012224384408909827
1774267962.080,3001.804301411,683,1,happy,1,30.397596000057092,0.06404008716344833,0.888821005821228,0.0470554493367672,8.33644371596165e-05
1774267962.130,3001.854193113,684,1,happy,1,30.39359600006719,0.12154446542263031,0.6728818416595459,0.2052607536315918,0.0003128676034975797
1774267962.180,3001.904622983,685,1,happy,1,30.355077999956848,0.13863515853881836,0.5126875042915344,0.34658265113830566,0.0020946331787854433
1774267962.231,3001.955024094,686,2,sad,1,30.770394000228407,0.09037318825721741,0.35285115242004395,0.5526988506317139,0.00407676724717021
1774267962.283,3002.005899335,687,2,sad,1,31.715063000319788,0.059993308037519455,0.23746028542518616,0.6976878643035889,0.0048585133627057076
1774267962.332,3002.055827778,688,2,sad,1,30.43650500012518,0.039568547159433365,0.15929166972637177,0.7970806956291199,0.004059025552123785
1774267962.383,3002.106448964,689,2,sad,1,31.228654000187817,0.026348549872636795,0.10849548131227493,0.8613404035568237,0.0038154697977006435
1774267962.433,3002.157002242,690,2,sad,1,30.28424400008589,0.023275192826986313,0.11943128705024719,0.838412880897522,0.018880564719438553
1774267962.483,3002.20714263,691,2,sad,1,30.137892000311695,0.04904507100582123,0.13739849627017975,0.7697393894195557,0.043816931545734406
1774267962.534,3002.257813816,692,2,sad,1,30.45444800000041,0.07158498466014862,0.17771832644939423,0.7121211290359497,0.03857547044754028
1774267962.585,3002.308646872,693,2,sad,1,31.230394999965938,0.1264844387769699,0.21534952521324158,0.6092586517333984,0.048907309770584106
1774267962.640,3002.359342076,694,2,sad,1,34.95764500030418,0.11794783174991608,0.2286398559808731,0.6019902229309082,0.05142202973365784
1774267962.687,3002.40959265,695,2,sad,1,32.151989999874786,0.11991836130619049,0.2532356083393097,0.5740453600883484,0.05280059576034546
1774267962.737,3002.46057004,696,2,sad,1,31.528672999684204,0.14282841980457306,0.24705344438552856,0.5569804906845093,0.05313754454255104
1774267962.790,3002.511023817,697,2,sad,1,33.50908599986724,0.16173790395259857,0.3095470070838928,0.4749661684036255,0.05374880135059357
1774267962.840,3002.562132171,698,2,sad,1,32.15371199985384,0.15408650040626526,0.2867884635925293,0.5036416053771973,0.055483367294073105
1774267962.890,3002.613274358,699,2,sad,1,31.12720899980559,0.137964129447937,0.3172092139720917,0.48178231716156006,0.06304427981376648
1774267962.941,3002.663482894,700,2,sad,1,31.85536000000866,0.13109798729419708,0.26654744148254395,0.5450700521469116,0.05728445202112198
1774267962.991,3002.713939542,701,2,sad,1,31.90937799990934,0.14524419605731964,0.26373258233070374,0.5401765704154968,0.050846584141254425
1774267963.041,3002.765035266,702,2,sad,1,30.654227000013634,0.13478155434131622,0.24928882718086243,0.5596985220909119,0.05623100697994232
1774267963.092,3002.814893561,703,2,sad,1,31.613080999704835,0.12365700304508209,0.2700222134590149,0.5438207387924194,0.06249989569187164
1774267963.142,3002.865652543,704,2,sad,1,31.191449999823817,0.13727228343486786,0.2693943679332733,0.5185277462005615,0.07480549067258835
1774267963.193,3002.916196247,705,2,sad,1,31.439618000149494,0.13825297355651855,0.290115624666214,0.5021984577178955,0.0694328248500824
1774267963.243,3002.966583691,706,2,sad,1,31.0522839999976,0.13543960452079773,0.2910793423652649,0.49646955728530884,0.0770113617181778
1774267963.292,3003.016473394,707,2,sad,1,30.626875000052678,0.12904754281044006,0.34717538952827454,0.4538414478302002,0.06993550807237625
1774267963.342,3003.066724115,708,2,sad,1,30.151521999869146,0.13297703862190247,0.3352746367454529,0.4649772644042969,0.06677092611789703
1774267963.393,3003.117583283,709,2,sad,1,30.584856000132277,0.13290438055992126,0.2901601791381836,0.5053948760032654,0.0715404599905014
1774267963.444,3003.167958524,710,2,sad,1,30.27239199991527,0.14599290490150452,0.24501946568489075,0.5378018021583557,0.07118573784828186
1774267963.493,3003.217819744,711,2,sad,1,30.317171000206145,0.16866368055343628,0.19225013256072998,0.544044554233551,0.09504153579473495
1774267963.544,3003.268022818,712,2,sad,1,30.280855999990308,0.11328800022602081,0.12903018295764923,0.6876331567764282,0.07004851847887039
1774267963.595,3003.319170783,713,2,sad,1,30.427004000102897,0.07481421530246735,0.10350477695465088,0.772275447845459,0.04940548166632652
1774267963.646,3003.369784691,714,2,sad,1,31.10641300008865,0.061034101992845535,0.08987371623516083,0.8146662712097168,0.03442579135298729
1774267963.697,3003.420532358,715,2,sad,1,31.24124700025277,0.043335914611816406,0.11353196948766708,0.8158797025680542,0.02725227177143097
1774267963.746,3003.470425579,716,2,sad,1,29.934965999927954,0.10005570203065872,0.23421627283096313,0.6456244587898254,0.0201034527271986
1774267963.797,3003.521525303,717,2,sad,1,30.543282000053296,0.3242551386356354,0.18670180439949036,0.47470059990882874,0.014342384412884712
1774267963.847,3003.571789562,718,0,neutral,1,30.026707000160968,0.514930009841919,0.13160881400108337,0.3437562584877014,0.00970483385026455
1774267963.898,3003.621975931,719,0,neutral,1,30.43200499996601,0.6199830770492554,0.08929688483476639,0.2842075228691101,0.0065124742686748505
1774267963.948,3003.672728951,720,0,neutral,1,29.950965999887558,0.4782576560974121,0.28462398052215576,0.23237203061580658,0.004746309947222471
1774267963.999,3003.723947286,721,0,neutral,1,30.038262999823928,0.5180345773696899,0.22907288372516632,0.24915559589862823,0.0037368882913142443
1774267964.051,3003.774504083,722,0,neutral,1,31.22089499993308,0.6097729206085205,0.1694442480802536,0.2180364727973938,0.002746260492131114
1774267964.100,3003.825315584,723,0,neutral,1,29.628206000325008,0.6717885732650757,0.13795509934425354,0.18809542059898376,0.002160819713026285
1774267964.151,3003.87543088,724,0,neutral,1,30.62804099999994,0.561370313167572,0.15701264142990112,0.27953654527664185,0.0020804060623049736
1774267964.204,3003.925994769,725,0,neutral,1,32.19787899979565,0.4747341275215149,0.1437845528125763,0.3792515993118286,0.0022296428214758635
1774267964.253,3003.976932974,726,0,neutral,1,30.830208999759634,0.5621781349182129,0.09848335385322571,0.33749744296073914,0.001841002027504146
1774267964.304,3004.027361197,727,0,neutral,1,31.46150599968678,0.5531004667282104,0.09351424872875214,0.3506002724170685,0.0027849548496305943
1774267964.354,3004.077493844,728,0,neutral,1,31.399987999975565,0.5993931293487549,0.13057678937911987,0.26709479093551636,0.0029352111741900444
1774267964.407,3004.127792751,729,0,neutral,1,33.80262400014544,0.6893627643585205,0.0904313325881958,0.2168276458978653,0.003378115128725767
1774267964.456,3004.178812105,730,0,neutral,1,32.297804999871005,0.460113525390625,0.08139313012361526,0.45178651809692383,0.0067067695781588554
1774267964.508,3004.229637106,731,2,sad,1,32.769454999652226,0.30154043436050415,0.06377580761909485,0.6273057460784912,0.007377942092716694
1774267964.558,3004.280517904,732,2,sad,1,32.371693999721174,0.19603486359119415,0.042712584137916565,0.7551560401916504,0.0060963816940784454
1774267964.609,3004.33115646,733,2,sad,1,32.59838000030868,0.12785206735134125,0.0324760302901268,0.8285480737686157,0.011123670265078545
1774267964.662,3004.382011128,734,2,sad,1,34.790774999692076,0.08573196083307266,0.23431038856506348,0.6672264933586121,0.012731015682220459
1774267964.710,3004.433125908,735,2,sad,1,31.308487999922363,0.07385814189910889,0.2316603660583496,0.6339063048362732,0.060575056821107864
1774267964.761,3004.48427115,736,2,sad,1,31.206136000037077,0.06407703459262848,0.18256358802318573,0.6351435780525208,0.11821568012237549
1774267964.810,3004.534298483,737,2,sad,1,30.104039999969245,0.14239776134490967,0.14036867022514343,0.6147578954696655,0.10247556865215302
1774267964.861,3004.584163556,738,2,sad,1,31.0290789998362,0.1082826629281044,0.1060873493552208,0.6507498025894165,0.13488003611564636
1774267964.911,3004.634098647,739,2,sad,1,31.098450000172306,0.1246580183506012,0.07986549288034439,0.6671571731567383,0.1283191740512848
1774267964.961,3004.685239001,740,2,sad,1,30.66344900025797,0.1073787659406662,0.0556635856628418,0.7174928188323975,0.11946471035480499
1774267965.012,3004.735552112,741,2,sad,1,30.725023000286455,0.0831339880824089,0.046978455036878586,0.7467772960662842,0.12311014533042908
1774267965.063,3004.786601984,742,2,sad,1,30.66963500032216,0.061481866985559464,0.03245583921670914,0.7617020606994629,0.14436018466949463
1774267965.113,3004.836943521,743,2,sad,1,30.362115999650996,0.07088486105203629,0.03840174898505211,0.7339692115783691,0.156744122505188
1774267965.163,3004.887750819,744,2,sad,1,30.37191100020209,0.06610454618930817,0.02934425137937069,0.759472131729126,0.14507903158664703
1774267965.214,3004.937355039,745,2,sad,1,30.92241300009846,0.07438002526760101,0.02509499341249466,0.7712432742118835,0.1292816698551178
1774267965.264,3004.988104522,746,2,sad,1,30.250819000229967,0.06452595442533493,0.02826494351029396,0.7713384628295898,0.1358705759048462
1774267965.314,3005.038229021,747,2,sad,1,30.70957999989332,0.06774848699569702,0.027403298765420914,0.774993896484375,0.1298542469739914
1774267965.364,3005.088287632,748,2,sad,1,30.050095999740734,0.0730670690536499,0.025806162506341934,0.7721332311630249,0.1289934366941452
1774267965.415,3005.139094078,749,2,sad,1,30.231651999656606,0.07486481964588165,0.021057425066828728,0.7350425124168396,0.1690351814031601
1774267965.466,3005.189860134,750,2,sad,1,30.76950600006967,0.07246457040309906,0.01715245470404625,0.7715851664543152,0.13879777491092682
1774267965.517,3005.241004063,751,2,sad,1,31.12444999987929,0.10319803655147552,0.03222421556711197,0.7489416599273682,0.11563607305288315
1774267965.567,3005.291618656,752,2,sad,1,30.20298499995988,0.09915578365325928,0.03373809903860092,0.7572789192199707,0.1098271980881691
1774267965.618,3005.342698454,753,2,sad,1,30.141688999719918,0.09809935092926025,0.04172445088624954,0.7362134456634521,0.12396273016929626
1774267965.669,3005.392606231,754,2,sad,1,31.524877999800083,0.11016013473272324,0.03577229380607605,0.7487936019897461,0.10527390986680984
1774267965.720,3005.443247806,755,2,sad,1,30.944987000111723,0.10207445174455643,0.03137306123971939,0.762450098991394,0.10410234332084656
1774267965.770,3005.493669047,756,2,sad,1,31.395395999879838,0.09121555835008621,0.025435257703065872,0.7942652106285095,0.08908392488956451
1774267965.822,3005.5445134,757,2,sad,1,32.01430499984781,0.07188805192708969,0.032697759568691254,0.8044524192810059,0.09096170961856842
1774267965.873,3005.594756808,758,2,sad,1,32.589806000032695,0.06833775341510773,0.033092301338911057,0.8265149593353271,0.07205484807491302
1774267965.923,3005.645010233,759,2,sad,1,32.73049200015521,0.0802726298570633,0.04923334717750549,0.7965106964111328,0.07398326694965363
1774267965.972,3005.695256585,760,2,sad,1,31.28817299966613,0.0790124237537384,0.041768837720155716,0.8140405416488647,0.06517806649208069
1774267966.028,3005.745960475,761,2,sad,1,36.97737299989967,0.1052955910563469,0.04030858352780342,0.7867098450660706,0.06768586486577988
1774267966.083,3005.798636315,762,2,sad,1,39.001971000288904,0.10293610394001007,0.03916357457637787,0.7833138704299927,0.07458625733852386
1774267966.129,3005.851811155,763,2,sad,1,32.243786999970325,0.09528514742851257,0.03747715801000595,0.7501804232597351,0.11705712974071503
1774267966.175,3005.897335717,764,2,sad,1,32.60989900036293,0.11661933362483978,0.05310661345720291,0.7195111513137817,0.11076273024082184
1774267966.224,3005.947299698,765,2,sad,1,31.021136000163096,0.09307651966810226,0.04935356602072716,0.7652727365493774,0.09229704737663269
1774267966.276,3005.998884831,766,2,sad,1,31.80921200009834,0.09313133358955383,0.10707001388072968,0.7234453558921814,0.07635320723056793
1774267966.325,3006.049363962,767,2,sad,1,30.539560000306665,0.07835926115512848,0.0795784592628479,0.7532634139060974,0.08879877626895905
1774267966.375,3006.099774906,768,2,sad,1,30.233855999995285,0.08922752737998962,0.07332876324653625,0.7529197335243225,0.08452385663986206
1774267966.426,3006.149668461,769,2,sad,1,30.972949999977573,0.08723121136426926,0.05348905548453331,0.778098464012146,0.0811811164021492
1774267966.479,3006.201280687,770,2,sad,1,32.174083000427345,0.11238661408424377,0.041543181985616684,0.7730450630187988,0.07302500307559967
1774267966.528,3006.25084213,771,2,sad,1,31.377618000078655,0.09458673745393753,0.033234693109989166,0.803917646408081,0.06826075166463852
1774267966.578,3006.301361945,772,2,sad,1,31.37602600008904,0.0688663050532341,0.02537652850151062,0.8394962549209595,0.06626082211732864
1774267966.628,3006.351716223,773,2,sad,1,30.78743200012468,0.061391741037368774,0.025164786726236343,0.8388125896453857,0.07463082671165466
1774267966.678,3006.402337798,774,2,sad,1,30.101910999746906,0.054251812398433685,0.018667390570044518,0.8533726334571838,0.07370807230472565
1774267966.729,3006.453187578,775,2,sad,1,30.40817100009008,0.08474632352590561,0.026095867156982422,0.8087197542190552,0.08043796569108963
1774267966.779,3006.503336485,776,2,sad,1,29.96681800004808,0.07746781408786774,0.022791767492890358,0.8190350532531738,0.08070532977581024
1774267966.830,3006.553872634,777,2,sad,1,30.68717199994353,0.07351431995630264,0.019372621551156044,0.825356662273407,0.0817563608288765
1774267966.880,3006.604069634,778,2,sad,1,30.637801000011677,0.07384197413921356,0.019400078803300858,0.8318452835083008,0.07491258531808853
1774267966.930,3006.654424264,779,2,sad,1,30.17657699956544,0.06556419283151627,0.018851306289434433,0.8424413204193115,0.0731431096792221
1774267966.980,3006.704387707,780,2,sad,1,30.586856999889278,0.053759459406137466,0.013654609210789204,0.8724727630615234,0.0601130910217762
1774267967.031,3006.754792245,781,2,sad,1,30.80033900005219,0.06909376382827759,0.019517414271831512,0.8308327198028564,0.0805559903383255
1774267967.084,3006.805282394,782,2,sad,1,33.222659999864845,0.06336484104394913,0.01881396397948265,0.8427107334136963,0.07511039078235626
1774267967.133,3006.856538322,783,2,sad,1,31.04163600028187,0.08643355220556259,0.014970359392464161,0.8232966661453247,0.07529935985803604
1774267967.182,3006.90689036,784,2,sad,1,30.20044799995958,0.11075255274772644,0.019430916756391525,0.7964882850646973,0.07332821935415268
1774267967.234,3006.957119693,785,2,sad,1,31.56373000001622,0.11819165199995041,0.02731161192059517,0.7890604734420776,0.06543625891208649
1774267967.283,3007.007604472,786,2,sad,1,30.08833700005198,0.13054141402244568,0.07813389599323273,0.7317283153533936,0.05959632992744446
1774267967.334,3007.058282659,787,2,sad,1,30.216096000003745,0.1355879008769989,0.06551826000213623,0.7414826154708862,0.05741111934185028
1774267967.385,3007.108794067,788,2,sad,1,31.06239499993535,0.08819132298231125,0.04450223594903946,0.8281129598617554,0.03919336199760437
1774267967.437,3007.158717048,789,2,sad,1,32.791972999802965,0.06385800987482071,0.04574396088719368,0.8615128993988037,0.028884993866086006
1774267967.487,3007.2091754,790,2,sad,1,32.11521299999731,0.04322466254234314,0.04473401606082916,0.8917520046234131,0.02028919942677021
1774267967.537,3007.259536734,791,2,sad,1,31.91487899994172,0.06445422768592834,0.14137955009937286,0.7728757858276367,0.02129034698009491
1774267967.587,3007.309985142,792,2,sad,1,31.8235269996876,0.13842546939849854,0.13621413707733154,0.7074639797210693,0.017896298319101334
1774267967.638,3007.360422124,793,2,sad,1,32.07430500015107,0.14891383051872253,0.20752915740013123,0.6302143335342407,0.013342497870326042
1774267967.689,3007.411504053,794,2,sad,1,31.86211899992486,0.16359394788742065,0.31737005710601807,0.5076346397399902,0.011401230469346046
1774267967.740,3007.462519777,795,2,sad,1,32.414823999715736,0.16397516429424286,0.23254582285881042,0.5930267572402954,0.01045215129852295
1774267967.790,3007.514477745,796,2,sad,1,30.709431000104814,0.10823431611061096,0.1877651810646057,0.6947376132011414,0.009262832812964916
1774267967.840,3007.563877502,797,2,sad,1,31.19083999990835,0.07181049883365631,0.14549042284488678,0.7708083391189575,0.011890687048435211
1774267967.891,3007.615325172,798,2,sad,1,30.733300999600033,0.04669756442308426,0.095087431371212,0.8494700193405151,0.008744882419705391
1774267967.944,3007.666687656,799,2,sad,1,32.44260300016322,0.03147575631737709,0.06738580763339996,0.8876147270202637,0.013523587957024574
1774267967.993,3007.716498544,800,2,sad,1,30.735061000086716,0.030881548300385475,0.13189898431301117,0.8179953098297119,0.019224023446440697
1774267968.042,3007.766844823,801,2,sad,1,29.82587299993611,0.03084227815270424,0.09479264169931412,0.8406978249549866,0.033667080104351044
1774267968.094,3007.81794101,802,2,sad,1,30.66965399966648,0.036316100507974625,0.065135657787323,0.8599729537963867,0.03857516869902611
1774267968.144,3007.868301807,803,2,sad,1,30.86824699994395,0.033092938363552094,0.0502031147480011,0.8498063087463379,0.066897451877594
1774267968.195,3007.918563919,804,2,sad,1,30.776431000049342,0.09717348963022232,0.043623507022857666,0.7988826036453247,0.060320205986499786
1774267968.245,3007.969402847,805,2,sad,1,30.553838000287215,0.10497188568115234,0.031994033604860306,0.7954516410827637,0.06758227944374084
1774267968.295,3008.019409476,806,2,sad,1,30.586672000026738,0.1228768527507782,0.02765294536948204,0.7837580442428589,0.06571201980113983
1774267968.347,3008.070048477,807,2,sad,1,31.681360000220593,0.12282973527908325,0.02081132121384144,0.78032386302948,0.07603488862514496
1774267968.398,3008.120562886,808,2,sad,1,32.09595300040746,0.10020521283149719,0.018490206450223923,0.7989228963851929,0.08238154649734497
1774267968.455,3008.172548798,809,2,sad,1,37.26581899991288,0.08543171733617783,0.016744161024689674,0.8163129687309265,0.08151105046272278
1774267968.500,3008.222435483,810,2,sad,1,32.72314000014376,0.07888332009315491,0.025601360946893692,0.8205233812332153,0.07499179989099503
1774267968.548,3008.271957518,811,2,sad,1,30.749560999993264,0.09749023616313934,0.030607204884290695,0.8024799823760986,0.0694224014878273
1774267968.603,3008.322803057,812,2,sad,1,34.713164000095276,0.08348490297794342,0.02298945002257824,0.8253244161605835,0.06820105761289597
1774267968.651,3008.373793837,813,2,sad,1,31.64711899989925,0.09247112274169922,0.0688164010643959,0.7632640600204468,0.07544834911823273
1774267968.701,3008.424870025,814,2,sad,1,30.563653000172053,0.09933282434940338,0.05353495478630066,0.7750897407531738,0.07204238325357437
1774267968.753,3008.47554623,815,2,sad,1,31.677100000251812,0.10737904906272888,0.04980551451444626,0.7713993787765503,0.0714159831404686
1774267968.803,3008.525961249,816,2,sad,1,32.00760200024888,0.09201762080192566,0.047944121062755585,0.7931627035140991,0.06687548756599426
1774267968.855,3008.576582214,817,2,sad,1,32.57863899989388,0.09388136863708496,0.04737875983119011,0.7977780699729919,0.06096173822879791
1774267968.906,3008.627053992,818,2,sad,1,33.322920000046,0.127214252948761,0.06426149606704712,0.7459513545036316,0.06257280707359314
1774267968.956,3008.677596049,819,2,sad,1,33.18664100015667,0.12320135533809662,0.04532506689429283,0.7797293066978455,0.05174419656395912
1774267969.008,3008.728107087,820,2,sad,1,34.463682000023255,0.15135133266448975,0.052000872790813446,0.7329137325286865,0.06373400241136551
1774267969.055,3008.778225272,821,2,sad,1,31.94712000004074,0.14969807863235474,0.06707952916622162,0.724070131778717,0.059152208268642426
1774267969.106,3008.828940848,822,2,sad,1,31.279359000109253,0.15023645758628845,0.05518287420272827,0.7414109110832214,0.053169697523117065
1774267969.157,3008.879028589,823,2,sad,1,32.50834300024508,0.1496463119983673,0.07179474085569382,0.7150936126708984,0.06346529722213745
1774267969.208,3008.930020147,824,2,sad,1,32.45432499988965,0.13537165522575378,0.068608857691288,0.7377581000328064,0.058261312544345856
1774267969.258,3008.980114888,825,2,sad,1,32.744380999702116,0.12074773013591766,0.07391677051782608,0.7484358549118042,0.05689956247806549
1774267969.308,3009.03098076,826,2,sad,1,31.807785999717453,0.1091151311993599,0.057780202478170395,0.7850098609924316,0.04809468612074852
1774267969.358,3009.080914408,827,2,sad,1,32.15673200020319,0.08708369731903076,0.0501880906522274,0.7450747489929199,0.11765338480472565
1774267969.408,3009.131878855,828,2,sad,1,30.410004999794182,0.06323695182800293,0.06521330028772354,0.7634121179580688,0.1081375777721405
1774267969.459,3009.18233856,829,2,sad,1,31.02015400008895,0.04246187582612038,0.047979604452848434,0.8347182273864746,0.0748402401804924
1774267969.509,3009.232726968,830,2,sad,1,31.256729000233463,0.02789914421737194,0.03598756715655327,0.8866925239562988,0.04942067712545395
1774267969.560,3009.28356947,831,2,sad,1,30.765079999582667,0.03666253015398979,0.0330112986266613,0.8919520974159241,0.038373999297618866
1774267969.611,3009.333561063,832,2,sad,1,32.409676000042964,0.029115473851561546,0.026237642392516136,0.9149230718612671,0.02972370758652687
1774267969.661,3009.38384186,833,2,sad,1,31.744397000238678,0.022790849208831787,0.05448430776596069,0.9001297950744629,0.02259494923055172
1774267969.710,3009.43394123,834,2,sad,1,30.360707999989245,0.024571705609560013,0.07331575453281403,0.8848278522491455,0.01728460006415844
1774267969.761,3009.484285898,835,2,sad,1,31.78795199983142,0.0545525886118412,0.09863834083080292,0.8321622610092163,0.01464671827852726
1774267969.811,3009.534760639,836,2,sad,1,30.538339000031556,0.07302283495664597,0.08531299978494644,0.8272067308425903,0.014457372017204762
1774267969.862,3009.585977179,837,2,sad,1,30.71585799989407,0.09171708673238754,0.09313973784446716,0.7989782094955444,0.016164926812052727
1774267969.912,3009.636354217,838,2,sad,1,30.73096899970551,0.06146914139389992,0.08124153316020966,0.8449888229370117,0.012300419621169567
1774267969.963,3009.687419201,839,2,sad,1,30.337653000060527,0.04148862883448601,0.06439899653196335,0.88029545545578,0.013816891238093376
1774267970.014,3009.737464257,840,2,sad,1,30.91735800035167,0.027606608346104622,0.04939612001180649,0.9119882583618164,0.01100893970578909
1774267970.064,3009.787851888,841,2,sad,1,30.98298699978841,0.019191622734069824,0.050077199935913086,0.9213887453079224,0.00934230163693428
1774267970.115,3009.838367445,842,2,sad,1,30.82389399969543,0.015462272800505161,0.037142064422369,0.9388768672943115,0.008518656715750694
1774267970.165,3009.889277558,843,2,sad,1,30.18330100030653,0.010762404650449753,0.029317554086446762,0.952314019203186,0.007605921011418104
1774267970.216,3009.939526448,844,2,sad,1,30.49850500019602,0.009531723335385323,0.019901668652892113,0.9637882709503174,0.006778259761631489
1774267970.265,3009.989978782,845,2,sad,1,30.070689000240236,0.006490346509963274,0.014455060474574566,0.9722297191619873,0.0068248119205236435
1774267970.317,3010.040430635,846,2,sad,1,31.144265999955678,0.004334897268563509,0.009523355402052402,0.9809690713882446,0.005172593519091606
1774267970.367,3010.0908991,847,2,sad,1,30.939487000068766,0.00285940058529377,0.006830661091953516,0.9833729267120361,0.006936928257346153
1774267970.417,3010.141481564,848,2,sad,1,30.654579999918496,0.00702873058617115,0.006239366251975298,0.9758962392807007,0.010835619643330574
1774267970.468,3010.191919584,849,2,sad,1,31.191691999993054,0.00901741161942482,0.01716720685362816,0.9489656686782837,0.024849677458405495
1774267970.521,3010.24278979,850,2,sad,1,32.41782499981127,0.00868439394980669,0.037795063108205795,0.926376223564148,0.0271442923694849
1774267970.570,3010.29276153,851,2,sad,1,32.02375000000757,0.01230238564312458,0.06602435559034348,0.8778278231620789,0.04384545236825943
1774267970.622,3010.34347244,852,2,sad,1,33.68962400008968,0.01644204556941986,0.07519467175006866,0.8640642762184143,0.04429899901151657
1774267970.672,3010.394032645,853,2,sad,1,32.77062200004366,0.023151692003011703,0.069266177713871,0.8636787533760071,0.04390333220362663
1774267970.723,3010.444855962,854,2,sad,1,33.198679000179254,0.021479763090610504,0.06893539428710938,0.8497850298881531,0.05979974567890167
1774267970.773,3010.495671186,855,2,sad,1,31.901601999834384,0.01968831568956375,0.0635448545217514,0.8477219343185425,0.0690448135137558
1774267970.824,3010.545846965,856,2,sad,1,33.32708600009937,0.021414224058389664,0.06178285554051399,0.7878358960151672,0.12896692752838135
1774267970.875,3010.59583015,857,2,sad,1,34.35294100017927,0.02075764909386635,0.0496145561337471,0.8040066957473755,0.1256209909915924
1774267970.924,3010.646487244,858,2,sad,1,31.986619999770483,0.027960997074842453,0.0427810400724411,0.7755001187324524,0.15375776588916779
1774267970.975,3010.696690837,859,2,sad,1,32.66590000021097,0.025658398866653442,0.04198872298002243,0.787777304649353,0.14457546174526215
1774267971.025,3010.747122209,860,2,sad,1,32.74012200017751,0.02258232608437538,0.04017963260412216,0.7929598093032837,0.14427818357944489
1774267971.075,3010.798300268,861,2,sad,1,31.107692000205134,0.030570615082979202,0.03487560153007507,0.7627816796302795,0.1717720329761505
1774267971.130,3010.84879538,862,2,sad,1,35.94648299986147,0.05848673731088638,0.028609447181224823,0.7548093795776367,0.15809433162212372
1774267971.182,3010.899428401,863,2,sad,1,36.853651000001264,0.05747108906507492,0.025270894169807434,0.7633852362632751,0.15387271344661713
1774267971.229,3010.95112135,864,2,sad,1,32.530954999856476,0.04899689182639122,0.029789235442876816,0.6639156341552734,0.2572981119155884
1774267971.275,3010.999343549,865,2,sad,1,30.414801000006264,0.043290019035339355,0.03404852747917175,0.6299495100975037,0.2927118241786957
1774267971.327,3011.050114792,866,2,sad,1,31.184987999949954,0.040187593549489975,0.02437535673379898,0.6749881505966187,0.26044875383377075
1774267971.375,3011.099846977,867,2,sad,1,30.28407800002242,0.03148672357201576,0.01897929608821869,0.7391289472579956,0.21040493249893188
1774267971.426,3011.15107635,868,2,sad,1,30.08778200000961,0.0333329401910305,0.01577034778892994,0.7695127129554749,0.1813838928937912
1774267971.478,3011.20114161,869,2,sad,1,31.167044000085298,0.03490568324923515,0.014891553670167923,0.7758091688156128,0.17439350485801697
1774267971.528,3011.252318169,870,2,sad,1,30.4484120001689,0.03418261185288429,0.011427243240177631,0.7995786070823669,0.15481141209602356
1774267971.579,3011.302574596,871,2,sad,1,30.940265000026557,0.029658565297722816,0.015225501731038094,0.7622150182723999,0.19290083646774292
1774267971.629,3011.352849319,872,2,sad,1,31.25724799974705,0.03485793247818947,0.017836827784776688,0.7119343876838684,0.23537075519561768
1774267971.680,3011.403505358,873,2,sad,1,30.805061000137357,0.0321304053068161,0.016925428062677383,0.7552365660667419,0.1957075297832489
1774267971.729,3011.453245394,874,2,sad,1,30.234263999773248,0.032233212143182755,0.015521039254963398,0.7305683493614197,0.22167730331420898
1774267971.780,3011.503768322,875,2,sad,1,30.761191000237886,0.03381915017962456,0.016527323052287102,0.7457386255264282,0.2039148211479187
1774267971.830,3011.553989915,876,2,sad,1,30.62061700029517,0.039494045078754425,0.01926169916987419,0.7457359433174133,0.19550821185112
1774267971.880,3011.604258379,877,2,sad,1,30.852301999857445,0.043135009706020355,0.015715576708316803,0.7854152321815491,0.15573404729366302
1774267971.931,3011.654846288,878,2,sad,1,30.488764999972773,0.03913430497050285,0.020052630454301834,0.7717543244361877,0.16905862092971802
1774267971.981,3011.705242382,879,2,sad,1,30.733486999906745,0.035804565995931625,0.02031530998647213,0.7759907245635986,0.16788926720619202
1774267972.032,3011.75592068,880,2,sad,1,31.200674000047,0.04003099352121353,0.015709608793258667,0.7965743541717529,0.14768490195274353
1774267972.083,3011.806401256,881,2,sad,1,31.724081999982445,0.049579039216041565,0.01580580323934555,0.7986952066421509,0.13591983914375305
1774267972.134,3011.857063221,882,2,sad,1,31.52841500013892,0.06872227787971497,0.020101340487599373,0.7679212093353271,0.1432550847530365
1774267972.185,3011.907370278,883,2,sad,1,32.46658399984881,0.07600437104701996,0.03604254499077797,0.7650144100189209,0.12293857336044312
1774267972.235,3011.957916224,884,2,sad,1,31.86328699985097,0.06746269762516022,0.04220493137836456,0.7458180785179138,0.14451421797275543
1774267972.286,3012.008834856,885,2,sad,1,31.35998900006598,0.10051548480987549,0.040515828877687454,0.7062091827392578,0.15275949239730835
1774267972.336,3012.059200228,886,2,sad,1,31.458822999866243,0.08139673620462418,0.030339842662215233,0.7377409934997559,0.1505223959684372
1774267972.388,3012.109921897,887,2,sad,1,33.14795699998285,0.06795476377010345,0.022065240889787674,0.7778463363647461,0.1321336328983307
1774267972.438,3012.160157028,888,2,sad,1,32.466991000092094,0.05028381943702698,0.015598244965076447,0.8161812424659729,0.1179366260766983
1774267972.488,3012.210887604,889,2,sad,1,31.675748999987263,0.04168673977255821,0.01220172829926014,0.8293465375900269,0.11676497757434845
1774267972.538,3012.26089266,890,2,sad,1,31.741433999741275,0.03170767426490784,0.012354530394077301,0.7943212389945984,0.1616165190935135
1774267972.590,3012.311809348,891,2,sad,1,32.8879369999413,0.027592366561293602,0.009426463395357132,0.8301537036895752,0.13282740116119385
1774267972.639,3012.362238979,892,2,sad,1,31.51113700005226,0.02769850566983223,0.00896756537258625,0.811489462852478,0.15184438228607178
1774267972.690,3012.413583501,893,2,sad,1,30.89037699965047,0.028287261724472046,0.007627366576343775,0.8210996389389038,0.14298570156097412
1774267972.742,3012.46421267,894,2,sad,1,32.73569600014525,0.02449624612927437,0.0073342458344995975,0.8291819095611572,0.13898757100105286
1774267972.792,3012.514489782,895,2,sad,1,32.22034300006271,0.02172556146979332,0.010633429512381554,0.8153880834579468,0.15225285291671753
1774267972.842,3012.565335248,896,2,sad,1,31.637415000204783,0.02157180942595005,0.00988105870783329,0.7939368486404419,0.17461015284061432
1774267972.892,3012.616102565,897,2,sad,1,30.207856000288302,0.032784365117549896,0.013018220663070679,0.7827069759368896,0.17149028182029724
1774267972.943,3012.666990475,898,2,sad,1,31.114765999973315,0.02810981683433056,0.01691472716629505,0.7522868514060974,0.20268845558166504
1774267972.994,3012.71787083,899,2,sad,1,30.904320999979973,0.02503153681755066,0.014343833550810814,0.7554779052734375,0.2051466405391693
1774267973.044,3012.767638755,900,2,sad,1,31.125192000217794,0.023108262568712234,0.013611803762614727,0.7529414296150208,0.21033841371536255
1774267973.094,3012.817449181,901,2,sad,1,31.32484099978683,0.02317880094051361,0.011518960818648338,0.7763606309890747,0.18894153833389282
1774267973.144,3012.868071554,902,2,sad,1,30.75324700012061,0.024256253615021706,0.012079095467925072,0.7673810720443726,0.1962834894657135
1774267973.196,3012.918834149,903,2,sad,1,31.624786000065797,0.03430349379777908,0.015477804467082024,0.7184404134750366,0.23177820444107056
1774267973.246,3012.969406077,904,2,sad,1,31.11048800019489,0.03550632670521736,0.011384056881070137,0.751724123954773,0.20138542354106903
1774267973.296,3013.019665986,905,2,sad,1,30.95172800021828,0.02867819368839264,0.01050213910639286,0.7814877033233643,0.17933188378810883
1774267973.350,3013.070755044,906,2,sad,1,33.60388399960357,0.03354804962873459,0.009334104135632515,0.8094011545181274,0.14771661162376404
1774267973.398,3013.121096546,907,2,sad,1,31.28706300003614,0.02622028812766075,0.006550920661538839,0.854448676109314,0.11277997493743896
1774267973.447,3013.17135688,908,2,sad,1,30.650246999812225,0.024036705493927002,0.004924160894006491,0.875391960144043,0.09564709663391113
1774267973.498,3013.222281976,909,2,sad,1,30.637431999821274,0.028523530811071396,0.005815275013446808,0.8702062368392944,0.09545490145683289
1774267973.550,3013.273032441,910,2,sad,1,31.344582000201626,0.031088154762983322,0.005539589561522007,0.8705353140830994,0.09283684194087982
1774267973.599,3013.323004275,911,2,sad,1,30.887598999925103,0.024931352585554123,0.004446627106517553,0.8987923860549927,0.07182951271533966
1774267973.651,3013.374464205,912,2,sad,1,31.461711999781983,0.021423308178782463,0.0033928612247109413,0.9096418619155884,0.06554192304611206
1774267973.703,3013.425024096,913,2,sad,1,32.695307999802026,0.017822911962866783,0.003185068489983678,0.9152790307998657,0.06371291726827621
1774267973.752,3013.475799043,914,2,sad,1,31.224859000303695,0.013586947694420815,0.0023519424721598625,0.9304746389389038,0.05358640104532242
1774267973.803,3013.525241802,915,2,sad,1,32.720400000016525,0.019931796938180923,0.0030080878641456366,0.9189497232437134,0.05811039358377457
1774267973.854,3013.575751174,916,2,sad,1,32.74728900032642,0.018040314316749573,0.0022176222410053015,0.926805317401886,0.052936676889657974
1774267973.904,3013.626496917,917,2,sad,1,32.07736099966496,0.022496476769447327,0.0026314181741327047,0.9156197309494019,0.05925227701663971
1774267973.955,3013.676959937,918,2,sad,1,32.337584999822866,0.01755462773144245,0.0025880024768412113,0.9095722436904907,0.07028497755527496
1774267974.007,3013.727503013,919,2,sad,1,34.28921900012938,0.014383500441908836,0.0026567878667265177,0.9106342196464539,0.07232531905174255
1774267974.055,3013.777656811,920,2,sad,1,31.899267999961012,0.015282160602509975,0.00393760297447443,0.9080430269241333,0.07273702323436737
1774267974.107,3013.828084813,921,2,sad,1,33.34943800018664,0.016432208940386772,0.005230817943811417,0.9014580845832825,0.07687871903181076
1774267974.156,3013.878451055,922,2,sad,1,31.979880000108096,0.022825423628091812,0.012043504044413567,0.8757483959197998,0.08938251435756683
1774267974.208,3013.928911538,923,2,sad,1,33.47080999992613,0.020667627453804016,0.009142566472291946,0.8811290264129639,0.08906067162752151
1774267974.256,3013.979712763,924,2,sad,1,31.222045000049548,0.03203050047159195,0.011623277328908443,0.8749730587005615,0.08137304335832596
1774267974.308,3014.031096768,925,2,sad,1,31.830211999931635,0.037569284439086914,0.008966169320046902,0.868235170841217,0.08522925525903702
1774267974.359,3014.081869159,926,2,sad,1,31.621972000266396,0.027139239013195038,0.008193562738597393,0.875520646572113,0.08914647996425629
1774267974.409,3014.13228968,927,2,sad,1,31.414710999797535,0.019135883077979088,0.006811288185417652,0.8874224424362183,0.08663034439086914
1774267974.460,3014.182511699,928,2,sad,1,31.923287000154232,0.019638076424598694,0.007605258375406265,0.892848014831543,0.07990854233503342
1774267974.509,3014.233006405,929,2,sad,1,30.82457999971666,0.015113914385437965,0.0056834532879292965,0.9150344133377075,0.06416810303926468
1774267974.560,3014.283460925,930,2,sad,1,31.261525999980222,0.015180740505456924,0.006765848025679588,0.8976970911026001,0.0803561583161354
1774267974.611,3014.334344465,931,2,sad,1,31.70447200000126,0.012721591629087925,0.004813475999981165,0.9132322072982788,0.06923261284828186
1774267974.660,3014.383728946,932,2,sad,1,30.92809899999338,0.016027802601456642,0.006008319091051817,0.9096604585647583,0.06830331683158875
1774267974.710,3014.434703542,933,2,sad,1,30.483541999728914,0.014313344843685627,0.005321999080479145,0.9095665216445923,0.07079799473285675
1774267974.762,3014.485247118,934,2,sad,1,31.34215599993695,0.023731496185064316,0.00578768365085125,0.9069497585296631,0.06353091448545456
1774267974.812,3014.535879769,935,2,sad,1,30.628319999777887,0.021158114075660706,0.005502603016793728,0.894315242767334,0.07902386039495468
1774267974.863,3014.586088455,936,2,sad,1,31.44700799975908,0.02005530707538128,0.00592285580933094,0.8972094058990479,0.07681228220462799
1774267974.912,3014.636700013,937,2,sad,1,30.301134000183083,0.020996013656258583,0.007102231495082378,0.8985497951507568,0.07335186749696732
1774267974.963,3014.686827458,938,2,sad,1,30.739746999643103,0.01785559579730034,0.006161133758723736,0.9016268253326416,0.07435636222362518
1774267975.015,3014.738039999,939,2,sad,1,31.251840999630076,0.0287754088640213,0.03759128227829933,0.8131283521652222,0.12050484865903854
1774267975.065,3014.788135871,940,2,sad,1,31.910174999666197,0.02239867113530636,0.028144700452685356,0.8563096523284912,0.09314683079719543
1774267975.118,3014.838997355,941,2,sad,1,34.061607999774424,0.014657225459814072,0.01902889832854271,0.9044028520584106,0.06191093474626541
1774267975.166,3014.889262579,942,2,sad,1,31.831156999942323,0.009560220874845982,0.012397353537380695,0.9362615346908569,0.04178083315491676
1774267975.217,3014.939826878,943,2,sad,1,32.315176999873074,0.006862341891974211,0.0110444575548172,0.9530272483825684,0.029065921902656555
1774267975.267,3014.990910844,944,2,sad,1,30.47391299969604,0.008759688585996628,0.03449196740984917,0.9353023767471313,0.02144591510295868
1774267975.319,3015.040851364,945,2,sad,1,32.82089999993332,0.06706670671701431,0.025559015572071075,0.8929193615913391,0.014454841613769531
1774267975.369,3015.091458144,946,2,sad,1,32.23191699999006,0.1503981500864029,0.021042516455054283,0.8182961344718933,0.010263107717037201
1774267975.418,3015.141499404,947,2,sad,1,31.326118999913888,0.19576355814933777,0.01580916717648506,0.7813401222229004,0.007087091915309429
1774267975.469,3015.192291333,948,2,sad,1,31.369081999855553,0.18499711155891418,0.014881977811455727,0.7950676679611206,0.005053172819316387
1774267975.520,3015.242460464,949,2,sad,1,31.891323999843735,0.13651897013187408,0.015504937618970871,0.844428539276123,0.003547482192516327
1774267975.572,3015.293191392,950,2,sad,1,33.1035129997872,0.08917998522520065,0.010203641839325428,0.8975785970687866,0.0030377269722521305
1774267975.623,3015.343167023,951,2,sad,1,34.43362699999852,0.057985737919807434,0.006689010187983513,0.9321802854537964,0.0031449096277356148
1774267975.672,3015.394316267,952,2,sad,1,32.765956000275764,0.03795408830046654,0.004974599462002516,0.9430563449859619,0.01401493139564991
1774267975.723,3015.445156937,953,2,sad,1,32.53928899994207,0.03161165118217468,0.06714657694101334,0.8812793493270874,0.019962366670370102
1774267975.774,3015.49558681,954,2,sad,1,33.58042099989689,0.08671343326568604,0.0794554054737091,0.7948413491249084,0.03898974508047104
1774267975.822,3015.545806941,955,2,sad,1,31.28843299964501,0.06780491024255753,0.056123875081539154,0.7619917988777161,0.11407935619354248
1774267975.873,3015.596131998,956,2,sad,1,31.578526999965106,0.05086054652929306,0.03957640752196312,0.7667803764343262,0.14278264343738556
1774267975.924,3015.646685093,957,2,sad,1,31.822656999793253,0.037064939737319946,0.0316997766494751,0.7910948991775513,0.1401403248310089
1774267975.976,3015.698607099,958,2,sad,1,32.12912099979803,0.03584272786974907,0.023865826427936554,0.8098059892654419,0.13048535585403442
1774267976.026,3015.748584599,959,2,sad,1,31.919361999825924,0.04593471437692642,0.03379041329026222,0.7871397733688354,0.13313496112823486
1774267976.076,3015.798729045,960,2,sad,1,31.55308299983517,0.04477756842970848,0.03092358261346817,0.7832108736038208,0.1410878747701645
1774267976.126,3015.849052492,961,2,sad,1,31.548249000024953,0.04451843351125717,0.04136895760893822,0.7427942752838135,0.17131823301315308
1774267976.177,3015.899550605,962,2,sad,1,32.44788099982543,0.06644212454557419,0.09243982285261154,0.6356803774833679,0.2054375410079956
1774267976.231,3015.949807681,963,2,sad,1,35.76962999977695,0.07875274121761322,0.14733250439167023,0.5772013664245605,0.19671326875686646
1774267976.285,3016.001273686,964,2,sad,1,37.9784510000718,0.0753566324710846,0.11071524769067764,0.6384669542312622,0.175461083650589
1774267976.331,3016.053764601,965,2,sad,1,32.00217600033284,0.07773952186107635,0.12917035818099976,0.6088632345199585,0.18422681093215942
1774267976.379,3016.101102076,966,2,sad,1,32.18082499961383,0.06408176571130753,0.11321968585252762,0.5840957164764404,0.23860275745391846
1774267976.433,3016.152168969,967,2,sad,1,35.60618500023338,0.047967761754989624,0.12190687656402588,0.5691533088684082,0.26097196340560913
1774267976.480,3016.202949713,968,2,sad,1,31.84150899960514,0.0367467887699604,0.15394628047943115,0.49105900526046753,0.31824782490730286
1774267976.533,3016.25388279,969,2,sad,1,33.98683000023084,0.027531305328011513,0.23105762898921967,0.3926253318786621,0.3487856388092041
1774267976.585,3016.30530185,970,2,sad,1,34.55398000005516,0.02347448281943798,0.2663326859474182,0.4123217463493347,0.2978709936141968
1774267976.634,3016.355872964,971,2,sad,1,32.659678000072745,0.021216943860054016,0.25540691614151,0.4365806579589844,0.28679537773132324
1774267976.682,3016.404740092,972,2,sad,1,31.584823000230244,0.020210644230246544,0.2540450692176819,0.4675180912017822,0.25822609663009644
1774267976.732,3016.455231409,973,2,sad,1,31.021488000078534,0.015099398791790009,0.32486599683761597,0.4002428650856018,0.25979167222976685
1774267976.784,3016.506019856,974,2,sad,1,32.68138200019166,0.01085642259567976,0.3312930464744568,0.3747706413269043,0.2830798327922821
1774267976.834,3016.556330395,975,2,sad,1,32.432159000109095,0.009970536455512047,0.25646254420280457,0.371612548828125,0.3619542717933655
1774267976.884,3016.607323843,976,3,angry,1,31.136859000071127,0.008314549922943115,0.24864371120929718,0.3592885732650757,0.38375306129455566
1774267976.936,3016.657777364,977,2,sad,1,32.75247500005207,0.01032685674726963,0.32397952675819397,0.3381059765815735,0.3275875747203827
1774267976.987,3016.708918294,978,2,sad,1,32.73612300017703,0.012223660945892334,0.3367793560028076,0.34438425302505493,0.30661267042160034
1774267977.037,3016.759220222,979,2,sad,1,32.52712200037422,0.013593509793281555,0.33840471506118774,0.3854789733886719,0.26252269744873047
1774267977.088,3016.810309522,980,1,happy,1,32.649808000314806,0.01267238985747099,0.43140462040901184,0.316714346408844,0.23920857906341553
1774267977.141,3016.860886284,981,1,happy,1,34.762220999709825,0.009034523740410805,0.5013874769210815,0.2986442446708679,0.1909337043762207
1774267977.190,3016.911045286,982,1,happy,1,33.15565999992032,0.009583525359630585,0.4943314790725708,0.3335265815258026,0.16255834698677063
1774267977.240,3016.961550992,983,1,happy,1,32.860104000064894,0.008356407284736633,0.4724687933921814,0.3722192645072937,0.14695540070533752
1774267977.291,3017.012459792,984,1,happy,1,32.76621500026522,0.008005443960428238,0.5366628170013428,0.34155192971229553,0.1137797087430954
1774267977.341,3017.063355666,985,1,happy,1,32.21525099979772,0.008696066215634346,0.5852979421615601,0.30015286803245544,0.10585302859544754
1774267977.393,3017.115050375,986,1,happy,1,32.19254699979501,0.010590228252112865,0.44350942969322205,0.4293270707130432,0.11657319217920303
1774267977.443,3017.16695377,987,2,sad,1,31.079063000106544,0.01155267283320427,0.38162609934806824,0.42716002464294434,0.1796611249446869
1774267977.493,3017.216682752,988,1,happy,1,30.88570999989315,0.013082347810268402,0.44029176235198975,0.38766831159591675,0.15895748138427734
1774267977.543,3017.266942532,989,2,sad,1,30.773895000038465,0.015574255958199501,0.3842756450176239,0.40876299142837524,0.19138705730438232
1774267977.596,3017.316801625,990,2,sad,1,34.13788599982581,0.015929896384477615,0.3850691318511963,0.43434661626815796,0.16465429961681366
1774267977.645,3017.367036182,991,2,sad,1,32.63140099988959,0.014714277349412441,0.27515971660614014,0.5323259830474854,0.1778000295162201
1774267977.695,3017.417629167,992,2,sad,1,31.836694000048738,0.014950474724173546,0.24550285935401917,0.5703439712524414,0.16920267045497894
1774267977.745,3017.468119021,993,2,sad,1,31.36145200005558,0.01765216514468193,0.32955044507980347,0.49745380878448486,0.15534359216690063
1774267977.797,3017.518859561,994,2,sad,1,32.51454799965359,0.01676608994603157,0.31854692101478577,0.48851776123046875,0.17616918683052063
1774267977.846,3017.56891634,995,2,sad,1,31.632823999643733,0.018967434763908386,0.3551679253578186,0.4656541347503662,0.1602104902267456
1774267977.896,3017.620181437,996,2,sad,1,30.840339999940625,0.022100389003753662,0.32546600699424744,0.5002602338790894,0.15217334032058716
1774267977.947,3017.67040092,997,2,sad,1,31.19697100009944,0.02061377465724945,0.2506331503391266,0.5871964693069458,0.14155656099319458
1774267977.997,3017.720681756,998,2,sad,1,30.741450999812514,0.03292888030409813,0.2407829314470291,0.5879225730895996,0.13836556673049927
1774267978.047,3017.770850387,999,2,sad,1,30.72500600001149,0.030310992151498795,0.1929093301296234,0.6183346509933472,0.15844495594501495
1774267978.098,3017.820957481,1000,2,sad,1,31.67791700025191,0.039204563945531845,0.20050625503063202,0.6147443056106567,0.14554482698440552
1774267978.148,3017.871598225,1001,2,sad,1,31.468193999899086,0.050576914101839066,0.15839852392673492,0.6640588641166687,0.12696564197540283
1774267978.199,3017.922119005,1002,2,sad,1,31.55056500008868,0.05319492518901825,0.12267551571130753,0.7260450720787048,0.09808439761400223
1774267978.250,3017.972981028,1003,2,sad,1,31.52022999984183,0.0630786195397377,0.1283148229122162,0.7256571054458618,0.08294934034347534
1774267978.301,3018.023682642,1004,2,sad,1,31.863193999924988,0.06791163980960846,0.10555020719766617,0.7545276880264282,0.07201029360294342
1774267978.352,3018.074284849,1005,2,sad,1,32.310176999999385,0.06966982781887054,0.12301906198263168,0.728117823600769,0.0791931301355362
1774267978.402,3018.12506763,1006,2,sad,1,31.451490000108606,0.069222591817379,0.09177712351083755,0.7567416429519653,0.08225848525762558
1774267978.455,3018.176234153,1007,2,sad,1,33.29914199957784,0.08288855850696564,0.1054888367652893,0.7338849306106567,0.07773757725954056
1774267978.505,3018.226730026,1008,2,sad,1,32.754603999819665,0.08156247437000275,0.07855883985757828,0.7629880905151367,0.07689045369625092
1774267978.555,3018.277481918,1009,2,sad,1,32.09767699991062,0.09322094917297363,0.07227291166782379,0.7549918293952942,0.07951420545578003
1774267978.606,3018.327467938,1010,2,sad,1,33.650957999725506,0.09262362122535706,0.07377390563488007,0.7408515810966492,0.09275082498788834
1774267978.659,3018.378150182,1011,2,sad,1,35.16618399999061,0.07658325135707855,0.0851486548781395,0.7467849254608154,0.09148310124874115
1774267978.708,3018.428832277,1012,2,sad,1,34.12170100000367,0.09219211339950562,0.10509871691465378,0.7264469861984253,0.07626213133335114
1774267978.757,3018.479467465,1013,2,sad,1,32.48662299984062,0.0788806900382042,0.0866599753499031,0.7481800317764282,0.0862792506814003
1774267978.809,3018.530893248,1014,2,sad,1,32.509399999980815,0.06239312142133713,0.06926467269659042,0.7602119445800781,0.10813017189502716
1774267978.860,3018.580892361,1015,2,sad,1,33.40814299963313,0.07692649960517883,0.07216907292604446,0.7443350553512573,0.10656924545764923
1774267978.909,3018.632108995,1016,2,sad,1,31.70110199971532,0.06551305204629898,0.0716518685221672,0.7269511222839355,0.13588380813598633
1774267978.959,3018.682870313,1017,2,sad,1,30.975358999967284,0.057588767260313034,0.058890897780656815,0.769912600517273,0.11360760033130646
1774267979.010,3018.733408538,1018,2,sad,1,31.42024900034812,0.0526917539536953,0.05155894532799721,0.795685350894928,0.10006380081176758
1774267979.060,3018.783460021,1019,2,sad,1,31.640435000099387,0.0528290793299675,0.04300471395254135,0.8180645704269409,0.08610156178474426
1774267979.110,3018.833463023,1020,2,sad,1,31.340192999778083,0.06689266115427017,0.06346892565488815,0.7919781804084778,0.07766018062829971
1774267979.161,3018.883706654,1021,2,sad,1,31.629343000076915,0.06925339996814728,0.047515399754047394,0.8088555335998535,0.07437565177679062
1774267979.211,3018.934074361,1022,2,sad,1,31.850434999796562,0.0778278261423111,0.05318045988678932,0.7583923935890198,0.11059926450252533
1774267979.261,3018.98480242,1023,2,sad,1,31.13709999979619,0.08290298283100128,0.053281813859939575,0.7668117880821228,0.09700334817171097
1774267979.311,3019.03461168,1024,2,sad,1,30.532764999861683,0.07175928354263306,0.05496268719434738,0.7745863795280457,0.09869155287742615
1774267979.362,3019.085778407,1025,2,sad,1,31.238989000030415,0.061218760907649994,0.05751078575849533,0.7787739038467407,0.10249647498130798
1774267979.412,3019.135658574,1026,2,sad,1,31.22760099995503,0.06496453285217285,0.07664260268211365,0.7572386264801025,0.1011541485786438
1774267979.463,3019.187213932,1027,2,sad,1,30.874006999965786,0.07740592956542969,0.0757240280508995,0.7525379657745361,0.09433199465274811
1774267979.514,3019.237337786,1028,2,sad,1,31.00952500017229,0.06979566067457199,0.11331421136856079,0.7328217029571533,0.08406835794448853
1774267979.567,3019.288622624,1029,2,sad,1,33.13236500025596,0.06487066298723221,0.09894679486751556,0.7517115473747253,0.08447094261646271
1774267979.615,3019.338566329,1030,2,sad,1,31.267303999811702,0.062457554042339325,0.09991507977247238,0.7251266241073608,0.1125006377696991
1774267979.665,3019.389060295,1031,2,sad,1,30.622468999808916,0.056922927498817444,0.09263470023870468,0.6992787718772888,0.1511634737253189
1774267979.717,3019.440110021,1032,2,sad,1,31.77878700034853,0.054540473967790604,0.1047753095626831,0.6891615986824036,0.15152250230312347
1774267979.768,3019.490530876,1033,2,sad,1,32.474733000071865,0.04792427271604538,0.08698947727680206,0.7218743562698364,0.14321179687976837
1774267979.820,3019.541480009,1034,2,sad,1,33.59868099960295,0.04415958374738693,0.09122885018587112,0.7340575456619263,0.13055387139320374
1774267979.870,3019.592208198,1035,2,sad,1,32.79428999985612,0.05159309133887291,0.10613028705120087,0.6988538503646851,0.14342263340950012
1774267979.922,3019.643185702,1036,2,sad,1,33.135012999991886,0.05701049044728279,0.10800129175186157,0.7008349299430847,0.13415318727493286
1774267979.971,3019.693262074,1037,2,sad,1,32.904179000070144,0.0672093853354454,0.16744494438171387,0.6232205629348755,0.14212505519390106
1774267980.022,3019.744116152,1038,2,sad,1,32.64210399993317,0.061406612396240234,0.1215621829032898,0.6743476390838623,0.14268344640731812
1774267980.071,3019.79385369,1039,2,sad,1,31.847545999880822,0.058926329016685486,0.12074165046215057,0.6727355122566223,0.14759640395641327
1774267980.121,3019.843783154,1040,2,sad,1,31.95734300015829,0.053886521607637405,0.11468498408794403,0.6918058395385742,0.1396225392818451
1774267980.171,3019.894307046,1041,2,sad,1,31.679472000178066,0.07519299536943436,0.10968129336833954,0.6612951755523682,0.15383046865463257
1774267980.223,3019.944589697,1042,2,sad,1,32.64165900009175,0.07458267360925674,0.08356872946023941,0.7234283685684204,0.11842017620801926
1774267980.273,3019.995153681,1043,2,sad,1,32.61549299986655,0.06762263923883438,0.07648914307355881,0.6883613467216492,0.16752678155899048
1774267980.322,3020.045166479,1044,2,sad,1,31.44962000033047,0.0661730021238327,0.10469034314155579,0.6881266832351685,0.1410098671913147
1774267980.373,3020.095489482,1045,2,sad,1,31.978675999653206,0.05996061488986015,0.1054355651140213,0.6915720105171204,0.14303168654441833
1774267980.423,3020.146035355,1046,2,sad,1,31.615138999768533,0.06186746060848236,0.08687972277402878,0.7055845260620117,0.14566819369792938
1774267980.473,3020.197094675,1047,2,sad,1,30.828747000214207,0.0702843889594078,0.08093461394309998,0.6863576769828796,0.1624232530593872
1774267980.527,3020.24850918,1048,2,sad,1,32.64616000024034,0.070905402302742,0.11797963082790375,0.6500187516212463,0.16109615564346313
1774267980.576,3020.298920312,1049,2,sad,1,31.582861000060802,0.0597083643078804,0.18291279673576355,0.5826454162597656,0.17473332583904266
1774267980.627,3020.349802964,1050,2,sad,1,31.588398000167217,0.04777660220861435,0.19165591895580292,0.5748648643493652,0.18570256233215332
1774267980.675,3020.399349465,1051,2,sad,1,30.141837999963172,0.04363774135708809,0.16507574915885925,0.611889123916626,0.17939727008342743
1774267980.726,3020.45018121,1052,2,sad,1,30.832820999876276,0.05850599706172943,0.15800407528877258,0.6328095197677612,0.15068025887012482
1774267980.779,3020.500204471,1053,2,sad,1,33.227086999886524,0.057732634246349335,0.16450363397598267,0.6421116590499878,0.13565197587013245
1774267980.827,3020.55064651,1054,2,sad,1,31.1757489998854,0.07539432495832443,0.12288367003202438,0.6783682703971863,0.12335363030433655
1774267980.878,3020.600805161,1055,2,sad,1,31.513174999872717,0.08759550750255585,0.12167443335056305,0.6843384504318237,0.1063915267586708
1774267980.929,3020.651737461,1056,2,sad,1,31.539120000161347,0.09173639863729477,0.11089031398296356,0.6978580951690674,0.09951511025428772
1774267980.979,3020.702259223,1057,2,sad,1,31.163803999788797,0.08026644587516785,0.08272549510002136,0.7413036823272705,0.09570425748825073
1774267981.029,3020.752998042,1058,2,sad,1,30.37789400013935,0.0738488957285881,0.07649539411067963,0.7441757321357727,0.105479896068573
1774267981.080,3020.803159766,1059,2,sad,1,31.34250899984181,0.0765349268913269,0.08324045687913895,0.7037115097045898,0.13651303946971893
1774267981.130,3020.854064622,1060,2,sad,1,30.315413000153058,0.08057232946157455,0.09696424007415771,0.7018481492996216,0.12061522901058197
1774267981.183,3020.903937439,1061,2,sad,1,34.088385999893944,0.08343856036663055,0.08395342528820038,0.7019041776657104,0.13070382177829742
1774267981.231,3020.95447272,1062,2,sad,1,30.99476599982154,0.08123517781496048,0.08410815894603729,0.720276951789856,0.11437968909740448
1774267981.281,3021.004952463,1063,2,sad,1,31.090267000308813,0.07503340393304825,0.07975223660469055,0.7354488968849182,0.1097654178738594
1774267981.338,3021.055670597,1064,2,sad,1,37.38385700034996,0.09228433668613434,0.09420954436063766,0.6933157444000244,0.12019037455320358
1774267981.392,3021.1075239,1065,2,sad,1,39.3826029999218,0.09900936484336853,0.08868630230426788,0.6958287358283997,0.11647558957338333
1774267981.438,3021.159690296,1066,2,sad,1,32.59519699986413,0.09634426981210709,0.09304986894130707,0.6929665207862854,0.11763930320739746
1774267981.487,3021.208529869,1067,2,sad,1,33.018642000115506,0.10068826377391815,0.1261982023715973,0.6459731459617615,0.1271403431892395
1774267981.536,3021.257945314,1068,2,sad,1,32.93653099990479,0.08544613420963287,0.18444430828094482,0.5989875197410583,0.13112197816371918
1774267981.591,3021.309179467,1069,2,sad,1,36.8218749999869,0.09010492265224457,0.15278685092926025,0.6252387762069702,0.1318693906068802
1774267981.639,3021.359316691,1070,2,sad,1,34.66948000004777,0.0875297412276268,0.19665925204753876,0.5631887912750244,0.15262216329574585
1774267981.688,3021.409977862,1071,2,sad,1,32.66586300014751,0.09735779464244843,0.19422727823257446,0.5720664262771606,0.13634848594665527
1774267981.741,3021.461329089,1072,2,sad,1,34.59994299964819,0.09489329904317856,0.18916210532188416,0.586448073387146,0.1294964700937271
1774267981.792,3021.511558462,1073,2,sad,1,35.09987000006731,0.08561353385448456,0.1570102572441101,0.637601375579834,0.11977483332157135
1774267981.840,3021.56158726,1074,2,sad,1,32.909902000028524,0.08075568825006485,0.21777886152267456,0.5949335694313049,0.10653182119131088
1774267981.890,3021.612140208,1075,2,sad,1,32.99812400018709,0.06977689266204834,0.16389413177967072,0.6696847677230835,0.09664414823055267
1774267981.940,3021.662645304,1076,2,sad,1,32.493659000010666,0.057202961295843124,0.12598606944084167,0.6870070099830627,0.1298038810491562
1774267981.991,3021.713362659,1077,2,sad,1,32.622827000068355,0.0621047243475914,0.11486922949552536,0.695870578289032,0.1271553635597229
1774267982.042,3021.764349571,1078,2,sad,1,32.06860299997061,0.06350249797105789,0.10642820596694946,0.7109081745147705,0.11916100978851318
1774267982.093,3021.815036668,1079,2,sad,1,32.21400999973412,0.0818956270813942,0.11409900337457657,0.7001140713691711,0.10389115661382675
1774267982.143,3021.86531643,1080,2,sad,1,32.25191799992899,0.08215548098087311,0.11864496767520905,0.7114769220352173,0.08772243559360504
1774267982.193,3021.915836581,1081,2,sad,1,32.1051770001759,0.08019189536571503,0.11645837873220444,0.7026653289794922,0.10068421065807343
1774267982.243,3021.966596141,1082,2,sad,1,31.428600999788614,0.08187447488307953,0.13375155627727509,0.6649289727210999,0.119444839656353
1774267982.295,3022.017274996,1083,2,sad,1,32.72586399998545,0.07761645317077637,0.1257651448249817,0.6475701332092285,0.14904814958572388
1774267982.345,3022.067797018,1084,2,sad,1,31.553305000215914,0.0807809829711914,0.11042308807373047,0.6722348928451538,0.13656090199947357
1774267982.395,3022.118395207,1085,2,sad,1,31.07335899994723,0.08404690027236938,0.09018757194280624,0.7081103324890137,0.11765504628419876
1774267982.445,3022.1691406,1086,2,sad,1,30.943229000058636,0.06788665056228638,0.06807827949523926,0.7489511370658875,0.11508378386497498
1774267982.497,3022.220297457,1087,2,sad,1,30.9901370001171,0.062122736126184464,0.05917619541287422,0.7848252058029175,0.09387572109699249
1774267982.547,3022.270353662,1088,2,sad,1,31.836157999805437,0.06198430433869362,0.0755394995212555,0.7510374188423157,0.11143866181373596
1774267982.597,3022.32148926,1089,2,sad,1,30.66028400007781,0.053806040436029434,0.09026637673377991,0.7399241924285889,0.11600328981876373
1774267982.647,3022.371046464,1090,2,sad,1,30.65361800008759,0.0845402330160141,0.12676972150802612,0.6816989779472351,0.1069909930229187
1774267982.699,3022.42169495,1091,2,sad,1,31.906935999813868,0.09121561050415039,0.12171658873558044,0.676878035068512,0.11018967628479004
1774267982.754,3022.473361604,1092,2,sad,1,35.287297000195395,0.07655367255210876,0.08983832597732544,0.7318501472473145,0.10175774991512299
1774267982.803,3022.524524609,1093,2,sad,1,33.21301400001175,0.08412379026412964,0.08583707362413406,0.7368431091308594,0.09319598972797394
1774267982.853,3022.574684593,1094,2,sad,1,32.778105000033975,0.08103877305984497,0.08176037669181824,0.7491812705993652,0.08801957964897156
1774267982.902,3022.624163353,1095,2,sad,1,32.97386500025823,0.07652436196804047,0.07327224314212799,0.7571876645088196,0.09301571547985077
1774267982.954,3022.67514358,1096,2,sad,1,33.24162399985653,0.07346458733081818,0.06511122733354568,0.7863191366195679,0.07510507851839066
1774267983.003,3022.724951063,1097,2,sad,1,33.110624000073585,0.06929458677768707,0.05683073773980141,0.80223149061203,0.07164324074983597
1774267983.055,3022.776176346,1098,2,sad,1,33.04058699995949,0.09035174548625946,0.05291391909122467,0.7972512245178223,0.05948309600353241
1774267983.105,3022.82713848,1099,2,sad,1,32.40552999977808,0.09037844836711884,0.04559765011072159,0.8077147006988525,0.056309111416339874
1774267983.155,3022.877325723,1100,2,sad,1,32.316344999799185,0.08635346591472626,0.04005862772464752,0.803734540939331,0.06985323876142502
1774267983.207,3022.928440358,1101,2,sad,1,33.366514000135794,0.10532943904399872,0.04338107258081436,0.7915260791778564,0.05976327881217003
1774267983.258,3022.978558675,1102,2,sad,1,34.29533200005608,0.10464310646057129,0.03599455580115318,0.7937287092208862,0.06563352048397064
1774267983.308,3023.029041309,1103,2,sad,1,34.10162599993782,0.0897439494729042,0.029627278447151184,0.8176432847976685,0.062985360622406
1774267983.360,3023.079829498,1104,2,sad,1,34.419257000081416,0.08105435222387314,0.029997380450367928,0.8243997097015381,0.06454847007989883
1774267983.411,3023.132489322,1105,2,sad,1,32.81514200034508,0.07638885825872421,0.029411282390356064,0.8203550577163696,0.07384468615055084
1774267983.460,3023.182480898,1106,2,sad,1,32.46323399980611,0.08033903688192368,0.030418235808610916,0.8251707553863525,0.06407186388969421
1774267983.511,3023.233579551,1107,2,sad,1,31.580750000102853,0.08003315329551697,0.026845606043934822,0.8336656093597412,0.059455543756484985
1774267983.560,3023.283026089,1108,2,sad,1,32.008566000058636,0.07416611909866333,0.03203079104423523,0.807148814201355,0.08665421605110168
1774267983.610,3023.333330351,1109,2,sad,1,31.083693000255153,0.07266585528850555,0.028880007565021515,0.8183112144470215,0.08014282584190369
1774267983.660,3023.384054022,1110,2,sad,1,30.95448900012343,0.0651942640542984,0.023859841749072075,0.8293073177337646,0.08163849264383316
1774267983.712,3023.435626065,1111,2,sad,1,31.271434999780467,0.0590236634016037,0.02502039074897766,0.8442479372024536,0.07170788198709488
1774267983.763,3023.486462403,1112,2,sad,1,31.247934000020905,0.07169502973556519,0.03748366981744766,0.8150660991668701,0.07575507462024689
1774267983.814,3023.537339148,1113,2,sad,1,31.744732000333897,0.08724857866764069,0.042497120797634125,0.7908648252487183,0.07938938587903976
1774267983.863,3023.587310095,1114,2,sad,1,30.710562000422215,0.07647616416215897,0.055239103734493256,0.7867143154144287,0.0815703496336937
1774267983.915,3023.637799839,1115,2,sad,1,32.14017700020122,0.07412092387676239,0.05262234807014465,0.7978401184082031,0.07541650533676147
1774267983.966,3023.688799362,1116,2,sad,1,31.4953609999975,0.06513581424951553,0.04229378700256348,0.8253065347671509,0.06726378947496414
1774267984.015,3023.739170773,1117,2,sad,1,30.17219000003024,0.07716928422451019,0.040352966636419296,0.8176608085632324,0.06481686979532242
1774267984.066,3023.78961298,1118,2,sad,1,31.25897099971553,0.08461950719356537,0.040557365864515305,0.8056174516677856,0.06920558959245682
1774267984.118,3023.840381706,1119,2,sad,1,31.89908500007732,0.09319247305393219,0.03737175464630127,0.809063196182251,0.060372479259967804
1774267984.168,3023.890907766,1120,2,sad,1,31.74382399993192,0.08601714670658112,0.02877921424806118,0.8278341293334961,0.05736943334341049
1774267984.220,3023.942132067,1121,2,sad,1,32.78053100029865,0.1001175045967102,0.026759356260299683,0.8159242868423462,0.057198718190193176
