timestamp_unix,packet_ts,seq,argmax_idx,argmax_label,face_detected,latency_ms,neutral,happy,sad,angry
1774180998.541,27421.694270151,0,2,sad,1,38.436192997323815,0.21306759119033813,0.0025116819888353348,0.7405676245689392,0.043853070586919785
1774180998.797,27421.945295872,1,2,sad,1,43.00670500015258,0.14869460463523865,0.0016621202230453491,0.8208040595054626,0.028839141130447388
1774180998.857,27422.005099,2,2,sad,1,43.99911099972087,0.12387092411518097,0.0010999084915965796,0.8561440706253052,0.018885012716054916
1774180998.912,27422.061314336,3,2,sad,1,42.530427999736276,0.1321905553340912,0.000769565929658711,0.8542301654815674,0.012809625826776028
1774180998.963,27422.119859448,4,2,sad,1,34.751603998302016,0.17050564289093018,0.0006478687282651663,0.8192476630210876,0.009598723612725735
1774180999.011,27422.167580388,5,2,sad,1,34.68819599947892,0.21351733803749084,0.0005874774651601911,0.7787970304489136,0.007098057307302952
1774180999.055,27422.214083496,6,2,sad,1,33.20699499818147,0.1933484971523285,0.00041718309512361884,0.8008143901824951,0.0054198033176362514
1774180999.101,27422.259347624,7,2,sad,1,33.38780899866833,0.2247391790151596,0.00036813656333833933,0.770328164100647,0.004564440809190273
1774180999.147,27422.30604962,8,2,sad,1,33.163568998134,0.3007514774799347,0.0004350320086814463,0.6953461170196533,0.0034672864712774754
1774180999.190,27422.350519638,9,2,sad,1,31.23357200092869,0.24526900053024292,0.0003208693233318627,0.7516520619392395,0.002757975598797202
1774180999.236,27422.395661026,10,2,sad,1,32.16275500017218,0.27937859296798706,0.00034158871858380735,0.7175620198249817,0.0027177059091627598
1774180999.284,27422.441802801,11,2,sad,1,33.78497599987895,0.2584254741668701,0.00031105935340747237,0.738987922668457,0.0022754967212677
1774180999.332,27422.490227499,12,2,sad,1,33.950345998164266,0.24541348218917847,0.0002919067919719964,0.7521918416023254,0.0021027126349508762
1774180999.378,27422.536544403,13,2,sad,1,33.045865999156376,0.2704296112060547,0.0002908064634539187,0.7273021340370178,0.001977411098778248
1774180999.421,27422.581076514,14,2,sad,1,31.31758999734302,0.30083948373794556,0.00046106730587780476,0.697059154510498,0.0016402676701545715
1774180999.465,27422.625362421,15,2,sad,1,31.84319999854779,0.33195245265960693,0.000393843452911824,0.6659671068191528,0.0016866049263626337
1774180999.513,27422.671307678,16,2,sad,1,33.24838399930741,0.35597068071365356,0.00031928025418892503,0.6417008638381958,0.00200920132920146
1774180999.556,27422.716362528,17,2,sad,1,31.634793998819077,0.40916773676872253,0.00028341342112980783,0.5888225436210632,0.0017262876499444246
1774180999.603,27422.759332252,18,2,sad,1,35.086547999526374,0.3960948586463928,0.00027064792811870575,0.601791262626648,0.001843224628828466
1774180999.648,27422.807063506,19,2,sad,1,33.08573600224918,0.36424317955970764,0.0002134924434358254,0.6339020729064941,0.0016411591786891222
1774180999.694,27422.852887337,20,2,sad,1,32.64366299845278,0.26864752173423767,0.0001684764283709228,0.7298244833946228,0.0013594002230092883
1774180999.737,27422.89737667,21,2,sad,1,31.630016001145123,0.17686694860458374,0.00014908300363458693,0.8220542073249817,0.0009296610951423645
1774180999.783,27422.940677041,22,2,sad,1,34.00577200227417,0.11673144996166229,0.00013181494432501495,0.8824917078018188,0.000644912535790354
1774180999.832,27422.987413501,23,2,sad,1,35.97739900214947,0.08091408014297485,9.408463665749878e-05,0.918508768081665,0.0004830207908526063
1774180999.877,27423.034985663,24,2,sad,1,34.25653100202908,0.12421736121177673,9.535022400086746e-05,0.8750894069671631,0.0005978812696412206
1774180999.922,27423.081479216,25,2,sad,1,32.534587997361086,0.10519441962242126,6.878647400299087e-05,0.8939718008041382,0.0007649252074770629
1774180999.967,27423.126252066,26,2,sad,1,32.837255002959864,0.2314906120300293,0.00011421243834774941,0.767623782157898,0.0007712782826274633
1774181000.014,27423.172554138,27,2,sad,1,33.241384000575636,0.22929206490516663,0.00011742980859708041,0.7695813179016113,0.0010090755531564355
1774181000.058,27423.217675266,28,2,sad,1,32.42208899973775,0.19275720417499542,0.00010610700701363385,0.806216835975647,0.0009197013569064438
1774181000.102,27423.262027117,29,2,sad,1,32.018718997278484,0.22255603969097137,0.00012556122965179384,0.7763760089874268,0.0009423270239494741
1774181000.149,27423.307273375,30,2,sad,1,33.77895700032241,0.2070630043745041,0.00015877561236266047,0.7920035123825073,0.0007746365736238658
1774181000.194,27423.353278687,31,2,sad,1,32.6397180033382,0.1797477900981903,0.00015060915029607713,0.8193880915641785,0.0007134007755666971
1774181000.238,27423.397748742,32,2,sad,1,31.583404997945763,0.12754429876804352,0.00010932725854218006,0.8718182444572449,0.000528064847458154
1774181000.282,27423.441150465,33,2,sad,1,33.08590300002834,0.08859428763389587,8.235829591285437e-05,0.9109026789665222,0.00042062890133820474
1774181000.327,27423.486655426,34,2,sad,1,32.39331099757692,0.06777481734752655,6.1419588746503e-05,0.9317939877510071,0.00036971474764868617
1774181000.370,27423.530221019,35,2,sad,1,31.316739001340466,0.04635901749134064,4.521716618910432e-05,0.9531815052032471,0.0004141245735809207
1774181000.415,27423.573654076,36,2,sad,1,33.282383999903686,0.0453546866774559,3.786305751418695e-05,0.9542875289916992,0.0003197867190465331
1774181000.460,27423.61983074,37,2,sad,1,32.14599599959911,0.056362442672252655,5.8236182667315006e-05,0.9432553648948669,0.00032385383383370936
1774181000.506,27423.664382406,38,2,sad,1,33.55069799727062,0.07069312781095505,5.5163232900667936e-05,0.9288814067840576,0.0003701291570905596
1774181000.553,27423.711396679,39,2,sad,1,32.92747700106702,0.0676223561167717,5.88745970162563e-05,0.9318921566009521,0.0004264347080606967
1774181000.600,27423.758726546,40,2,sad,1,33.50395700181252,0.07295143604278564,7.809945964254439e-05,0.926516056060791,0.0004543280811049044
1774181000.650,27423.805589857,41,2,sad,1,35.91747300015413,0.09857019782066345,8.242317562690005e-05,0.9009000658988953,0.00044725785846821964
1774181000.695,27423.853635574,42,2,sad,1,32.91932900174288,0.08498013764619827,9.413085354026407e-05,0.9144242405891418,0.0005014327471144497
1774181000.737,27423.897913574,43,2,sad,1,31.37092299948563,0.07694260776042938,9.994677384383976e-05,0.9225109815597534,0.000446433579782024
1774181000.782,27423.940756408,44,2,sad,1,33.21369900004356,0.07030822336673737,9.68805979937315e-05,0.9289386868476868,0.0006562066846527159
1774181000.827,27423.985735796,45,2,sad,1,33.46054999929038,0.06946585327386856,0.00011425044067436829,0.9298216700553894,0.0005982069997116923
1774181000.870,27424.03088548,46,2,sad,1,31.070220000401605,0.09265092015266418,9.914363181451336e-05,0.9065743088722229,0.0006755889626219869
1774181000.915,27424.073838888,47,2,sad,1,33.14503299770877,0.08480549603700638,8.709063695278019e-05,0.9144639372825623,0.0006434348761104047
1774181000.962,27424.119730145,48,2,sad,1,33.65545799897518,0.08824966847896576,9.394722292199731e-05,0.9110922813415527,0.0005640560411848128
1774181001.006,27424.165348551,49,2,sad,1,32.080589000543114,0.06597401946783066,8.554273517802358e-05,0.9334012269973755,0.0005390746518969536
1774181001.055,27424.21527558,50,2,sad,1,31.21701599957305,0.08559755235910416,8.601564331911504e-05,0.9137402772903442,0.0005760251660831273
1774181001.105,27424.265611461,51,2,sad,1,30.777443000260973,0.14080269634723663,8.737312600715086e-05,0.8585455417633057,0.0005642127944156528
1774181001.155,27424.315833879,52,2,sad,1,30.612423997808946,0.12779054045677185,7.203545101219788e-05,0.8716151714324951,0.0005220463499426842
1774181001.207,27424.365733131,53,2,sad,1,32.61158800160047,0.12984442710876465,6.434952956624329e-05,0.869346022605896,0.0007450624834746122
1774181001.257,27424.416485048,54,2,sad,1,32.51881100004539,0.12203012406826019,7.641030242666602e-05,0.8771954774856567,0.0006978445453569293
1774181001.309,27424.467379965,55,2,sad,1,33.03547699761111,0.11080579459667206,7.397782610496506e-05,0.8884148597717285,0.0007052498403936625
1774181001.358,27424.518307809,56,2,sad,1,31.456089000130305,0.08285380154848099,6.258814391912892e-05,0.9164032936096191,0.0006802373100072145
1774181001.408,27424.568029246,57,2,sad,1,31.47021900076652,0.06111549213528633,4.8855315981199965e-05,0.9382890462875366,0.0005465045687742531
1774181001.457,27424.617584794,58,2,sad,1,31.27110900095431,0.1719112992286682,0.00010488153930054978,0.827190101146698,0.0007935983594506979
1774181001.509,27424.668405841,59,2,sad,1,31.93677500166814,0.12303602695465088,0.00011911986075574532,0.8762350082397461,0.0006097357254475355
1774181001.559,27424.719123759,60,2,sad,1,31.991384999855654,0.08290549367666245,0.00014324451331049204,0.9164685010910034,0.0004825996293220669
1774181001.609,27424.76968725,61,2,sad,1,31.3659240018751,0.05443921685218811,0.00011166487820446491,0.94507896900177,0.0003700368688441813
1774181001.660,27424.820081075,62,2,sad,1,32.152441002835985,0.0364646278321743,8.013594197109342e-05,0.963202714920044,0.0002524013689253479
1774181001.711,27424.870211308,63,2,sad,1,32.28551500069443,0.05388394743204117,0.0032470577862113714,0.9421517252922058,0.0007171747274696827
1774181001.762,27424.92124604,64,2,sad,1,32.594514999800595,0.10496653616428375,0.013419214636087418,0.8770051002502441,0.0046090856194496155
1774181001.813,27424.971721458,65,2,sad,1,33.18266199858044,0.07791655510663986,0.014871068298816681,0.8902910947799683,0.016921240836381912
1774181001.863,27425.022478875,66,2,sad,1,32.35464500176022,0.05894424766302109,0.01909748651087284,0.9045846462249756,0.017373591661453247
1774181001.914,27425.072766182,67,2,sad,1,33.0040140033816,0.07575812935829163,0.0494881272315979,0.8401257991790771,0.03462783992290497
1774181001.964,27425.123091026,68,2,sad,1,32.84351399997831,0.08319007605314255,0.08195357024669647,0.8002312183380127,0.034625016152858734
1774181002.014,27425.173519703,69,2,sad,1,32.46908900109702,0.08134311437606812,0.06307762116193771,0.8183069825172424,0.0372721329331398
1774181002.064,27425.223435714,70,2,sad,1,32.69282899782411,0.07001318037509918,0.05924347788095474,0.8061016798019409,0.0646415650844574
1774181002.114,27425.273994854,71,2,sad,1,32.11981099957484,0.07809910178184509,0.05804797261953354,0.7916883230209351,0.07216449081897736
1774181002.166,27425.32465129,72,2,sad,1,32.83971799828578,0.06441158801317215,0.055130667984485626,0.7932525873184204,0.08720506727695465
1774181002.216,27425.375208985,73,2,sad,1,32.92031000091811,0.05601808801293373,0.04689038172364235,0.7934783101081848,0.10361314564943314
1774181002.267,27425.425712403,74,2,sad,1,32.907291999435984,0.05228298902511597,0.04306197911500931,0.7840324640274048,0.12062253803014755
1774181002.318,27425.475840321,75,2,sad,1,34.25060500012478,0.053797271102666855,0.053217899054288864,0.7580987215042114,0.13488607108592987
1774181002.370,27425.528425384,76,2,sad,1,33.15216199916904,0.05252917483448982,0.04429524764418602,0.701274573802948,0.2019009292125702
1774181002.419,27425.577969673,77,2,sad,1,32.345015002647415,0.047234907746315,0.04044920206069946,0.7351711392402649,0.17714469134807587
1774181002.471,27425.628433035,78,2,sad,1,34.57160499965539,0.050563327968120575,0.0348905473947525,0.748945415019989,0.16560064256191254
1774181002.518,27425.678795583,79,2,sad,1,31.45733099881909,0.10208752751350403,0.048464976251125336,0.6624114513397217,0.18703597784042358
1774181002.570,27425.730255073,80,2,sad,1,31.345127001259243,0.10720217227935791,0.04064048454165459,0.6774359345436096,0.17472133040428162
1774181002.619,27425.779571826,81,2,sad,1,31.66090400191024,0.1068752110004425,0.0309782512485981,0.6892751455307007,0.17287135124206543
1774181002.670,27425.830449076,82,2,sad,1,30.86511000219616,0.10519327223300934,0.02098190225660801,0.6948119401931763,0.17901283502578735
1774181002.720,27425.880745994,83,2,sad,1,31.501830999332014,0.09903086721897125,0.014127152040600777,0.5808514356613159,0.30599045753479004
1774181002.771,27425.931654337,84,2,sad,1,31.378830997709883,0.08889900147914886,0.009967673569917679,0.6513431668281555,0.24979007244110107
1774181002.823,27425.982886717,85,2,sad,1,31.89744100018288,0.08538927882909775,0.006928160786628723,0.7202500104904175,0.18743251264095306
1774181002.874,27426.033139524,86,2,sad,1,32.13784800027497,0.1042274534702301,0.005021060351282358,0.6690969467163086,0.22165444493293762
1774181002.923,27426.083750756,87,2,sad,1,31.151294002484065,0.11836574971675873,0.00394227122887969,0.652064859867096,0.22562702000141144
1774181002.973,27426.133683434,88,2,sad,1,30.846924000798026,0.12832242250442505,0.003193517215549946,0.6101484298706055,0.25833553075790405
1774181003.024,27426.18381113,89,2,sad,1,31.6135339999164,0.13274942338466644,0.002599699655547738,0.5904269218444824,0.27422386407852173
1774181003.074,27426.234208418,90,2,sad,1,31.580403996485984,0.1444856822490692,0.0020559204276651144,0.5311352014541626,0.32232314348220825
1774181003.125,27426.284671206,91,2,sad,1,31.757681997987675,0.1439051628112793,0.0015845017042011023,0.5697042942047119,0.28480595350265503
1774181003.175,27426.335091994,92,2,sad,1,31.451757000468206,0.1437234878540039,0.0014348640106618404,0.5609368085861206,0.29390472173690796
1774181003.225,27426.385430986,93,2,sad,1,31.287533998693107,0.14736419916152954,0.0012602296192198992,0.5982274413108826,0.2531479597091675
1774181003.276,27426.436299718,94,2,sad,1,31.852737000008347,0.12060973793268204,0.0010975541081279516,0.6911371350288391,0.18715542554855347
1774181003.327,27426.487015265,95,2,sad,1,31.952699999237666,0.09956680983304977,0.0009814740624278784,0.7380464673042297,0.16140514612197876
1774181003.378,27426.538196515,96,2,sad,1,31.650755998271052,0.07716584950685501,0.0009044059552252293,0.7842124104499817,0.13771724700927734
1774181003.429,27426.588626507,97,2,sad,1,32.15171799820382,0.06363113224506378,0.0006510605453513563,0.7682634592056274,0.16745421290397644
1774181003.480,27426.639750035,98,2,sad,1,32.066496001789346,0.047885652631521225,0.0004628571914508939,0.7285541296005249,0.22309724986553192
1774181003.534,27426.691079729,99,2,sad,1,34.45675300099538,0.04168437048792839,0.0003963223716709763,0.6764227151870728,0.28149649500846863
1774181003.582,27426.740609574,100,2,sad,1,33.179179998114705,0.03677360713481903,0.0004282275040168315,0.7019519805908203,0.2608460783958435
1774181003.632,27426.791574139,101,2,sad,1,32.390848002251005,0.03615741431713104,0.00044229146442376077,0.7268972396850586,0.23650294542312622
1774181003.682,27426.841616224,102,2,sad,1,31.773885999427876,0.05321815609931946,0.0005995679530315101,0.7210471034049988,0.22513505816459656
1774181003.734,27426.892429641,103,2,sad,1,33.2504770012747,0.06849539279937744,0.0010170568712055683,0.7032332420349121,0.2272542268037796
1774181003.784,27426.943556576,104,2,sad,1,32.726421999541344,0.07966575026512146,0.004488780163228512,0.6755318641662598,0.24031348526477814
1774181003.837,27426.994329642,105,2,sad,1,34.370381999906385,0.07504168152809143,0.0033904919400811195,0.7484933733940125,0.1730743646621704
1774181003.885,27427.044356634,106,2,sad,1,32.14929300156655,0.055399950593709946,0.0023517932277172804,0.8284393548965454,0.11380881816148758
1774181003.935,27427.095065515,107,2,sad,1,32.149180999113014,0.04185200482606888,0.0015469673089683056,0.8824881315231323,0.07411286234855652
1774181003.989,27427.145685728,108,2,sad,1,34.9876040017989,0.047698162496089935,0.002013349672779441,0.8997948169708252,0.05049369856715202
1774181004.044,27427.197873662,109,2,sad,1,37.46158300054958,0.07937049120664597,0.0015379625838249922,0.8857967853546143,0.03329473361372948
1774181004.094,27427.250965706,110,2,sad,1,34.96454899868695,0.25468847155570984,0.0011620596051216125,0.7190039157867432,0.025145485997200012
1774181004.138,27427.298027999,111,2,sad,1,31.670625998231117,0.44124895334243774,0.0008704090141691267,0.5346881151199341,0.023192469030618668
1774181004.189,27427.347979398,112,0,neutral,1,32.46858900092775,0.4927876591682434,0.0005876871291548014,0.4910743832588196,0.015550191514194012
1774181004.239,27427.398300742,113,2,sad,1,32.26525599893648,0.3552648425102234,0.0003920086019206792,0.6339441537857056,0.010398943908512592
1774181004.290,27427.449642047,114,2,sad,1,31.84192300250288,0.28534403443336487,0.0002831278834491968,0.7073523998260498,0.007020432502031326
1774181004.339,27427.499707188,115,2,sad,1,31.490719000430545,0.241460919380188,0.0001937316555995494,0.7529633045196533,0.005382050760090351
1774181004.390,27427.549820884,116,2,sad,1,32.2555700004159,0.23086017370224,0.00014015626220498234,0.7649186849594116,0.004080991260707378
1774181004.441,27427.600549838,117,2,sad,1,32.14084800129058,0.2270769476890564,0.00012312692706473172,0.7688099145889282,0.0039899712428450584
1774181004.491,27427.651232867,118,2,sad,1,31.076627001311863,0.2061106562614441,0.00010755206312751397,0.7902047634124756,0.003576979273930192
1774181004.540,27427.700900915,119,2,sad,1,31.122275002417155,0.15952284634113312,8.140259888023138e-05,0.8372697830200195,0.0031258845701813698
1774181004.592,27427.75126624,120,2,sad,1,32.50836599909235,0.11517373472452164,5.8335441281087697e-05,0.8821477890014648,0.0026200497522950172
1774181004.640,27427.800993418,121,2,sad,1,31.10479399765609,0.10943793505430222,5.9771704400191084e-05,0.8876726627349854,0.0028295465745031834
1774181004.692,27427.851248558,122,2,sad,1,32.359477001591586,0.11298810690641403,4.52001768280752e-05,0.8846123218536377,0.0023542852140963078
1774181004.743,27427.902044345,123,2,sad,1,32.73242200157256,0.12217272073030472,4.1108534787781537e-05,0.8756651878356934,0.002120882272720337
1774181004.794,27427.95307417,124,2,sad,1,32.47953300160589,0.10748392343521118,4.198127498966642e-05,0.8900027275085449,0.0024712691083550453
1774181004.845,27428.004339938,125,2,sad,1,32.34412600068026,0.1263364553451538,4.905999230686575e-05,0.8705482482910156,0.0030661760829389095
1774181004.895,27428.053387673,126,2,sad,1,33.07477300040773,0.09834516793489456,4.8639783926773816e-05,0.8985599279403687,0.0030462313443422318
1774181004.946,27428.104317941,127,2,sad,1,33.63523599909968,0.10454367101192474,5.4981752327876166e-05,0.8916014432907104,0.003799828700721264
1774181004.996,27428.155429895,128,2,sad,1,32.76251400166075,0.11543112993240356,5.5080374295357615e-05,0.8812856674194336,0.003228067187592387
1774181005.048,27428.206056572,129,2,sad,1,33.70779100077925,0.11567804217338562,4.960222577210516e-05,0.8807634115219116,0.003508924972265959
1774181005.098,27428.257002322,130,2,sad,1,32.39999600191368,0.13244156539440155,5.240178506937809e-05,0.8639124035835266,0.0035935291089117527
1774181005.150,27428.307043852,131,2,sad,1,34.6152339989203,0.10455846041440964,4.5468616008292884e-05,0.8918814063072205,0.0035145829897373915
1774181005.200,27428.35766188,132,2,sad,1,34.583233999001095,0.09914220869541168,4.151694884058088e-05,0.8972102403640747,0.0036059757694602013
1774181005.250,27428.408148372,133,2,sad,1,34.03712300132611,0.08498778939247131,4.8489702749066055e-05,0.9112050533294678,0.0037585690151900053
1774181005.301,27428.458082938,134,2,sad,1,34.51047500129789,0.08257998526096344,5.539863559533842e-05,0.913426399230957,0.003938141278922558
1774181005.352,27428.5084633,135,2,sad,1,35.51354799856199,0.10159898549318314,6.46433254587464e-05,0.894468367099762,0.003867874853312969
1774181005.404,27428.559263143,136,2,sad,1,36.25728800034267,0.08796551078557968,6.187337567098439e-05,0.9081016778945923,0.003870771499350667
1774181005.455,27428.610348801,137,2,sad,1,36.24069499710458,0.07175622880458832,5.448215233627707e-05,0.9237605333328247,0.004428589250892401
1774181005.505,27428.661861143,138,2,sad,1,35.20336300061899,0.04946247488260269,3.840856152237393e-05,0.9474416971206665,0.003057235386222601
1774181005.554,27428.71182621,139,2,sad,1,33.570272000361,0.03257230296730995,2.7552421670407057e-05,0.9652708172798157,0.002129203639924526
1774181005.605,27428.763234867,140,2,sad,1,33.21484699699795,0.02539285272359848,2.050269176834263e-05,0.9726744890213013,0.001912067411467433
1774181005.656,27428.813986858,141,2,sad,1,33.48234700024477,0.024214666336774826,2.145094913430512e-05,0.9736145734786987,0.0021491963416337967
1774181005.706,27428.863875628,142,2,sad,1,34.058271998219425,0.03232633322477341,2.121082434314303e-05,0.9655997157096863,0.0020526295993477106
1774181005.756,27428.914419361,143,2,sad,1,33.65053100060322,0.03421701490879059,2.2154745238367468e-05,0.9636386632919312,0.0021219798363745213
1774181005.806,27428.964980537,144,2,sad,1,33.048199002223555,0.03845525532960892,3.0481194698950276e-05,0.9589996337890625,0.0025145355612039566
1774181005.855,27429.014626271,145,2,sad,1,32.08862599785789,0.035851120948791504,2.582613888080232e-05,0.9618781805038452,0.0022447886876761913
1774181005.905,27429.065113355,146,2,sad,1,31.411644999025157,0.03629773110151291,3.132977144559845e-05,0.9611825942993164,0.002488274360075593
1774181005.955,27429.11548181,147,2,sad,1,31.590162998327287,0.030615247786045074,4.191665357211605e-05,0.9672195911407471,0.002123124897480011
1774181006.006,27429.165898227,148,2,sad,1,32.25101500356686,0.029036838561296463,4.1100567614194006e-05,0.9686315059661865,0.0022904393263161182
1774181006.057,27429.216484663,149,2,sad,1,32.5489960014238,0.02218198962509632,3.07902846543584e-05,0.9756923913955688,0.002094767289236188
1774181006.106,27429.266616192,150,2,sad,1,31.51592400172376,0.028634317219257355,5.4440664825960994e-05,0.9678380489349365,0.003473093034699559
1774181006.156,27429.316999518,151,2,sad,1,30.903109000064433,0.040028855204582214,0.00016064668307080865,0.9555743932723999,0.004236060194671154
1774181006.205,27429.366578492,152,2,sad,1,30.588590998377185,0.06452251225709915,0.00013552256859838963,0.9301469326019287,0.005194920115172863
1774181006.257,27429.417116613,153,2,sad,1,31.72438600086025,0.06739489734172821,0.00015679033822380006,0.9258060455322266,0.006642159074544907
1774181006.307,27429.467841845,154,2,sad,1,30.61703500134172,0.04701373353600502,0.00011253965203650296,0.9480999708175659,0.004773585591465235
1774181006.358,27429.518664318,155,2,sad,1,30.896016000042437,0.03638671338558197,9.458094427827746e-05,0.9603025913238525,0.0032159630209207535
1774181006.411,27429.569877531,156,2,sad,1,32.621939997625304,0.05493124574422836,0.00021319996449165046,0.9426776170730591,0.0021777639631181955
1774181006.461,27429.620444856,157,2,sad,1,31.902626000373857,0.05485384911298752,0.0005330661660991609,0.9430406093597412,0.0015723094111308455
1774181006.513,27429.67189642,158,2,sad,1,32.747291999839945,0.07885593920946121,0.0005978504777885973,0.9192820191383362,0.0012640685308724642
1774181006.563,27429.721840023,159,2,sad,1,33.098607000283664,0.05399655923247337,0.0004108800203539431,0.9446310997009277,0.0009613355505280197
1774181006.614,27429.772838977,160,2,sad,1,32.783199996629264,0.035457804799079895,0.00032427278347313404,0.963428258895874,0.0007895525195635855
1774181006.666,27429.823251562,161,2,sad,1,34.161919000325724,0.03302326798439026,0.0008029463933780789,0.9639437198638916,0.0022299280390143394
1774181006.718,27429.873553535,162,2,sad,1,36.618435002310434,0.027563968673348427,0.0007970127044245601,0.9677777290344238,0.0038611372001469135
1774181006.767,27429.923899564,163,2,sad,1,34.792308000760386,0.27953433990478516,0.0017511453479528427,0.712640106678009,0.006074298173189163
1774181006.817,27429.973940463,164,2,sad,1,34.37127199867973,0.4121679365634918,0.003256147727370262,0.5722377896308899,0.012338025495409966
1774181006.866,27430.024294029,165,0,neutral,1,33.12284699859447,0.5372797250747681,0.003994359634816647,0.44386911392211914,0.014856643974781036
1774181006.917,27430.075166076,166,0,neutral,1,33.48436500164098,0.5730065107345581,0.004102041479200125,0.406387597322464,0.016503717750310898
1774181006.968,27430.125497457,167,0,neutral,1,33.94243799994001,0.5695463418960571,0.004564420785754919,0.4098362326622009,0.016052834689617157
1774181007.018,27430.177268799,168,2,sad,1,32.57860599842388,0.4036061763763428,0.0031258894596248865,0.5811090469360352,0.012158723548054695
1774181007.068,27430.227638179,169,2,sad,1,32.56484799931059,0.2728627324104309,0.002329528098925948,0.7150980830192566,0.009709511883556843
1774181007.119,27430.278189078,170,2,sad,1,32.129848001204664,0.17797230184078217,0.0015534947160631418,0.813986599445343,0.006487457547336817
1774181007.169,27430.328774551,171,2,sad,1,32.02992200021981,0.11872538924217224,0.001175237586721778,0.875457763671875,0.00464147562161088
1774181007.219,27430.379526061,172,2,sad,1,31.566664001729805,0.09321536868810654,0.001238592667505145,0.9016139507293701,0.003931961487978697
1774181007.270,27430.429610646,173,2,sad,1,31.762774000526406,0.09428191930055618,0.0021924739703536034,0.8974441289901733,0.0060813697054982185
1774181007.320,27430.480047545,174,2,sad,1,31.409441002324456,0.1140245795249939,0.00320373079739511,0.8766701221466064,0.0061014615930616856
1774181007.370,27430.530389462,175,2,sad,1,31.67733100053738,0.10461784899234772,0.002901710569858551,0.887610912322998,0.004869411699473858
1774181007.422,27430.581394787,176,2,sad,1,32.00749600000563,0.15627728402614594,0.0037810506764799356,0.8347766399383545,0.0051649464294314384
1774181007.471,27430.631329001,177,2,sad,1,31.523663998086704,0.13078051805496216,0.003227214328944683,0.86069655418396,0.0052956645376980305
1774181007.522,27430.681783696,178,2,sad,1,31.565774999762652,0.14843034744262695,0.002789047546684742,0.8436833620071411,0.005097188521176577
1774181007.572,27430.731887948,179,2,sad,1,31.629737000912428,0.23335978388786316,0.003595119807869196,0.7566999197006226,0.006345041561871767
1774181007.622,27430.782601606,180,2,sad,1,31.528182000329252,0.27919280529022217,0.004561135545372963,0.7085663080215454,0.007679675705730915
1774181007.673,27430.833272227,181,2,sad,1,31.939070002408698,0.2697492837905884,0.0035664355382323265,0.7186686396598816,0.008015535771846771
1774181007.724,27430.883608256,182,2,sad,1,31.723514999612235,0.23092105984687805,0.0027412984054535627,0.7586983442306519,0.0076391552574932575
1774181007.774,27430.933999414,183,2,sad,1,32.16310700008762,0.19694781303405762,0.0021466193720698357,0.7926613092422485,0.008244112133979797
1774181007.825,27430.984871757,184,2,sad,1,32.22094100055983,0.18049274384975433,0.0017210431396961212,0.8095602989196777,0.008225743658840656
1774181007.876,27431.035379952,185,2,sad,1,32.10857099838904,0.27990278601646423,0.0031250417232513428,0.7093559503555298,0.007616075687110424
1774181007.926,27431.085706574,186,2,sad,1,32.223977003013715,0.2465522587299347,0.0028786612674593925,0.7437070608139038,0.006861858535557985
1774181007.978,27431.136574639,187,2,sad,1,33.27305000129854,0.3257370591163635,0.0038315081037580967,0.6620876789093018,0.008343643508851528
1774181008.028,27431.186797408,188,2,sad,1,33.4182909973606,0.39184141159057617,0.005774291232228279,0.5939454436302185,0.008438756689429283
1774181008.079,27431.237180789,189,2,sad,1,33.13714300020365,0.2880744934082031,0.00485755130648613,0.7004938125610352,0.006574013736099005
1774181008.130,27431.288424391,190,2,sad,1,32.97456899963436,0.355866014957428,0.006009278818964958,0.63134765625,0.006776916794478893
1774181008.179,27431.33833892,191,2,sad,1,32.89373600273393,0.2740979790687561,0.004593193531036377,0.7152681946754456,0.006040532607585192
1774181008.230,27431.388757782,192,2,sad,1,32.64545899946825,0.29921647906303406,0.004668892361223698,0.690291702747345,0.005822837818413973
1774181008.281,27431.439564495,193,2,sad,1,32.99508800046169,0.19491635262966156,0.0030426327139139175,0.7981917858123779,0.003849096829071641
1774181008.333,27431.490068487,194,2,sad,1,35.15417800008436,0.2547098994255066,0.0031132008880376816,0.7385485768318176,0.003628225065767765
1774181008.383,27431.5409122,195,2,sad,1,33.542939003382344,0.2417396903038025,0.0026655863039195538,0.7523629665374756,0.00323167210444808
1774181008.433,27431.591119526,196,2,sad,1,33.36662400033674,0.2809216380119324,0.0025049534160643816,0.7132136821746826,0.0033596367575228214
1774181008.483,27431.641121407,197,2,sad,1,33.30649400231778,0.31040939688682556,0.002374066971242428,0.6840029954910278,0.003213454969227314
1774181008.533,27431.691489991,198,2,sad,1,33.6785500003316,0.34714365005493164,0.0025901799090206623,0.6472591757774353,0.0030069388449192047
1774181008.584,27431.741981723,199,2,sad,1,33.61577200121246,0.35106360912323,0.0024609153624624014,0.643512487411499,0.002962962258607149
1774181008.634,27431.792724529,200,2,sad,1,33.31317999982275,0.3132220506668091,0.002791173756122589,0.6808795928955078,0.003107100259512663
1774181008.685,27431.844155297,201,2,sad,1,32.42418200170505,0.3045545518398285,0.0022080400958657265,0.6892858743667603,0.003951482940465212
1774181008.735,27431.894649289,202,2,sad,1,32.631755002512364,0.43645089864730835,0.0016196853248402476,0.5569207072257996,0.005008644424378872
1774181008.786,27431.944536133,203,2,sad,1,33.2513100001961,0.30105721950531006,0.0021395226940512657,0.6932559013366699,0.0035472854506224394
1774181008.837,27431.99576429,204,2,sad,1,33.33280999868293,0.4802786111831665,0.0031364900059998035,0.5116652250289917,0.0049196225591003895
1774181008.886,27432.046143782,205,2,sad,1,31.474163999519078,0.35171324014663696,0.0024688614066690207,0.6413097381591797,0.004508040379732847
1774181008.937,27432.097798994,206,2,sad,1,31.002775998786092,0.4283149838447571,0.0045943004079163074,0.5607625246047974,0.006328051909804344
1774181008.987,27432.147189506,207,0,neutral,1,31.610497000656324,0.5624823570251465,0.009012042544782162,0.41852936148643494,0.009976090863347054
1774181009.038,27432.198477237,208,0,neutral,1,31.23544199843309,0.6751909255981445,0.007639217656105757,0.3065403997898102,0.010629357770085335
1774181009.091,27432.248149322,209,0,neutral,1,34.202161001303466,0.5044857263565063,0.006406000815331936,0.47867876291275024,0.010429426096379757
1774181009.146,27432.300402182,210,2,sad,1,37.49147099733818,0.3928261995315552,0.0050911675207316875,0.5936300158500671,0.008452529087662697
1774181009.195,27432.352678727,211,2,sad,1,34.48497499994119,0.4329170286655426,0.010182570666074753,0.5446974039077759,0.012202883139252663
1774181009.240,27432.399528316,212,0,neutral,1,31.932015001075342,0.5542410612106323,0.007081365678459406,0.4237992465496063,0.014878210611641407
1774181009.289,27432.449490123,213,2,sad,1,30.99510800166172,0.36122211813926697,0.004626407753676176,0.6241862773895264,0.009965128265321255
1774181009.340,27432.500147966,214,2,sad,1,31.241718999808654,0.24516865611076355,0.0032880366779863834,0.7446186542510986,0.006924635265022516
1774181009.389,27432.549999199,215,2,sad,1,31.09134899932542,0.3176240622997284,0.0031957575120031834,0.6733860373497009,0.005794111639261246
1774181009.441,27432.600700764,216,2,sad,1,31.832348999159876,0.27363312244415283,0.004087054170668125,0.7160778045654297,0.00620193500071764
1774181009.491,27432.651223107,217,2,sad,1,31.95358999801101,0.29013752937316895,0.0035688544157892466,0.7018961310386658,0.0043974569998681545
1774181009.542,27432.701718914,218,2,sad,1,31.646941002691165,0.35957860946655273,0.004185060504823923,0.6313461065292358,0.004890182986855507
1774181009.592,27432.751891165,219,2,sad,1,31.862756000919035,0.4116130471229553,0.0049254074692726135,0.5787514448165894,0.004710066132247448
1774181009.642,27432.802041694,220,0,neutral,1,32.06212599980063,0.5005348324775696,0.0053570456802845,0.49013620615005493,0.0039718919433653355
1774181009.693,27432.852767889,221,2,sad,1,31.774515002325643,0.4940250813961029,0.007305731065571308,0.49443379044532776,0.004235347732901573
1774181009.743,27432.903208399,222,2,sad,1,31.774163002410205,0.43352726101875305,0.006833787076175213,0.556262731552124,0.003376235254108906
1774181009.795,27432.953265947,223,2,sad,1,33.37688300234731,0.47064462304115295,0.00596134876832366,0.5207573175430298,0.0026367264799773693
1774181009.846,27433.003806068,224,2,sad,1,33.523901998705696,0.4753662049770355,0.005142120644450188,0.5169320702552795,0.002559613436460495
1774181009.896,27433.054056986,225,0,neutral,1,33.86073400179157,0.5578612089157104,0.004526026546955109,0.4356256425380707,0.001987131079658866
1774181009.947,27433.104632533,226,0,neutral,1,34.15686399966944,0.5730133056640625,0.003304304089397192,0.42222025990486145,0.0014621438458561897
1774181009.997,27433.155314765,227,0,neutral,1,33.0771429980814,0.6390347480773926,0.0038217948749661446,0.3559563159942627,0.001187118818052113
1774181010.046,27433.20575483,228,0,neutral,1,32.43477399882977,0.5049507021903992,0.0029217912815511227,0.49093252420425415,0.0011949514737352729
1774181010.098,27433.256586025,229,2,sad,1,33.36606900120387,0.4296630322933197,0.0024258028715848923,0.5669564604759216,0.0009546848013997078
1774181010.148,27433.306844869,230,2,sad,1,33.17210599925602,0.38197949528694153,0.0022435206919908524,0.6149760484695435,0.0008009300217963755
1774181010.203,27433.35789723,231,2,sad,1,36.41202800281462,0.31080520153045654,0.001935591921210289,0.6865266561508179,0.0007325170445255935
1774181010.250,27433.408611536,232,2,sad,1,33.43591999873752,0.3120390772819519,0.0015538777224719524,0.685675323009491,0.0007316593546420336
1774181010.301,27433.459204749,233,2,sad,1,33.50003200102947,0.37118011713027954,0.0018462894950062037,0.6263182163238525,0.0006552945706062019
1774181010.351,27433.50942826,234,2,sad,1,33.43823500108556,0.4243873357772827,0.0013969409046694636,0.5735167264938354,0.0006989385583437979
1774181010.401,27433.560932361,235,2,sad,1,32.303755000612,0.49462807178497314,0.0012132222764194012,0.5034499168395996,0.0007087753619998693
1774181010.452,27433.611466964,236,2,sad,1,32.08966300007887,0.4090476930141449,0.0010268989717587829,0.5893532037734985,0.000572179036680609
1774181010.502,27433.662024622,237,2,sad,1,31.992014999559615,0.2937416732311249,0.0008458853117190301,0.7049484252929688,0.0004639727412723005
1774181010.554,27433.713039483,238,2,sad,1,32.6272920028714,0.19168685376644135,0.0005843357648700476,0.8073957562446594,0.0003329493629280478
1774181010.603,27433.763048401,239,2,sad,1,31.860736999078654,0.12947316467761993,0.00039915554225444794,0.8698992729187012,0.0002283252397319302
1774181010.653,27433.813086115,240,2,sad,1,31.777145002706675,0.14168435335159302,0.0002861221437342465,0.8578640222549438,0.00016543689707759768
1774181010.704,27433.863587959,241,2,sad,1,31.814867001230596,0.15976345539093018,0.0005005002021789551,0.8395751714706421,0.00016082193178590387
1774181010.754,27433.914842153,242,2,sad,1,31.420440998772392,0.1413331925868988,0.0006510135135613382,0.8578843474388123,0.00013138474605511874
1774181010.805,27433.965332441,243,2,sad,1,31.431478000740753,0.17898321151733398,0.000633292889688164,0.8201766610145569,0.00020678932196460664
1774181010.857,27434.015524581,244,2,sad,1,33.75710500040441,0.16299569606781006,0.0009243262466043234,0.8358440399169922,0.00023585223243571818
1774181010.907,27434.06655059,245,2,sad,1,32.68301400021301,0.2024364173412323,0.0018925601616501808,0.7953724265098572,0.00029852488660253584
1774181010.957,27434.116855656,246,2,sad,1,31.78749599828734,0.40280309319496155,0.0030350685119628906,0.5936645269393921,0.0004971915623173118
1774181011.007,27434.167395221,247,2,sad,1,31.387257000460522,0.3774183690547943,0.006545505952090025,0.6145299077033997,0.0015061196172609925
1774181011.059,27434.218308157,248,2,sad,1,32.94040200125892,0.3645433485507965,0.005959082394838333,0.6279336214065552,0.0015638729091733694
1774181011.110,27434.268620259,249,2,sad,1,33.41269899829058,0.40490204095840454,0.008676213212311268,0.5845701098442078,0.0018515816191211343
1774181011.162,27434.320165805,250,2,sad,1,33.745328000804875,0.4925430417060852,0.0107650775462389,0.49480342864990234,0.0018883459270000458
1774181011.212,27434.370569741,251,0,neutral,1,33.36092099925736,0.5820910930633545,0.022129077464342117,0.3934439420700073,0.00233581499196589
1774181011.262,27434.420884677,252,0,neutral,1,32.9456069994194,0.5352700352668762,0.023513661697506905,0.4373674988746643,0.003848722670227289
1774181011.313,27434.471715316,253,0,neutral,1,33.11834699707106,0.5081461668014526,0.02988121658563614,0.4579741656780243,0.003998403437435627
1774181011.364,27434.521765938,254,0,neutral,1,34.20686400204431,0.5508435368537903,0.02740360051393509,0.4117388427257538,0.010013964958488941
1774181011.415,27434.572625096,255,0,neutral,1,34.40286299883155,0.5915006399154663,0.035468608140945435,0.3609219491481781,0.012108738534152508
1774181011.464,27434.622755847,256,0,neutral,1,33.01114300120389,0.5337591171264648,0.030022531747817993,0.42269283533096313,0.013525474816560745
1774181011.515,27434.674411041,257,2,sad,1,32.61219900014112,0.4312751889228821,0.022709332406520844,0.5342811346054077,0.011734314262866974
1774181011.566,27434.724324255,258,2,sad,1,33.51186500003678,0.3877266049385071,0.018909553065896034,0.5773218870162964,0.016041919589042664
1774181011.617,27434.774831506,259,0,neutral,1,33.51604999988922,0.5523884296417236,0.015772853046655655,0.41505324840545654,0.016785437241196632
1774181011.666,27434.825067609,260,0,neutral,1,32.66060600071796,0.6382732391357422,0.01568620465695858,0.32759585976600647,0.01844460889697075
1774181011.718,27434.875579156,261,0,neutral,1,33.803938000346534,0.6497198939323425,0.013949224725365639,0.3103470802307129,0.025983694940805435
1774181011.768,27434.927384108,262,0,neutral,1,32.17418200074462,0.736304759979248,0.01222354918718338,0.22873172163963318,0.02273985743522644
1774181011.819,27434.978338914,263,0,neutral,1,32.346255000447854,0.6976056098937988,0.014770112931728363,0.24483585357666016,0.04278835654258728
1774181011.869,27435.028790961,264,0,neutral,1,31.69040399734513,0.6321004629135132,0.017060980200767517,0.29574912786483765,0.05508936196565628
1774181011.920,27435.079252786,265,0,neutral,1,32.93834700161824,0.6418147683143616,0.02802412584424019,0.2843970060348511,0.045764051377773285
1774181011.969,27435.129399574,266,0,neutral,1,31.155163997027557,0.6977745890617371,0.02581794187426567,0.23736324906349182,0.03904416412115097
1774181012.020,27435.179721344,267,0,neutral,1,31.630755998776294,0.697969913482666,0.02637670189142227,0.23258313536643982,0.04307018965482712
1774181012.070,27435.230481335,268,0,neutral,1,31.7814410009305,0.7237637042999268,0.02642357349395752,0.21721705794334412,0.03259555250406265
1774181012.122,27435.2813259,269,0,neutral,1,32.05447800064576,0.702655017375946,0.02751278504729271,0.24184268712997437,0.027989426627755165
1774181012.172,27435.331705336,270,0,neutral,1,32.01123699909658,0.7130998373031616,0.027758385986089706,0.233964204788208,0.025177478790283203
1774181012.222,27435.382564142,271,0,neutral,1,30.978811999375466,0.7676076889038086,0.03268424794077873,0.18012601137161255,0.019581973552703857
1774181012.272,27435.432977337,272,0,neutral,1,30.90660899761133,0.6792702078819275,0.028917333111166954,0.2680750787258148,0.02373724803328514
1774181012.324,27435.483796198,273,0,neutral,1,31.71409000060521,0.4853520691394806,0.022825755178928375,0.4713866114616394,0.02043544128537178
1774181012.373,27435.533800894,274,2,sad,1,31.278811999072786,0.39958807826042175,0.021642666310071945,0.5624992251396179,0.016269918531179428
1774181012.423,27435.583854405,275,2,sad,1,31.17288600333268,0.4788758456707001,0.025526653975248337,0.48043376207351685,0.015163637697696686
1774181012.474,27435.634093637,276,0,neutral,1,31.64534900133731,0.5505372285842896,0.042014770209789276,0.3936341106891632,0.013813795521855354
1774181012.524,27435.684608202,277,0,neutral,1,31.2168680029572,0.6394802331924438,0.0492720752954483,0.2975371181964874,0.0137105081230402
1774181012.575,27435.73573436,278,0,neutral,1,31.375144997582538,0.5919768810272217,0.06249455362558365,0.3310700058937073,0.014458481222391129
1774181012.626,27435.785865704,279,0,neutral,1,31.63318199949572,0.6001349687576294,0.06583626568317413,0.32039427757263184,0.013634420931339264
1774181012.677,27435.836651417,280,0,neutral,1,31.692644999566255,0.6442986726760864,0.06878653168678284,0.2729421555995941,0.013972578570246696
1774181012.726,27435.886884853,281,0,neutral,1,31.348090000392403,0.6736628413200378,0.05730671063065529,0.25640708208084106,0.012623271904885769
1774181012.777,27435.936832808,282,0,neutral,1,31.88064499772736,0.6745733618736267,0.05424594506621361,0.2576507329940796,0.013529911637306213
1774181012.829,27435.987619355,283,0,neutral,1,32.950254000752466,0.5945462584495544,0.062010087072849274,0.3292098045349121,0.014233794994652271
1774181012.879,27436.037691773,284,0,neutral,1,33.33371700136922,0.6576285362243652,0.05801782011985779,0.2720816433429718,0.01227199099957943
1774181012.929,27436.088358634,285,0,neutral,1,32.5571260000288,0.6582027673721313,0.06233108043670654,0.26763278245925903,0.011833361349999905
1774181012.980,27436.139041014,286,0,neutral,1,32.81577300003846,0.6339205503463745,0.06520643830299377,0.28198376297950745,0.018889177590608597
1774181013.030,27436.189216932,287,0,neutral,1,32.39503299846547,0.6049184799194336,0.062070079147815704,0.31432491540908813,0.018686465919017792
1774181013.081,27436.239425739,288,0,neutral,1,33.46580899960827,0.5963628888130188,0.0771128460764885,0.3122802972793579,0.014243909157812595
1774181013.131,27436.289349342,289,0,neutral,1,33.04919899892411,0.49566948413848877,0.0892966240644455,0.4035974144935608,0.011436455883085728
1774181013.182,27436.340294333,290,2,sad,1,33.36947600109852,0.3959210515022278,0.0745360255241394,0.5205748677253723,0.008967997506260872
1774181013.231,27436.390083325,291,2,sad,1,32.22225499848719,0.37926846742630005,0.10535892099142075,0.5084127187728882,0.006959825754165649
1774181013.283,27436.440965686,292,2,sad,1,33.483827999589266,0.34072041511535645,0.13006994128227234,0.5211492776870728,0.008060301654040813
1774181013.333,27436.492089418,293,2,sad,1,33.19775400086655,0.39506369829177856,0.12130245566368103,0.476568341255188,0.007065452169626951
1774181013.383,27436.542614316,294,0,neutral,1,32.08314500079723,0.4770469069480896,0.1194879487156868,0.3973035514354706,0.006161543074995279
1774181013.434,27436.592652105,295,0,neutral,1,33.0911430028209,0.5217665433883667,0.11228780448436737,0.3607098162174225,0.0052357688546180725
1774181013.484,27436.643175948,296,0,neutral,1,32.39918100007344,0.547899603843689,0.10765755921602249,0.33969646692276,0.004746330436319113
1774181013.534,27436.693198125,297,0,neutral,1,32.409402996563585,0.5336354970932007,0.11764103919267654,0.3444547653198242,0.004268669057637453
1774181013.584,27436.743832468,298,2,sad,1,32.40042199831805,0.41855093836784363,0.09810109436511993,0.47853797674179077,0.004809969570487738
1774181013.636,27436.795271995,299,0,neutral,1,32.90908800045145,0.44984501600265503,0.0963582769036293,0.4493495225906372,0.004447129555046558
1774181013.686,27436.84581269,300,0,neutral,1,31.641033998312196,0.5020506381988525,0.10477286577224731,0.3894364833831787,0.003739970503374934
1774181013.737,27436.896460071,301,0,neutral,1,32.522736000828445,0.5487382411956787,0.10298258066177368,0.3449929356575012,0.0032861591316759586
1774181013.786,27436.946734933,302,0,neutral,1,31.08992299894453,0.5335217714309692,0.10510438680648804,0.35792607069015503,0.0034477526787668467
1774181013.838,27436.998157201,303,0,neutral,1,32.07218099851161,0.520857036113739,0.10203289985656738,0.3733300566673279,0.0037799286656081676
1774181013.889,27437.048985099,304,0,neutral,1,31.76181099843234,0.478197306394577,0.1076185405254364,0.40991100668907166,0.0042730653658509254
1774181013.939,27437.099665794,305,0,neutral,1,31.556959998852108,0.47322362661361694,0.11805808544158936,0.4048154950141907,0.0039027344901114702
1774181013.990,27437.1501021,306,2,sad,1,31.34783099812921,0.43779516220092773,0.10239850729703903,0.45586520433425903,0.003941026516258717
1774181014.041,27437.200244055,307,2,sad,1,32.484366001881426,0.3968293368816376,0.10834524035453796,0.49117743968963623,0.0036478685215115547
1774181014.091,27437.251000564,308,0,neutral,1,32.12760799942771,0.5137978196144104,0.0945524275302887,0.38777148723602295,0.0038781464099884033
1774181014.141,27437.300897464,309,0,neutral,1,31.6080709999369,0.4982830584049225,0.08701690286397934,0.41063839197158813,0.004061517305672169
1774181014.194,27437.351231141,310,2,sad,1,34.4075859975419,0.41811203956604004,0.07735190540552139,0.5009933114051819,0.0035426365211606026
1774181014.250,27437.402693316,311,2,sad,1,38.584729001740925,0.36688748002052307,0.08362488448619843,0.5450279712677002,0.004459544084966183
1774181014.301,27437.458204801,312,2,sad,1,34.22501199747785,0.3073931634426117,0.09891017526388168,0.587283730506897,0.006412852555513382
1774181014.349,27437.506976609,313,2,sad,1,33.62553200349794,0.32437264919281006,0.10677092522382736,0.560978889465332,0.007877430878579617
1774181014.395,27437.554403549,314,2,sad,1,32.39594100159593,0.26679208874702454,0.08724969625473022,0.6390581727027893,0.006899949628859758
1774181014.444,27437.604119523,315,2,sad,1,31.714941000245744,0.19093933701515198,0.06308930367231369,0.7408573627471924,0.005113922990858555
1774181014.497,27437.65507231,316,2,sad,1,33.920883000973845,0.13201339542865753,0.042874448001384735,0.8181267380714417,0.006985348649322987
1774181014.547,27437.70544945,317,2,sad,1,33.2221610005945,0.21749502420425415,0.03297853097319603,0.7199457287788391,0.02958066761493683
1774181014.598,27437.756453848,318,2,sad,1,33.34675400037668,0.26321667432785034,0.027642738074064255,0.6476342678070068,0.061506278812885284
1774181014.647,27437.806760469,319,2,sad,1,32.35777399822837,0.2520136535167694,0.024134688079357147,0.6137622594833374,0.11008930206298828
1774181014.699,27437.857701034,320,2,sad,1,33.213347000128124,0.2492934614419937,0.029119517654180527,0.631341814994812,0.09024512022733688
1774181014.749,27437.908059952,321,2,sad,1,33.10158700332977,0.24160218238830566,0.0980304405093193,0.5599122047424316,0.10045506060123444
1774181014.800,27437.958860294,322,2,sad,1,33.37825400012662,0.24701008200645447,0.07832559198141098,0.564411461353302,0.1102527529001236
1774181014.868,27438.013428318,323,2,sad,1,46.43184799715527,0.32331740856170654,0.0659731775522232,0.49842265248298645,0.11228667199611664
1774181014.919,27438.076141053,324,2,sad,1,34.27943800124922,0.3895622789859772,0.059114970266819,0.4247114360332489,0.12661123275756836
1774181014.967,27438.125149916,325,2,sad,1,33.389383999747224,0.3560672104358673,0.05582055076956749,0.47393471002578735,0.11417745053768158
1774181015.012,27438.170488433,326,2,sad,1,33.33766099967761,0.37763530015945435,0.05164496600627899,0.44924622774124146,0.12147344648838043
1774181015.059,27438.218417538,327,0,neutral,1,32.33651499976986,0.4945245385169983,0.04370638355612755,0.35770946741104126,0.10405950248241425
1774181015.104,27438.263993721,328,2,sad,1,31.94201500082272,0.3253810405731201,0.033806756138801575,0.5697414875030518,0.07107065618038177
1774181015.154,27438.313492732,329,2,sad,1,32.112534001498716,0.26586058735847473,0.05954726040363312,0.6090765595436096,0.06551547348499298
1774181015.204,27438.36371102,330,2,sad,1,31.91992299980484,0.3423994183540344,0.07856941968202591,0.5213906168937683,0.05764041095972061
1774181015.255,27438.415086992,331,2,sad,1,31.940292999934172,0.3613438606262207,0.12912198901176453,0.4513488709926605,0.058185167610645294
1774181015.307,27438.466056853,332,0,neutral,1,32.55275499759591,0.5156279802322388,0.10941775143146515,0.32571056485176086,0.04924360662698746
1774181015.355,27438.51585066,333,0,neutral,1,31.310349000705173,0.5676395893096924,0.10494488477706909,0.263085275888443,0.06433018296957016
1774181015.406,27438.565974319,334,0,neutral,1,31.615144998795586,0.5615290403366089,0.11032706499099731,0.2511219382286072,0.07702185213565826
1774181015.457,27438.616411032,335,0,neutral,1,32.03101500184857,0.5420479774475098,0.10535137355327606,0.28161364793777466,0.07098694145679474
1774181015.509,27438.666454691,336,0,neutral,1,34.22949300147593,0.5165274143218994,0.11573372781276703,0.2611406147480011,0.10659816116094589
1774181015.557,27438.717656459,337,0,neutral,1,30.977738999354187,0.585945725440979,0.11533203721046448,0.19732099771499634,0.10140113532543182
1774181015.608,27438.767317229,338,0,neutral,1,31.98679299748619,0.6337029933929443,0.11294065415859222,0.16740797460079193,0.08594828844070435
1774181015.659,27438.817692054,339,0,neutral,1,32.77551400242373,0.6973328590393066,0.0951162576675415,0.13333190977573395,0.07421883940696716
1774181015.708,27438.868329582,340,0,neutral,1,31.470885998714948,0.6510032415390015,0.10941920429468155,0.15903669595718384,0.080540731549263
1774181015.759,27438.918552352,341,0,neutral,1,32.64168100213283,0.6323067545890808,0.11081912368535995,0.17762111127376556,0.07925289124250412
1774181015.811,27438.97002112,342,0,neutral,1,32.78758799933712,0.6533949375152588,0.11694712191820145,0.15221035480499268,0.07744748890399933
1774181015.861,27439.019941353,343,0,neutral,1,32.74656900248374,0.6510918736457825,0.11460399627685547,0.17549589276313782,0.058808133006095886
1774181015.910,27439.069861882,344,2,sad,1,31.570219001878286,0.42900848388671875,0.0807202011346817,0.44253402948379517,0.04773718863725662
1774181015.961,27439.12020991,345,2,sad,1,33.0146619999141,0.30155107378959656,0.0594010129570961,0.5983490943908691,0.04069868475198746
1774181016.012,27439.170837568,346,2,sad,1,33.089180000388296,0.4058142900466919,0.04296160861849785,0.5074146389961243,0.04380933195352554
1774181016.063,27439.221370726,347,0,neutral,1,33.56230899953516,0.5390104055404663,0.032283276319503784,0.3800136148929596,0.04869261384010315
1774181016.113,27439.271695384,348,0,neutral,1,33.01723600088735,0.5983560681343079,0.03234102949500084,0.2935274541378021,0.07577535510063171
1774181016.162,27439.321673543,349,0,neutral,1,32.489384000655264,0.6180965900421143,0.0316893607378006,0.25540027022361755,0.09481367468833923
1774181016.212,27439.371962405,350,0,neutral,1,32.31966200110037,0.5684335231781006,0.026286102831363678,0.2826349437236786,0.12264536321163177
1774181016.263,27439.422132137,351,0,neutral,1,32.927199001278495,0.5644314289093018,0.02671957015991211,0.26708486676216125,0.14176404476165771
1774181016.314,27439.473029721,352,0,neutral,1,32.50723599921912,0.46882563829421997,0.023582540452480316,0.3243430256843567,0.18324869871139526
1774181016.365,27439.523819656,353,0,neutral,1,33.4099760002573,0.5526468753814697,0.022432401776313782,0.27922719717025757,0.14569339156150818
1774181016.416,27439.574519721,354,0,neutral,1,32.98423599699163,0.5960037708282471,0.02653587982058525,0.25597184896469116,0.12148834019899368
1774181016.466,27439.625321323,355,2,sad,1,32.85619899907033,0.42385268211364746,0.020732177421450615,0.46182358264923096,0.09359143674373627
1774181016.516,27439.675757574,356,2,sad,1,31.60836700044456,0.35254374146461487,0.027344373986124992,0.527678370475769,0.09243344515562057
1774181016.568,27439.726841583,357,0,neutral,1,33.34751299917116,0.4453608989715576,0.03927292674779892,0.40228813886642456,0.11307799816131592
1774181016.618,27439.777657018,358,0,neutral,1,31.90973700111499,0.4799272418022156,0.046200599521398544,0.31012439727783203,0.1637476682662964
1774181016.668,27439.828453491,359,0,neutral,1,31.362181998702,0.42744284868240356,0.052584096789360046,0.3071676790714264,0.21280531585216522
1774181016.719,27439.879215241,360,0,neutral,1,31.955626000126358,0.4842913746833801,0.05511757731437683,0.25622648000717163,0.20436450839042664
1774181016.769,27439.929272992,361,0,neutral,1,32.00312599801691,0.5061665773391724,0.06211131066083908,0.21595889329910278,0.21576310694217682
1774181016.820,27439.979480447,362,0,neutral,1,32.12262499801,0.5314897298812866,0.07168365269899368,0.19303393363952637,0.20379257202148438
1774181016.871,27440.030921548,363,0,neutral,1,31.90994099713862,0.5704319477081299,0.08610430359840393,0.16060535609722137,0.18285825848579407
1774181016.921,27440.081377132,364,0,neutral,1,31.869422000454506,0.504125714302063,0.06798170506954193,0.23840999603271484,0.18948248028755188
1774181016.971,27440.131487531,365,0,neutral,1,31.662107998272404,0.5670318603515625,0.05685562640428543,0.2143028974533081,0.1618095338344574
1774181017.021,27440.181415227,366,0,neutral,1,31.006422999780625,0.5621171593666077,0.06268694996833801,0.19876372814178467,0.1764320731163025
1774181017.073,27440.232612736,367,0,neutral,1,31.708348000393016,0.6294476985931396,0.05681971460580826,0.17194971442222595,0.14178279042243958
1774181017.123,27440.283147819,368,0,neutral,1,31.598497000231873,0.6647335886955261,0.06406088173389435,0.1466534286737442,0.12455201148986816
1774181017.173,27440.333757903,369,0,neutral,1,31.14262699818937,0.6768885850906372,0.05591745674610138,0.1443963348865509,0.12279751896858215
1774181017.225,27440.384147913,370,0,neutral,1,32.63960700132884,0.6192713975906372,0.05736315995454788,0.1593315601348877,0.16403377056121826
1774181017.274,27440.434749812,371,0,neutral,1,31.07464499771595,0.5616003274917603,0.06446778029203415,0.20288798213005066,0.17104384303092957
1774181017.326,27440.485362173,372,0,neutral,1,32.26390399868251,0.6054162979125977,0.05488666519522667,0.19958636164665222,0.140110582113266
1774181017.376,27440.535418647,373,0,neutral,1,31.940737000695663,0.6208446621894836,0.047102559357881546,0.1790163218975067,0.15303638577461243
1774181017.427,27440.586256211,374,0,neutral,1,32.93293999740854,0.6539608240127563,0.04680120199918747,0.17253966629505157,0.12669824063777924
1774181017.477,27440.636399574,375,2,sad,1,32.59560600054101,0.43079686164855957,0.031330034136772156,0.4523055851459503,0.08556743711233139
1774181017.527,27440.687517157,376,2,sad,1,31.597478002368007,0.29618650674819946,0.021625157445669174,0.6232891082763672,0.058899156749248505
1774181017.579,27440.738429166,377,2,sad,1,32.17484800188686,0.20413833856582642,0.014779802411794662,0.7414988279342651,0.03958296403288841
1774181017.630,27440.788833046,378,2,sad,1,32.52281099776155,0.27396517992019653,0.012300609610974789,0.6824287176132202,0.031305406242609024
1774181017.685,27440.840111222,379,0,neutral,1,36.52593499646173,0.4924296736717224,0.009001214057207108,0.47675246000289917,0.0218165572732687
1774181017.734,27440.891536804,380,0,neutral,1,33.79979099918273,0.6106541752815247,0.008964044973254204,0.3623848557472229,0.017996808513998985
1774181017.784,27440.941697629,381,0,neutral,1,33.910456997546135,0.6795541048049927,0.007964186370372772,0.29347512125968933,0.019006511196494102
1774181017.833,27440.99209275,382,0,neutral,1,33.063476999814156,0.6552029848098755,0.00748322531580925,0.3088339567184448,0.02847975492477417
1774181017.885,27441.043385815,383,0,neutral,1,33.057847002055496,0.7380397915840149,0.0069677261635661125,0.22964543104171753,0.025346942245960236
1774181017.937,27441.09453649,384,0,neutral,1,34.29734599922085,0.7804279327392578,0.005908256396651268,0.19109463691711426,0.02256910875439644
1774181017.985,27441.144502464,385,0,neutral,1,32.40605099927052,0.8160423040390015,0.004809876903891563,0.16160839796066284,0.01753937266767025
1774181018.035,27441.195236455,386,0,neutral,1,31.856403998972382,0.8514958620071411,0.004222314339131117,0.12886548042297363,0.015416208654642105
1774181018.086,27441.24533691,387,0,neutral,1,32.03132899943739,0.8346800804138184,0.0035993498750030994,0.14232908189296722,0.01939130574464798
1774181018.136,27441.295974604,388,0,neutral,1,31.3202569996065,0.7897799611091614,0.007699126377701759,0.18636973202228546,0.016151048243045807
1774181018.185,27441.345920485,389,0,neutral,1,31.10336800091318,0.8526048064231873,0.005827425979077816,0.12916460633277893,0.012403076514601707
1774181018.235,27441.396290217,390,0,neutral,1,30.99262700197869,0.8918834328651428,0.004142974503338337,0.09453114867210388,0.009442315436899662
1774181018.287,27441.446859394,391,0,neutral,1,31.866977999015944,0.9228644967079163,0.0031237357761710882,0.06717490404844284,0.006836694665253162
1774181018.338,27441.497145737,392,0,neutral,1,32.32688500065706,0.9442266225814819,0.002416635164991021,0.048149727284908295,0.005206902511417866
1774181018.388,27441.548067339,393,0,neutral,1,31.574089000059757,0.941943883895874,0.003017566166818142,0.049910180270671844,0.005128292832523584
1774181018.438,27441.598257701,394,0,neutral,1,31.545293000817765,0.9432122111320496,0.003172127529978752,0.04884874075651169,0.00476683396846056
1774181018.489,27441.648844933,395,0,neutral,1,31.4769040014653,0.9586684703826904,0.0025153467431664467,0.03517789766192436,0.0036381641402840614
1774181018.539,27441.699476646,396,0,neutral,1,31.37340399916866,0.9596577882766724,0.002404638100415468,0.034086987376213074,0.0038504682015627623
1774181018.589,27441.749838434,397,0,neutral,1,30.79288600201835,0.963699221611023,0.0018992917612195015,0.030541488900780678,0.00385988038033247
1774181018.640,27441.80047274,398,0,neutral,1,31.752236998727312,0.9638498425483704,0.0017054565250873566,0.029958875849843025,0.004485682118684053
1774181018.691,27441.851504193,399,0,neutral,1,31.565903998853173,0.9448474645614624,0.002267211675643921,0.043382130563259125,0.009503078646957874
1774181018.742,27441.902081462,400,0,neutral,1,31.976458998542512,0.9531930088996887,0.002204295713454485,0.036321621388196945,0.008280942216515541
1774181018.793,27441.952741638,401,0,neutral,1,31.648034000681946,0.9592993855476379,0.002193699823692441,0.032334741204977036,0.006172065623104572
1774181018.845,27442.003303204,402,0,neutral,1,33.048345998395234,0.95145583152771,0.0025737262330949306,0.03975830227136612,0.0062120212242007256
1774181018.895,27442.053846528,403,0,neutral,1,32.7509029993962,0.960417628288269,0.002049101982265711,0.03220639377832413,0.005326723679900169
1774181018.945,27442.104470667,404,0,neutral,1,32.18736700000591,0.966010570526123,0.0019441579934209585,0.028100337833166122,0.003944814205169678
1774181018.997,27442.155238973,405,0,neutral,1,33.1229390030785,0.964274525642395,0.0021602935157716274,0.029607901349663734,0.003957156091928482
1774181019.046,27442.205339057,406,0,neutral,1,32.948107000265736,0.9719461798667908,0.001726397662423551,0.02345680072903633,0.0028704991564154625
1774181019.098,27442.255784197,407,0,neutral,1,33.56869799972628,0.9766689538955688,0.0015714700566604733,0.019404364749789238,0.002355086151510477
1774181019.148,27442.30558943,408,0,neutral,1,33.91882699725102,0.9829807281494141,0.001264037098735571,0.01396515779197216,0.0017899898812174797
1774181019.197,27442.356203939,409,0,neutral,1,32.36775499681244,0.9806853532791138,0.0019053195137530565,0.014789612963795662,0.00261964974924922
1774181019.248,27442.406501523,410,0,neutral,1,33.66623499823618,0.9846208095550537,0.0015281755477190018,0.011850680224597454,0.0020002610981464386
1774181019.305,27442.457284088,411,0,neutral,1,39.699561002635164,0.9843867421150208,0.002212120918557048,0.011707675643265247,0.0016933988081291318
1774181019.360,27442.511962074,412,0,neutral,1,39.84280099757598,0.9795272350311279,0.0027432250790297985,0.014756431803107262,0.0029729558154940605
1774181019.405,27442.564926544,413,0,neutral,1,32.25851399838575,0.9228098392486572,0.010819653980433941,0.05064457282423973,0.01572583243250847
1774181019.453,27442.612723631,414,0,neutral,1,31.875182001385838,0.852255642414093,0.02208327129483223,0.10053583979606628,0.025125175714492798
1774181019.501,27442.659507219,415,0,neutral,1,33.64379100094084,0.7701385617256165,0.01925886608660221,0.15497958660125732,0.05562293529510498
1774181019.551,27442.709479934,416,0,neutral,1,32.9410319973249,0.7782704830169678,0.018548041582107544,0.1591068059206009,0.04407462105154991
1774181019.601,27442.760561591,417,0,neutral,1,32.48336600154289,0.6184438467025757,0.013412469066679478,0.3283918499946594,0.03975173830986023
1774181019.650,27442.811036397,418,0,neutral,1,31.259366998710902,0.573718786239624,0.011959916912019253,0.3695433437824249,0.04477784037590027
1774181019.702,27442.861917925,419,0,neutral,1,31.623588998627383,0.5231871008872986,0.010585587471723557,0.4225676655769348,0.04365956038236618
1774181019.753,27442.912678656,420,2,sad,1,32.00860799915972,0.4515986442565918,0.009094513021409512,0.4772590398788452,0.06204769387841225
1774181019.803,27442.963382092,421,2,sad,1,31.701626001449768,0.4586663246154785,0.010253623127937317,0.46861791610717773,0.06246203929185867
1774181019.853,27443.013388565,422,0,neutral,1,30.974664001405472,0.46938562393188477,0.014609137549996376,0.45317065715789795,0.06283444911241531
1774181019.902,27443.062956983,423,0,neutral,1,31.090923999727238,0.5136187076568604,0.01359616406261921,0.41788801550865173,0.054896969348192215
1774181019.953,27443.113369141,424,0,neutral,1,31.1556090018712,0.5397171974182129,0.016492942348122597,0.3898196220397949,0.0539700873196125
1774181020.004,27443.164655335,425,0,neutral,1,31.21842299879063,0.5532923936843872,0.017269453033804893,0.37913817167282104,0.05029983073472977
1774181020.054,27443.215052678,426,0,neutral,1,30.99683100299444,0.5078290700912476,0.01763072796165943,0.4226040840148926,0.05193597450852394
1774181020.105,27443.265791577,427,2,sad,1,30.789831002039136,0.4521011710166931,0.01573273353278637,0.47680819034576416,0.05535776913166046
1774181020.155,27443.316397179,428,0,neutral,1,30.806571998255095,0.47804659605026245,0.012578386813402176,0.4497736990451813,0.05960121005773544
1774181020.206,27443.367010799,429,2,sad,1,31.21779399953084,0.4422023296356201,0.012967146933078766,0.48215019702911377,0.0626802071928978
1774181020.257,27443.417737513,430,2,sad,1,30.977867001638515,0.38168466091156006,0.02011997252702713,0.5397199392318726,0.05847533792257309
1774181020.306,27443.467388209,431,2,sad,1,30.792645000474295,0.4041960835456848,0.027450788766145706,0.4925628900527954,0.07579013705253601
1774181020.356,27443.517417904,432,0,neutral,1,30.403182998270495,0.44289666414260864,0.03736936300992966,0.43445783853530884,0.0852760598063469
1774181020.407,27443.567482748,433,0,neutral,1,31.1598119988048,0.632672905921936,0.02529733069241047,0.28561070561408997,0.05641904100775719
1774181020.458,27443.61816609,434,0,neutral,1,31.57066399944597,0.5906654596328735,0.01821768842637539,0.2753913700580597,0.11572545766830444
1774181020.508,27443.668639045,435,0,neutral,1,31.64918099719216,0.4434356391429901,0.013261758722364902,0.23168911039829254,0.3116134703159332
1774181020.559,27443.718897981,436,3,angry,1,31.42171899889945,0.3004675507545471,0.01075759157538414,0.22419586777687073,0.46457892656326294
1774181020.610,27443.769280027,437,3,angry,1,32.31831099765259,0.19954009354114532,0.007913792505860329,0.1915602833032608,0.6009857654571533
1774181020.661,27443.820498147,438,3,angry,1,32.151699997484684,0.13399720191955566,0.005888382904231548,0.12821370363235474,0.731900691986084
1774181020.713,27443.871084527,439,3,angry,1,33.500845998787554,0.09489158540964127,0.0062378328293561935,0.08678194880485535,0.8120886087417603
1774181020.763,27443.921545389,440,3,angry,1,33.27793900098186,0.09632463753223419,0.005341528914868832,0.06868693977594376,0.82964688539505
1774181020.814,27443.971455973,441,3,angry,1,34.35195700149052,0.09757405519485474,0.01119990274310112,0.05674042925238609,0.8344855904579163
1774181020.866,27444.021771261,442,3,angry,1,35.56214000127511,0.21856749057769775,0.011487722396850586,0.08421936631202698,0.6857253313064575
1774181020.914,27444.072809178,443,3,angry,1,32.7002359990729,0.26316002011299133,0.012118132784962654,0.08659876137971878,0.6381230354309082
1774181020.964,27444.123474502,444,3,angry,1,32.439032998809125,0.3893640637397766,0.011059601791203022,0.11227262765169144,0.48730364441871643
1774181021.015,27444.173663882,445,0,neutral,1,33.018292000633664,0.433815062046051,0.011280476115643978,0.1774832010269165,0.37742123007774353
1774181021.066,27444.224595632,446,0,neutral,1,32.958847001282265,0.489601194858551,0.012076828628778458,0.21597284078598022,0.2823491096496582
1774181021.115,27444.274832216,447,2,sad,1,32.365291997848544,0.3651057481765747,0.011225956492125988,0.41999393701553345,0.2036742866039276
1774181021.166,27444.325299004,448,2,sad,1,32.6384030013287,0.34670454263687134,0.011655066162347794,0.4958845376968384,0.14575578272342682
1774181021.217,27444.375770476,449,2,sad,1,32.61723700052244,0.326440691947937,0.010185673832893372,0.5017470717430115,0.16162645816802979
1774181021.267,27444.426077579,450,2,sad,1,32.41460700155585,0.2540663778781891,0.010137828066945076,0.44719088077545166,0.2886047959327698
1774181021.318,27444.477329958,451,2,sad,1,31.989052000426454,0.28598055243492126,0.01641765609383583,0.3856295943260193,0.31197208166122437
1774181021.370,27444.528190004,452,0,neutral,1,33.190717000252334,0.34608346223831177,0.015404224395751953,0.30913931131362915,0.32937291264533997
1774181021.419,27444.579099884,453,3,angry,1,31.790441000339342,0.3238784670829773,0.016903551295399666,0.2920420169830322,0.3671758770942688
1774181021.469,27444.629410431,454,0,neutral,1,31.12986799897044,0.3565754294395447,0.0144607899710536,0.2726621925830841,0.356301486492157
1774181021.519,27444.680081533,455,0,neutral,1,30.919109001843026,0.36486345529556274,0.012694494798779488,0.324306845664978,0.2981351613998413
1774181021.571,27444.731204357,456,2,sad,1,31.66958900328609,0.3384750187397003,0.011604893021285534,0.41052165627479553,0.23939834535121918
1774181021.621,27444.781106497,457,2,sad,1,31.284589000279084,0.3509724736213684,0.012883080169558525,0.36919984221458435,0.2669445276260376
1774181021.671,27444.831637599,458,0,neutral,1,31.61755200198968,0.4449617564678192,0.014552082866430283,0.31608447432518005,0.22440163791179657
1774181021.721,27444.882098553,459,0,neutral,1,30.929461001505842,0.4894241690635681,0.013076302595436573,0.2735905051231384,0.2239089459180832
1774181021.773,27444.932395137,460,0,neutral,1,32.48364400133141,0.45092302560806274,0.012593930587172508,0.31799283623695374,0.2184900939464569
1774181021.823,27444.983328461,461,0,neutral,1,31.911367001157487,0.3915378749370575,0.020503513514995575,0.3638874292373657,0.22407108545303345
1774181021.874,27445.033794785,462,0,neutral,1,31.789812001079554,0.4103972315788269,0.01918923109769821,0.34347498416900635,0.22693847119808197
1774181021.925,27445.084627054,463,0,neutral,1,31.83349600294605,0.43295758962631226,0.028346972540020943,0.3002081513404846,0.23848718404769897
1774181021.974,27445.134991731,464,0,neutral,1,31.046386000525672,0.4221233129501343,0.029560023918747902,0.27891117334365845,0.2694053649902344
1774181022.025,27445.185441888,465,0,neutral,1,31.101516000489937,0.49293234944343567,0.021916305646300316,0.21399199962615967,0.27115923166275024
1774181022.076,27445.235742935,466,0,neutral,1,31.721089999336982,0.5790027379989624,0.01819230429828167,0.179610013961792,0.2231948971748352
1774181022.126,27445.286119464,467,0,neutral,1,32.083662001241464,0.4829239547252655,0.0159878209233284,0.23246631026268005,0.26862186193466187
1774181022.177,27445.337002454,468,0,neutral,1,31.978107999748318,0.3910445272922516,0.014408165588974953,0.26877617835998535,0.3257710635662079
1774181022.229,27445.387739445,469,0,neutral,1,33.03601399966283,0.4498573839664459,0.021454162895679474,0.28944867849349976,0.23923972249031067
1774181022.279,27445.438247158,470,0,neutral,1,32.76860700134421,0.43857547640800476,0.02575433999300003,0.3104916214942932,0.22517846524715424
1774181022.330,27445.488548113,471,0,neutral,1,33.272234999458306,0.466178834438324,0.031463902443647385,0.3227638006210327,0.17959335446357727
1774181022.380,27445.538891771,472,2,sad,1,33.280030998867005,0.3689276874065399,0.031499672681093216,0.39832979440689087,0.20124273002147675
1774181022.432,27445.589311669,473,0,neutral,1,34.75341900048079,0.4135006368160248,0.03285657614469528,0.39976567029953003,0.15387699007987976
1774181022.481,27445.640131475,474,0,neutral,1,32.7494029988884,0.4350883364677429,0.03044089861214161,0.4176238477230072,0.11684681475162506
1774181022.534,27445.690314781,475,0,neutral,1,35.658602999319555,0.4493635296821594,0.02661377377808094,0.4422680735588074,0.08175455778837204
1774181022.582,27445.740167496,476,2,sad,1,33.21567900275113,0.32166990637779236,0.021787485107779503,0.6017934083938599,0.05474909767508507
1774181022.632,27445.790777412,477,2,sad,1,33.10934700130019,0.3034152388572693,0.020279070362448692,0.6352628469467163,0.0410427451133728
1774181022.683,27445.841503033,478,2,sad,1,32.81081000022823,0.2882465422153473,0.016107622534036636,0.6641223430633545,0.031523413956165314
1774181022.734,27445.892255079,479,2,sad,1,33.64758699899539,0.29426974058151245,0.035707537084817886,0.6280235052108765,0.04199913144111633
1774181022.786,27445.943230255,480,2,sad,1,34.23638199819834,0.3211415410041809,0.03449416905641556,0.60923171043396,0.035132478922605515
1774181022.835,27445.993454098,481,2,sad,1,33.20421700118459,0.40152519941329956,0.04289919137954712,0.5253578424453735,0.030217623338103294
1774181022.885,27446.043845923,482,2,sad,1,33.33668000050238,0.359978049993515,0.04342833533883095,0.561116099357605,0.035477377474308014
1774181022.935,27446.094503062,483,0,neutral,1,32.32632900108001,0.4878396689891815,0.04084082320332527,0.44085395336151123,0.030465438961982727
1774181022.985,27446.144978257,484,0,neutral,1,31.803680998564232,0.4806729257106781,0.04748621582984924,0.43476933240890503,0.03707142919301987
1774181023.036,27446.195521692,485,0,neutral,1,31.78270100033842,0.5276976823806763,0.05002383887767792,0.3913266062736511,0.030951734632253647
1774181023.094,27446.253078434,486,0,neutral,1,32.561420997808455,0.5937090516090393,0.04647910222411156,0.3341854512691498,0.025626271963119507
1774181023.142,27446.301169891,487,0,neutral,1,32.467254997754935,0.5516462326049805,0.0499151386320591,0.36794036626815796,0.030498135834932327
1774181023.186,27446.346911925,488,0,neutral,1,31.0450340002717,0.6066136360168457,0.04859960079193115,0.3144984841346741,0.030288178473711014
1774181023.236,27446.39681825,489,0,neutral,1,31.058868000400253,0.641822338104248,0.03996717557311058,0.29502180218696594,0.02318861149251461
1774181023.288,27446.447831055,490,0,neutral,1,32.30301499934285,0.6680108308792114,0.05831453204154968,0.24650150537490845,0.027172982692718506
1774181023.337,27446.498184306,491,0,neutral,1,30.7726270002604,0.6007959842681885,0.07920779287815094,0.2617661952972412,0.05822991579771042
1774181023.389,27446.549161463,492,0,neutral,1,31.312331000663107,0.615239143371582,0.06154521927237511,0.2672068476676941,0.056008726358413696
1774181023.438,27446.599394769,493,0,neutral,1,30.869831000018166,0.6644201278686523,0.048396915197372437,0.24156925082206726,0.04561367630958557
1774181023.490,27446.650470575,494,0,neutral,1,30.844422999507515,0.5541845560073853,0.06365296244621277,0.29042065143585205,0.09174174070358276
1774181023.541,27446.700914399,495,0,neutral,1,31.479793000471545,0.6181164979934692,0.06793241947889328,0.24867290258407593,0.06527804583311081
1774181023.592,27446.751722353,496,0,neutral,1,31.71295900028781,0.6216166019439697,0.07495267689228058,0.23826973140239716,0.0651608258485794
1774181023.643,27446.802827825,497,0,neutral,1,31.73744100058684,0.6422157287597656,0.06412357091903687,0.2314201444387436,0.06224042549729347
1774181023.695,27446.853139927,498,0,neutral,1,33.66771600121865,0.6138864159584045,0.0743211880326271,0.2406616061925888,0.0711306780576706
1774181023.748,27446.904211103,499,0,neutral,1,35.17184399970574,0.6877551674842834,0.06091810017824173,0.19984477758407593,0.05148185417056084
1774181023.796,27446.954633538,500,0,neutral,1,32.749476999015315,0.7038094997406006,0.05791007727384567,0.2018004059791565,0.036479923874139786
1774181023.846,27447.00498677,501,0,neutral,1,33.03349500129116,0.7471132278442383,0.06440861523151398,0.16042460501194,0.028053460642695427
1774181023.897,27447.055573539,502,0,neutral,1,33.71401299955323,0.7437885999679565,0.048170994967222214,0.18482151627540588,0.02321876958012581
1774181023.947,27447.106001067,503,0,neutral,1,32.72634699897026,0.7190759778022766,0.03321234881877899,0.22934521734714508,0.018366357311606407
1774181023.998,27447.157228761,504,0,neutral,1,32.871847000933485,0.7428992390632629,0.025629840791225433,0.20441371202468872,0.027057088911533356
1774181024.049,27447.207774308,505,0,neutral,1,33.44506799840019,0.668278694152832,0.03280720114707947,0.2621217370033264,0.03679223731160164
1774181024.101,27447.258473743,506,0,neutral,1,34.81984400059446,0.5631517171859741,0.02732165902853012,0.3760080635547638,0.03351838141679764
1774181024.153,27447.308808345,507,2,sad,1,35.917140001402004,0.4441870450973511,0.024735989049077034,0.47774678468704224,0.053330037742853165
1774181024.204,27447.361558167,508,2,sad,1,34.4300300021132,0.37972307205200195,0.04649857431650162,0.5316209197044373,0.04215731471776962
1774181024.255,27447.413456452,509,2,sad,1,33.223624999664025,0.27748435735702515,0.042168986052274704,0.64995276927948,0.030393796041607857
1774181024.304,27447.46303513,510,2,sad,1,33.1531609990634,0.21102821826934814,0.03744559362530708,0.7305839657783508,0.02094218321144581
1774181024.363,27447.512986751,511,2,sad,1,41.391409999050666,0.20767924189567566,0.028896372765302658,0.7474270462989807,0.01599729433655739
1774181024.433,27447.576696466,512,2,sad,1,48.390772000857396,0.2869970202445984,0.02555517852306366,0.6750820875167847,0.012365691363811493
1774181024.487,27447.641925513,513,2,sad,1,37.28565600249567,0.35229039192199707,0.034201353788375854,0.5917788147926331,0.021729428321123123
1774181024.534,27447.693278725,514,2,sad,1,32.903327999520116,0.39904749393463135,0.045621827244758606,0.5287020802497864,0.026628589257597923
1774181024.581,27447.73967761,515,2,sad,1,33.52534599980572,0.38155806064605713,0.050284773111343384,0.5407954454421997,0.027361642569303513
1774181024.627,27447.78657342,516,2,sad,1,32.573737000348046,0.3659784197807312,0.07239603996276855,0.5261844992637634,0.03544092923402786
1774181024.672,27447.831203586,517,2,sad,1,32.1123110006738,0.419572651386261,0.0599675178527832,0.48843052983283997,0.03202921524643898
1774181024.717,27447.875052919,518,2,sad,1,33.39473500091117,0.37475335597991943,0.044164787977933884,0.5594513416290283,0.02163040265440941
1774181024.766,27447.923863078,519,2,sad,1,33.907624001585646,0.24563218653202057,0.02986905165016651,0.7103675603866577,0.014131110161542892
1774181024.812,27447.97015039,520,2,sad,1,33.629901001404505,0.17672652006149292,0.029099363833665848,0.7843378782272339,0.009836128912866116
1774181024.857,27448.017272089,521,2,sad,1,31.775884999660775,0.2117699831724167,0.04122869670391083,0.7335183620452881,0.013482924550771713
1774181024.908,27448.067717543,522,2,sad,1,31.681978001870448,0.17962324619293213,0.037084877490997314,0.7725967764854431,0.010695021599531174
1774181024.959,27448.117731923,523,2,sad,1,33.32534699802636,0.12592187523841858,0.03637319803237915,0.8299219608306885,0.0077829426154494286
1774181025.009,27448.168445451,524,2,sad,1,32.054996001534164,0.08296312391757965,0.02539692632853985,0.8858914375305176,0.005748450290411711
1774181025.063,27448.219260405,525,2,sad,1,35.30008400048246,0.05605972558259964,0.01866990327835083,0.9207419157028198,0.0045284065417945385
1774181025.123,27448.271509005,526,2,sad,1,42.879389999143314,0.03727918490767479,0.013532646000385284,0.9457155466079712,0.003472593380138278
1774181025.173,27448.329564746,527,2,sad,1,35.45458400185453,0.025304898619651794,0.011465918272733688,0.9591637849807739,0.004065355286002159
1774181025.222,27448.379895663,528,2,sad,1,34.116381997591816,0.02072276547551155,0.010487350635230541,0.9656064510345459,0.0031834112014621496
1774181025.271,27448.429183452,529,2,sad,1,33.455289998528315,0.01896532252430916,0.01235211081802845,0.9665133357048035,0.002169200452044606
1774181025.331,27448.48022609,530,2,sad,1,42.74614899986773,0.043881580233573914,0.016223028302192688,0.938138484954834,0.0017568658804520965
1774181025.382,27448.539746384,531,2,sad,1,34.38328999982332,0.0327419713139534,0.010928213596343994,0.9550538659095764,0.0012758525554090738
1774181025.428,27448.586807343,532,2,sad,1,33.10764300113078,0.024222983047366142,0.00912405177950859,0.96556556224823,0.0010872369166463614
1774181025.472,27448.632181526,533,2,sad,1,31.51605199673213,0.025713466107845306,0.011813333258032799,0.9614713191986084,0.0010017341701313853
1774181025.522,27448.681199833,534,2,sad,1,32.59558799982187,0.03505479544401169,0.014817927032709122,0.949211835861206,0.0009152983548119664
1774181025.569,27448.727974496,535,2,sad,1,33.11629100062419,0.06441850960254669,0.017690295353531837,0.9165930151939392,0.0012980597093701363
1774181025.618,27448.7769426,536,2,sad,1,32.63430999868433,0.09090632200241089,0.025025274604558945,0.8806036710739136,0.0034646023996174335
1774181025.668,27448.826730647,537,2,sad,1,32.58395900047617,0.12323395907878876,0.026209082454442978,0.8465204238891602,0.004036429803818464
1774181025.718,27448.877312712,538,2,sad,1,32.350773999496596,0.14288493990898132,0.029335789382457733,0.8215816617012024,0.006197541952133179
1774181025.770,27448.928489295,539,2,sad,1,32.79786599887302,0.16069847345352173,0.03616397827863693,0.7953684329986572,0.007768986746668816
1774181025.820,27448.979200786,540,2,sad,1,32.97932799978298,0.21830123662948608,0.06568694114685059,0.7009713649749756,0.015040380880236626
1774181025.869,27449.029209759,541,2,sad,1,31.867145000433084,0.20488399267196655,0.08396656811237335,0.6955186128616333,0.015630800276994705
1774181025.919,27449.079364769,542,2,sad,1,31.173608000244712,0.2026156485080719,0.08714175224304199,0.6939662098884583,0.016276327893137932
1774181025.969,27449.12935139,543,2,sad,1,31.54147900204407,0.26542332768440247,0.10238257050514221,0.6166689395904541,0.015525102615356445
1774181026.019,27449.179500067,544,2,sad,1,31.66227399924537,0.25514376163482666,0.0843978300690651,0.6455780863761902,0.014880280941724777
1774181026.071,27449.231517093,545,2,sad,1,31.59873799813795,0.27725955843925476,0.11812648177146912,0.5889383554458618,0.015675537288188934
1774181026.122,27449.280948234,546,2,sad,1,32.78227299961145,0.21297374367713928,0.08330010622739792,0.6914615631103516,0.012264512479305267
1774181026.171,27449.331447317,547,2,sad,1,31.355497001641197,0.16827531158924103,0.10462360084056854,0.7171943783760071,0.00990666076540947
1774181026.221,27449.381816234,548,2,sad,1,31.407033999130363,0.19461584091186523,0.09522678703069687,0.6984124779701233,0.011744819581508636
1774181026.272,27449.432075652,549,2,sad,1,31.80512600010843,0.24792882800102234,0.08039841055870056,0.6584818959236145,0.013190814293920994
1774181026.323,27449.483039753,550,2,sad,1,31.732904000818962,0.20081394910812378,0.07101060450077057,0.7178385257720947,0.010336806997656822
1774181026.372,27449.532921264,551,2,sad,1,31.14679300051648,0.14675427973270416,0.051106587052345276,0.7948669791221619,0.007272080052644014
1774181026.422,27449.583222866,552,2,sad,1,30.92044200093369,0.11365704983472824,0.036258846521377563,0.8452082872390747,0.004875713959336281
1774181026.474,27449.633741412,553,2,sad,1,31.68992300197715,0.15943220257759094,0.05086316913366318,0.783875048160553,0.005829448811709881
1774181026.524,27449.684470885,554,2,sad,1,31.671681001171237,0.2921973466873169,0.04787555709481239,0.6510187983512878,0.008908137679100037
1774181026.575,27449.734995505,555,2,sad,1,31.97992199784494,0.2703844904899597,0.03353803977370262,0.6861295700073242,0.009947744198143482
1774181026.625,27449.785892255,556,2,sad,1,30.94790500108502,0.43712353706359863,0.02735917642712593,0.5248157382011414,0.010701393708586693
1774181026.676,27449.836430894,557,0,neutral,1,31.528440998954466,0.5743858218193054,0.026983870193362236,0.3897411525249481,0.008889016695320606
1774181026.728,27449.887292551,558,0,neutral,1,32.80160699796397,0.5593984127044678,0.024658313021063805,0.4083571434020996,0.007585990242660046
1774181026.781,27449.938279079,559,0,neutral,1,34.53619599895319,0.5944088101387024,0.039812423288822174,0.35810184478759766,0.007676813751459122
1774181026.830,27449.989097662,560,0,neutral,1,32.88840199820697,0.6518614292144775,0.034128330647945404,0.3038032650947571,0.010206862352788448
1774181026.882,27450.039845875,561,0,neutral,1,33.48799400191638,0.7195156812667847,0.02775917388498783,0.2430201917886734,0.009704893454909325
1774181026.931,27450.089697033,562,0,neutral,1,32.89918100199429,0.695868968963623,0.03886285796761513,0.23438410460948944,0.0308840312063694
1774181026.982,27450.140527542,563,0,neutral,1,33.31064300073194,0.6977853775024414,0.036528266966342926,0.23297560214996338,0.03271067515015602
1774181027.034,27450.190890497,564,0,neutral,1,34.45234399987385,0.5272027850151062,0.048370230942964554,0.4002256989479065,0.02420119382441044
1774181027.083,27450.241496062,565,0,neutral,1,33.289216000412125,0.5252828001976013,0.07591290771961212,0.37717777490615845,0.021626461297273636
1774181027.134,27450.292701052,566,0,neutral,1,32.84893900126917,0.5684173703193665,0.07675544172525406,0.3365659713745117,0.018261171877384186
1774181027.185,27450.343941801,567,0,neutral,1,32.35864400267019,0.5878832340240479,0.07223160564899445,0.3271852135658264,0.012699944898486137
1774181027.234,27450.39429907,568,0,neutral,1,31.698532999143936,0.5475203394889832,0.06145170331001282,0.3819107413291931,0.009117226116359234
1774181027.285,27450.444823524,569,0,neutral,1,31.879422000201885,0.4808584451675415,0.05495474487543106,0.4572310447692871,0.006955718621611595
1774181027.335,27450.494618645,570,0,neutral,1,31.841552001424134,0.5031920671463013,0.0603216215968132,0.4228212535381317,0.013664981350302696
1774181027.385,27450.544937007,571,0,neutral,1,31.84471800341271,0.6230789422988892,0.040069498121738434,0.3261449933052063,0.010706471279263496
1774181027.435,27450.595238035,572,0,neutral,1,31.704534001619322,0.670778751373291,0.03752070665359497,0.2758544981479645,0.01584593765437603
1774181027.485,27450.645958711,573,0,neutral,1,31.32555299816886,0.7564136981964111,0.033180445432662964,0.1973629593849182,0.013042806647717953
1774181027.535,27450.696066943,574,0,neutral,1,30.91916400080663,0.7347897291183472,0.035662416368722916,0.2153969407081604,0.014150823466479778
1774181027.586,27450.74618062,575,0,neutral,1,31.479773999308236,0.7530304193496704,0.03368426114320755,0.201618030667305,0.011667152866721153
1774181027.636,27450.796670278,576,0,neutral,1,31.456033000722528,0.7687041759490967,0.03041752800345421,0.1905771940946579,0.010301003232598305
1774181027.688,27450.847323805,577,0,neutral,1,31.995459001336712,0.7459323406219482,0.025348523631691933,0.22124016284942627,0.007478898856788874
1774181027.738,27450.898410592,578,0,neutral,1,31.601737002347363,0.7000142335891724,0.02423158846795559,0.269775927066803,0.005978223402053118
1774181027.788,27450.948324343,579,0,neutral,1,31.36575600001379,0.7139828205108643,0.020411010831594467,0.2604891359806061,0.0051169926300644875
1774181027.839,27450.998484186,580,0,neutral,1,32.051422000222374,0.7681887745857239,0.021405458450317383,0.20613199472427368,0.004273741506040096
1774181027.889,27451.049076047,581,0,neutral,1,31.907163000141736,0.8191231489181519,0.01799265295267105,0.15929609537124634,0.0035879998467862606
1774181027.939,27451.099752112,582,0,neutral,1,30.83405299912556,0.8581370711326599,0.017668945714831352,0.12133953720331192,0.002854351419955492
1774181027.989,27451.149834789,583,0,neutral,1,31.318367000494618,0.897807240486145,0.014908621087670326,0.08451758325099945,0.0027664697263389826
1774181028.041,27451.200123558,584,0,neutral,1,32.4383660008607,0.8426711559295654,0.04344400763511658,0.10071660578250885,0.01316817570477724
1774181028.091,27451.25048616,585,0,neutral,1,32.03571800258942,0.8356119394302368,0.03710928559303284,0.11415878683328629,0.013119937852025032
1774181028.142,27451.301301595,586,0,neutral,1,31.993904001865303,0.7976127862930298,0.031733762472867966,0.15723803639411926,0.013415355235338211
1774181028.191,27451.351550049,587,0,neutral,1,31.6882010010886,0.815811276435852,0.02769150584936142,0.14282116293907166,0.013675980269908905
1774181028.242,27451.401614522,588,0,neutral,1,32.64099599982728,0.7510930299758911,0.026964139193296432,0.20183181762695312,0.02011096104979515
1774181028.292,27451.451912032,589,0,neutral,1,31.91023700128426,0.7901047468185425,0.022005651146173477,0.17302535474300385,0.014864162541925907
1774181028.342,27451.502066579,590,0,neutral,1,31.95590399991488,0.8304430246353149,0.02130327932536602,0.13699181377887726,0.011261824518442154
1774181028.393,27451.552659848,591,0,neutral,1,32.062459002190735,0.8432825803756714,0.019234001636505127,0.12718965113162994,0.010293771512806416
1774181028.443,27451.60287195,592,0,neutral,1,31.993217999115586,0.7847893238067627,0.022545993328094482,0.1701754331588745,0.022489260882139206
1774181028.493,27451.652946793,593,0,neutral,1,31.964071000402328,0.8040136098861694,0.02347513660788536,0.14807294309139252,0.02443831041455269
1774181028.544,27451.703675951,594,0,neutral,1,32.4732179979037,0.8104619979858398,0.023498307913541794,0.14233644306659698,0.02370316907763481
1774181028.595,27451.754244627,595,0,neutral,1,32.3966809992271,0.8400663733482361,0.02519208937883377,0.1122451052069664,0.022496357560157776
1774181028.646,27451.805344265,596,0,neutral,1,32.282311000017216,0.8693076968193054,0.020276054739952087,0.08669167757034302,0.02372446469962597
1774181028.697,27451.85525909,597,0,neutral,1,33.76986399962334,0.8784414529800415,0.025917503982782364,0.07443628460168839,0.021204646676778793
1774181028.748,27451.905972896,598,0,neutral,1,33.60501200222643,0.7873903512954712,0.030665747821331024,0.16493918001651764,0.017004618421196938
1774181028.799,27451.95738646,599,0,neutral,1,33.456994002335705,0.7348842024803162,0.02830427512526512,0.2231738269329071,0.013637584634125233
1774181028.848,27452.007676488,600,0,neutral,1,32.57758800100419,0.6738739013671875,0.07636342942714691,0.23302066326141357,0.016741912811994553
1774181028.898,27452.057793794,601,0,neutral,1,32.463829000334954,0.7002652883529663,0.07008182257413864,0.21151766180992126,0.01813517138361931
1774181028.950,27452.107936156,602,0,neutral,1,33.586105000722455,0.6921060085296631,0.07737860828638077,0.2117520272731781,0.01876325160264969
1774181028.999,27452.157981351,603,0,neutral,1,33.068606000597356,0.661074161529541,0.06495299190282822,0.25892722606658936,0.01504553947597742
1774181029.051,27452.209104138,604,0,neutral,1,33.64873399914359,0.6722823977470398,0.07119525969028473,0.24297085404396057,0.013551432639360428
1774181029.101,27452.260623553,605,0,neutral,1,32.037551998655545,0.6436827182769775,0.06443097442388535,0.28059905767440796,0.011287206783890724
1774181029.153,27452.310968322,606,0,neutral,1,33.93145700101741,0.6299386620521545,0.07583237439393997,0.27826255559921265,0.01596633903682232
1774181029.208,27452.360920906,607,0,neutral,1,39.21109799921396,0.6747076511383057,0.0625593289732933,0.25064611434936523,0.012086858972907066
1774181029.254,27452.414974578,608,0,neutral,1,31.134903998463415,0.5593602657318115,0.07432687282562256,0.35424965620040894,0.01206311583518982
1774181029.305,27452.464159015,609,0,neutral,1,32.48945800078218,0.47990480065345764,0.07598793506622314,0.4328804910182953,0.011226683855056763
1774181029.354,27452.514488339,610,2,sad,1,30.948924002586864,0.344142347574234,0.06255768239498138,0.580747663974762,0.012552203610539436
1774181029.405,27452.56491883,611,2,sad,1,31.96525599923916,0.2770049273967743,0.06119852513074875,0.6500221490859985,0.011774343438446522
1774181029.456,27452.615957117,612,2,sad,1,31.96507000029669,0.2926352918148041,0.057122938334941864,0.6398957967758179,0.01034589298069477
1774181029.511,27452.66637096,613,2,sad,1,36.74089700143668,0.2553563714027405,0.06184281408786774,0.6666940450668335,0.01610666885972023
1774181029.565,27452.718378356,614,2,sad,1,38.82478400191758,0.18912960588932037,0.04562908411026001,0.7539382576942444,0.011302960105240345
1774181029.612,27452.77010766,615,2,sad,1,33.345384003041545,0.2315893918275833,0.1149810180068016,0.591071367263794,0.06235813349485397
1774181029.659,27452.81800271,616,2,sad,1,32.93921700242208,0.2211875319480896,0.09859544038772583,0.6261683106422424,0.05404866114258766
1774181029.709,27452.868439997,617,2,sad,1,32.21979299996747,0.18020039796829224,0.0902060717344284,0.6835330724716187,0.04606037214398384
1774181029.759,27452.919075433,618,2,sad,1,32.13953299928107,0.23745480179786682,0.1400529444217682,0.5846429467201233,0.037849247455596924
1774181029.810,27452.969843331,619,2,sad,1,31.588922000082675,0.2752285301685333,0.14221006631851196,0.5491583347320557,0.033403005450963974
1774181029.862,27453.020022229,620,2,sad,1,33.33854999800678,0.26603013277053833,0.12849152088165283,0.5797790884971619,0.025699201971292496
1774181029.913,27453.07023498,621,2,sad,1,34.101437999197515,0.26678112149238586,0.12763364613056183,0.5846021175384521,0.020983055233955383
1774181029.966,27453.121201007,622,2,sad,1,36.2156019982649,0.30611076951026917,0.1330374777317047,0.5404472351074219,0.020404478535056114
1774181030.012,27453.171316591,623,2,sad,1,32.50401399782277,0.2708740234375,0.16845466196537018,0.5451225638389587,0.015548725612461567
1774181030.062,27453.221359101,624,2,sad,1,32.369663000281435,0.3119530975818634,0.14381399750709534,0.5284969210624695,0.01573592610657215
1774181030.113,27453.271859592,625,2,sad,1,33.14392099855468,0.37277477979660034,0.13023856282234192,0.48235225677490234,0.014634406194090843
1774181030.163,27453.322033843,626,2,sad,1,32.486735999555094,0.40291136503219604,0.15102556347846985,0.4270339012145996,0.019029077142477036
1774181030.214,27453.373239129,627,0,neutral,1,32.73147700019763,0.40878045558929443,0.18574729561805725,0.3867766857147217,0.018695471808314323
1774181030.264,27453.42313051,628,0,neutral,1,32.38623599827406,0.4463052749633789,0.17145809531211853,0.3679691553115845,0.014267371967434883
1774181030.316,27453.473630926,629,2,sad,1,33.993679000559496,0.3194563686847687,0.12803490459918976,0.5412752032279968,0.01123345922678709
1774181030.367,27453.524909657,630,2,sad,1,33.52432699830388,0.210976704955101,0.08634154498577118,0.694926381111145,0.007755319122225046
1774181030.417,27453.575170074,631,2,sad,1,33.959197000513086,0.16827373206615448,0.07512973994016647,0.7481067776679993,0.008489642292261124
1774181030.467,27453.62545351,632,2,sad,1,33.796141997299856,0.30344313383102417,0.06423651427030563,0.6225822567939758,0.00973797682672739
1774181030.518,27453.677581776,633,2,sad,1,32.45295899978373,0.38504815101623535,0.05266064405441284,0.5533655881881714,0.008925550617277622
1774181030.568,27453.72767062,634,2,sad,1,32.034570001997054,0.31961897015571594,0.05071837455034256,0.6197503805160522,0.009912218898534775
1774181030.619,27453.778494888,635,2,sad,1,31.8904220002878,0.3462775945663452,0.044247861951589584,0.6013660430908203,0.008108442649245262
1774181030.669,27453.829667767,636,2,sad,1,31.520014999841806,0.35969120264053345,0.06286253780126572,0.5643986463546753,0.013047561049461365
1774181030.719,27453.879401703,637,2,sad,1,31.51125599833904,0.30556538701057434,0.05118636041879654,0.6332890391349792,0.009959151968359947
1774181030.770,27453.930451471,638,2,sad,1,31.30244200292509,0.3413515090942383,0.08801430463790894,0.5552653670310974,0.015368780121207237
1774181030.821,27453.981308517,639,2,sad,1,31.453867002710467,0.3590673506259918,0.09558284282684326,0.52850741147995,0.01684236340224743
1774181030.871,27454.031295157,640,2,sad,1,31.485088999033906,0.3278227746486664,0.09761275351047516,0.5594717264175415,0.01509268768131733
1774181030.922,27454.08215661,641,2,sad,1,31.35464500155649,0.2830193042755127,0.09471265971660614,0.6091997027397156,0.01306828297674656
1774181030.972,27454.132151954,642,2,sad,1,31.702588999905856,0.3082757294178009,0.09115437418222427,0.5880396962165833,0.012530168518424034
1774181031.025,27454.182924685,643,2,sad,1,33.53929000149947,0.2765159010887146,0.12863120436668396,0.5805847644805908,0.014268111437559128
1774181031.073,27454.233352231,644,2,sad,1,31.17660900170449,0.27452680468559265,0.12031929194927216,0.5854488015174866,0.019705042243003845
1774181031.123,27454.283351723,645,2,sad,1,31.068756001332076,0.20443101227283478,0.11164479702711105,0.6700960993766785,0.013828025199472904
1774181031.174,27454.334244935,646,2,sad,1,31.301886003348045,0.1530667394399643,0.08404281735420227,0.7537170648574829,0.00917335506528616
1774181031.226,27454.3853135,647,2,sad,1,31.99410700108274,0.12261461466550827,0.07078038901090622,0.8000041246414185,0.006600844208151102
1774181031.278,27454.437111267,648,2,sad,1,32.45329099809169,0.22209122776985168,0.11298717558383942,0.6549005508422852,0.010021001100540161
1774181031.326,27454.486575685,649,2,sad,1,31.567570000333944,0.2559339106082916,0.13189594447612762,0.6027415990829468,0.009428482502698898
1774181031.380,27454.537016731,650,2,sad,1,34.466715002054116,0.2625928819179535,0.11684898287057877,0.6112895011901855,0.009268566966056824
1774181031.429,27454.587334482,651,2,sad,1,33.269900999584934,0.36229807138442993,0.09591946005821228,0.5336205959320068,0.00816181767731905
1774181031.478,27454.637815843,652,2,sad,1,32.26014399842825,0.4343430995941162,0.08803743124008179,0.46920835971832275,0.00841105543076992
1774181031.528,27454.688208352,653,2,sad,1,31.80779299873393,0.38587868213653564,0.07338489592075348,0.5338983535766602,0.006837986409664154
1774181031.579,27454.737903233,654,2,sad,1,32.49812500143889,0.33942288160324097,0.08640539646148682,0.5689030885696411,0.005268569104373455
1774181031.630,27454.788820057,655,2,sad,1,32.78221700020367,0.3553466498851776,0.10037042200565338,0.5381973385810852,0.006085537374019623
1774181031.682,27454.839193752,656,2,sad,1,34.18593700189376,0.3486003577709198,0.0832519382238388,0.5624504089355469,0.005697209388017654
1774181031.731,27454.889518335,657,2,sad,1,32.84281000014744,0.3460237681865692,0.07094462215900421,0.5767931938171387,0.006238317582756281
1774181031.781,27454.940112104,658,2,sad,1,32.46856899932027,0.3779732584953308,0.07695290446281433,0.538749635219574,0.006324118003249168
1774181031.834,27454.990810113,659,2,sad,1,34.95993700198596,0.4122030735015869,0.07358836382627487,0.5081329941749573,0.00607552332803607
1774181031.883,27455.040976549,660,2,sad,1,34.09730799830868,0.39352571964263916,0.07795706391334534,0.5222252607345581,0.0062919240444898605
1774181031.934,27455.091323892,661,2,sad,1,34.53662199899554,0.33326494693756104,0.09022428095340729,0.5668779015541077,0.009632796980440617
1774181031.982,27455.141760031,662,2,sad,1,32.398309998825425,0.2534186840057373,0.0718434527516365,0.6677841544151306,0.006953598465770483
1774181032.035,27455.194096908,663,2,sad,1,32.22794000248541,0.20224720239639282,0.054109249264001846,0.7388378381729126,0.004805569536983967
1774181032.084,27455.243947029,664,2,sad,1,32.233218000328634,0.14583934843540192,0.04046430438756943,0.8104691505432129,0.0032270564697682858
1774181032.135,27455.29442365,665,2,sad,1,32.291217998135835,0.2221459597349167,0.053826704621315,0.7200700044631958,0.003957158885896206
1774181032.185,27455.344679085,666,2,sad,1,32.39045900045312,0.2440168261528015,0.04245084524154663,0.7106220722198486,0.0029101232066750526
1774181032.235,27455.39481541,667,2,sad,1,31.666700000641868,0.25653088092803955,0.03613949194550514,0.703463077545166,0.0038664238527417183
1774181032.285,27455.445594919,668,2,sad,1,31.491625999478856,0.25033867359161377,0.03632915019989014,0.7099161148071289,0.003415924496948719
1774181032.336,27455.496040799,669,2,sad,1,31.80138500101748,0.3067890405654907,0.036180537194013596,0.6531080603599548,0.003922240808606148
1774181032.387,27455.546074457,670,2,sad,1,33.06693899867241,0.28865912556648254,0.04227302968502045,0.665149450302124,0.0039183106273412704
1774181032.436,27455.597024651,671,2,sad,1,31.230755997967208,0.26446133852005005,0.04122599586844444,0.6900349855422974,0.004277581349015236
1774181032.486,27455.646736161,672,2,sad,1,31.27894199860748,0.2894853353500366,0.06081805378198624,0.6455491185188293,0.004147384315729141
1774181032.537,27455.696726819,673,2,sad,1,31.640997000067728,0.3092304468154907,0.07799714803695679,0.6078945994377136,0.004877746105194092
1774181032.587,27455.747401347,674,2,sad,1,31.617756001651287,0.3115258812904358,0.07153885066509247,0.6122449636459351,0.004690234549343586
1774181032.637,27455.797505357,675,2,sad,1,31.287423000321724,0.2745766341686249,0.05954012647271156,0.6619898080825806,0.0038933823816478252
1774181032.688,27455.847853033,676,2,sad,1,31.600497000908945,0.2194664031267166,0.07624289393424988,0.7005602121353149,0.0037303739227354527
1774181032.738,27455.898181709,677,2,sad,1,31.549071001791162,0.18946893513202667,0.05864313617348671,0.7490383386611938,0.002849383046850562
1774181032.788,27455.948272219,678,2,sad,1,31.177664001006633,0.1557123363018036,0.04794185236096382,0.7934871912002563,0.002858468797057867
1774181032.839,27455.999018247,679,2,sad,1,31.589441001415253,0.14372022449970245,0.038724686950445175,0.8152456879615784,0.0023092934861779213
1774181032.889,27456.04976696,680,2,sad,1,31.09097799824667,0.09807425737380981,0.026874465867877007,0.8733431696891785,0.0017079972894862294
1774181032.940,27456.099764747,681,2,sad,1,32.5058109992824,0.0688110813498497,0.02036258392035961,0.90964674949646,0.0011794458841904998
1774181032.992,27456.150621201,682,2,sad,1,33.41282700057491,0.058179810643196106,0.01948755793273449,0.9214721918106079,0.0008603341411799192
1774181033.041,27456.201623321,683,2,sad,1,31.55066299950704,0.07334447652101517,0.017944801598787308,0.907508373260498,0.0012022185837849975
1774181033.092,27456.252227422,684,2,sad,1,31.404793000547215,0.1366407722234726,0.03015000745654106,0.8319134712219238,0.0012955849524587393
1774181033.143,27456.302668265,685,2,sad,1,31.83740399981616,0.11270167678594589,0.02384338155388832,0.8619581460952759,0.0014966060407459736
1774181033.193,27456.353474459,686,2,sad,1,31.369292999443132,0.1459633708000183,0.04556264355778694,0.805838406085968,0.00263538071885705
1774181033.246,27456.40407145,687,2,sad,1,33.448252997914096,0.1246347576379776,0.039617396891117096,0.831908106803894,0.0038396408781409264
1774181033.297,27456.454686385,688,2,sad,1,33.94062299776124,0.19196820259094238,0.059695784002542496,0.7410692572593689,0.00726664811372757
1774181033.347,27456.505529968,689,2,sad,1,33.11606900024344,0.13668042421340942,0.04922746494412422,0.807274341583252,0.006817696150392294
1774181033.398,27456.556560217,690,2,sad,1,33.091236000473145,0.14896124601364136,0.05458284169435501,0.7907938957214355,0.0056619346141815186
1774181033.448,27456.606502931,691,2,sad,1,33.35555000012391,0.13987845182418823,0.058412715792655945,0.7962194681167603,0.005489288363605738
1774181033.498,27456.656824255,692,2,sad,1,32.876717999897664,0.10976532101631165,0.05044405907392502,0.8353186845779419,0.004471912980079651
1774181033.550,27456.707636894,693,2,sad,1,34.2646409990266,0.09879212826490402,0.03900334611535072,0.8586652278900146,0.0035392488352954388
1774181033.599,27456.758184274,694,2,sad,1,33.07610499905422,0.06970907747745514,0.026345184072852135,0.9015185832977295,0.0024271411821246147
1774181033.651,27456.808491487,695,2,sad,1,34.294159999262774,0.05473455414175987,0.01945793256163597,0.9240949153900146,0.0017125447047874331
1774181033.700,27456.858944496,696,2,sad,1,33.167790999868885,0.07076268643140793,0.013689604587852955,0.913968563079834,0.0015791086480021477
1774181033.751,27456.909763116,697,2,sad,1,33.382642999640666,0.14974349737167358,0.023008976131677628,0.8255739212036133,0.0016735537210479379
1774181033.803,27456.961093088,698,2,sad,1,33.724418997735484,0.14120949804782867,0.018267787992954254,0.8388828039169312,0.0016397826839238405
1774181033.853,27457.011693541,699,2,sad,1,32.84469899881515,0.24777540564537048,0.03784521669149399,0.7125605344772339,0.0018187444657087326
1774181033.902,27457.062185884,700,2,sad,1,31.667033003031975,0.2910224199295044,0.03688289225101471,0.6700224280357361,0.0020721799228340387
1774181033.952,27457.112272727,701,2,sad,1,31.24666399889975,0.26757827401161194,0.059579357504844666,0.6705469489097595,0.002295366022735834
1774181034.002,27457.1626072,702,2,sad,1,31.133052001678152,0.2562938332557678,0.06615946441888809,0.6729444265365601,0.004602217581123114
1774181034.052,27457.212993635,703,2,sad,1,31.2308300017321,0.27652251720428467,0.07341337949037552,0.6443345546722412,0.0057294657453894615
1774181034.103,27457.263746422,704,2,sad,1,30.994738001027144,0.2858273386955261,0.05684378370642662,0.6523786783218384,0.004950115457177162
1774181034.155,27457.314976523,705,2,sad,1,31.552143998851534,0.27632027864456177,0.046243056654930115,0.6734181046485901,0.004018505569547415
1774181034.204,27457.364850366,706,2,sad,1,31.01697899910505,0.24545037746429443,0.04220668971538544,0.7085158228874207,0.003827054752036929
1774181034.255,27457.415164783,707,2,sad,1,31.413403998158174,0.19890914857387543,0.05223720893263817,0.7450924515724182,0.003761113155633211
1774181034.306,27457.466233866,708,2,sad,1,31.612200000381563,0.17950557172298431,0.045976925641298294,0.7714627385139465,0.0030547287315130234
1774181034.356,27457.516253894,709,2,sad,1,31.192942002235213,0.12426292896270752,0.03190812095999718,0.8416398763656616,0.002189089311286807
1774181034.406,27457.5663752,710,2,sad,1,31.06510799989337,0.1137392520904541,0.02890070527791977,0.8557130098342896,0.0016470211558043957
1774181034.456,27457.616535803,711,2,sad,1,31.162144998233998,0.1096392348408699,0.024492548778653145,0.8645302057266235,0.0013379466254264116
1774181034.506,27457.66667359,712,2,sad,1,31.318403998739086,0.1315004825592041,0.027497880160808563,0.8398052453994751,0.0011963772121816874
1774181034.557,27457.717501062,713,2,sad,1,31.43512599854148,0.20520149171352386,0.03731156885623932,0.7560056447982788,0.0014812684385105968
1774181034.614,27457.767796646,714,2,sad,1,37.71209900151007,0.16800592839717865,0.030226778239011765,0.8002128601074219,0.0015544237103313208
1774181034.671,27457.822136446,715,2,sad,1,40.14568899947335,0.21536006033420563,0.029706839472055435,0.7530995607376099,0.0018334698397666216
1774181034.717,27457.875812266,716,2,sad,1,32.65973599991412,0.16017499566078186,0.024678383022546768,0.8136368989944458,0.0015096915885806084
1774181034.765,27457.922353744,717,2,sad,1,34.02932599783526,0.12916332483291626,0.02056245692074299,0.848885178565979,0.0013890283880755305
1774181034.811,27457.97044396,718,2,sad,1,32.83453200128861,0.1387714445590973,0.01698300428688526,0.8424721956253052,0.0017732983687892556
1774181034.861,27458.020449877,719,2,sad,1,32.32490300069912,0.18729013204574585,0.017371680587530136,0.7930084466934204,0.002329636598005891
1774181034.911,27458.070242406,720,2,sad,1,32.21380999821122,0.17533278465270996,0.013944437727332115,0.8083434104919434,0.0023793221917003393
1774181034.962,27458.120730878,721,2,sad,1,32.65236600054777,0.17227858304977417,0.017697995528578758,0.8067308664321899,0.0032924325205385685
1774181035.013,27458.171406739,722,2,sad,1,33.043049999832874,0.21716053783893585,0.022569578140974045,0.7574329376220703,0.002836837898939848
1774181035.064,27458.222711358,723,2,sad,1,32.7424949973647,0.1667172610759735,0.017835360020399094,0.8130360841751099,0.0024111696984618902
1774181035.113,27458.27189348,724,2,sad,1,32.45419900122215,0.1455613374710083,0.024603120982646942,0.8261743187904358,0.0036611384712159634
1774181035.165,27458.322468675,725,2,sad,1,33.93701199820498,0.1450829803943634,0.062349118292331696,0.7880541086196899,0.0045137060806155205
1774181035.217,27458.372930499,726,2,sad,1,35.58680599962827,0.21680037677288055,0.05155804753303528,0.7269465327262878,0.004694949835538864
1774181035.265,27458.423262212,727,2,sad,1,33.385568000085186,0.16543792188167572,0.04147753119468689,0.789767324924469,0.0033171288669109344
1774181035.316,27458.474108813,728,2,sad,1,33.518624000862474,0.15724468231201172,0.036695998162031174,0.8034874796867371,0.002571776509284973
1774181035.376,27458.524556434,729,2,sad,1,42.80783400099608,0.1360270380973816,0.02727304957807064,0.8348703384399414,0.0018295649206265807
1774181035.422,27458.579665289,730,2,sad,1,34.02106800058391,0.09698035567998886,0.019905295222997665,0.8817737102508545,0.0013406429206952453
1774181035.469,27458.62500799,731,2,sad,1,35.82660200117971,0.0956110805273056,0.016059836372733116,0.8872510194778442,0.0010780341690406203
1774181035.518,27458.676695091,732,2,sad,1,32.7566800006025,0.11080030351877213,0.016031675040721893,0.8714494705200195,0.0017184913158416748
1774181035.568,27458.726676045,733,2,sad,1,33.18954999849666,0.1276051551103592,0.03783269226551056,0.832306981086731,0.0022551428992301226
1774181035.617,27458.776822351,734,2,sad,1,32.1719400017173,0.10617034882307053,0.029692186042666435,0.8622262477874756,0.0019112293375656009
1774181035.668,27458.826846453,735,2,sad,1,32.87271699809935,0.11388435959815979,0.021400047466158867,0.8632062673568726,0.0015092921676114202
1774181035.719,27458.87744624,736,2,sad,1,33.0854019994149,0.09326446056365967,0.02336500957608223,0.8811102509498596,0.002260196954011917
1774181035.768,27458.928123472,737,2,sad,1,32.09795799921267,0.13684363663196564,0.04586295038461685,0.8105161786079407,0.006777127273380756
1774181035.821,27458.97857574,738,2,sad,1,34.035456003039144,0.1813661754131317,0.059299781918525696,0.7512714862823486,0.008062467910349369
1774181035.886,27459.03141445,739,2,sad,1,46.67766199781909,0.13939939439296722,0.04103304445743561,0.8138693571090698,0.00569814583286643
1774181035.936,27459.094076536,740,2,sad,1,33.23399500004598,0.13565091788768768,0.032947227358818054,0.8269773721694946,0.004424384795129299
1774181035.984,27459.141239976,741,2,sad,1,34.56686299978173,0.12705348432064056,0.032174110412597656,0.8373913764953613,0.0033808588050305843
1774181036.029,27459.18798162,742,2,sad,1,32.66373499718611,0.12846176326274872,0.031185757368803024,0.837008535861969,0.003343806602060795
1774181036.074,27459.234268079,743,2,sad,1,31.193219001579564,0.1284603625535965,0.03142046183347702,0.837363600730896,0.002755437046289444
1774181036.122,27459.283013627,744,2,sad,1,31.160182003077352,0.09964986890554428,0.02188233472406864,0.8764684200286865,0.0019992340821772814
1774181036.174,27459.33388834,745,2,sad,1,31.704163000540575,0.07527851313352585,0.015829509124159813,0.9073489904403687,0.0015429002232849598
1774181036.222,27459.383199165,746,2,sad,1,31.09162699911394,0.061135828495025635,0.011670516803860664,0.9260991811752319,0.0010943901725113392
1774181036.273,27459.433795693,747,2,sad,1,31.107181999686873,0.0833856612443924,0.012034231796860695,0.9035471677780151,0.0010328659554943442
1774181036.324,27459.484191017,748,2,sad,1,31.993865999538684,0.09618937969207764,0.012319646775722504,0.8905819654464722,0.0009089523809961975
1774181036.374,27459.53432823,749,2,sad,1,31.299571001000004,0.09231801331043243,0.01190190203487873,0.8949339389801025,0.0008460691315121949
1774181036.425,27459.585866683,750,2,sad,1,31.064571001479635,0.09424266219139099,0.009790778160095215,0.8952387571334839,0.000727758975699544
1774181036.476,27459.635906637,751,2,sad,1,31.626236999727553,0.10949042439460754,0.011964578181505203,0.8776384592056274,0.0009064600453712046
1774181036.526,27459.686379813,752,2,sad,1,31.53738499895553,0.07567398995161057,0.008669025264680386,0.9149905443191528,0.0006663607200607657
1774181036.578,27459.736918822,753,2,sad,1,33.37975400063442,0.10332343727350235,0.011373704299330711,0.8845679759979248,0.0007348167710006237
1774181036.627,27459.78711848,754,2,sad,1,32.07421800107113,0.08529678732156754,0.008709976449608803,0.9054509401321411,0.0005421966197900474
1774181036.678,27459.837900674,755,2,sad,1,31.79155199904926,0.07689204812049866,0.0070388903841376305,0.9154682159423828,0.0006007076590321958
1774181036.731,27459.887818851,756,2,sad,1,34.98954700262402,0.053350210189819336,0.00507134385406971,0.9410834312438965,0.0004948917194269598
1774181036.781,27459.938931044,757,2,sad,1,33.901864000654314,0.036684300750494,0.004722761921584606,0.9577940702438354,0.000798781868070364
1774181036.831,27459.988549444,758,2,sad,1,34.00225200311979,0.02458963170647621,0.004068422131240368,0.970672070980072,0.0006697645876556635
1774181036.880,27460.038805564,759,2,sad,1,32.828199000505265,0.01707717403769493,0.005527670495212078,0.9767036437988281,0.0006913569523021579
1774181036.932,27460.089786758,760,2,sad,1,34.4628080019902,0.011953085660934448,0.007831765338778496,0.979476273059845,0.0007387539953924716
1774181036.982,27460.139969731,761,2,sad,1,33.894363998115296,0.008174067363142967,0.0068725221790373325,0.9842846393585205,0.0006686632405035198
1774181037.032,27460.190218833,762,2,sad,1,33.72586400291766,0.006529239937663078,0.0077365185134112835,0.98497074842453,0.0007633615750819445
1774181037.082,27460.240083732,763,2,sad,1,33.53047500058892,0.005503294989466667,0.005791270174086094,0.9881272912025452,0.0005779934581369162
1774181037.132,27460.290476574,764,2,sad,1,33.30853200168349,0.03975187614560127,0.0057528940960764885,0.9539151191711426,0.0005800183862447739
1774181037.183,27460.341518194,765,2,sad,1,33.54423500059056,0.11634234338998795,0.010018676519393921,0.87171471118927,0.0019242418929934502
1774181037.232,27460.391826278,766,2,sad,1,32.43464300248888,0.16208221018314362,0.011768770404160023,0.8246266841888428,0.0015223030932247639
1774181037.284,27460.44249875,767,2,sad,1,33.120642001449596,0.17762206494808197,0.012411447241902351,0.8082085847854614,0.0017578792758286
1774181037.335,27460.493680554,768,2,sad,1,32.7356250018056,0.2611194849014282,0.018164265900850296,0.7191678285598755,0.0015483861789107323
1774181037.385,27460.5448636,769,2,sad,1,32.29029100111802,0.24132859706878662,0.02125953696668148,0.7355568408966064,0.0018549896776676178
1774181037.435,27460.59546946,770,2,sad,1,31.74981199845206,0.2445443570613861,0.021525369957089424,0.7318459153175354,0.0020843157544732094
1774181037.486,27460.645679618,771,2,sad,1,31.65575599996373,0.2772718071937561,0.026656154543161392,0.6933435201644897,0.002728511579334736
1774181037.537,27460.696930701,772,2,sad,1,32.11027300130809,0.2272125482559204,0.027290385216474533,0.7422713041305542,0.0032257363200187683
1774181037.586,27460.746160545,773,2,sad,1,31.44401499957894,0.26453784108161926,0.030249053612351418,0.7021830677986145,0.003030007239431143
1774181037.637,27460.796389184,774,2,sad,1,32.71506899909582,0.20987340807914734,0.023649217560887337,0.7637253999710083,0.0027519804425537586
1774181037.688,27460.84785634,775,2,sad,1,31.441256000107387,0.17705067992210388,0.029181096702814102,0.7906606793403625,0.003107490250840783
1774181037.737,27460.897372591,776,2,sad,1,31.13157099869568,0.12095077335834503,0.02054678648710251,0.8560895919799805,0.0024127820506691933
1774181037.788,27460.948088971,777,2,sad,1,32.13025500008371,0.09677666425704956,0.023852555081248283,0.8771811723709106,0.0021896108519285917
1774181037.843,27460.998828628,778,2,sad,1,35.49091700188001,0.12494334578514099,0.02289149910211563,0.8501816987991333,0.00198338832706213
1774181037.889,27461.049456377,779,2,sad,1,31.82649700102047,0.12427413463592529,0.020111123099923134,0.8533015847206116,0.002313103759661317
1774181037.939,27461.099563795,780,2,sad,1,31.227662999299355,0.2165517359972,0.025601709261536598,0.7539182901382446,0.0039282431825995445
1774181037.989,27461.149723878,781,2,sad,1,31.347886000730796,0.16706202924251556,0.026231762021780014,0.8017871379852295,0.004919045604765415
1774181038.039,27461.199626203,782,2,sad,1,31.51029299988295,0.20393913984298706,0.02258278988301754,0.7691821455955505,0.004295853432267904
1774181038.090,27461.250292416,783,2,sad,1,31.44601500025601,0.23375293612480164,0.028371019288897514,0.7336145639419556,0.004261370748281479
1774181038.140,27461.300931517,784,2,sad,1,31.00401600022451,0.3548949956893921,0.0264241024851799,0.614598274230957,0.004082561936229467
1774181038.191,27461.351397934,785,2,sad,1,31.87025500301388,0.25220033526420593,0.02242339588701725,0.722343921661377,0.003032314358279109
1774181038.241,27461.401358036,786,2,sad,1,30.99544200085802,0.21121838688850403,0.018660780042409897,0.7670755982398987,0.003045169170945883
1774181038.293,27461.452286212,787,2,sad,1,32.94893900238094,0.1949753612279892,0.01923312619328499,0.7827333211898804,0.003058123867958784
1774181038.344,27461.502971517,788,2,sad,1,32.67205100200954,0.1618777960538864,0.01745034009218216,0.8172507882118225,0.003421018598601222
1774181038.394,27461.553721544,789,2,sad,1,31.656644998292904,0.23788031935691833,0.023709505796432495,0.7352932691574097,0.0031168137211352587
1774181038.445,27461.604130776,790,2,sad,1,33.04745700006606,0.3512704372406006,0.042853403836488724,0.6008089184761047,0.005067145451903343
1774181038.495,27461.654329267,791,2,sad,1,32.742753999627894,0.41422051191329956,0.04625885561108589,0.534125804901123,0.005394704639911652
1774181038.546,27461.704869165,792,2,sad,1,32.522272998903645,0.4234631061553955,0.04557425528764725,0.5256789326667786,0.005283643025904894
1774181038.598,27461.755534655,793,0,neutral,1,33.879567999974824,0.5392254590988159,0.04632572457194328,0.40765804052352905,0.006790716201066971
1774181038.650,27461.806677627,794,0,neutral,1,34.983121000550454,0.5934770107269287,0.047443587332963943,0.3535000681877136,0.005579287651926279
1774181038.697,27461.857047247,795,0,neutral,1,31.634922001103405,0.5644317865371704,0.049315400421619415,0.3811224102973938,0.0051303524523973465
1774181038.748,27461.907821015,796,0,neutral,1,32.26182900107233,0.5472809076309204,0.057300131767988205,0.3910795748233795,0.004339301958680153
1774181038.801,27461.958953227,797,0,neutral,1,33.99278999859234,0.5160287618637085,0.060384031385183334,0.4193435311317444,0.004243548959493637
1774181038.851,27462.01082442,798,0,neutral,1,32.3375140033022,0.5173168182373047,0.05472424626350403,0.42342936992645264,0.004529466852545738
1774181038.906,27462.061493244,799,0,neutral,1,36.04513900063466,0.4991726279258728,0.07849612832069397,0.41627368330955505,0.0060573965311050415
1774181038.953,27462.112877492,800,0,neutral,1,32.37156999966828,0.5273493528366089,0.08251249045133591,0.3843923509120941,0.005745654925704002
1774181039.002,27462.162481225,801,0,neutral,1,30.911478999769315,0.5103406310081482,0.07651333510875702,0.40719902515411377,0.0059469230473041534
1774181039.052,27462.212737697,802,0,neutral,1,31.4192380028544,0.5836776494979858,0.06972278654575348,0.3416041433811188,0.0049953339621424675
1774181039.102,27462.262614207,803,0,neutral,1,31.47925599841983,0.506229043006897,0.06206819415092468,0.4278860092163086,0.0038166202139109373
1774181039.154,27462.314037012,804,2,sad,1,31.59840399894165,0.34403297305107117,0.042557310312986374,0.6105750799179077,0.002834490267559886
1774181039.204,27462.363930392,805,2,sad,1,31.882237002719194,0.32928311824798584,0.05299033224582672,0.6140907406806946,0.003635665401816368
1774181039.254,27462.415045697,806,2,sad,1,30.94205200250144,0.3062719404697418,0.04388144239783287,0.6462845802307129,0.0035618855617940426
1774181039.305,27462.465541187,807,2,sad,1,31.270256000425434,0.3710164427757263,0.04238181561231613,0.5828300714492798,0.0037715551443398
1774181039.355,27462.515957882,808,2,sad,1,31.186015003186185,0.44892430305480957,0.04620617628097534,0.5018858909606934,0.0029834695160388947
1774181039.406,27462.566566687,809,2,sad,1,31.712773998151533,0.41251564025878906,0.04935850948095322,0.5350373983383179,0.0030883504077792168
1774181039.468,27462.617092122,810,0,neutral,1,42.57344500001636,0.5161590576171875,0.09222399443387985,0.3889262080192566,0.0026906728744506836
1774181039.516,27462.674347993,811,0,neutral,1,33.40958699845942,0.48434680700302124,0.08964165300130844,0.42332273721694946,0.0026887222193181515
1774181039.563,27462.722393116,812,2,sad,1,32.391161999839824,0.4394960105419159,0.06747213006019592,0.4903518557548523,0.0026799519546329975
1774181039.611,27462.770311462,813,2,sad,1,32.790142999147065,0.4178306460380554,0.05672478675842285,0.5231963992118835,0.002248024567961693
1774181039.661,27462.820167639,814,2,sad,1,32.5608099992678,0.3497815430164337,0.051226139068603516,0.5969423055648804,0.0020498756784945726
1774181039.718,27462.870326445,815,2,sad,1,39.32930099836085,0.3583066761493683,0.09494072198867798,0.541262149810791,0.005490342620760202
1774181039.772,27462.923886154,816,2,sad,1,40.33976299979258,0.4094654321670532,0.07699587941169739,0.5092246532440186,0.004313952289521694
1774181039.819,27462.977384752,817,2,sad,1,33.7970119981037,0.4311608374118805,0.0886353999376297,0.47652602195739746,0.0036776389461010695
1774181039.867,27463.025847504,818,2,sad,1,33.11788300197804,0.4132001996040344,0.09494218230247498,0.4876527190208435,0.0042048003524541855
1774181039.916,27463.074551923,819,2,sad,1,33.439549999457086,0.3596028685569763,0.09134746342897415,0.5432954430580139,0.0057541122660040855
1774181039.967,27463.124968728,820,2,sad,1,33.78451300159213,0.3041727840900421,0.09855815023183823,0.587556779384613,0.00971213635057211
1774181040.018,27463.176072848,821,2,sad,1,33.34306800024933,0.2921510934829712,0.0943584218621254,0.6039585471153259,0.009531824849545956
1774181040.067,27463.225299062,822,2,sad,1,33.58886500063818,0.34149348735809326,0.07456120103597641,0.5731105804443359,0.01083463430404663
1774181040.117,27463.275616961,823,2,sad,1,33.6454380012583,0.3222927451133728,0.055594224482774734,0.614120602607727,0.007992359809577465
1774181040.167,27463.327237431,824,2,sad,1,31.166034001216758,0.2822744846343994,0.050327152013778687,0.6576213836669922,0.009776942431926727
1774181040.218,27463.377700515,825,2,sad,1,31.99577299892553,0.271615207195282,0.04208436980843544,0.6773571372032166,0.008943246677517891
1774181040.269,27463.428839634,826,2,sad,1,31.75116299826186,0.3231632113456726,0.09347432851791382,0.5768523216247559,0.006510105915367603
1774181040.318,27463.479289588,827,2,sad,1,30.719960002898006,0.2985359728336334,0.07752253115177155,0.6186305284500122,0.005310906562954187
1774181040.368,27463.529309597,828,2,sad,1,30.95616399878054,0.27753522992134094,0.06553244590759277,0.6527159214019775,0.00421637250110507
1774181040.420,27463.580501161,829,2,sad,1,31.35683000073186,0.24123096466064453,0.05758900195360184,0.6972852945327759,0.0038947048597037792
1774181040.470,27463.630190153,830,2,sad,1,31.670329000917263,0.3154692053794861,0.05870706960558891,0.6226558089256287,0.0031678813975304365
1774181040.521,27463.681739679,831,2,sad,1,31.54833000007784,0.2875349819660187,0.05002390593290329,0.6601105332374573,0.002330532530322671
1774181040.572,27463.731706393,832,2,sad,1,32.51993900266825,0.19057303667068481,0.03350500762462616,0.774221658706665,0.0017002389067783952
1774181040.622,27463.782639938,833,2,sad,1,31.159294001554372,0.1369919627904892,0.0248266514390707,0.8365923762321472,0.0015889093047007918
1774181040.674,27463.832930151,834,2,sad,1,32.91699500186951,0.2010294795036316,0.023162968456745148,0.7742424011230469,0.0015650661662220955
1774181040.723,27463.883678142,835,2,sad,1,31.349089000286767,0.2541109323501587,0.02876051515340805,0.7150087356567383,0.0021196934394538403
1774181040.773,27463.933788762,836,2,sad,1,31.262812000932172,0.28220734000205994,0.03721107542514801,0.6786036491394043,0.0019778269343078136
1774181040.824,27463.983962624,837,2,sad,1,31.53833000033046,0.2931094467639923,0.04726920276880264,0.6569576263427734,0.0026636391412466764
1774181040.874,27464.034109726,838,2,sad,1,31.6877180011943,0.34172433614730835,0.0956382155418396,0.5601856708526611,0.0024516985286027193
1774181040.925,27464.084351976,839,2,sad,1,32.84806900046533,0.40841543674468994,0.0990709662437439,0.49026602506637573,0.0022474455181509256
1774181040.974,27464.135087059,840,2,sad,1,31.072904999746243,0.3935854434967041,0.0842554122209549,0.5200246572494507,0.002134369220584631
1774181041.027,27464.185680161,841,2,sad,1,33.03080899786437,0.4327238202095032,0.0821012556552887,0.4829428791999817,0.0022319508716464043
1774181041.078,27464.236614299,842,2,sad,1,33.154346001538215,0.44459110498428345,0.09603549540042877,0.4573124945163727,0.0020608054473996162
1774181041.127,27464.287213104,843,2,sad,1,31.821089000004577,0.41704893112182617,0.10234491527080536,0.47842031717300415,0.002185748191550374
1774181041.178,27464.337438521,844,2,sad,1,32.40667999853031,0.3454224467277527,0.09394211322069168,0.5587511658668518,0.0018842153949663043
1774181041.228,27464.388392196,845,2,sad,1,31.836403999477625,0.3741236925125122,0.0778372660279274,0.5465381741523743,0.00150080188177526
1774181041.281,27464.439150297,846,2,sad,1,33.517217001644894,0.26683729887008667,0.05151968449354172,0.6806212067604065,0.0010217130184173584
1774181041.332,27464.48969514,847,2,sad,1,34.296308000193676,0.20911283791065216,0.038237519562244415,0.7517058849334717,0.0009437102125957608
1774181041.381,27464.539900242,848,2,sad,1,33.33034599927487,0.18957236409187317,0.028439868241548538,0.781108558177948,0.0008791550062596798
1774181041.433,27464.590616621,849,2,sad,1,33.79634600059944,0.17222096025943756,0.019526859745383263,0.8075276017189026,0.0007244824664667249
1774181041.482,27464.641123389,850,2,sad,1,32.40669899969362,0.1460515856742859,0.019350510090589523,0.8336002230644226,0.0009975708089768887
1774181041.534,27464.691827843,851,2,sad,1,33.97925200260943,0.17405378818511963,0.021023966372013092,0.8037899732589722,0.0011322223581373692
1774181041.584,27464.742450278,852,2,sad,1,33.3555309989606,0.16644899547100067,0.015920905396342278,0.8165509700775146,0.001079056179150939
1774181041.635,27464.794307026,853,2,sad,1,32.7677909990598,0.23834702372550964,0.017083100974559784,0.7436078786849976,0.0009618847398087382
1774181041.685,27464.844529128,854,2,sad,1,32.35366199805867,0.21274885535240173,0.01569880172610283,0.7704511880874634,0.001101022819057107
1774181041.735,27464.895495173,855,2,sad,1,31.12903399960487,0.22007957100868225,0.016222815960645676,0.7627195715904236,0.0009779416723176837
1774181041.785,27464.945574183,856,2,sad,1,31.422719002875965,0.19429518282413483,0.018654387444257736,0.7859544157981873,0.0010959231294691563
1774181041.836,27464.995526878,857,2,sad,1,31.778663000295637,0.3195369839668274,0.03446239233016968,0.6439110040664673,0.0020895488560199738
1774181041.885,27465.045752758,858,2,sad,1,31.395163001434412,0.43449509143829346,0.036663372069597244,0.5261029601097107,0.0027385330758988857
1774181041.935,27465.095893267,859,2,sad,1,31.14416400057962,0.3743724524974823,0.036857061088085175,0.5854765772819519,0.0032938183285295963
1774181041.986,27465.146518091,860,2,sad,1,31.204014998365892,0.41011810302734375,0.03100893646478653,0.5561360120773315,0.002736871363595128
1774181042.036,27465.196362749,861,2,sad,1,31.306460001360392,0.3707113564014435,0.026303064078092575,0.6004008054733276,0.002584681147709489
1774181042.086,27465.246631296,862,2,sad,1,31.058126001880737,0.383060097694397,0.029317785054445267,0.584691047668457,0.0029310123063623905
1774181042.137,27465.297540137,863,2,sad,1,31.5462930011563,0.4138069152832031,0.03429276496171951,0.5493942499160767,0.002505965530872345
1774181042.186,27465.347544055,864,2,sad,1,30.72801600137609,0.4524614214897156,0.04367924854159355,0.5009257793426514,0.002933443058282137
1774181042.238,27465.398278452,865,0,neutral,1,31.11345999786863,0.5030363202095032,0.03862908482551575,0.4557065963745117,0.002627938985824585
1774181042.288,27465.448831443,866,2,sad,1,31.040071000461467,0.4003206193447113,0.03869159519672394,0.5586020350456238,0.0023856796324253082
1774181042.340,27465.4995541,867,2,sad,1,32.51218000150402,0.28516915440559387,0.028866669163107872,0.6843219995498657,0.0016420853789895773
1774181042.390,27465.550142275,868,2,sad,1,31.69755199996871,0.22217610478401184,0.023081092163920403,0.753433108329773,0.0013096535112708807
1774181042.443,27465.600178415,869,2,sad,1,35.00315800192766,0.19232292473316193,0.02075660601258278,0.7858606576919556,0.0010596936335787177
1774181042.492,27465.650664979,870,2,sad,1,32.965680002234876,0.25399255752563477,0.0281212218105793,0.7166754007339478,0.00121071666944772
1774181042.542,27465.701448932,871,2,sad,1,32.1707740004058,0.29107528924942017,0.0234517864882946,0.6833895444869995,0.002083310391753912
1774181042.593,27465.75280907,872,2,sad,1,32.03990299880388,0.42622965574264526,0.03752920404076576,0.5343471765518188,0.0018939105793833733
1774181042.644,27465.802806098,873,2,sad,1,32.97766100149602,0.4277782142162323,0.05075407773256302,0.5200344920158386,0.0014331378042697906
1774181042.695,27465.853729107,874,2,sad,1,33.038050001778174,0.4447457790374756,0.047618746757507324,0.506019115447998,0.001616274705156684
1774181042.746,27465.904186486,875,2,sad,1,33.564457000466064,0.474665105342865,0.046850308775901794,0.4764500558376312,0.002034437842667103
1774181042.796,27465.954417236,876,2,sad,1,33.55958699830808,0.42596179246902466,0.04005252569913864,0.5318421721458435,0.002143414691090584
1774181042.849,27466.006028392,877,2,sad,1,35.026325000217184,0.31604233384132385,0.04191559925675392,0.6399596929550171,0.002082300838083029
1774181042.897,27466.055634236,878,2,sad,1,32.794791000924306,0.293654203414917,0.030457021668553352,0.6742616891860962,0.0016269853804260492
1774181042.949,27466.105970282,879,2,sad,1,34.594122000271454,0.3155342936515808,0.02954343892633915,0.6533932685852051,0.001528942841105163
1774181042.998,27466.15623831,880,2,sad,1,34.04830799991032,0.34485185146331787,0.03908936679363251,0.6141622066497803,0.0018965003546327353
1774181043.048,27466.206336005,881,2,sad,1,33.0193829977361,0.31962794065475464,0.033052049577236176,0.6449538469314575,0.0023660752922296524
1774181043.098,27466.257444754,882,2,sad,1,32.84832799909054,0.3254423439502716,0.03591883182525635,0.6363486051559448,0.0022901035845279694
1774181043.149,27466.307558504,883,2,sad,1,33.05195700158947,0.2857937216758728,0.03313986212015152,0.6784948110580444,0.0025714877992868423
1774181043.199,27466.357780476,884,2,sad,1,32.65653200287488,0.2909886837005615,0.03315532207489014,0.6736958026885986,0.002160116797313094
1774181043.250,27466.408182115,885,2,sad,1,33.673419999104226,0.2788713872432709,0.027695585042238235,0.6910853385925293,0.0023475768975913525
1774181043.299,27466.457980051,886,2,sad,1,32.578384001681115,0.2606346011161804,0.02912791818380356,0.7082903981208801,0.0019469738472253084
1774181043.351,27466.509054152,887,2,sad,1,33.93952999977046,0.19836069643497467,0.027730591595172882,0.7716619968414307,0.0022466001100838184
1774181043.402,27466.560708993,888,2,sad,1,33.15273499902105,0.2432776689529419,0.028091369196772575,0.7262012362480164,0.002429642016068101
1774181043.451,27466.611926427,889,2,sad,1,31.369996002467815,0.2228074073791504,0.027537234127521515,0.7474924325942993,0.0021628395188599825
1774181043.502,27466.662410306,890,2,sad,1,31.310960002883803,0.20422711968421936,0.02484673634171486,0.7689585089683533,0.0019675230141729116
1774181043.553,27466.712576019,891,2,sad,1,32.71101400241605,0.33535537123680115,0.027812723070383072,0.634098470211029,0.002733351197093725
1774181043.603,27466.763184954,892,2,sad,1,31.388088998937747,0.33616411685943604,0.024967815726995468,0.6365866661071777,0.002281347755342722
1774181043.654,27466.813997129,893,2,sad,1,31.54820100098732,0.34948045015335083,0.02284768410027027,0.6258072853088379,0.0018645029049366713
1774181043.705,27466.865609063,894,2,sad,1,31.217978001222946,0.32814347743988037,0.01973007619380951,0.6499730348587036,0.002153288573026657
1774181043.756,27466.916030517,895,2,sad,1,31.515032998868264,0.3413694500923157,0.016217511147260666,0.6406630277633667,0.0017499197274446487
1774181043.807,27466.96715834,896,2,sad,1,31.561810999846784,0.2845938801765442,0.012345788069069386,0.7017576694488525,0.0013026257511228323
1774181043.856,27467.01651535,897,2,sad,1,31.281015002605272,0.26798856258392334,0.010499984957277775,0.7203136682510376,0.0011976849054917693
1774181043.906,27467.066942119,898,2,sad,1,31.28483000182314,0.2364232987165451,0.008546439930796623,0.7538270950317383,0.0012030878569930792
1774181043.958,27467.118116997,899,2,sad,1,32.048588000179734,0.2913985848426819,0.009345224127173424,0.6982288360595703,0.001027297112159431
1774181044.007,27467.167611211,900,2,sad,1,30.881941998814,0.29383385181427,0.013272104784846306,0.6919064521789551,0.0009875395335257053
1774181044.058,27467.218286535,901,2,sad,1,31.0357929993188,0.31865325570106506,0.020728029310703278,0.6594314575195312,0.0011871815659105778
1774181044.109,27467.268415174,902,2,sad,1,31.91207000054419,0.29869887232780457,0.017826644703745842,0.6824619770050049,0.0010124290129169822
1774181044.159,27467.318767535,903,2,sad,1,31.596996002917876,0.33653414249420166,0.015713652595877647,0.6467496156692505,0.0010024824878200889
1774181044.210,27467.369703784,904,2,sad,1,32.222922000073595,0.3289079964160919,0.012671392410993576,0.6574848294258118,0.0009356958908028901
1774181044.261,27467.420311145,905,2,sad,1,32.74140199937392,0.2937797009944916,0.010645781643688679,0.694846510887146,0.0007279519340954721
1774181044.313,27467.471311005,906,2,sad,1,33.66758600168396,0.22338233888149261,0.007910373620688915,0.7681795358657837,0.0005276616429910064
1774181044.363,27467.521405329,907,2,sad,1,33.07466199839837,0.15989883244037628,0.005527216009795666,0.8341579437255859,0.0004158831143286079
1774181044.414,27467.572350986,908,2,sad,1,32.98623500086251,0.1279604732990265,0.005270237103104591,0.8664488792419434,0.0003203518281225115
1774181044.463,27467.622603736,909,2,sad,1,32.08347699910519,0.13933393359184265,0.010088207200169563,0.8502465486526489,0.000331265851855278
1774181044.513,27467.673130097,910,2,sad,1,32.012699000915745,0.16198956966400146,0.009207997471094131,0.8284918069839478,0.0003105694195255637
1774181044.566,27467.723742402,911,2,sad,1,33.561920001375256,0.15306183695793152,0.008281628601253033,0.8383067846298218,0.0003497127618175
1774181044.615,27467.774259152,912,2,sad,1,32.590513001196086,0.1959170550107956,0.014724962413311005,0.7885935306549072,0.000764389056712389
1774181044.666,27467.824824253,913,2,sad,1,33.43540200148709,0.2659793198108673,0.016675952821969986,0.7162764072418213,0.001068237004801631
1774181044.716,27467.874966078,914,2,sad,1,33.05904999797349,0.2973734140396118,0.015746567398309708,0.6855806112289429,0.0012993174605071545
1774181044.767,27467.925388568,915,2,sad,1,33.5666789978859,0.38318800926208496,0.01326056383550167,0.6018904447555542,0.0016609104350209236
1774181044.825,27467.977641297,916,2,sad,1,38.803765000920976,0.3919079303741455,0.014541637152433395,0.5920988917350769,0.0014513916103169322
1774181044.878,27468.031609005,917,2,sad,1,38.494135998917045,0.3455681800842285,0.01242789626121521,0.6408871412277222,0.0011166498297825456
1774181044.932,27468.08460553,918,2,sad,1,39.38820800249232,0.33712321519851685,0.011157989501953125,0.6503760814666748,0.0013425792567431927
1774181044.983,27468.137073833,919,2,sad,1,37.801192000188166,0.3945235311985016,0.011209079064428806,0.5929280519485474,0.0013391689863055944
1774181045.030,27468.188991858,920,2,sad,1,33.02579100272851,0.39868593215942383,0.008877909742295742,0.5913074016571045,0.0011285864748060703
1774181045.076,27468.234235059,921,2,sad,1,33.57499399862718,0.3774016797542572,0.006382744759321213,0.6152514219284058,0.0009640144999139011
1774181045.121,27468.279802612,922,2,sad,1,32.76556800119579,0.3912346363067627,0.005105507094413042,0.6027284264564514,0.0009312931797467172
1774181045.169,27468.329763992,923,2,sad,1,31.51603300284478,0.3438691198825836,0.003862034296616912,0.6515313386917114,0.0007373951957561076
1774181045.220,27468.380499723,924,2,sad,1,31.78716199909104,0.3785792589187622,0.002894781529903412,0.6179027557373047,0.0006231070146895945
1774181045.270,27468.430501788,925,2,sad,1,31.366384999273578,0.34576037526130676,0.0022456152364611626,0.6514049768447876,0.0005889442400075495
1774181045.322,27468.481741277,926,2,sad,1,32.35925500121084,0.42085471749305725,0.0018520945450291038,0.576745331287384,0.0005477812374010682
1774181045.372,27468.532197731,927,2,sad,1,31.573680997098563,0.44359660148620605,0.0016478592297062278,0.5540411472320557,0.0007143073016777635
1774181045.421,27468.582181833,928,2,sad,1,30.98297899850877,0.41982948780059814,0.001681942492723465,0.5778236389160156,0.0006648393464274704
1774181045.473,27468.632605027,929,0,neutral,1,32.13397700164933,0.5764777660369873,0.0022922891657799482,0.4205659031867981,0.0006639368366450071
1774181045.523,27468.682884481,930,0,neutral,1,31.442347997653997,0.5081632137298584,0.002439500531181693,0.488664448261261,0.0007327172788791358
1774181045.573,27468.733822526,931,2,sad,1,31.370053002319764,0.44427207112312317,0.003694306593388319,0.5511823892593384,0.0008511319756507874
1774181045.625,27468.78418548,932,2,sad,1,32.206051000684965,0.4817638397216797,0.0039639244787395,0.5121862888336182,0.002085838932543993
1774181045.676,27468.83490547,933,0,neutral,1,33.142828000563895,0.5476167798042297,0.004947476554661989,0.4454309940338135,0.0020046476274728775
1774181045.725,27468.885655331,934,2,sad,1,31.430348000867525,0.3877524733543396,0.0033234027214348316,0.6070923805236816,0.0018316211644560099
1774181045.777,27468.936756765,935,2,sad,1,32.30908800105681,0.2614399790763855,0.0022507032845169306,0.7350221872329712,0.0012870087521150708
1774181045.830,27468.987349811,936,2,sad,1,34.02727100183256,0.2091241180896759,0.0017504208954051137,0.7881875038146973,0.0009378083632327616
1774181045.879,27469.03769269,937,2,sad,1,32.90695800023968,0.17496737837791443,0.0014244297053664923,0.8228340148925781,0.0007740521105006337
1774181045.929,27469.088545921,938,2,sad,1,32.56117999990238,0.26476991176605225,0.0025822827592492104,0.731232762336731,0.0014149211347103119
1774181045.979,27469.138528894,939,2,sad,1,32.005032000597566,0.43574339151382446,0.0023656124249100685,0.557387113571167,0.004503779113292694
1774181046.030,27469.189274402,940,2,sad,1,32.82156899877009,0.45979785919189453,0.0022016791626811028,0.5339466333389282,0.00405376311391592
1774181046.081,27469.240075096,941,2,sad,1,32.785143001092365,0.36588340997695923,0.002204051474109292,0.6291190385818481,0.0027934059035032988
1774181046.133,27469.29149427,942,2,sad,1,33.096531999035506,0.34694546461105347,0.002061715815216303,0.6488872170448303,0.002105454681441188
1774181046.183,27469.34109291,943,2,sad,1,33.725809000316076,0.3473583459854126,0.0025591053999960423,0.6484566926956177,0.0016257731476798654
1774181046.235,27469.391618956,944,2,sad,1,35.286694997921586,0.38622161746025085,0.004346838220953941,0.6076755523681641,0.0017559273401275277
1774181046.286,27469.441678169,945,2,sad,1,35.865824997017626,0.486606627702713,0.005729932337999344,0.5061352849006653,0.0015281087253242731
1774181046.335,27469.492371808,946,0,neutral,1,33.94106700216071,0.5324342846870422,0.005650500301271677,0.46058565378189087,0.0013294884702190757
1774181046.385,27469.543931241,947,0,neutral,1,32.94654999990598,0.5090415477752686,0.005367296282202005,0.4843928813934326,0.0011982248397544026
1774181046.435,27469.593872621,948,0,neutral,1,32.872161998966476,0.5039993524551392,0.0046666343696415424,0.49023979902267456,0.0010941727086901665
1774181046.485,27469.644518408,949,0,neutral,1,32.544384001084836,0.5941161513328552,0.00803310051560402,0.39670640230178833,0.0011442831018939614
1774181046.535,27469.694871361,950,0,neutral,1,32.35351400144282,0.6221150159835815,0.00734504871070385,0.3693535625934601,0.0011863054241985083
1774181046.586,27469.746129666,951,0,neutral,1,31.944718000886496,0.6519458293914795,0.006861557252705097,0.33994370698928833,0.0012488380307331681
1774181046.636,27469.796148953,952,0,neutral,1,31.528552000963828,0.6080561876296997,0.008625448681414127,0.3816230297088623,0.0016952974256128073
1774181046.686,27469.846791888,953,0,neutral,1,31.442810999578796,0.5128778219223022,0.00719177071005106,0.4779922366142273,0.0019380927551537752
1774181046.737,27469.896935694,954,0,neutral,1,32.14597700207378,0.5157944560050964,0.008289428427815437,0.4741203188896179,0.0017957037780433893
1774181046.788,27469.947930868,955,0,neutral,1,32.05290400001104,0.5484313368797302,0.007444127928465605,0.442729115486145,0.001395319472067058
1774181046.838,27469.998126174,956,0,neutral,1,31.65779299888527,0.5701376795768738,0.005932429805397987,0.4227299094200134,0.0011999111156910658
1774181046.888,27470.04870685,957,0,neutral,1,31.458941000892082,0.5933507084846497,0.0048784795217216015,0.4005059003829956,0.0012648048577830195
1774181046.939,27470.099159248,958,0,neutral,1,31.668274001276586,0.5072770118713379,0.004670789465308189,0.4867749810218811,0.0012770879548043013
1774181046.989,27470.149712312,959,0,neutral,1,31.09647800010862,0.5282915830612183,0.00532348919659853,0.46485453844070435,0.001530270092189312
1774181047.041,27470.200746765,960,0,neutral,1,31.954736001353012,0.5780784487724304,0.004968971014022827,0.41523072123527527,0.0017217330168932676
1774181047.091,27470.2510042,961,0,neutral,1,31.8740330003493,0.6385996341705322,0.005219608079642057,0.354428231716156,0.0017524092691019177
1774181047.141,27470.301320339,962,0,neutral,1,31.340347999503138,0.5393729209899902,0.004420100245624781,0.4546835422515869,0.0015233800513669848
1774181047.192,27470.351496311,963,0,neutral,1,32.11119900151971,0.49815604090690613,0.004255539737641811,0.49633073806762695,0.0012575939763337374
1774181047.242,27470.40164895,964,2,sad,1,31.749347999721067,0.4266936779022217,0.007210833486169577,0.5648013353347778,0.0012940984452143312
1774181047.292,27470.451904478,965,0,neutral,1,32.24388400121825,0.501603364944458,0.006507720798254013,0.49065494537353516,0.001233919057995081
1774181047.342,27470.501927265,966,0,neutral,1,31.62595899993903,0.5804698467254639,0.005999647546559572,0.412406325340271,0.0011241373140364885
1774181047.393,27470.552771737,967,0,neutral,1,32.30325399999856,0.5070829391479492,0.005833424627780914,0.48600685596466064,0.0010767299681901932
1774181047.444,27470.603496375,968,0,neutral,1,32.34488400266855,0.505333423614502,0.0068039195612072945,0.48682528734207153,0.0010372642427682877
1774181047.496,27470.654707012,969,2,sad,1,32.6432180008851,0.44539743661880493,0.00663451524451375,0.5466854572296143,0.001282520592212677
1774181047.546,27470.704422171,970,2,sad,1,33.068920001824154,0.49305129051208496,0.0067289830185472965,0.4987025260925293,0.0015171041013672948
1774181047.596,27470.754807587,971,0,neutral,1,32.7488840011938,0.6201849579811096,0.004921179264783859,0.3736796975135803,0.001214103540405631
1774181047.648,27470.805236281,972,0,neutral,1,34.857028997066664,0.6506430506706238,0.004125528037548065,0.34409794211387634,0.001133396290242672
1774181047.701,27470.856340826,973,0,neutral,1,36.227045999112306,0.7373020052909851,0.0041265664622187614,0.25726836919784546,0.0013030096888542175
1774181047.752,27470.90641291,974,0,neutral,1,37.101619000168284,0.7381612062454224,0.005940052680671215,0.25431978702545166,0.0015789249446243048
1774181047.799,27470.957163104,975,0,neutral,1,33.500826997624245,0.551044225692749,0.0042701056227087975,0.44353556632995605,0.0011500539258122444
1774181047.851,27471.007651687,976,2,sad,1,35.3686580019712,0.4317702353000641,0.003135561477392912,0.5642410516738892,0.0008530611521564424
1774181047.902,27471.057825122,977,2,sad,1,35.743084001296666,0.42915284633636475,0.002474743640050292,0.5674079060554504,0.0009644259698688984
1774181047.955,27471.108595131,978,2,sad,1,37.86643199782702,0.4809754192829132,0.002241395879536867,0.5159831643104553,0.0007999176741577685
1774181048.001,27471.158775547,979,0,neutral,1,33.84456800267799,0.5370831489562988,0.0027926815673708916,0.4592777490615845,0.0008463382255285978
1774181048.051,27471.209225056,980,0,neutral,1,33.503975999337854,0.5257899165153503,0.004174348898231983,0.4692479372024536,0.0007877041352912784
1774181048.101,27471.260071213,981,0,neutral,1,33.011086998158135,0.5600613951683044,0.0036545174662023783,0.43555063009262085,0.0007334024412557483
1774181048.151,27471.310984277,982,0,neutral,1,32.270457999402424,0.5456345677375793,0.004095463547855616,0.4493950307369232,0.0008748605032451451
1774181048.202,27471.361729693,983,0,neutral,1,32.3531060021196,0.5476139783859253,0.006648520939052105,0.44492441415786743,0.0008129850029945374
1774181048.253,27471.41207722,984,0,neutral,1,32.25229199961177,0.5471755266189575,0.005671995226293802,0.4462492763996124,0.0009031392983160913
1774181048.303,27471.46273147,985,2,sad,1,32.38294000038877,0.4505968391895294,0.004517845809459686,0.5441982746124268,0.000686932064127177
1774181048.353,27471.512649443,986,0,neutral,1,32.29682799792499,0.5191280245780945,0.003893918124958873,0.4762064516544342,0.0007714888779446483
1774181048.403,27471.563483358,987,0,neutral,1,31.459533998713596,0.5139755010604858,0.0031941786874085665,0.48191142082214355,0.0009188071126118302
1774181048.455,27471.613390535,988,0,neutral,1,33.00471599868615,0.5959907174110413,0.0024356849025934935,0.40080752968788147,0.0007660130504518747
1774181048.503,27471.663456489,989,0,neutral,1,31.403051998495357,0.5277731418609619,0.002442986238747835,0.4689658582210541,0.0008179825963452458
1774181048.555,27471.714739367,990,2,sad,1,31.83297700161347,0.438287615776062,0.0033173717092722654,0.5571819543838501,0.0012130355462431908
1774181048.605,27471.764872654,991,2,sad,1,32.05868100121734,0.34610438346862793,0.003180272877216339,0.6496387720108032,0.0010765388142317533
1774181048.656,27471.815433867,992,2,sad,1,32.16205100034131,0.3481711745262146,0.003195203375071287,0.6476702690124512,0.0009633351000957191
1774181048.706,27471.867149152,993,2,sad,1,31.00071900189505,0.30778658390045166,0.002471860032528639,0.6888419389724731,0.0008996346732601523
1774181048.756,27471.916362144,994,2,sad,1,31.753700000990648,0.21906189620494843,0.0018368399469181895,0.7784502506256104,0.0006509667728096247
1774181048.808,27471.967149689,995,2,sad,1,32.66656900086673,0.17467406392097473,0.001545820850878954,0.8233152627944946,0.0004647822352126241
1774181048.869,27472.019777029,996,2,sad,1,40.84277999936603,0.1681663990020752,0.0013412355910986662,0.8301085829734802,0.000383634032914415
1774181048.943,27472.076530863,997,2,sad,1,57.78835100136348,0.14436152577400208,0.0012701400555670261,0.8540750741958618,0.00029319518944248557
1774181049.036,27472.164342324,998,2,sad,1,63.348843999847304,0.1360863447189331,0.0011823516106233,0.8625168204307556,0.00021442204888444394
1774181049.110,27472.245473163,999,2,sad,1,55.77472500226577,0.13120059669017792,0.0008952261414378881,0.8677371144294739,0.0001670192723395303
1774181049.167,27472.319427346,1000,2,sad,1,38.94744900026126,0.1278584748506546,0.0008317753672599792,0.8711807131767273,0.00012895421241410077
1774181049.223,27472.377208012,1001,2,sad,1,37.25434100124403,0.08557111024856567,0.0005621967720799148,0.9137768745422363,8.978869300335646e-05
1774181049.276,27472.43229357,1002,2,sad,1,35.13030699832598,0.05815834924578667,0.000427074235631153,0.9413435459136963,7.100276707205921e-05
1774181049.333,27472.484656873,1003,2,sad,1,40.27226300240727,0.07242795825004578,0.0006027314229868352,0.9268954396247864,7.380649185506627e-05
1774181049.393,27472.53932084,1004,2,sad,1,45.40544100018451,0.06275917589664459,0.0004672949144151062,0.9367175102233887,5.5908632930368185e-05
1774181049.450,27472.598490578,1005,2,sad,1,43.76451800271752,0.06936152279376984,0.00037233519833534956,0.930212140083313,5.3857656894251704e-05
1774181049.508,27472.656660744,1006,2,sad,1,42.81081500084838,0.05481567606329918,0.0003289870801381767,0.94481360912323,4.157381772529334e-05
1774181049.572,27472.715367075,1007,2,sad,1,48.77451100037433,0.0470699816942215,0.0003514917625579983,0.9525362253189087,4.222930874675512e-05
1774181049.649,27472.78682465,1008,2,sad,1,53.5408190007729,0.05202433466911316,0.0003308247250970453,0.9476048946380615,3.9842787373345345e-05
1774181049.716,27472.857152744,1009,2,sad,1,50.78112000046531,0.061360638588666916,0.0004219731199555099,0.9381804466247559,3.68499277101364e-05
1774181049.782,27472.923538436,1010,2,sad,1,50.41043500023079,0.05917348712682724,0.0004909781855531037,0.9402875900268555,4.7872759751044214e-05
1774181049.851,27472.992346977,1011,2,sad,1,49.98984299891163,0.10455227643251419,0.0007542149978689849,0.8946402072906494,5.317510658642277e-05
1774181049.946,27473.061215795,1012,2,sad,1,76.14243899661233,0.07947394996881485,0.0006537187146022916,0.9198261499404907,4.602024637279101e-05
1774181050.005,27473.153645176,1013,2,sad,1,42.89796300145099,0.08929185569286346,0.0008317314204759896,0.909783124923706,9.312982729170471e-05
1774181050.060,27473.213601339,1014,2,sad,1,38.0795989985927,0.08003409206867218,0.0007588712032884359,0.9191291332244873,7.78010071371682e-05
1774181050.128,27473.26558318,1015,2,sad,1,54.066447999503,0.0909588634967804,0.0009097001748159528,0.9080435037612915,8.780549978837371e-05
1774181050.187,27473.336208774,1016,2,sad,1,42.886815001111245,0.07115127146244049,0.0007414446445181966,0.9280341863632202,7.296615513041615e-05
1774181050.256,27473.403640298,1017,2,sad,1,44.303442002274096,0.07375623285770416,0.0007299300050362945,0.9254465103149414,6.721573299728334e-05
1774181050.311,27473.462909573,1018,2,sad,1,39.795262997358805,0.05502540245652199,0.0005585598992183805,0.9443625807762146,5.33468701178208e-05
1774181050.378,27473.522459903,1019,2,sad,1,46.96982899986324,0.05153631046414375,0.00047697944683022797,0.9479387998580933,4.77422472613398e-05
1774181050.433,27473.584732897,1020,2,sad,1,40.15289299786673,0.057600513100624084,0.0005692190607078373,0.9417795538902283,5.06111464346759e-05
1774181050.497,27473.641207102,1021,2,sad,1,47.207939001964405,0.086827851831913,0.0008474999922327697,0.912227988243103,9.654568566475064e-05
1774181050.552,27473.7027548,1022,2,sad,1,40.689298999495804,0.07349440455436707,0.0007873231079429388,0.9256392121315002,7.903137156972662e-05
1774181050.610,27473.757601748,1023,2,sad,1,44.38949800169212,0.08161407709121704,0.0007542786188423634,0.9175440669059753,8.753137808525935e-05
1774181050.674,27473.822340201,1024,2,sad,1,42.52181599804317,0.09000609815120697,0.0008034338243305683,0.9091058969497681,8.44599780975841e-05
1774181050.730,27473.881626421,1025,2,sad,1,39.84663400115096,0.0715552568435669,0.0005800948711112142,0.9277946352958679,6.99188603903167e-05
1774181050.796,27473.939104106,1026,2,sad,1,48.24099300094531,0.07157367467880249,0.0006665349355898798,0.9276800155639648,7.973098399816081e-05
1774181050.849,27474.004526799,1027,2,sad,1,36.279787000239594,0.06125933676958084,0.0006290480960160494,0.9380464553833008,6.509758532047272e-05
1774181050.910,27474.055917862,1028,2,sad,1,46.33183000260033,0.0690217986702919,0.0007548070279881358,0.9301400184631348,8.333426376339048e-05
1774181050.970,27474.116075377,1029,2,sad,1,45.26622000048519,0.05560528486967087,0.000599559978581965,0.9437241554260254,7.096817716956139e-05
1774181051.030,27474.174991746,1030,2,sad,1,46.41582900148933,0.05989347770810127,0.000726217171177268,0.9393072128295898,7.30235842638649e-05
1774181051.098,27474.238620904,1031,2,sad,1,50.91111999718123,0.07343973219394684,0.0005833579925820231,0.9258937835693359,8.309252734761685e-05
1774181051.168,27474.311239866,1032,2,sad,1,48.22303000037209,0.060868535190820694,0.00046705262502655387,0.938590407371521,7.397176523227245e-05
1774181051.234,27474.374333099,1033,2,sad,1,51.15835999822593,0.05525612458586693,0.00044563142000697553,0.9442244172096252,7.376450230367482e-05
1774181051.302,27474.448220189,1034,2,sad,1,45.32731200015405,0.06275917589664459,0.0005433051846921444,0.9366249442100525,7.253550575114787e-05
1774181051.360,27474.512298828,1035,2,sad,1,39.94535599849769,0.0959210991859436,0.0005141187575645745,0.9034886360168457,7.610229658894241e-05
1774181051.418,27474.568889385,1036,2,sad,1,41.33502100012265,0.09221690893173218,0.0005705736111849546,0.9071242809295654,8.811854786472395e-05
1774181051.474,27474.624191147,1037,2,sad,1,41.73233500114293,0.10970507562160492,0.0007276652031578124,0.8894858360290527,8.134914969559759e-05
1774181051.528,27474.681245555,1038,2,sad,1,38.8250979995064,0.08706630766391754,0.0006689360016025603,0.9121503233909607,0.00011434922635089606
1774181051.575,27474.733428894,1039,2,sad,1,33.78264200000558,0.07415152341127396,0.000499565270729363,0.9252504706382751,9.837128163781017e-05
1774181051.621,27474.779185502,1040,2,sad,1,33.87684499830357,0.1207994669675827,0.0005977170076221228,0.8784753084182739,0.00012736860662698746
1774181051.671,27474.824705184,1041,2,sad,1,37.58658099832246,0.09551801532506943,0.00047939608339220285,0.9038649797439575,0.00013745896285399795
1774181051.728,27474.874938119,1042,2,sad,1,44.42955400008941,0.10505230724811554,0.000777331180870533,0.8940532803535461,0.00011694160639308393
1774181051.774,27474.9325296,1043,2,sad,1,33.57384600167279,0.07964757084846497,0.0006176239694468677,0.9196327328681946,0.00010195701906923205
1774181051.826,27474.978900818,1044,2,sad,1,38.61150599914254,0.12963616847991943,0.0012108234222978354,0.8689849376678467,0.00016798966680653393
1774181051.874,27475.031851416,1045,2,sad,1,34.307845002331305,0.18293750286102295,0.0009332791669294238,0.8159757256507874,0.00015344929124694318
1774181051.923,27475.078028838,1046,2,sad,1,37.22878500047955,0.13228647410869598,0.0008303884533233941,0.8667461276054382,0.0001368964440189302
1774181051.971,27475.126573812,1047,2,sad,1,36.65839700261131,0.10789546370506287,0.000700005330145359,0.8912826180458069,0.00012180886551504955
1774181052.020,27475.174366399,1048,2,sad,1,36.91395200075931,0.08531365543603897,0.0007082084193825722,0.9138522148132324,0.00012579878966789693
1774181052.069,27475.222271244,1049,2,sad,1,38.26778399889008,0.06432206183671951,0.0005617756396532059,0.9350141286849976,0.00010195351933361962
1774181052.122,27475.275150769,1050,2,sad,1,38.18200599926058,0.1020059883594513,0.0006922471802681684,0.8971732258796692,0.00012847344623878598
1774181052.170,27475.324387427,1051,2,sad,1,36.858396997558884,0.09056507796049118,0.0008632809622213244,0.9084694385528564,0.00010202718840446323
1774181052.219,27475.37449727,1052,2,sad,1,36.28356400076882,0.07059954851865768,0.0007655200897715986,0.928532063961029,0.00010276357352267951
1774181052.269,27475.426060518,1053,2,sad,1,34.83621399936965,0.08417333662509918,0.001154411118477583,0.9145773649215698,9.484180191066116e-05
1774181052.317,27475.474152289,1054,2,sad,1,34.28671499932534,0.06681956350803375,0.000864619214553386,0.9322288036346436,8.691663242643699e-05
1774181052.362,27475.519495842,1055,2,sad,1,34.60888100016746,0.09220852702856064,0.0008863549446687102,0.9067984819412231,0.00010648152965586632
1774181052.406,27475.566347392,1056,2,sad,1,31.52708900233847,0.09427446126937866,0.001286136801354587,0.9043309688568115,0.00010831529652932659
1774181052.452,27475.608700763,1057,2,sad,1,34.926861997519154,0.10804648697376251,0.0017397886840626597,0.8900339603424072,0.00017967865278478712
1774181052.504,27475.654766667,1058,2,sad,1,40.678983998077456,0.21227209270000458,0.0025197649374604225,0.7850046157836914,0.00020341170602478087
1774181052.549,27475.706973192,1059,2,sad,1,33.87286300130654,0.1936260610818863,0.0018054505344480276,0.8043990731239319,0.00016928570403251797
1774181052.595,27475.752937632,1060,2,sad,1,33.40210499663954,0.16043251752853394,0.0015812136698514223,0.8378377556800842,0.00014840924995951355
1774181052.640,27475.797710334,1061,2,sad,1,33.993677996477345,0.15579843521118164,0.001445676782168448,0.8426206707954407,0.00013512646546587348
1774181052.686,27475.844028737,1062,2,sad,1,33.77980799996294,0.14142347872257233,0.0012969273375347257,0.8571205139160156,0.0001590154570294544
1774181052.733,27475.889247289,1063,2,sad,1,35.33775100004277,0.14155492186546326,0.000996942282654345,0.8573240041732788,0.00012408797920215875
1774181052.779,27475.937653431,1064,2,sad,1,33.56730800078367,0.14274747669696808,0.0010616020299494267,0.8560774326324463,0.00011340108176227659
1774181052.823,27475.983142464,1065,2,sad,1,31.47347800040734,0.11506173014640808,0.0007966355187818408,0.8840479254722595,9.363132994621992e-05
1774181052.868,27476.025926687,1066,2,sad,1,33.561641997948755,0.11235630512237549,0.0005926429876126349,0.8869398832321167,0.00011112030188087374
1774181052.914,27476.072413979,1067,2,sad,1,33.17267899910803,0.1415029764175415,0.0006986067164689302,0.8576809167861938,0.00011741901107598096
1774181052.957,27476.117464457,1068,2,sad,1,31.613885003025644,0.1133565679192543,0.0007066538091748953,0.8858376741409302,9.902547753881663e-05
1774181053.003,27476.160406272,1069,2,sad,1,34.344011000939645,0.19975844025611877,0.001440039835870266,0.7986880540847778,0.00011337320029269904
1774181053.049,27476.20657325,1070,2,sad,1,33.78328899998451,0.30862683057785034,0.002563555259257555,0.6885194182395935,0.0002901228435803205
1774181053.094,27476.253054226,1071,2,sad,1,33.23736500169616,0.43084725737571716,0.0034753193613141775,0.5652282238006592,0.00044914413592778146
1774181053.138,27476.298057168,1072,0,neutral,1,31.683459001214942,0.564038872718811,0.0037358116824179888,0.4318203330039978,0.00040489790262654424
1774181053.182,27476.340590687,1073,0,neutral,1,33.55160499995691,0.6576932668685913,0.0040255882777273655,0.3379073739051819,0.0003736989456228912
1774181053.226,27476.385653629,1074,0,neutral,1,31.89777399893501,0.6665728092193604,0.003260561265051365,0.32983970642089844,0.0003268035070504993
1774181053.270,27476.429810387,1075,0,neutral,1,32.01388399975258,0.7215151786804199,0.00308589288033545,0.27510762214660645,0.00029120201361365616
1774181053.315,27476.473286442,1076,0,neutral,1,33.13119800077402,0.754540741443634,0.0032553421333432198,0.24189336597919464,0.00031046796357259154
1774181053.361,27476.518770401,1077,0,neutral,1,33.701327000017045,0.7440842390060425,0.005946889985352755,0.24932608008384705,0.0006427323678508401
1774181053.405,27476.564382602,1078,0,neutral,1,31.61627400186262,0.7552530765533447,0.00461956113576889,0.23955604434013367,0.0005712178535759449
1774181053.450,27476.607525194,1079,0,neutral,1,34.70530699996743,0.7866228818893433,0.0035959903616458178,0.20936468243598938,0.00041640427662059665
1774181053.496,27476.65347506,1080,0,neutral,1,34.417492999637034,0.8036719560623169,0.002925688633695245,0.19307586550712585,0.0003264250699430704
1774181053.539,27476.699229094,1081,0,neutral,1,31.506310999247944,0.6982008814811707,0.0022880227770656347,0.2991703152656555,0.0003406867617741227
1774181053.584,27476.741659261,1082,0,neutral,1,33.847586000774754,0.7808557748794556,0.0020709747914224863,0.2168026566505432,0.00027053296798840165
1774181053.628,27476.786834166,1083,0,neutral,1,33.39082700040308,0.833317756652832,0.0016972372541204095,0.16470909118652344,0.00027589904493652284
1774181053.674,27476.834576382,1084,0,neutral,1,31.662069999583764,0.7656792402267456,0.00196030642837286,0.2319510281085968,0.00040940596954897046
1774181053.719,27476.87790577,1085,0,neutral,1,32.43545799705316,0.5539517998695374,0.0017123136203736067,0.4439401626586914,0.00039568019565194845
1774181053.764,27476.921306455,1086,2,sad,1,34.659733002627036,0.41062507033348083,0.0013154966291040182,0.5876715779304504,0.00038780143950134516
1774181053.811,27476.969350745,1087,2,sad,1,33.24193799926434,0.4312542676925659,0.0016103202942758799,0.566755473613739,0.00037988051190041006
1774181053.855,27477.014234057,1088,0,neutral,1,32.237088002148084,0.5006775259971619,0.0014448172878473997,0.49747538566589355,0.0004021724162157625
1774181053.903,27477.05713389,1089,0,neutral,1,37.23017399897799,0.5681337118148804,0.0012892379891127348,0.4301953911781311,0.0003815557574853301
1774181053.950,27477.105949031,1090,0,neutral,1,35.839267999108415,0.6159325242042542,0.0011526179732754827,0.38251373171806335,0.00040101376362144947
1774181054.002,27477.154178857,1091,0,neutral,1,39.379116002237424,0.5664390325546265,0.0011156060500070453,0.43213051557540894,0.000314749515382573
1774181054.050,27477.205254273,1092,0,neutral,1,36.635525997553486,0.5101240873336792,0.0012048203498125076,0.488337904214859,0.000333100208081305
1774181054.097,27477.25346634,1093,2,sad,1,34.85047299909638,0.4595187306404114,0.001032127533107996,0.539111852645874,0.00033719977363944054
1774181054.144,27477.302168425,1094,2,sad,1,33.15473499969812,0.45000529289245605,0.0018664111848920584,0.5473825931549072,0.0007456140010617673
1774181054.188,27477.348143032,1095,2,sad,1,31.803199999558274,0.4017510712146759,0.0015898371348157525,0.5958889722824097,0.0007700403220951557
1774181054.235,27477.394672546,1096,2,sad,1,32.23560699916561,0.3773067593574524,0.0020331162959337234,0.6200578808784485,0.0006021947483532131
1774181054.284,27477.439211933,1097,2,sad,1,36.23060099926079,0.3768156170845032,0.0022395693231374025,0.6201364994049072,0.0008082606364041567
1774181054.330,27477.488251592,1098,2,sad,1,33.57597500144038,0.46164005994796753,0.0026262938044965267,0.5347493886947632,0.0009841921273618937
1774181054.377,27477.535763975,1099,2,sad,1,32.869791000848636,0.45399412512779236,0.0029651056975126266,0.5422492623329163,0.0007913949084468186
1774181054.420,27477.579787103,1100,0,neutral,1,32.25442099937936,0.539684534072876,0.003559454809874296,0.4560369551181793,0.000718957104254514
1774181054.465,27477.6218939,1101,0,neutral,1,35.25112100032857,0.581024706363678,0.0032494005281478167,0.41513141989707947,0.0005943981814198196
1774181054.514,27477.670448041,1102,0,neutral,1,35.22882499964908,0.5677640438079834,0.0034366778563708067,0.4279939532279968,0.0008052932098507881
1774181054.558,27477.717307758,1103,0,neutral,1,32.559403000050224,0.5616859197616577,0.002829001983627677,0.43485450744628906,0.0006304970011115074
1774181054.603,27477.761897978,1104,2,sad,1,32.85006899750442,0.47333988547325134,0.0023193920496851206,0.5237751007080078,0.0005655331769958138
1774181054.649,27477.806534643,1105,2,sad,1,33.50371600026847,0.4837411046028137,0.0021551204845309258,0.5135362148284912,0.0005674753338098526
1774181054.693,27477.851964899,1106,0,neutral,1,33.08180900057778,0.5345333814620972,0.0018723087850958109,0.4631502032279968,0.00044402643106877804
1774181054.738,27477.897184192,1107,0,neutral,1,32.52503200201318,0.5817621946334839,0.0022120969370007515,0.41548362374305725,0.0005420246161520481
1774181054.784,27477.942144801,1108,0,neutral,1,33.842251999885775,0.5514539480209351,0.0019315953832119703,0.44619765877723694,0.0004167516017332673
1774181054.832,27477.987345779,1109,2,sad,1,36.456730998907005,0.49551036953926086,0.0019079586490988731,0.501919150352478,0.000662479898892343
1774181054.879,27478.037805529,1110,2,sad,1,33.07814200161374,0.43933236598968506,0.0016085888491943479,0.5585361123085022,0.0005228879163041711
1774181054.924,27478.083182859,1111,2,sad,1,32.514773000002606,0.4722871482372284,0.0013766814954578876,0.5259014964103699,0.0004346208879724145
1774181054.967,27478.126687877,1112,2,sad,1,32.22358800121583,0.4221147894859314,0.0015178113244473934,0.576001763343811,0.0003655588370747864
1774181055.012,27478.170828283,1113,2,sad,1,33.12247500070953,0.4708375334739685,0.0018675774335861206,0.526870846748352,0.00042400776874274015
1774181055.057,27478.21574891,1114,0,neutral,1,32.96995699929539,0.5532115697860718,0.0019638724625110626,0.4443197250366211,0.0005048424936830997
1774181055.103,27478.259656075,1115,0,neutral,1,34.711363001406426,0.6046153903007507,0.0032506834249943495,0.391689270734787,0.000444665813120082
1774181055.151,27478.306807088,1116,0,neutral,1,36.090639001486124,0.6112937331199646,0.003451383439823985,0.3845497965812683,0.0007050400599837303
1774181055.195,27478.354173082,1117,0,neutral,1,32.76155099956668,0.7362451553344727,0.003162204520776868,0.2599655091762543,0.0006270602461881936
1774181055.240,27478.399162654,1118,0,neutral,1,32.128902999829734,0.8069403171539307,0.0027287942357361317,0.18948045372962952,0.0008504198049195111
1774181055.284,27478.442571375,1119,0,neutral,1,33.02482800063444,0.7551354169845581,0.005883675999939442,0.23411384224891663,0.004866950213909149
1774181055.329,27478.486719263,1120,0,neutral,1,33.72073399805231,0.716057538986206,0.0075403437949717045,0.2714359760284424,0.004966040141880512
1774181055.374,27478.531928167,1121,0,neutral,1,33.39051299917628,0.6037725806236267,0.00748489610850811,0.38295838236808777,0.005784049164503813
1774181055.418,27478.576752017,1122,0,neutral,1,33.082178997574374,0.5451236963272095,0.00898481160402298,0.4362834393978119,0.009607944637537003
1774181055.464,27478.621392588,1123,2,sad,1,34.00364199842443,0.48362863063812256,0.009656748734414577,0.4980461895465851,0.00866834819316864
1774181055.511,27478.669744322,1124,0,neutral,1,33.4594570012996,0.4926137328147888,0.010021444410085678,0.49125778675079346,0.006106945686042309
1774181055.555,27478.714535486,1125,0,neutral,1,32.43769899927429,0.5578044652938843,0.007483562454581261,0.4304944574832916,0.004217417910695076
1774181055.600,27478.757833745,1126,0,neutral,1,34.41658500014455,0.650924801826477,0.005931846797466278,0.3402980864048004,0.0028452242258936167
1774181055.646,27478.805049388,1127,0,neutral,1,33.22919700076454,0.509101390838623,0.004508531652390957,0.48426711559295654,0.002122890902683139
1774181055.690,27478.850044292,1128,2,sad,1,32.21358799783047,0.3999677300453186,0.003733032150194049,0.5947506427764893,0.001548489206470549
1774181055.735,27478.893980273,1129,2,sad,1,33.2180490004248,0.43471214175224304,0.003531055524945259,0.560501217842102,0.0012555361026898026
1774181055.780,27478.938687937,1130,2,sad,1,32.740401999035385,0.34932124614715576,0.0029950125608593225,0.6467688083648682,0.0009149168618023396
1774181055.830,27478.982867361,1131,2,sad,1,38.98717199990642,0.23294781148433685,0.0024273558519780636,0.7637841105461121,0.0008406407432630658
1774181055.878,27479.03609607,1132,2,sad,1,33.64160499768332,0.18699675798416138,0.0021010052878409624,0.8100923299789429,0.0008098460384644568
1774181055.922,27479.0815069,1133,2,sad,1,32.14629200010677,0.1752510517835617,0.0048944782465696335,0.8184592723846436,0.0013951458968222141
1774181055.969,27479.12677249,1134,2,sad,1,34.1753630018502,0.2107614278793335,0.0036360365338623524,0.7844893336296082,0.001113153644837439
1774181056.016,27479.173922355,1135,2,sad,1,33.76425199894584,0.2891024351119995,0.00517172459512949,0.7046559453010559,0.0010697811376303434
1774181056.062,27479.220920386,1136,2,sad,1,33.23773499869276,0.328289270401001,0.006919940933585167,0.6637139916419983,0.0010766914347186685
1774181056.109,27479.268487806,1137,2,sad,1,32.004291999328416,0.29363590478897095,0.012556402012705803,0.6909626722335815,0.002844938077032566
1774181056.155,27479.31442658,1138,2,sad,1,32.07607000149437,0.4778780937194824,0.010236390866339207,0.509846031665802,0.0020393875893205404
1774181056.202,27479.360758224,1139,2,sad,1,32.826735001435736,0.4829753637313843,0.007816159166395664,0.5068774223327637,0.0023309499956667423
1774181056.250,27479.407368682,1140,0,neutral,1,34.4739739994111,0.5277061462402344,0.008442742750048637,0.4553665518760681,0.00848441757261753
1774181056.297,27479.455404212,1141,2,sad,1,33.22871699856478,0.4212387204170227,0.010471455752849579,0.560085654258728,0.008204096928238869
1774181056.345,27479.503395224,1142,2,sad,1,33.80169699812541,0.4849207103252411,0.01006017904728651,0.4993445873260498,0.005674490239471197
1774181056.399,27479.55148794,1143,0,neutral,1,39.296449001994915,0.5855851173400879,0.009434896521270275,0.40110185742378235,0.0038781077601015568
1774181056.463,27479.609761661,1144,0,neutral,1,44.77455300002475,0.55091392993927,0.009709140285849571,0.4366570711135864,0.002719858894124627
1774181056.532,27479.670893248,1145,0,neutral,1,52.82004300170229,0.5008018612861633,0.009391456842422485,0.48769545555114746,0.002111210487782955
1774181056.589,27479.739723955,1146,0,neutral,1,40.86539199852268,0.5129493474960327,0.010475531220436096,0.47509410977363586,0.0014809509739279747
1774181056.639,27479.795431494,1147,0,neutral,1,35.43586199884885,0.5722832679748535,0.01134747639298439,0.41517096757888794,0.0011981786228716373
1774181056.692,27479.846790039,1148,0,neutral,1,37.040156003058655,0.5418824553489685,0.009046195074915886,0.44812247157096863,0.0009488214273005724
1774181056.743,27479.899320452,1149,0,neutral,1,35.48887999932049,0.6401881575584412,0.008778287097811699,0.3502739667892456,0.0007595419883728027
1774181056.795,27479.950796793,1150,0,neutral,1,35.931582999182865,0.6368569731712341,0.006711812689900398,0.355846643447876,0.0005845185951329768
1774181056.858,27480.004327039,1151,2,sad,1,45.368884999334114,0.48243463039398193,0.005327464547008276,0.5117530226707458,0.0004848651587963104
1774181056.931,27480.068225104,1152,0,neutral,1,54.96557699734694,0.5168562531471252,0.004782665986567736,0.4780040979385376,0.0003569447435438633
1774181056.976,27480.13436337,1153,0,neutral,1,33.34201299730921,0.5652579069137573,0.004247213248163462,0.4301553964614868,0.0003394307568669319
1774181057.021,27480.180288089,1154,0,neutral,1,32.3884019999241,0.608191728591919,0.004596402402967215,0.38684847950935364,0.0003633328014984727
1774181057.066,27480.222730385,1155,0,neutral,1,34.89797399743111,0.6468257308006287,0.004217580426484346,0.34849679470062256,0.00045985972974449396
1774181057.113,27480.271080156,1156,0,neutral,1,33.99723400070798,0.6973508596420288,0.005060587543994188,0.29692864418029785,0.0006598946638405323
1774181057.157,27480.316817486,1157,0,neutral,1,32.39434699935373,0.7192004323005676,0.0051466189324855804,0.27512258291244507,0.0005303530488163233
1774181057.202,27480.35931006,1158,0,neutral,1,34.463029998732964,0.7159593105316162,0.005809037014842033,0.2776886224746704,0.0005430136807262897
1774181057.250,27480.404943057,1159,0,neutral,1,36.17095299705397,0.7348651885986328,0.00652361661195755,0.2581120729446411,0.0004990576999261975
1774181057.295,27480.453647383,1160,0,neutral,1,32.67529100048705,0.7365118265151978,0.004929048009216785,0.25798487663269043,0.0005741892964579165
1774181057.338,27480.497589807,1161,0,neutral,1,32.586642999376636,0.7488482594490051,0.004365899600088596,0.24625921249389648,0.0005265513900667429
1774181057.383,27480.542381119,1162,0,neutral,1,31.99084799780394,0.6091530323028564,0.003297726856544614,0.38710254430770874,0.0004466273239813745
1774181057.427,27480.585970507,1163,0,neutral,1,32.91869900203892,0.5379551649093628,0.003218787256628275,0.4584462642669678,0.00037975533632561564
1774181057.471,27480.630308006,1164,0,neutral,1,32.63756800151896,0.5492635369300842,0.004192396067082882,0.44617295265197754,0.00037109339609742165
1774181057.515,27480.67410106,1165,2,sad,1,32.99180899921339,0.41568300127983093,0.0033485237509012222,0.5805468559265137,0.0004215092631056905
1774181057.561,27480.718046225,1166,2,sad,1,34.3257150016143,0.3852018713951111,0.004625007510185242,0.6096392869949341,0.0005337839247658849
1774181057.605,27480.764189665,1167,2,sad,1,32.77699500176823,0.455290287733078,0.004249783232808113,0.5398926734924316,0.0005672001861967146
1774181057.652,27480.808363182,1168,0,neutral,1,35.331454000697704,0.5692752599716187,0.0046280063688755035,0.4253310561180115,0.00076561130117625
1774181057.696,27480.854296512,1169,0,neutral,1,33.02590100065572,0.6412255764007568,0.004829762503504753,0.35325124859809875,0.0006933761760592461
1774181057.739,27480.898789473,1170,0,neutral,1,32.494531998963794,0.6440867185592651,0.00502731092274189,0.35009658336639404,0.0007892697467468679
1774181057.785,27480.943670859,1171,0,neutral,1,32.76086500045494,0.636981725692749,0.006383365020155907,0.3560083508491516,0.0006264485418796539
1774181057.829,27480.98774782,1172,0,neutral,1,32.97121699870331,0.663265585899353,0.006666476838290691,0.32943663001060486,0.0006311427569016814
1774181057.875,27481.032433929,1173,0,neutral,1,34.515196002757875,0.7206810712814331,0.006553686689585447,0.27224820852279663,0.0005169421783648431
1774181057.919,27481.07968959,1174,0,neutral,1,31.574274002196034,0.7081004977226257,0.007694165222346783,0.283766508102417,0.0004387446097098291
1774181057.965,27481.123295034,1175,0,neutral,1,33.361103996867314,0.6470410823822021,0.005088073667138815,0.34745484590530396,0.0004159112577326596
1774181058.010,27481.169396215,1176,0,neutral,1,32.67266100010602,0.6154978275299072,0.0035669661592692137,0.38053226470947266,0.00040286232251673937
1774181058.055,27481.214235786,1177,0,neutral,1,32.65627300061169,0.6409204006195068,0.004226279444992542,0.35450467467308044,0.000348618341377005
1774181058.100,27481.257853859,1178,0,neutral,1,33.819808002590435,0.6645589470863342,0.005333786830306053,0.32981473207473755,0.00029247801285237074
1774181058.147,27481.303401504,1179,0,neutral,1,35.65510200132849,0.6533499956130981,0.0050945826806128025,0.34108662605285645,0.0004686830216087401
1774181058.197,27481.352287459,1180,2,sad,1,36.83750799973495,0.42516598105430603,0.0033630754332989454,0.5710182189941406,0.00045262445928528905
1774181058.243,27481.401323933,1181,0,neutral,1,33.2344929993269,0.5883913040161133,0.002249170793220401,0.4087216556072235,0.0006378069519996643
1774181058.287,27481.446839188,1182,0,neutral,1,31.97957000156748,0.6046192646026611,0.001909096259623766,0.3924260139465332,0.0010456007439643145
1774181058.335,27481.490150447,1183,0,neutral,1,36.44136000002618,0.6631360054016113,0.0034811142832040787,0.3323640823364258,0.0010186930885538459
1774181058.381,27481.538252237,1184,0,neutral,1,34.56580700003542,0.729150116443634,0.002562553621828556,0.2672920823097229,0.000995154958218336
1774181058.429,27481.587977283,1185,0,neutral,1,32.37964299842133,0.6754176616668701,0.005718661937862635,0.3174235224723816,0.001440049847587943
1774181058.474,27481.63439189,1186,0,neutral,1,31.161219001660356,0.6017131209373474,0.004790714476257563,0.39211976528167725,0.0013762854505330324
1774181058.525,27481.684234214,1187,0,neutral,1,32.41629100011778,0.5723347067832947,0.0048200348392128944,0.42147234082221985,0.0013727850746363401
1774181058.575,27481.735287796,1188,0,neutral,1,31.204162998619722,0.6081534624099731,0.005533542484045029,0.38471662998199463,0.0015962268225848675
1774181058.626,27481.785953156,1189,0,neutral,1,31.578144000377506,0.6793083548545837,0.008997051976621151,0.30866509675979614,0.003029366722330451
1774181058.677,27481.836292295,1190,0,neutral,1,32.280735998938326,0.723563551902771,0.006553692277520895,0.267422080039978,0.0024605474900454283
1774181058.728,27481.887126507,1191,0,neutral,1,32.721512998250546,0.7380802035331726,0.004745652433484793,0.2552682161331177,0.001905794721096754
1774181058.779,27481.937753126,1192,0,neutral,1,33.177735000208486,0.7423050999641418,0.003982688300311565,0.24940884113311768,0.004303230904042721
1774181058.831,27481.988899967,1193,0,neutral,1,33.889844999066554,0.6564600467681885,0.003033207729458809,0.33752691745758057,0.0029796981252729893
1774181058.881,27482.039669124,1194,0,neutral,1,33.11719800331048,0.5911125540733337,0.002467556856572628,0.4041367173194885,0.002283066976815462
1774181058.931,27482.089532948,1195,0,neutral,1,33.74627099765348,0.5125055313110352,0.0019741354044526815,0.48381948471069336,0.0017006945563480258
1774181058.983,27482.140258271,1196,2,sad,1,34.51889999996638,0.38849329948425293,0.001959273125976324,0.6082302331924438,0.0013170762686058879
1774181059.034,27482.190342058,1197,2,sad,1,35.13652900073794,0.3821636736392975,0.001605746685527265,0.615193784236908,0.0010366581846028566
1774181059.082,27482.240570011,1198,2,sad,1,33.183031002408825,0.2834489941596985,0.0012325274292379618,0.7140123844146729,0.0013059494085609913
1774181059.134,27482.291140316,1199,2,sad,1,34.48208500049077,0.26051557064056396,0.001317308284342289,0.737036406993866,0.0011305754305794835
1774181059.183,27482.341091511,1200,2,sad,1,33.22299399951589,0.43004918098449707,0.0010603448608890176,0.5679348111152649,0.0009555559954605997
1774181059.233,27482.391848945,1201,2,sad,1,32.956364997517085,0.3502263128757477,0.001305637531913817,0.6476985216140747,0.0007694497471675277
1774181059.283,27482.443259193,1202,2,sad,1,31.575588996929582,0.24961403012275696,0.0011514658108353615,0.748650074005127,0.0005843669059686363
1774181059.335,27482.494948793,1203,2,sad,1,31.824162000702927,0.22340990602970123,0.004980345722287893,0.7710141539573669,0.0005955420783720911
1774181059.386,27482.544602951,1204,2,sad,1,32.887550001760246,0.2402021884918213,0.00378423766233027,0.7555637359619141,0.0004498287453316152
1774181059.435,27482.595140274,1205,2,sad,1,31.988106999051524,0.24051573872566223,0.0027494248934090137,0.7561976909637451,0.0005371295264922082
1774181059.485,27482.645571172,1206,2,sad,1,31.412902997544734,0.21928828954696655,0.0037864544428884983,0.7760207653045654,0.0009044563630595803
1774181059.536,27482.695743681,1207,2,sad,1,32.30330999940634,0.35297587513923645,0.004669002257287502,0.6409720182418823,0.0013830706011503935
1774181059.586,27482.746176837,1208,2,sad,1,32.10949599815649,0.2698914110660553,0.0063504669815301895,0.7226953506469727,0.0010627476731315255
1774181059.637,27482.79720579,1209,2,sad,1,31.82618099890533,0.20733189582824707,0.006753155961632729,0.784969687461853,0.0009452338563278317
1774181059.688,27482.848715741,1210,2,sad,1,31.460125999728916,0.25903892517089844,0.006786777637898922,0.7313010096549988,0.002873309887945652
1774181059.737,27482.898276844,1211,2,sad,1,30.991274001280544,0.44462406635284424,0.004948402754962444,0.5479642152786255,0.0024633165448904037
1774181059.789,27482.949133482,1212,2,sad,1,31.39816299881204,0.3923225998878479,0.004258202388882637,0.591035008430481,0.012384200468659401
1774181059.884,27482.999855194,1213,0,neutral,1,34.68789899852709,0.5163613557815552,0.011899957433342934,0.45146644115448,0.02027224376797676
1774181059.931,27483.087771061,1214,2,sad,1,34.6359549985209,0.3912650942802429,0.06260453164577484,0.3972305655479431,0.14889977872371674
1774181059.977,27483.13523074,1215,0,neutral,1,34.027659999992466,0.3736850917339325,0.10533295571804047,0.36096927523612976,0.1600126326084137
1774181060.022,27483.183017845,1216,2,sad,1,30.935145001421915,0.3627532422542572,0.07611169666051865,0.44420695304870605,0.11692801862955093
1774181060.068,27483.224717698,1217,2,sad,1,34.77321499667596,0.2382286638021469,0.05867917835712433,0.4480554163455963,0.2550366520881653
1774181060.115,27483.273694505,1218,2,sad,1,32.98990200346452,0.1553533375263214,0.038252752274274826,0.6387821435928345,0.16761167347431183
1774181060.161,27483.320153889,1219,2,sad,1,32.304457999998704,0.10129369795322418,0.024909159168601036,0.7629830837249756,0.11081399023532867
1774181060.204,27483.36430424,1220,2,sad,1,31.773718001204543,0.07032555341720581,0.017714856192469597,0.8346048593521118,0.07735463976860046
1774181060.252,27483.411051531,1221,2,sad,1,32.64784600105486,0.2591271996498108,0.012401454150676727,0.6510985493659973,0.07737273722887039
1774181060.299,27483.457968192,1222,2,sad,1,32.91747600087547,0.23828455805778503,0.013310583308339119,0.6237384080886841,0.12466637790203094
1774181060.347,27483.505815593,1223,2,sad,1,32.943531001365045,0.17281696200370789,0.011072821915149689,0.7275199890136719,0.08859015256166458
1774181060.398,27483.556647342,1224,2,sad,1,32.93166100047529,0.23654644191265106,0.007820435799658298,0.6937475800514221,0.06188546493649483
1774181060.447,27483.606514166,1225,2,sad,1,32.47729099894059,0.2875478267669678,0.005674760788679123,0.666361927986145,0.04041537269949913
1774181060.499,27483.657499544,1226,2,sad,1,33.47084599954542,0.2471081018447876,0.006476290058344603,0.7148425579071045,0.03157290071249008
1774181060.549,27483.707667961,1227,2,sad,1,33.583901000383776,0.29601460695266724,0.022370360791683197,0.614295482635498,0.06731945276260376
1774181060.600,27483.758010655,1228,2,sad,1,34.19254799882765,0.3134179413318634,0.03137564659118652,0.5495780110359192,0.10562827438116074
1774181060.648,27483.807822257,1229,2,sad,1,32.148346999747446,0.41016101837158203,0.02172951027750969,0.49829503893852234,0.06981432437896729
1774181060.700,27483.858563747,1230,2,sad,1,32.760789999883855,0.2940416932106018,0.01417447067797184,0.6463440656661987,0.04543966427445412
1774181060.750,27483.909016014,1231,2,sad,1,33.01790199839161,0.2712668776512146,0.009403257630765438,0.6896241903305054,0.029705598950386047
1774181060.801,27483.960707707,1232,2,sad,1,32.10655099974247,0.33563464879989624,0.00732105877250433,0.6375400424003601,0.01950419321656227
1774181060.852,27484.010970327,1233,2,sad,1,32.95790099946316,0.22143104672431946,0.004763159900903702,0.7611223459243774,0.012683412991464138
1774181060.902,27484.061997705,1234,2,sad,1,31.836846999794943,0.1475915014743805,0.003109196899458766,0.8410494327545166,0.008249818347394466
1774181060.953,27484.11289862,1235,2,sad,1,32.12879200145835,0.09965810179710388,0.002034006407484412,0.8929409980773926,0.00536683201789856
1774181061.003,27484.163418388,1236,2,sad,1,31.053237999003613,0.08628624677658081,0.0014426562702283263,0.908764123916626,0.003506859065964818
1774181061.054,27484.214121026,1237,2,sad,1,31.397625996760326,0.14587607979774475,0.0014629310462623835,0.8503140211105347,0.0023468416184186935
1774181061.105,27484.265062238,1238,2,sad,1,31.4605150015268,0.23727533221244812,0.0016810728702694178,0.7592563629150391,0.0017870895098894835
1774181061.155,27484.315506672,1239,2,sad,1,30.911442001524847,0.21153198182582855,0.0015067131025716662,0.7857052087783813,0.0012559965252876282
1774181061.205,27484.365351367,1240,2,sad,1,31.602310999005567,0.2200908362865448,0.0013673803769052029,0.7776354551315308,0.0009062556200660765
1774181061.255,27484.415779098,1241,2,sad,1,31.188070002826862,0.27743738889694214,0.0014766170643270016,0.7198436260223389,0.0012422575382515788
1774181061.305,27484.466761902,1242,2,sad,1,30.526497001119424,0.2854859232902527,0.0016980693908408284,0.7117263674736023,0.0010895724408328533
1774181061.357,27484.516618652,1243,2,sad,1,31.76175499902456,0.2684836685657501,0.0018395045772194862,0.7287873029708862,0.0008894206257537007
1774181061.407,27484.56733129,1244,2,sad,1,31.082681998668704,0.4155184030532837,0.0014682215405628085,0.5823897123336792,0.0006235983455553651
1774181061.458,27484.617370799,1245,2,sad,1,32.1647920027317,0.3885436952114105,0.001354095060378313,0.6096513271331787,0.00045086018508300185
1774181061.507,27484.667925085,1246,2,sad,1,31.33142300066538,0.3367738425731659,0.0015576829900965095,0.6612839698791504,0.00038449885323643684
1774181061.559,27484.718466149,1247,2,sad,1,31.884422001894563,0.41834038496017456,0.003642219351604581,0.5776883363723755,0.00032901426311582327
1774181061.608,27484.76866114,1248,2,sad,1,31.094347999896854,0.3229183852672577,0.0025594893377274275,0.6742607355117798,0.00026135926600545645
1774181061.659,27484.819315426,1249,2,sad,1,31.58447699752287,0.34669387340545654,0.0021359524689614773,0.650951623916626,0.00021848094183951616
1774181061.710,27484.87005773,1250,2,sad,1,31.43666300093173,0.4971145987510681,0.0021008849143981934,0.5005849599838257,0.000199459696887061
1774181061.762,27484.920612646,1251,0,neutral,1,32.77508699829923,0.4999064803123474,0.0018654480809345841,0.49802523851394653,0.00020274819689802825
1774181061.811,27484.970880674,1252,2,sad,1,32.33253199869068,0.47219210863113403,0.0021962285973131657,0.5253463387489319,0.0002652243128977716
1774181061.863,27485.020905961,1253,2,sad,1,33.957493000343675,0.42036744952201843,0.001942971022799611,0.5774338245391846,0.0002556417020969093
1774181061.913,27485.071858913,1254,2,sad,1,33.05393899790943,0.3246121108531952,0.0014436691999435425,0.6736662983894348,0.0002778539783321321
1774181061.969,27485.122804532,1255,2,sad,1,37.948062003124505,0.21205192804336548,0.0010116384364664555,0.7867456078529358,0.00019073934527114034
1774181062.017,27485.175124612,1256,2,sad,1,33.48827199806692,0.14642001688480377,0.0006891651428304613,0.8527544736862183,0.0001362729526590556
1774181062.065,27485.223891068,1257,2,sad,1,33.23671600082889,0.16655243933200836,0.0005133867380209267,0.8328232765197754,0.0001108529613702558
1774181062.118,27485.274411669,1258,2,sad,1,35.13901000042097,0.17942096292972565,0.000571906566619873,0.8198823928833008,0.00012462209269870073
1774181062.167,27485.324951529,1259,2,sad,1,33.40486399974907,0.3193526864051819,0.001333393040113151,0.6788668632507324,0.0004469518316909671
1774181062.216,27485.374981649,1260,0,neutral,1,32.95117999732611,0.5172103643417358,0.001327256322838366,0.48110726475715637,0.0003550261026248336
1774181062.267,27485.425849565,1261,0,neutral,1,33.18819700143649,0.6377514600753784,0.0014291134430095553,0.36043697595596313,0.0003824366722255945
1774181062.317,27485.476502351,1262,0,neutral,1,32.706067999242805,0.6826434135437012,0.002040503080934286,0.3149004578590393,0.0004156329086981714
1774181062.368,27485.52787708,1263,0,neutral,1,31.687958999100374,0.6256740093231201,0.001737368991598487,0.37226602435112,0.0003225361870136112
1774181062.419,27485.579034829,1264,0,neutral,1,31.44740300194826,0.6091561317443848,0.001907645957544446,0.3886650800704956,0.00027103061438538134
1774181062.470,27485.629748448,1265,0,neutral,1,31.724311000289163,0.5320188403129578,0.0016725924797356129,0.4660826623439789,0.0002258259482914582
1774181062.519,27485.679331606,1266,2,sad,1,31.427385001734365,0.4902247190475464,0.0032836408354341984,0.5062230825424194,0.0002684443606995046
1774181062.569,27485.729679115,1267,2,sad,1,31.133014999795705,0.4199187159538269,0.0022573857568204403,0.5776282548904419,0.0001954927429324016
1774181062.619,27485.779535457,1268,2,sad,1,31.190571000479395,0.28626927733421326,0.001554784830659628,0.7120397686958313,0.00013605845742858946
1774181062.670,27485.830522299,1269,2,sad,1,31.011385002784664,0.18859338760375977,0.0010189872700721025,0.8102946877479553,9.283973486162722e-05
1774181062.720,27485.880798678,1270,2,sad,1,31.452939998416696,0.12640860676765442,0.000673595757689327,0.8728522062301636,6.554125138791278e-05
1774181062.771,27485.930991039,1271,2,sad,1,31.456995999178616,0.14609479904174805,0.0006301527027972043,0.8532184362411499,5.648929800372571e-05
1774181062.823,27485.982500953,1272,2,sad,1,31.890180998743745,0.11079993098974228,0.0005062040872871876,0.8886439204216003,4.9835685786092654e-05
1774181062.872,27486.032597425,1273,2,sad,1,31.24412599936477,0.09778252989053726,0.00044213421642780304,0.9017256498336792,4.9644120736047626e-05
1774181062.922,27486.0833326,1274,2,sad,1,30.83684900047956,0.09144023060798645,0.0005880580865778029,0.90788733959198,8.436932694166899e-05
1774181062.973,27486.133378979,1275,2,sad,1,31.340145000285702,0.1375734955072403,0.0005714884609915316,0.8616913557052612,0.0001636487722862512
1774181063.023,27486.183572118,1276,2,sad,1,30.88131199911004,0.16172641515731812,0.0006495098932646215,0.8374269008636475,0.0001971544261323288
1774181063.073,27486.234052089,1277,2,sad,1,30.651904999103863,0.13067902624607086,0.000671194982714951,0.8684954643249512,0.0001542626996524632
1774181063.125,27486.284827153,1278,2,sad,1,31.90144000109285,0.09389547258615494,0.0005577236879616976,0.9054312705993652,0.0001155274803750217
1774181063.176,27486.335970439,1279,2,sad,1,31.53207000286784,0.1395304948091507,0.0010507041588425636,0.859187662601471,0.0002310810232302174
1774181063.226,27486.38615417,1280,2,sad,1,31.844607001403347,0.1259731948375702,0.0010499604977667332,0.8727990388870239,0.0001777180004864931
1774181063.278,27486.436663845,1281,2,sad,1,32.99617899756413,0.1736215353012085,0.001594141242094338,0.8245527744293213,0.00023142059217207134
1774181063.329,27486.487467631,1282,2,sad,1,33.102549001341686,0.20686151087284088,0.0015912940725684166,0.7912955284118652,0.0002516148961149156
1774181063.380,27486.53810138,1283,2,sad,1,33.33088200088241,0.16963322460651398,0.0013195303035899997,0.8288435339927673,0.00020362545910757035
1774181063.430,27486.588947888,1284,2,sad,1,32.56430900000851,0.22083258628845215,0.0016651384066790342,0.7772547006607056,0.00024749262956902385
1774181063.481,27486.639597544,1285,2,sad,1,33.63988300043275,0.16340957581996918,0.0011383062228560448,0.8352717161178589,0.00018025592726189643
1774181063.530,27486.689641072,1286,2,sad,1,32.032179999077925,0.11918071657419205,0.0007933443412184715,0.8798609972000122,0.0001648538891458884
1774181063.582,27486.740273376,1287,2,sad,1,33.29017900250619,0.13261891901493073,0.0008227218640968204,0.8663933873176575,0.0001648629695409909
1774181063.633,27486.790949977,1288,2,sad,1,33.889049002027605,0.11456549912691116,0.0005878430674783885,0.8847146034240723,0.00013195688370615244
1774181063.683,27486.841209653,1289,2,sad,1,33.460566999565344,0.14817562699317932,0.0006154765142127872,0.8510144948959351,0.00019430715474300086
1774181063.732,27486.891429643,1290,2,sad,1,32.18960599770071,0.14421626925468445,0.0005499777616932988,0.8549753427505493,0.00025830758386291564
1774181063.783,27486.941548671,1291,2,sad,1,32.88362400053302,0.2493547797203064,0.0006276032654568553,0.7497693300247192,0.0002481807896401733
1774181063.833,27486.992033179,1292,2,sad,1,32.95179099950474,0.20836874842643738,0.0005445632850751281,0.7908897399902344,0.00019690445333253592
1774181063.885,27487.043315872,1293,2,sad,1,33.00105000016629,0.2137150764465332,0.0006738553056493402,0.785443127155304,0.00016787255299277604
1774181063.934,27487.094417176,1294,2,sad,1,31.64371800085064,0.34040093421936035,0.0005827265558764338,0.6588625311851501,0.00015374690701719373
1774181063.984,27487.145098184,1295,2,sad,1,31.020329999591922,0.2245481014251709,0.0003889402432832867,0.7749460935592651,0.00011675119458232075
1774181064.037,27487.195602341,1296,2,sad,1,32.79190200191806,0.3866797685623169,0.0005049251485615969,0.6105977892875671,0.002217401284724474
1774181064.085,27487.245936035,1297,2,sad,1,30.94486700138077,0.33690017461776733,0.0006793028442189097,0.660865843296051,0.0015545969363301992
1774181064.136,27487.29603921,1298,2,sad,1,31.38083000158076,0.23028062283992767,0.0004813261330127716,0.768210768699646,0.0010272522922605276
1774181064.187,27487.346779959,1299,2,sad,1,31.928809999953955,0.37201711535453796,0.0012230421416461468,0.6256921291351318,0.0010676857782527804
1774181064.238,27487.396792802,1300,2,sad,1,32.54662399922381,0.3051839768886566,0.0012091044336557388,0.6927040815353394,0.0009027789928950369
1774181064.287,27487.447428976,1301,2,sad,1,31.722588999400614,0.2854657471179962,0.002691345289349556,0.7110329866409302,0.0008098670514300466
1774181064.337,27487.497912615,1302,2,sad,1,30.97079299914185,0.20951133966445923,0.001989557407796383,0.7878758311271667,0.0006232051528058946
1774181064.388,27487.548339679,1303,2,sad,1,31.524070000159554,0.14227785170078278,0.0016348538920283318,0.8555045127868652,0.0005826902925036848
1774181064.438,27487.598361984,1304,2,sad,1,31.45721799955936,0.11796192079782486,0.002687286352738738,0.8773266673088074,0.0020240049343556166
1774181064.488,27487.648923918,1305,2,sad,1,31.334218998381402,0.17919966578483582,0.006097930949181318,0.8130221366882324,0.0016801155870780349
1774181064.539,27487.699419964,1306,2,sad,1,31.07492200069828,0.23466771841049194,0.0075395843014121056,0.7547255754470825,0.0030670473352074623
1774181064.589,27487.749695565,1307,2,sad,1,30.964164001488825,0.254759281873703,0.00635714503005147,0.7360441088676453,0.0028394090477377176
1774181064.640,27487.799733019,1308,2,sad,1,31.67879199827439,0.1998022347688675,0.004592034965753555,0.793231725692749,0.002373983385041356
1774181064.690,27487.849988805,1309,2,sad,1,31.476533000386553,0.3779558837413788,0.003933068364858627,0.6156156063079834,0.0024953794199973345
1774181064.740,27487.900899591,1310,2,sad,1,30.460811998636927,0.41000649333000183,0.0038515524938702583,0.5840327739715576,0.0021090744994580746
1774181064.790,27487.951157896,1311,2,sad,1,30.998959999124054,0.34454917907714844,0.005405511241406202,0.6482521295547485,0.001793119590729475
1774181064.841,27488.001934275,1312,2,sad,1,31.07068100143806,0.4478331208229065,0.005991505924612284,0.5446572303771973,0.0015180951450020075
1774181064.893,27488.05274132,1313,2,sad,1,32.54825399926631,0.3871420621871948,0.00596229825168848,0.6056041121482849,0.0012915071565657854
1774181064.943,27488.103177699,1314,2,sad,1,32.11568000187981,0.40044254064559937,0.004864366725087166,0.5936388969421387,0.0010541968513280153
1774181064.997,27488.154413002,1315,2,sad,1,34.421825999743305,0.29473593831062317,0.004290611483156681,0.7001315355300903,0.0008419456426054239
1774181065.053,27488.206071509,1316,2,sad,1,38.81022799760103,0.3206481635570526,0.012797876261174679,0.6656686067581177,0.0008853051695041358
1774181065.102,27488.25927394,1317,2,sad,1,34.40090000003693,0.22138698399066925,0.00905139371752739,0.7688945531845093,0.0006670043803751469
1774181065.147,27488.306258138,1318,2,sad,1,32.665309998265,0.18926027417182922,0.005945826880633831,0.8043078184127808,0.0004860572807956487
1774181065.198,27488.356529666,1319,2,sad,1,33.06478999729734,0.129979208111763,0.00392661988735199,0.8657526969909668,0.00034140306524932384
1774181065.248,27488.406941267,1320,2,sad,1,33.27458599960664,0.18168099224567413,0.0037479964084923267,0.8142231702804565,0.0003478366124909371
1774181065.299,27488.45710409,1321,2,sad,1,33.34904999792343,0.1961379051208496,0.005978974513709545,0.7970641851425171,0.0008188505889847875
1774181065.349,27488.508069839,1322,2,sad,1,32.90645699962624,0.22863206267356873,0.004851662553846836,0.7656580209732056,0.0008581228321418166
1774181065.400,27488.559209717,1323,2,sad,1,33.01817899773596,0.3397260010242462,0.007449617609381676,0.6515592932701111,0.001264943741261959
1774181065.451,27488.609690559,1324,2,sad,1,33.054568000807194,0.3436269164085388,0.009178564883768559,0.6458454132080078,0.0013490179553627968
1774181065.501,27488.660772548,1325,2,sad,1,32.054514002084034,0.3549882769584656,0.013208841904997826,0.6296880841255188,0.002114709932357073
1774181065.552,27488.711885111,1326,2,sad,1,31.932588000927353,0.42177972197532654,0.0372743234038353,0.5337556004524231,0.0071902708150446415
1774181065.602,27488.761697269,1327,2,sad,1,32.208384000114165,0.4182881712913513,0.03156745433807373,0.5152122974395752,0.034931980073451996
1774181065.652,27488.812390277,1328,2,sad,1,31.893403000140097,0.32528162002563477,0.02518720179796219,0.469757080078125,0.1797739863395691
1774181065.703,27488.862525341,1329,2,sad,1,31.901514001219766,0.2156677097082138,0.02210533805191517,0.6188429594039917,0.14338384568691254
1774181065.753,27488.912802813,1330,2,sad,1,31.786329000169644,0.15217961370944977,0.01675291359424591,0.6902844905853271,0.14078284800052643
1774181065.805,27488.964423172,1331,2,sad,1,32.1448100003181,0.2722069025039673,0.013876541517674923,0.6115149259567261,0.10240156203508377
1774181065.853,27489.013751015,1332,2,sad,1,31.420236999110784,0.3702163100242615,0.00943444948643446,0.549118161201477,0.07123102247714996
1774181065.905,27489.064586004,1333,0,neutral,1,31.985607001843164,0.5140462517738342,0.006560288369655609,0.43084973096847534,0.04854365438222885
1774181065.955,27489.115152791,1334,0,neutral,1,31.382921999465907,0.5993021130561829,0.005443053785711527,0.3566668629646301,0.03858790546655655
1774181066.006,27489.166250946,1335,0,neutral,1,31.102516000828473,0.5943822264671326,0.0037916803266853094,0.3555661737918854,0.04625985026359558
1774181066.056,27489.216650048,1336,0,neutral,1,31.239847998222103,0.577823281288147,0.0026539512909948826,0.361319363117218,0.0582033209502697
1774181066.106,27489.266600446,1337,0,neutral,1,31.401681000716053,0.5373664498329163,0.0018712710589170456,0.40801748633384705,0.052744682878255844
1774181066.157,27489.317246806,1338,0,neutral,1,31.671198998083128,0.611980676651001,0.0015455498360097408,0.3275935649871826,0.05888007581233978
1774181066.208,27489.367487203,1339,0,neutral,1,32.19394000188913,0.6385766267776489,0.0012775540817528963,0.28728488087654114,0.07286082208156586
1774181066.258,27489.418318545,1340,0,neutral,1,31.411144002049696,0.608759880065918,0.001360486727207899,0.3106105327606201,0.07926898449659348
1774181066.310,27489.46860485,1341,0,neutral,1,32.7558829994814,0.6946161985397339,0.0009797890670597553,0.24951429665088654,0.05488961189985275
1774181066.360,27489.519591635,1342,0,neutral,1,32.23408800113248,0.7588908076286316,0.0018587925005704165,0.1880718618631363,0.05117841064929962
1774181066.412,27489.570631384,1343,0,neutral,1,33.6391780001577,0.8034685254096985,0.0013934050220996141,0.15588244795799255,0.03925551101565361
1774181066.463,27489.62102667,1344,0,neutral,1,33.352993999869796,0.831224262714386,0.001285330392420292,0.13551822304725647,0.03197208791971207
1774181066.513,27489.671520919,1345,0,neutral,1,33.43217899964657,0.8401426076889038,0.0011935909278690815,0.13217873871326447,0.026485025882720947
1774181066.564,27489.722003483,1346,0,neutral,1,34.250400000019,0.8631243705749512,0.0017411636654287577,0.1151190996170044,0.020015329122543335
1774181066.614,27489.772981028,1347,0,neutral,1,33.1397529989772,0.744496762752533,0.00540537666529417,0.23236393928527832,0.017733866348862648
1774181066.667,27489.823706092,1348,0,neutral,1,35.043306001171004,0.6321388483047485,0.010029366239905357,0.3379702568054199,0.019861476495862007
1774181066.717,27489.8742551,1349,0,neutral,1,34.19269599908148,0.7248128056526184,0.008420687168836594,0.2502196133136749,0.016546815633773804
1774181066.767,27489.925023367,1350,0,neutral,1,33.84245599954738,0.7605617046356201,0.012226193211972713,0.2092476487159729,0.017964418977499008
1774181066.817,27489.974856876,1351,0,neutral,1,33.61671599850524,0.8128289580345154,0.013115759938955307,0.1566540151834488,0.017401233315467834
1774181066.868,27490.026090458,1352,0,neutral,1,33.482549002656015,0.8551310300827026,0.014969401061534882,0.11620476096868515,0.01369475107640028
1774181066.918,27490.076763485,1353,0,neutral,1,32.56969799986109,0.8762834668159485,0.01586785912513733,0.09602203220129013,0.011826550588011742
1774181066.969,27490.128093973,1354,0,neutral,1,32.580254002823494,0.8931952714920044,0.019334856420755386,0.07329808920621872,0.014171712100505829
1774181067.018,27490.177941353,1355,0,neutral,1,32.14556900275056,0.8867806196212769,0.02021251991391182,0.07515610754489899,0.017850657925009727
1774181067.069,27490.229043176,1356,0,neutral,1,31.84467999744811,0.8927320241928101,0.0211339071393013,0.05512014403939247,0.03101385571062565
1774181067.119,27490.27926674,1357,0,neutral,1,31.529996002063854,0.7590405941009521,0.023693187162280083,0.04170069471001625,0.1755654662847519
1774181067.169,27490.329574952,1358,0,neutral,1,31.135645000176737,0.5678446888923645,0.02370205894112587,0.031014464795589447,0.3774387240409851
1774181067.220,27490.379468498,1359,0,neutral,1,32.13627300283406,0.5721923112869263,0.030331678688526154,0.02836981974542141,0.36910608410835266
1774181067.269,27490.429995044,1360,0,neutral,1,31.23223700094968,0.6492465734481812,0.024222496896982193,0.02013256773352623,0.30639827251434326
1774181067.321,27490.480403645,1361,0,neutral,1,32.50323500105878,0.7373061776161194,0.018313175067305565,0.013646306470036507,0.2307342290878296
1774181067.370,27490.530350987,1362,0,neutral,1,31.050182002218207,0.7591307759284973,0.030082473531365395,0.0185635294765234,0.19222310185432434
1774181067.421,27490.581208662,1363,0,neutral,1,31.757736000145087,0.8252016305923462,0.02507662959396839,0.018382960930466652,0.13133864104747772
1774181067.472,27490.631525393,1364,0,neutral,1,32.54553099759505,0.8625211119651794,0.02844538539648056,0.015586384572088718,0.09344702959060669
1774181067.523,27490.682626826,1365,0,neutral,1,31.902995997370454,0.893844723701477,0.02860601618885994,0.013342795893549919,0.06420640647411346
1774181067.573,27490.732939446,1366,0,neutral,1,31.590292001055786,0.8210978507995605,0.024519532918930054,0.014459198340773582,0.13992342352867126
1774181067.623,27490.783192177,1367,0,neutral,1,31.847643997025443,0.7185003757476807,0.020885420963168144,0.01780596375465393,0.24280819296836853
1774181067.674,27490.833903111,1368,0,neutral,1,31.785661998583237,0.7628606557846069,0.03782019391655922,0.03177239000797272,0.16754670441150665
1774181067.724,27490.88447923,1369,0,neutral,1,31.773996000993066,0.8189470767974854,0.043918460607528687,0.02757122926414013,0.10956310480833054
1774181067.774,27490.934505628,1370,0,neutral,1,31.619847999536432,0.7633861899375916,0.1392136514186859,0.021773286163806915,0.07562672346830368
1774181067.826,27490.985291099,1371,0,neutral,1,32.84019800048554,0.7195918560028076,0.19439244270324707,0.02417001873254776,0.06184552237391472
1774181067.876,27491.035642608,1372,0,neutral,1,32.24090200092178,0.6816025972366333,0.2267502248287201,0.03305426985025406,0.058592721819877625
1774181067.927,27491.086486005,1373,0,neutral,1,32.37669800000731,0.7009149789810181,0.23108837008476257,0.027300499379634857,0.040696002542972565
1774181067.978,27491.136861328,1374,0,neutral,1,32.98129000177141,0.6105383634567261,0.31125378608703613,0.04572261869907379,0.03248511627316475
1774181068.030,27491.187364151,1375,0,neutral,1,34.314696000365075,0.5418918132781982,0.34887176752090454,0.06281205266714096,0.04642429202795029
1774181068.079,27491.237889974,1376,0,neutral,1,32.61162399940076,0.48704391717910767,0.3229367136955261,0.10934682190418243,0.08067243546247482
1774181068.135,27491.287838817,1377,0,neutral,1,39.0923750019283,0.3997589349746704,0.21059085428714752,0.33562973141670227,0.054020415991544724
1774181068.181,27491.339603564,1378,2,sad,1,33.374012000422226,0.2724190950393677,0.13740772008895874,0.5549191236495972,0.035254016518592834
1774181068.231,27491.389164611,1379,2,sad,1,33.21432700249716,0.22303617000579834,0.09161646664142609,0.6615595817565918,0.02378767728805542
1774181068.281,27491.439390971,1380,2,sad,1,33.80290099812555,0.365963339805603,0.0743502825498581,0.5425817370414734,0.017104556784033775
1774181068.331,27491.490239072,1381,2,sad,1,32.515549999516224,0.31863847374916077,0.0719810426235199,0.5870433449745178,0.022337064146995544
1774181068.382,27491.540483599,1382,0,neutral,1,33.28514199893107,0.4779682755470276,0.082305409014225,0.4142873287200928,0.02543889358639717
1774181068.434,27491.591109811,1383,0,neutral,1,34.194769999885466,0.5229583978652954,0.10199655592441559,0.35120245814323425,0.023842470720410347
1774181068.484,27491.641240949,1384,0,neutral,1,34.59034399929806,0.5694167613983154,0.12510418891906738,0.286211222410202,0.01926773600280285
1774181068.533,27491.691433199,1385,0,neutral,1,33.821510998677695,0.6930177211761475,0.09920722991228104,0.1945059895515442,0.013268981128931046
1774181068.584,27491.7416483,1386,0,neutral,1,33.71069700006046,0.7856371998786926,0.07282008230686188,0.13190390169620514,0.009638726711273193
1774181068.634,27491.792464752,1387,0,neutral,1,33.60936399985803,0.8545968532562256,0.05138765648007393,0.08733704686164856,0.006678362842649221
1774181068.683,27491.843347649,1388,0,neutral,1,31.446533001144417,0.8924132585525513,0.04268110543489456,0.05923452228307724,0.005671000108122826
1774181068.736,27491.894236657,1389,0,neutral,1,33.488475000922335,0.9212813377380371,0.0334191620349884,0.04081438481807709,0.004484964534640312
1774181068.787,27491.944544314,1390,0,neutral,1,34.37915900212829,0.9310353398323059,0.025718815624713898,0.03595587983727455,0.007289832457900047
1774181068.835,27491.994812193,1391,0,neutral,1,32.33449500112329,0.8785384893417358,0.02366151288151741,0.09167617559432983,0.006123682484030724
1774181068.885,27492.045263349,1392,0,neutral,1,31.43308900325792,0.6710431575775146,0.02733568660914898,0.29656273126602173,0.005058254115283489
1774181068.938,27492.095845395,1393,2,sad,1,34.339510999416234,0.44012999534606934,0.018031295388936996,0.5380673408508301,0.0037712152116000652
1774181068.987,27492.147825901,1394,0,neutral,1,31.124570999963908,0.5918600559234619,0.014583270996809006,0.38926973938941956,0.0042867581360042095
1774181069.038,27492.197842225,1395,0,neutral,1,32.10447699893848,0.6058019399642944,0.021225348114967346,0.3475661873817444,0.025406423956155777
1774181069.089,27492.2484409,1396,0,neutral,1,32.11395800099126,0.6882213354110718,0.02484014257788658,0.2682165801525116,0.018721897155046463
1774181069.139,27492.298584094,1397,0,neutral,1,31.993328000680776,0.7192524671554565,0.02097405306994915,0.24283236265182495,0.016941076144576073
1774181069.188,27492.348722325,1398,0,neutral,1,31.48951399998623,0.798994779586792,0.015282276086509228,0.17343869805335999,0.012284205295145512
1774181069.241,27492.399716573,1399,0,neutral,1,32.68993900201167,0.8317247629165649,0.016962867230176926,0.14106357097625732,0.01024879515171051
1774181069.290,27492.4500366,1400,0,neutral,1,31.804718000785215,0.8593595027923584,0.015196574851870537,0.11706124991178513,0.008382669650018215
1774181069.340,27492.500375609,1401,0,neutral,1,31.56049599783728,0.8471034169197083,0.0170438289642334,0.12096385657787323,0.01488887146115303
1774181069.390,27492.550595895,1402,0,neutral,1,31.27297799801454,0.863449215888977,0.025855179876089096,0.09931991249322891,0.011375694535672665
1774181069.441,27492.600926885,1403,0,neutral,1,31.40286699999706,0.8398985862731934,0.02754003182053566,0.11725856363773346,0.015302769839763641
1774181069.492,27492.651227283,1404,0,neutral,1,32.50838299936731,0.556594729423523,0.02305089309811592,0.4056691825389862,0.01468515582382679
1774181069.543,27492.702270124,1405,2,sad,1,32.26442100276472,0.379962682723999,0.016705717891454697,0.5922317504882812,0.01109982654452324
1774181069.592,27492.751967541,1406,0,neutral,1,31.90273599830107,0.5257057547569275,0.024788806214928627,0.43437618017196655,0.015129230916500092
1774181069.643,27492.803030474,1407,0,neutral,1,32.1288840023044,0.6461713910102844,0.026010286062955856,0.31307345628738403,0.014744833111763
1774181069.695,27492.853411223,1408,0,neutral,1,33.544789999723434,0.69853276014328,0.03818710893392563,0.2509654462337494,0.012314600870013237
1774181069.746,27492.904829175,1409,0,neutral,1,33.19764199841302,0.7246798276901245,0.0449359305202961,0.22044725716114044,0.009936894290149212
1774181069.797,27492.954401907,1410,0,neutral,1,34.119158997782506,0.6423019170761108,0.03875558823347092,0.30841732025146484,0.01052507758140564
1774181069.847,27493.005316729,1411,0,neutral,1,33.65975300039281,0.6671416759490967,0.03408350422978401,0.2892822325229645,0.009492503479123116
1774181069.898,27493.055796126,1412,0,neutral,1,34.26191900143749,0.6981761455535889,0.030576009303331375,0.26167359948158264,0.009574191644787788
1774181069.950,27493.106091024,1413,0,neutral,1,36.03813799782074,0.7775009870529175,0.027041137218475342,0.188383549451828,0.007074243389070034
1774181069.998,27493.156833273,1414,0,neutral,1,33.41747500235215,0.5109240412712097,0.018062131479382515,0.4654848277568817,0.005528935231268406
1774181070.049,27493.206692652,1415,0,neutral,1,33.63390100275865,0.6066946983337402,0.04276641458272934,0.34495222568511963,0.005586548708379269
1774181070.103,27493.257415808,1416,0,neutral,1,36.87287800130434,0.7047911882400513,0.03463747352361679,0.2558803856372833,0.004690836649388075
1774181070.155,27493.308713871,1417,0,neutral,1,38.39419100040686,0.6989787817001343,0.08015740662813187,0.2156941294670105,0.005169554613530636
1774181070.205,27493.361933191,1418,0,neutral,1,34.6254920004867,0.7232657670974731,0.06880004703998566,0.20261837542057037,0.0053157201036810875
1774181070.251,27493.408833833,1419,0,neutral,1,33.50529000090319,0.6397462487220764,0.06212456896901131,0.29176610708236694,0.00636296346783638
1774181070.301,27493.459067823,1420,0,neutral,1,33.26369799833628,0.5880974531173706,0.05312664061784744,0.35200759768486023,0.006768268533051014
1774181070.350,27493.510338257,1421,0,neutral,1,31.63875499740243,0.6803959608078003,0.060505010187625885,0.25397101044654846,0.005127910524606705
1774181070.401,27493.561153135,1422,0,neutral,1,32.104236001032405,0.7103562355041504,0.062348030507564545,0.2234657108783722,0.003829849883913994
1774181070.455,27493.61249479,1423,0,neutral,1,34.709788000327535,0.622352123260498,0.06761235743761063,0.3057895302772522,0.0042458223178982735
1774181070.501,27493.662123503,1424,0,neutral,1,30.940830998588353,0.6550060510635376,0.10205920040607452,0.23969131708145142,0.003243332263082266
1774181070.553,27493.713214733,1425,0,neutral,1,31.420847997651435,0.6656256914138794,0.13489842414855957,0.19670598208904266,0.0027697598561644554
1774181070.603,27493.763109539,1426,0,neutral,1,31.615883999620564,0.5491114854812622,0.15371662378311157,0.29349082708358765,0.003680889494717121
1774181070.654,27493.814270972,1427,2,sad,1,31.787607000296703,0.3839348554611206,0.1110483705997467,0.5024967789649963,0.002519838511943817
1774181070.705,27493.86453311,1428,2,sad,1,31.770699999469798,0.2521022856235504,0.07306770980358124,0.672717809677124,0.002112105255946517
1774181070.755,27493.914945137,1429,2,sad,1,31.480403999012196,0.34148305654525757,0.052947115153074265,0.6037906408309937,0.0017791216960176826
1774181070.806,27493.966547459,1430,2,sad,1,31.166403998213354,0.30169248580932617,0.0389777235686779,0.6574892401695251,0.0018404502188786864
1774181070.873,27494.017387411,1431,0,neutral,1,47.81408599956194,0.4839062988758087,0.03918710723519325,0.4754275679588318,0.0014789282577112317
1774181070.921,27494.080724384,1432,2,sad,1,31.863273001363268,0.43595823645591736,0.043905094265937805,0.5177415609359741,0.0023949970491230488
1774181070.967,27494.12493916,1433,0,neutral,1,34.31121399989934,0.5912508964538574,0.05003228783607483,0.3567931056022644,0.0019235762301832438
1774181071.015,27494.173484967,1434,2,sad,1,33.777715001633624,0.4730984568595886,0.04213911294937134,0.4822757840156555,0.0024865330196917057
1774181071.062,27494.219950184,1435,2,sad,1,33.676660001219716,0.46544116735458374,0.044734030961990356,0.4875219166278839,0.002302750712260604
1774181071.108,27494.266877956,1436,0,neutral,1,32.665569000528194,0.5335572957992554,0.05715854838490486,0.4070647954940796,0.0022192210890352726
1774181071.159,27494.317331391,1437,0,neutral,1,33.138307997433,0.6251269578933716,0.07035331428050995,0.30271053314208984,0.0018090499797835946
1774181071.208,27494.367312103,1438,0,neutral,1,32.203699000092456,0.6318397521972656,0.07843360304832458,0.28797057271003723,0.0017558963736519217
1774181071.257,27494.417729241,1439,0,neutral,1,31.539200001134304,0.6667076945304871,0.09200426936149597,0.2396228015422821,0.0016650769393891096
1774181071.309,27494.468440435,1440,0,neutral,1,32.19673499916098,0.6332504153251648,0.07752444595098495,0.2865592837333679,0.0026657534763216972
1774181071.359,27494.518463555,1441,0,neutral,1,32.28877199944691,0.5144113898277283,0.06548258662223816,0.4168228209018707,0.0032830843701958656
1774181071.410,27494.569532636,1442,0,neutral,1,32.25169899815228,0.5702052116394043,0.07875777781009674,0.34771427512168884,0.0033226581290364265
1774181071.463,27494.620117515,1443,2,sad,1,34.6202139990055,0.4481112062931061,0.06267227977514267,0.485721230506897,0.0034951872657984495
1774181071.513,27494.67077106,1444,2,sad,1,33.98528900288511,0.3792523145675659,0.060424067080020905,0.5565069317817688,0.0038166441954672337
1774181071.562,27494.720753865,1445,2,sad,1,33.06262399928528,0.26943686604499817,0.041112273931503296,0.6862911581993103,0.0031596911139786243
1774181071.613,27494.771547373,1446,2,sad,1,33.657178002613364,0.17830130457878113,0.03182338923215866,0.7848173379898071,0.00505793746560812
1774181071.664,27494.822942973,1447,2,sad,1,33.00454899726901,0.12801966071128845,0.04781603813171387,0.8060520887374878,0.018112191930413246
1774181071.715,27494.873258722,1448,2,sad,1,33.250882999709575,0.1064797043800354,0.056836191564798355,0.8180784583091736,0.018605612218379974
1774181071.767,27494.923522508,1449,2,sad,1,34.98056600074051,0.17406496405601501,0.08828183263540268,0.7145625352859497,0.023090574890375137
1774181071.816,27494.973992905,1450,2,sad,1,33.71204900031444,0.24938911199569702,0.10699053108692169,0.6163506507873535,0.027269575744867325
1774181071.867,27495.024789487,1451,2,sad,1,34.030807997623924,0.2964194715023041,0.10203300416469574,0.5691367983818054,0.03241060674190521
1774181071.918,27495.075066792,1452,2,sad,1,35.111121000227286,0.35225653648376465,0.11828067898750305,0.5028418302536011,0.02662084624171257
1774181071.968,27495.126423762,1453,2,sad,1,33.72686399961822,0.28830114006996155,0.1331770122051239,0.5545356273651123,0.02398611418902874
1774181072.018,27495.177634344,1454,2,sad,1,32.115310001245234,0.2113777995109558,0.26556673645973206,0.5035058259963989,0.01954958215355873
1774181072.068,27495.227902649,1455,2,sad,1,32.390550000855,0.19224387407302856,0.24914421141147614,0.5370732545852661,0.021538618952035904
1774181072.121,27495.279099286,1456,2,sad,1,33.437660000345204,0.28746336698532104,0.19164219498634338,0.5028475522994995,0.018046880140900612
1774181072.170,27495.329854497,1457,0,neutral,1,31.998829002986895,0.5015803575515747,0.13537511229515076,0.35025158524513245,0.01279294490814209
1774181072.224,27495.380724227,1458,0,neutral,1,34.776713997416664,0.6076791882514954,0.10793519020080566,0.2734702229499817,0.010915365070104599
1774181072.271,27495.431261865,1459,0,neutral,1,31.50632899996708,0.69272780418396,0.08641846477985382,0.21199071407318115,0.008863013237714767
1774181072.319,27495.479989098,1460,0,neutral,1,31.192403999739327,0.7357784509658813,0.07280716300010681,0.1825195550918579,0.008894810453057289
1774181072.370,27495.530841995,1461,0,neutral,1,31.332235997979296,0.7698952555656433,0.06516215950250626,0.1582442671060562,0.006698273587971926
1774181072.420,27495.580526782,1462,0,neutral,1,31.680643998697633,0.8012762069702148,0.05795023962855339,0.1351824551820755,0.005591046530753374
1774181072.471,27495.631420067,1463,0,neutral,1,31.797996001841966,0.7570974230766296,0.05739305913448334,0.1791875660419464,0.006321856752038002
1774181072.522,27495.681906149,1464,0,neutral,1,31.941422003001207,0.7109853625297546,0.05920261889696121,0.22332066297531128,0.006491259206086397
1774181072.572,27495.731993214,1465,0,neutral,1,31.389458999910858,0.72113037109375,0.055023178458213806,0.2174670696258545,0.006379315629601479
1774181072.622,27495.782418852,1466,0,neutral,1,31.47173700199346,0.6272875070571899,0.04935552179813385,0.3097187578678131,0.01363811083137989
1774181072.673,27495.833341193,1467,0,neutral,1,31.544495999696665,0.625699520111084,0.04193546995520592,0.3204044699668884,0.011960543692111969
1774181072.723,27495.883578461,1468,0,neutral,1,31.280385002901312,0.6818055510520935,0.046754561364650726,0.262525737285614,0.008914079517126083
1774181072.774,27495.933625303,1469,0,neutral,1,32.02688399687759,0.7426033020019531,0.039451777935028076,0.21101143956184387,0.006933395750820637
1774181072.825,27495.984498033,1470,0,neutral,1,31.913105998683022,0.7603254318237305,0.03820179030299187,0.19558602571487427,0.005886654369533062
1774181072.875,27496.034423523,1471,0,neutral,1,32.55942100076936,0.7222620844841003,0.04253167659044266,0.2293788492679596,0.005827342160046101
1774181072.927,27496.08546129,1472,0,neutral,1,33.13340100066853,0.6531898379325867,0.04301533102989197,0.29593604803085327,0.007858728058636189
1774181072.977,27496.135967539,1473,0,neutral,1,32.8486239995982,0.6787872314453125,0.04332318156957626,0.27084437012672424,0.007045173551887274
1774181073.030,27496.186637325,1474,0,neutral,1,34.73393599779229,0.6197972297668457,0.04401635006070137,0.327343225479126,0.008843081071972847
1774181073.079,27496.237201777,1475,0,neutral,1,33.96962300030282,0.6112523674964905,0.05459671467542648,0.32564178109169006,0.008509030565619469
1774181073.129,27496.287534878,1476,0,neutral,1,33.07021699947654,0.6975663900375366,0.0435047447681427,0.25194960832595825,0.006979196332395077
1774181073.181,27496.337607461,1477,0,neutral,1,35.681176002981374,0.6825757026672363,0.04292627424001694,0.2680107355117798,0.006487169302999973
1774181073.231,27496.388993728,1478,0,neutral,1,34.299881001061294,0.658800482749939,0.03731780871748924,0.2977246940135956,0.006156900431960821
1774181073.281,27496.439410329,1479,0,neutral,1,33.29973400104791,0.6231050491333008,0.03940073028206825,0.33014246821403503,0.007351651322096586
1774181073.332,27496.490260707,1480,0,neutral,1,33.36366000075941,0.6354570388793945,0.036642372608184814,0.3175699710845947,0.010330511257052422
1774181073.382,27496.540506919,1481,0,neutral,1,33.77714100133744,0.6601890325546265,0.04091227054595947,0.2898145318031311,0.009084082208573818
1774181073.434,27496.591054298,1482,0,neutral,1,34.45338000165066,0.64496910572052,0.03769906610250473,0.3094078302383423,0.007923947647213936
1774181073.484,27496.641710343,1483,0,neutral,1,34.486788001231616,0.5572106838226318,0.03668586537241936,0.39600563049316406,0.010097775608301163
1774181073.534,27496.692323906,1484,0,neutral,1,33.2558269983565,0.48110175132751465,0.03887244313955307,0.4673842191696167,0.012641530483961105
1774181073.584,27496.742356934,1485,0,neutral,1,33.17690100084292,0.5355027318000793,0.04590403288602829,0.4075831472873688,0.01101001352071762
1774181073.635,27496.793712348,1486,0,neutral,1,32.64968000075896,0.5240660309791565,0.044913146644830704,0.4198262095451355,0.01119453925639391
1774181073.685,27496.844542837,1487,0,neutral,1,31.983513999875868,0.49002015590667725,0.0447472482919693,0.4533844590187073,0.011848054826259613
1774181073.736,27496.895670641,1488,0,neutral,1,32.15681000074255,0.5055270195007324,0.046054303646087646,0.438205361366272,0.010213226079940796
1774181073.786,27496.946283112,1489,0,neutral,1,31.417736998264445,0.5223588943481445,0.05269991606473923,0.415645956993103,0.009295115247368813
1774181073.836,27496.995733362,1490,2,sad,1,32.50177299923962,0.458518385887146,0.04692016541957855,0.4863555133342743,0.008205834776163101
1774181073.886,27497.046074315,1491,2,sad,1,32.00392100188765,0.399355947971344,0.032318174839019775,0.5606166124343872,0.007709186524152756
1774181073.937,27497.095760713,1492,2,sad,1,32.82203200069489,0.41105973720550537,0.046446576714515686,0.5286853909492493,0.013808224350214005
1774181073.987,27497.146585147,1493,0,neutral,1,32.264680001389934,0.5081617832183838,0.04997311532497406,0.43131527304649353,0.01054976787418127
1774181074.037,27497.197036378,1494,2,sad,1,31.56229200249072,0.3714962303638458,0.05618802458047867,0.563550591468811,0.008765053004026413
1774181074.087,27497.247610089,1495,2,sad,1,31.26395999788656,0.3070966303348541,0.046334199607372284,0.6395043730735779,0.007064688019454479
1774181074.139,27497.298732393,1496,2,sad,1,31.591402999765705,0.31281137466430664,0.05712113156914711,0.6227019429206848,0.007365433499217033
1774181074.189,27497.34829068,1497,2,sad,1,32.03975499855005,0.2052420675754547,0.04412807524204254,0.7452476024627686,0.005382153205573559
1774181074.239,27497.39912817,1498,2,sad,1,31.602440001734067,0.13437342643737793,0.03475133329629898,0.8263813257217407,0.00449384143576026
1774181074.289,27497.449421289,1499,2,sad,1,31.573459000355797,0.09584249556064606,0.028898077085614204,0.868064284324646,0.007195038255304098
1774181074.341,27497.499880131,1500,2,sad,1,32.57953100182931,0.1838614046573639,0.03203727677464485,0.7722891569137573,0.011812040582299232
1774181074.390,27497.550160676,1501,2,sad,1,31.333978000475327,0.3383655846118927,0.03820075839757919,0.6120991110801697,0.01133444719016552
1774181074.440,27497.600464314,1502,2,sad,1,31.78892199866823,0.3597160279750824,0.04585375264286995,0.5847300887107849,0.009700048714876175
1774181074.491,27497.651060859,1503,2,sad,1,32.216495001193834,0.40519070625305176,0.042451757937669754,0.5442308783531189,0.008126581087708473
1774181074.541,27497.701364886,1504,2,sad,1,31.324551997386152,0.3506360650062561,0.07912580668926239,0.5555516481399536,0.01468641310930252
1774181074.592,27497.752508023,1505,2,sad,1,31.210625998937758,0.3990350067615509,0.09795700013637543,0.4922182559967041,0.010789698921144009
1774181074.646,27497.803411809,1506,0,neutral,1,33.929084998817416,0.487754762172699,0.08601698279380798,0.4142261743545532,0.012002019211649895
1774181074.696,27497.854020928,1507,0,neutral,1,34.1202150011668,0.5330935716629028,0.07928373664617538,0.37828877568244934,0.009333821944892406
1774181074.746,27497.904187455,1508,0,neutral,1,33.73671500230557,0.4779290556907654,0.06758056581020355,0.4440942108631134,0.010396081954240799
1774181074.796,27497.954625315,1509,2,sad,1,33.08429000026081,0.4592083692550659,0.06657862663269043,0.4644869267940521,0.009725932963192463
1774181074.846,27498.005452341,1510,2,sad,1,32.47266199832666,0.4550887942314148,0.05571499466896057,0.4760025143623352,0.013193545863032341
1774181074.899,27498.056455405,1511,0,neutral,1,34.449047001544386,0.5416747331619263,0.04940182343125343,0.397485613822937,0.011437696404755116
1774181074.949,27498.107018283,1512,0,neutral,1,33.76315999776125,0.5495771169662476,0.04961881786584854,0.3873727321624756,0.0134311867877841
1774181075.000,27498.157660495,1513,0,neutral,1,34.03627000079723,0.6360483169555664,0.046037863940000534,0.3070025146007538,0.010911213234066963
1774181075.050,27498.207999151,1514,0,neutral,1,34.08634500010521,0.5560557842254639,0.044218603521585464,0.3874245882034302,0.01230092253535986
1774181075.100,27498.258367419,1515,0,neutral,1,33.416289999877336,0.6541292667388916,0.048925988376140594,0.2875526547431946,0.00939199049025774
1774181075.151,27498.309420871,1516,0,neutral,1,33.00906799995573,0.5633395910263062,0.052198369055986404,0.37421905994415283,0.010242870077490807
1774181075.205,27498.359557787,1517,0,neutral,1,36.95006300040404,0.5304573178291321,0.051913220435380936,0.4055582880973816,0.012071100994944572
1774181075.258,27498.41162083,1518,0,neutral,1,38.45098699821392,0.5232371687889099,0.04484280198812485,0.42100465297698975,0.010915284976363182
1774181075.307,27498.464422409,1519,0,neutral,1,34.21030699973926,0.5231834650039673,0.05045372620224953,0.41638195514678955,0.009980736300349236
1774181075.351,27498.510924219,1520,0,neutral,1,32.18386499793269,0.50447016954422,0.06434670090675354,0.42343103885650635,0.007752035744488239
1774181075.403,27498.562467189,1521,0,neutral,1,32.76271600043401,0.5201823711395264,0.05822324752807617,0.4148588180541992,0.006735445931553841
1774181075.454,27498.612531494,1522,0,neutral,1,33.14817900172784,0.5840253829956055,0.04351220279932022,0.36702704429626465,0.005435265600681305
1774181075.505,27498.66393989,1523,0,neutral,1,32.52173500004574,0.7078255414962769,0.029750734567642212,0.2579483687877655,0.004475342575460672
1774181075.555,27498.714357472,1524,0,neutral,1,32.165790998988086,0.7786996364593506,0.01961347833275795,0.1982530951499939,0.003433716017752886
1774181075.606,27498.764950702,1525,0,neutral,1,32.97984600067139,0.50630784034729,0.012900469824671745,0.4781608581542969,0.0026307383086532354
1774181075.655,27498.815547507,1526,2,sad,1,31.431883999175625,0.3325878977775574,0.00882646068930626,0.6512795090675354,0.007306013721972704
1774181075.706,27498.865509738,1527,2,sad,1,32.213032001891406,0.26427772641181946,0.007327947299927473,0.6862905025482178,0.04210372269153595
1774181075.755,27498.915528728,1528,2,sad,1,31.675587997597177,0.2179310917854309,0.007232115138322115,0.6925771832466125,0.08225955814123154
1774181075.806,27498.966380402,1529,2,sad,1,31.174034000287065,0.16541630029678345,0.007176202721893787,0.7096002101898193,0.11780720204114914
1774181075.856,27499.0163173,1530,2,sad,1,31.242793000274105,0.1532144546508789,0.009304935112595558,0.6776332855224609,0.159847229719162
1774181075.908,27499.067667622,1531,2,sad,1,32.43464300248888,0.13624751567840576,0.008804146200418472,0.6196640133857727,0.2352842092514038
1774181075.958,27499.118249889,1532,2,sad,1,31.54144099971745,0.18367278575897217,0.008250711485743523,0.6208032965660095,0.18727314472198486
1774181076.009,27499.168586953,1533,2,sad,1,31.87964400058263,0.239522323012352,0.012774014845490456,0.5981147289276123,0.14958883821964264
1774181076.058,27499.218607462,1534,2,sad,1,31.646477000322193,0.249556303024292,0.01227717474102974,0.6387298107147217,0.09943666309118271
1774181076.109,27499.269060729,1535,2,sad,1,31.943385001795832,0.20022080838680267,0.014012280851602554,0.7205687761306763,0.06519807130098343
1774181076.161,27499.319494497,1536,2,sad,1,33.50541899999371,0.13109049201011658,0.009179044514894485,0.8173019886016846,0.04242845997214317
1774181076.210,27499.369926005,1537,2,sad,1,32.08245799760334,0.08530277013778687,0.005983252078294754,0.8811326622962952,0.02758123353123665
